trip_instance_id,recon_mse,split,y
2026-03-11_1103013_U_1,0.17781007,history,0
2026-03-11_1103013_U_10,0.15189773,history,0
2026-03-11_1103013_U_13,0.8906586,history,0
2026-03-11_1103013_U_14,0.11572586,history,1
2026-03-11_1103013_U_15,0.14346267,history,0
2026-03-11_1103013_U_16,0.11852123,history,0
2026-03-11_1103013_U_2,0.06593263,history,0
2026-03-11_1103013_U_21,0.1259828,history,0
2026-03-11_1103013_U_22,0.1097762,history,0
2026-03-11_1103013_U_23,0.1666351,history,0
2026-03-11_1103013_U_24,0.08434354,history,0
2026-03-11_1103013_U_25,0.07983346,history,0
2026-03-11_1103013_U_26,0.19958162,history,0
2026-03-11_1103013_U_27,0.14896077,history,0
2026-03-11_1103013_U_28,0.08508565,history,0
2026-03-11_1103013_U_29,0.0932193,history,0
2026-03-11_1103013_U_3,0.23583522,history,0
2026-03-11_1103013_U_32,0.15408996,history,1
2026-03-11_1103013_U_33,0.088573635,history,0
2026-03-11_1103013_U_36,0.12218892,history,0
2026-03-11_1103013_U_39,0.15934458,history,0
2026-03-11_1103013_U_4,0.21403098,history,0
2026-03-11_1103013_U_43,0.15910952,history,0
2026-03-11_1103013_U_45,0.2496811,history,0
2026-03-11_1103013_U_46,0.09643748,history,0
2026-03-11_1103013_U_47,0.10932493,history,0
2026-03-11_1103013_U_48,0.10746519,history,0
2026-03-11_1103013_U_5,0.12400912,history,0
2026-03-11_1103013_U_50,0.16921347,history,0
2026-03-11_1103013_U_51,0.13800436,history,0
2026-03-11_1103013_U_52,0.31350705,history,0
2026-03-11_1103013_U_6,0.08586189,history,0
2026-03-11_1103013_U_7,0.111206435,history,0
2026-03-11_1103013_U_8,0.14040473,history,0
2026-03-11_1288544_U_1,0.19293833,history,0
2026-03-11_1288544_U_10,0.19839464,history,0
2026-03-11_1288544_U_2,0.15155306,history,1
2026-03-11_1288544_U_4,0.20199355,history,0
2026-03-11_1288544_U_5,0.27096495,history,1
2026-03-11_1288544_U_6,0.22376063,history,1
2026-03-11_1288544_U_7,0.20380783,history,0
2026-03-11_1288544_U_8,0.26257688,history,0
2026-03-11_1288544_U_9,0.22657602,history,0
2026-03-11_1345046_U_1,0.16486542,history,0
2026-03-11_1345046_U_10,0.21907058,history,0
2026-03-11_1345046_U_11,0.2154955,history,1
2026-03-11_1345046_U_14,0.26136255,history,0
2026-03-11_1345046_U_15,0.19882923,history,0
2026-03-11_1345046_U_16,0.2518265,history,0
2026-03-11_1345046_U_17,0.35678157,history,1
2026-03-11_1345046_U_18,0.33852643,history,0
2026-03-11_1345046_U_2,0.15695119,history,1
2026-03-11_1345046_U_20,0.8236226,history,1
2026-03-11_1345046_U_22,0.26332796,history,0
2026-03-11_1345046_U_25,0.25838822,history,1
2026-03-11_1345046_U_26,0.20527628,history,1
2026-03-11_1345046_U_28,0.18815339,history,0
2026-03-11_1345046_U_35,0.180884,history,0
2026-03-11_1345046_U_4,0.2113044,history,1
2026-03-11_1345046_U_43,0.1966399,history,0
2026-03-11_1345046_U_44,0.6161038,history,0
2026-03-11_1345046_U_45,0.36167413,history,0
2026-03-11_1345046_U_5,0.23937917,history,1
2026-03-11_1345046_U_6,0.35888708,history,1
2026-03-11_1345046_U_7,0.20053491,history,1
2026-03-11_1345046_U_8,0.20773302,history,0
2026-03-11_1345046_U_9,0.2659078,history,0
2026-03-11_1345046_U_94,0.28753883,history,1
2026-03-11_1348037_U_1,0.5681808,history,0
2026-03-11_1348037_U_10,0.45914346,history,0
2026-03-11_1348037_U_11,0.48473418,history,0
2026-03-11_1348037_U_13,0.5703961,history,0
2026-03-11_1348037_U_14,0.33998737,history,1
2026-03-11_1348037_U_15,0.56875443,history,0
2026-03-11_1348037_U_16,0.39191505,history,0
2026-03-11_1348037_U_2,0.33377212,history,0
2026-03-11_1348037_U_21,0.27393997,history,0
2026-03-11_1348037_U_22,0.22875862,history,0
2026-03-11_1348037_U_23,0.3997004,history,0
2026-03-11_1348037_U_24,0.32544428,history,0
2026-03-11_1348037_U_25,0.16916844,history,1
2026-03-11_1348037_U_3,0.37179565,history,0
2026-03-11_1348037_U_30,0.33145368,history,0
2026-03-11_1348037_U_31,0.31077635,history,1
2026-03-11_1348037_U_35,0.18300532,history,1
2026-03-11_1348037_U_37,0.51757777,history,1
2026-03-11_1348037_U_38,0.4029628,history,0
2026-03-11_1348037_U_39,0.2994658,history,0
2026-03-11_1348037_U_4,0.28487474,history,0
2026-03-11_1348037_U_43,0.19727252,history,1
2026-03-11_1348037_U_48,0.3235706,history,0
2026-03-11_1348037_U_49,0.43488806,history,0
2026-03-11_1348037_U_5,0.32525826,history,0
2026-03-11_1348037_U_50,0.58080304,history,0
2026-03-11_1348037_U_52,0.33750173,history,1
2026-03-11_1348037_U_6,0.18764561,history,0
2026-03-11_1348037_U_7,0.299963,history,0
2026-03-11_1348037_U_8,0.39171952,history,0
2026-03-11_1348037_U_9,0.5791944,history,0
2026-03-11_1349260_U_1,0.9056062,history,0
2026-03-11_1349260_U_10,0.6317519,history,1
2026-03-11_1349260_U_11,0.4100417,history,0
2026-03-11_1349260_U_12,0.73317975,history,0
2026-03-11_1349260_U_13,0.8586426,history,1
2026-03-11_1349260_U_18,1.0727111,history,1
2026-03-11_1349260_U_19,0.11671694,history,0
2026-03-11_1349260_U_2,0.82653373,history,0
2026-03-11_1349260_U_20,0.29794472,history,0
2026-03-11_1349260_U_21,0.23827438,history,0
2026-03-11_1349260_U_22,0.8032893,history,0
2026-03-11_1349260_U_24,0.22627565,history,0
2026-03-11_1349260_U_25,0.2627694,history,0
2026-03-11_1349260_U_26,1.1159897,history,0
2026-03-11_1349260_U_28,0.23596889,history,0
2026-03-11_1349260_U_29,1.2419393,history,0
2026-03-11_1349260_U_3,0.17391078,history,0
2026-03-11_1349260_U_30,0.34911555,history,1
2026-03-11_1349260_U_32,0.119380265,history,0
2026-03-11_1349260_U_33,0.17768292,history,0
2026-03-11_1349260_U_35,1.0453057,history,0
2026-03-11_1349260_U_36,1.5378401,history,0
2026-03-11_1349260_U_4,0.23167804,history,1
2026-03-11_1349260_U_7,0.78603125,history,0
2026-03-11_1349260_U_8,0.9965881,history,0
2026-03-11_1359254_U_1,0.19390321,history,0
2026-03-11_1359254_U_10,0.37114128,history,1
2026-03-11_1359254_U_12,0.47857246,history,1
2026-03-11_1359254_U_13,0.12343111,history,0
2026-03-11_1359254_U_14,0.14576194,history,1
2026-03-11_1359254_U_16,0.13774982,history,0
2026-03-11_1359254_U_18,0.33948645,history,1
2026-03-11_1359254_U_19,0.103361666,history,1
2026-03-11_1359254_U_2,0.16157155,history,0
2026-03-11_1359254_U_21,0.26672786,history,1
2026-03-11_1359254_U_22,0.16374746,history,1
2026-03-11_1359254_U_23,0.17045663,history,0
2026-03-11_1359254_U_24,0.19171065,history,1
2026-03-11_1359254_U_25,0.14903216,history,0
2026-03-11_1359254_U_28,0.173377,history,0
2026-03-11_1359254_U_31,0.16443704,history,0
2026-03-11_1359254_U_33,0.20494112,history,1
2026-03-11_1359254_U_34,0.3646656,history,1
2026-03-11_1359254_U_35,0.28731474,history,0
2026-03-11_1359254_U_37,0.13529152,history,0
2026-03-11_1359254_U_38,0.17002112,history,1
2026-03-11_1359254_U_39,0.14607497,history,1
2026-03-11_1359254_U_4,0.1820812,history,0
2026-03-11_1359254_U_40,0.21226554,history,1
2026-03-11_1359254_U_43,0.11118877,history,1
2026-03-11_1359254_U_45,0.14595209,history,1
2026-03-11_1359254_U_48,0.42857206,history,0
2026-03-11_1359254_U_49,0.210626,history,0
2026-03-11_1359254_U_5,0.40385386,history,1
2026-03-11_1359254_U_50,0.22420017,history,1
2026-03-11_1359254_U_52,0.23703818,history,0
2026-03-11_1359254_U_53,0.17680928,history,1
2026-03-11_1359254_U_54,0.12818584,history,0
2026-03-11_1359254_U_55,0.36936396,history,1
2026-03-11_1359254_U_56,0.27701265,history,1
2026-03-11_1359254_U_57,0.46692395,history,0
2026-03-11_1359254_U_58,0.23426056,history,0
2026-03-11_1359254_U_60,0.12543009,history,0
2026-03-11_1359254_U_61,0.1548664,history,0
2026-03-11_1359254_U_63,0.21285312,history,0
2026-03-11_1359254_U_64,0.20988277,history,1
2026-03-11_1359254_U_66,0.15864444,history,0
2026-03-11_1359254_U_67,0.16904232,history,1
2026-03-11_1359254_U_68,0.17189753,history,0
2026-03-11_1359254_U_69,0.15117776,history,0
2026-03-11_1359254_U_7,0.21395835,history,0
2026-03-11_1359254_U_70,0.15299349,history,0
2026-03-11_1359254_U_71,0.17714648,history,1
2026-03-11_1359254_U_73,0.26505458,history,1
2026-03-11_1359254_U_77,0.1782668,history,1
2026-03-11_1359254_U_8,0.16466874,history,1
2026-03-11_1364746_U_1,0.44514295,history,0
2026-03-11_1364746_U_16,0.25419587,history,0
2026-03-11_1364746_U_17,0.27908888,history,0
2026-03-11_1364746_U_19,0.18450914,history,1
2026-03-11_1364746_U_2,0.38589466,history,0
2026-03-11_1364746_U_23,0.22755867,history,1
2026-03-11_1364746_U_4,0.1917764,history,1
2026-03-11_1364746_U_41,0.20986265,history,0
2026-03-11_1364746_U_56,0.27632993,history,0
2026-03-11_1364746_U_60,0.11723821,history,1
2026-03-11_1364746_U_61,0.16655546,history,1
2026-03-11_1364747_U_1,0.2611997,history,0
2026-03-11_1364747_U_10,0.44002295,history,0
2026-03-11_1364747_U_11,0.17000733,history,0
2026-03-11_1364747_U_12,0.42457932,history,0
2026-03-11_1364747_U_13,0.2409387,history,0
2026-03-11_1364747_U_14,0.33993182,history,0
2026-03-11_1364747_U_15,0.34253496,history,0
2026-03-11_1364747_U_16,0.3509948,history,0
2026-03-11_1364747_U_17,0.17819181,history,0
2026-03-11_1364747_U_18,0.29643652,history,0
2026-03-11_1364747_U_19,0.27627295,history,0
2026-03-11_1364747_U_2,0.19777438,history,0
2026-03-11_1364747_U_20,0.22788672,history,0
2026-03-11_1364747_U_21,0.34875894,history,0
2026-03-11_1364747_U_22,0.28001344,history,0
2026-03-11_1364747_U_23,0.19764702,history,0
2026-03-11_1364747_U_24,0.2325835,history,0
2026-03-11_1364747_U_25,0.22727603,history,0
2026-03-11_1364747_U_26,0.23387644,history,0
2026-03-11_1364747_U_27,0.19071701,history,0
2026-03-11_1364747_U_28,0.33509848,history,0
2026-03-11_1364747_U_29,0.17661576,history,0
2026-03-11_1364747_U_3,0.20138828,history,0
2026-03-11_1364747_U_30,0.21636668,history,0
2026-03-11_1364747_U_31,0.38164812,history,0
2026-03-11_1364747_U_32,0.3561101,history,0
2026-03-11_1364747_U_4,0.25315362,history,0
2026-03-11_1364747_U_5,0.23777184,history,0
2026-03-11_1364747_U_6,0.13804197,history,0
2026-03-11_1364747_U_7,0.2497698,history,0
2026-03-11_1364747_U_8,0.3291996,history,0
2026-03-11_1364747_U_9,0.34224278,history,0
2026-03-11_1364748_U_1,0.30499753,history,0
2026-03-11_1364748_U_10,0.16087237,history,0
2026-03-11_1364748_U_17,0.17348671,history,0
2026-03-11_1364748_U_18,0.16400996,history,0
2026-03-11_1364748_U_21,0.13692951,history,1
2026-03-11_1364748_U_23,0.15123886,history,0
2026-03-11_1364748_U_38,0.17201376,history,0
2026-03-11_1364748_U_39,0.1828543,history,1
2026-03-11_1364748_U_42,0.21837586,history,0
2026-03-11_1364748_U_44,0.14943089,history,1
2026-03-11_1364748_U_57,0.16565895,history,0
2026-03-11_1364748_U_58,0.12165599,history,0
2026-03-11_1364748_U_9,0.24281299,history,0
2026-03-11_1364749_U_1,0.364635,history,0
2026-03-11_1364749_U_10,0.58040786,history,0
2026-03-11_1364749_U_11,0.29152322,history,1
2026-03-11_1364749_U_13,0.24411361,history,0
2026-03-11_1364749_U_14,0.55074406,history,0
2026-03-11_1364749_U_16,0.2431438,history,1
2026-03-11_1364749_U_18,0.34954366,history,0
2026-03-11_1364749_U_19,0.19057159,history,0
2026-03-11_1364749_U_2,0.311669,history,0
2026-03-11_1364749_U_21,0.20538038,history,0
2026-03-11_1364749_U_22,0.13609987,history,1
2026-03-11_1364749_U_24,0.31402913,history,0
2026-03-11_1364749_U_25,0.21832359,history,0
2026-03-11_1364749_U_26,0.21953115,history,0
2026-03-11_1364749_U_27,0.32339844,history,0
2026-03-11_1364749_U_28,0.23760617,history,0
2026-03-11_1364749_U_29,0.15872195,history,0
2026-03-11_1364749_U_3,0.15839039,history,0
2026-03-11_1364749_U_32,0.28868115,history,0
2026-03-11_1364749_U_35,0.29719478,history,0
2026-03-11_1364749_U_36,0.2594013,history,0
2026-03-11_1364749_U_37,0.11908054,history,0
2026-03-11_1364749_U_38,0.21146446,history,0
2026-03-11_1364749_U_40,0.42346758,history,0
2026-03-11_1364749_U_43,0.22481667,history,0
2026-03-11_1364749_U_44,0.29403672,history,0
2026-03-11_1364749_U_45,0.20134315,history,1
2026-03-11_1364749_U_46,0.2324239,history,0
2026-03-11_1364749_U_47,0.21767978,history,0
2026-03-11_1364749_U_48,0.23334675,history,0
2026-03-11_1364749_U_5,0.27238175,history,0
2026-03-11_1364749_U_51,0.28562957,history,0
2026-03-11_1364749_U_54,0.20308146,history,1
2026-03-11_1364749_U_57,0.1604791,history,0
2026-03-11_1364749_U_58,0.21889453,history,1
2026-03-11_1364749_U_8,0.15967727,history,1
2026-03-11_1364749_U_9,0.3237735,history,0
2026-03-11_1364751_U_1,0.8201903,history,0
2026-03-11_1364751_U_10,0.19860253,history,1
2026-03-11_1364751_U_100,1.0606425,history,1
2026-03-11_1364751_U_101,0.5322684,history,1
2026-03-11_1364751_U_13,0.31620157,history,0
2026-03-11_1364751_U_15,0.42147037,history,1
2026-03-11_1364751_U_16,0.24075018,history,1
2026-03-11_1364751_U_19,0.5199312,history,0
2026-03-11_1364751_U_21,0.37196702,history,1
2026-03-11_1364751_U_23,0.15111798,history,1
2026-03-11_1364751_U_27,0.40721917,history,1
2026-03-11_1364751_U_29,0.35333318,history,1
2026-03-11_1364751_U_3,0.52014184,history,1
2026-03-11_1364751_U_30,0.95827377,history,1
2026-03-11_1364751_U_37,0.45899123,history,0
2026-03-11_1364751_U_39,0.51457477,history,1
2026-03-11_1364751_U_4,0.29706743,history,0
2026-03-11_1364751_U_40,0.41015157,history,0
2026-03-11_1364751_U_42,0.7658779,history,1
2026-03-11_1364751_U_43,0.26667178,history,0
2026-03-11_1364751_U_46,0.7534015,history,0
2026-03-11_1364751_U_47,0.3189714,history,1
2026-03-11_1364751_U_49,0.43656987,history,1
2026-03-11_1364751_U_50,0.31664973,history,0
2026-03-11_1364751_U_51,0.40826517,history,0
2026-03-11_1364751_U_52,0.35013366,history,0
2026-03-11_1364751_U_53,0.45207152,history,1
2026-03-11_1364751_U_54,0.2590433,history,0
2026-03-11_1364751_U_55,0.37906379,history,1
2026-03-11_1364751_U_56,0.50725186,history,1
2026-03-11_1364751_U_57,0.25337738,history,1
2026-03-11_1364751_U_65,0.527239,history,1
2026-03-11_1364751_U_66,0.29938853,history,1
2026-03-11_1364751_U_7,0.36741012,history,0
2026-03-11_1364751_U_70,0.94370115,history,1
2026-03-11_1364751_U_74,1.0383596,history,0
2026-03-11_1364751_U_77,0.29656357,history,0
2026-03-11_1364751_U_78,0.3384282,history,0
2026-03-11_1364751_U_83,0.47046816,history,1
2026-03-11_1364751_U_87,0.5906346,history,0
2026-03-11_1364751_U_88,0.28373122,history,1
2026-03-11_1364751_U_9,0.32555866,history,1
2026-03-11_1364751_U_93,0.14493912,history,0
2026-03-11_1364751_U_94,0.21058905,history,1
2026-03-11_1364751_U_96,0.48916185,history,0
2026-03-11_1364751_U_97,0.47482294,history,1
2026-03-11_1364751_U_98,0.4329328,history,0
2026-03-11_1364755_U_1,0.35210103,history,1
2026-03-11_1364755_U_10,0.3867442,history,0
2026-03-11_1364755_U_11,0.4067521,history,1
2026-03-11_1364755_U_14,0.34382588,history,0
2026-03-11_1364755_U_15,0.3794098,history,1
2026-03-11_1364755_U_16,0.3092735,history,1
2026-03-11_1364755_U_17,0.39338017,history,1
2026-03-11_1364755_U_19,0.2201569,history,1
2026-03-11_1364755_U_2,0.67388654,history,0
2026-03-11_1364755_U_20,0.99881685,history,1
2026-03-11_1364755_U_24,0.3694594,history,0
2026-03-11_1364755_U_25,0.28559786,history,0
2026-03-11_1364755_U_26,0.2037307,history,1
2026-03-11_1364755_U_3,0.38557804,history,1
2026-03-11_1364755_U_30,1.2257779,history,1
2026-03-11_1364755_U_33,0.39939874,history,0
2026-03-11_1364755_U_34,0.533809,history,0
2026-03-11_1364755_U_35,0.21698928,history,0
2026-03-11_1364755_U_36,0.54181015,history,1
2026-03-11_1364755_U_37,0.3925559,history,1
2026-03-11_1364755_U_42,0.34446797,history,0
2026-03-11_1364755_U_43,0.44745085,history,0
2026-03-11_1364755_U_44,0.3981025,history,1
2026-03-11_1364755_U_45,0.36860272,history,1
2026-03-11_1364755_U_46,0.21473992,history,1
2026-03-11_1364755_U_47,0.88670087,history,1
2026-03-11_1364755_U_5,0.4047488,history,1
2026-03-11_1364755_U_51,0.32215095,history,1
2026-03-11_1364755_U_52,0.16292399,history,0
2026-03-11_1364755_U_53,0.18059424,history,0
2026-03-11_1364755_U_6,1.0275762,history,1
2026-03-11_1364755_U_9,0.9009899,history,1
2026-03-11_1374661_U_1,0.25253522,history,1
2026-03-11_1374661_U_10,0.42298704,history,1
2026-03-11_1374661_U_11,0.19023034,history,1
2026-03-11_1374661_U_12,0.19527994,history,0
2026-03-11_1374661_U_14,0.19630544,history,0
2026-03-11_1374661_U_16,0.22898531,history,1
2026-03-11_1374661_U_17,0.14224425,history,0
2026-03-11_1374661_U_2,0.88703984,history,1
2026-03-11_1374661_U_3,0.25190294,history,1
2026-03-11_1374661_U_4,0.857738,history,1
2026-03-11_1374661_U_5,0.20007849,history,1
2026-03-11_1374661_U_6,0.45795295,history,1
2026-03-11_1374661_U_7,0.2550951,history,0
2026-03-11_1374661_U_8,0.38323852,history,0
2026-03-11_1374661_U_9,0.1810482,history,0
2026-03-11_1374662_U_1,0.16873807,history,0
2026-03-11_1374662_U_2,0.16216215,history,0
2026-03-11_1374662_U_3,0.16370577,history,0
2026-03-11_1374662_U_4,0.28638318,history,1
2026-03-11_1374663_U_1,0.21998364,history,0
2026-03-11_1374663_U_10,0.58092284,history,0
2026-03-11_1374663_U_104,0.18411557,history,1
2026-03-11_1374663_U_105,0.24868616,history,0
2026-03-11_1374663_U_106,0.2109651,history,0
2026-03-11_1374663_U_107,0.3215382,history,1
2026-03-11_1374663_U_112,0.21434677,history,1
2026-03-11_1374663_U_113,0.1997118,history,1
2026-03-11_1374663_U_114,0.17644736,history,0
2026-03-11_1374663_U_115,0.25209796,history,0
2026-03-11_1374663_U_116,0.2569928,history,0
2026-03-11_1374663_U_117,0.35737297,history,0
2026-03-11_1374663_U_118,0.36497292,history,0
2026-03-11_1374663_U_12,0.29866886,history,0
2026-03-11_1374663_U_120,0.44250497,history,0
2026-03-11_1374663_U_13,0.44051802,history,1
2026-03-11_1374663_U_14,0.5666662,history,1
2026-03-11_1374663_U_15,0.2843096,history,0
2026-03-11_1374663_U_16,0.13640974,history,0
2026-03-11_1374663_U_2,0.27671987,history,0
2026-03-11_1374663_U_23,0.26473278,history,0
2026-03-11_1374663_U_24,0.26129568,history,0
2026-03-11_1374663_U_25,0.22997628,history,1
2026-03-11_1374663_U_26,0.2732272,history,1
2026-03-11_1374663_U_27,0.22975138,history,1
2026-03-11_1374663_U_28,0.25571308,history,0
2026-03-11_1374663_U_29,0.23666452,history,0
2026-03-11_1374663_U_3,0.16932504,history,1
2026-03-11_1374663_U_30,0.32339495,history,1
2026-03-11_1374663_U_31,0.27927738,history,0
2026-03-11_1374663_U_32,0.213738,history,0
2026-03-11_1374663_U_33,0.28344238,history,0
2026-03-11_1374663_U_34,0.18343703,history,0
2026-03-11_1374663_U_35,0.3060658,history,0
2026-03-11_1374663_U_36,0.24195567,history,0
2026-03-11_1374663_U_37,0.32874674,history,0
2026-03-11_1374663_U_38,0.20574324,history,1
2026-03-11_1374663_U_39,0.2367065,history,0
2026-03-11_1374663_U_4,0.14819726,history,0
2026-03-11_1374663_U_40,0.2738766,history,0
2026-03-11_1374663_U_41,0.22388029,history,0
2026-03-11_1374663_U_42,0.26480085,history,0
2026-03-11_1374663_U_44,0.2695359,history,1
2026-03-11_1374663_U_45,0.17071114,history,1
2026-03-11_1374663_U_47,0.28012428,history,1
2026-03-11_1374663_U_48,0.33875918,history,0
2026-03-11_1374663_U_5,0.21521577,history,1
2026-03-11_1374663_U_52,1.115793,history,0
2026-03-11_1374663_U_53,0.2401571,history,0
2026-03-11_1374663_U_57,0.62596726,history,1
2026-03-11_1374663_U_58,0.64696425,history,1
2026-03-11_1374663_U_6,0.23531029,history,1
2026-03-11_1374663_U_60,0.30667108,history,0
2026-03-11_1374663_U_61,0.21091548,history,1
2026-03-11_1374663_U_62,0.1725736,history,0
2026-03-11_1374663_U_64,0.3707319,history,1
2026-03-11_1374663_U_65,0.19397132,history,0
2026-03-11_1374663_U_66,0.16940802,history,1
2026-03-11_1374663_U_67,0.19507954,history,1
2026-03-11_1374663_U_68,0.23062429,history,0
2026-03-11_1374663_U_69,0.23999195,history,0
2026-03-11_1374663_U_70,0.30574527,history,0
2026-03-11_1374663_U_71,0.22365558,history,0
2026-03-11_1374663_U_72,0.28874037,history,0
2026-03-11_1374663_U_73,0.2355464,history,1
2026-03-11_1374663_U_74,0.13366887,history,1
2026-03-11_1374663_U_76,0.22368956,history,0
2026-03-11_1374663_U_77,0.2056728,history,0
2026-03-11_1374663_U_78,0.1493311,history,0
2026-03-11_1374663_U_8,0.6894943,history,0
2026-03-11_1374663_U_81,0.32881045,history,0
2026-03-11_1374663_U_82,0.18929438,history,1
2026-03-11_1374663_U_83,0.2523796,history,0
2026-03-11_1374663_U_84,0.28948936,history,1
2026-03-11_1374663_U_85,0.2039119,history,0
2026-03-11_1374663_U_86,0.21659118,history,0
2026-03-11_1374663_U_87,0.17781638,history,1
2026-03-11_1374663_U_88,0.1306372,history,0
2026-03-11_1374663_U_89,0.25628743,history,1
2026-03-11_1374663_U_9,0.28078347,history,0
2026-03-11_1374663_U_90,0.17439811,history,1
2026-03-11_1374663_U_91,0.18822984,history,0
2026-03-11_1374663_U_92,0.23109643,history,1
2026-03-11_1374663_U_93,0.25832602,history,0
2026-03-11_1374663_U_95,0.22473519,history,1
2026-03-11_1374663_U_96,0.36267245,history,1
2026-03-11_1379485_U_1,0.35735297,history,0
2026-03-11_1379485_U_10,0.26392522,history,0
2026-03-11_1379485_U_102,0.1483906,history,1
2026-03-11_1379485_U_103,0.25081953,history,0
2026-03-11_1379485_U_104,0.2646129,history,1
2026-03-11_1379485_U_105,0.24801749,history,0
2026-03-11_1379485_U_107,0.13143496,history,1
2026-03-11_1379485_U_110,0.29328978,history,0
2026-03-11_1379485_U_111,0.3245684,history,0
2026-03-11_1379485_U_113,0.24459013,history,0
2026-03-11_1379485_U_116,0.24477528,history,1
2026-03-11_1379485_U_118,0.09127635,history,0
2026-03-11_1379485_U_12,0.31861612,history,0
2026-03-11_1379485_U_120,0.44276282,history,1
2026-03-11_1379485_U_121,0.43444166,history,1
2026-03-11_1379485_U_123,0.79949224,history,1
2026-03-11_1379485_U_128,0.38336885,history,0
2026-03-11_1379485_U_129,0.4154786,history,0
2026-03-11_1379485_U_13,0.5192709,history,0
2026-03-11_1379485_U_130,0.14585242,history,1
2026-03-11_1379485_U_131,0.13758403,history,1
2026-03-11_1379485_U_132,0.15770087,history,1
2026-03-11_1379485_U_134,0.1558576,history,0
2026-03-11_1379485_U_135,0.21233623,history,0
2026-03-11_1379485_U_136,0.15249825,history,1
2026-03-11_1379485_U_137,0.17771044,history,0
2026-03-11_1379485_U_138,0.17273828,history,0
2026-03-11_1379485_U_139,0.32171428,history,1
2026-03-11_1379485_U_14,0.22417268,history,0
2026-03-11_1379485_U_142,0.2468835,history,0
2026-03-11_1379485_U_143,0.18647699,history,1
2026-03-11_1379485_U_146,0.22387426,history,0
2026-03-11_1379485_U_147,0.234954,history,0
2026-03-11_1379485_U_15,0.17857009,history,0
2026-03-11_1379485_U_16,0.21505794,history,1
2026-03-11_1379485_U_17,0.17353086,history,1
2026-03-11_1379485_U_18,0.20285247,history,1
2026-03-11_1379485_U_2,0.27682248,history,0
2026-03-11_1379485_U_20,0.18833625,history,0
2026-03-11_1379485_U_21,0.20202403,history,0
2026-03-11_1379485_U_23,0.4304101,history,0
2026-03-11_1379485_U_24,0.38923824,history,0
2026-03-11_1379485_U_25,0.22657156,history,0
2026-03-11_1379485_U_26,0.21870874,history,0
2026-03-11_1379485_U_27,0.22594762,history,1
2026-03-11_1379485_U_28,0.2364617,history,1
2026-03-11_1379485_U_29,0.17539284,history,1
2026-03-11_1379485_U_3,0.24244988,history,0
2026-03-11_1379485_U_31,0.15816836,history,0
2026-03-11_1379485_U_33,0.40991056,history,0
2026-03-11_1379485_U_34,0.30546185,history,0
2026-03-11_1379485_U_35,0.13291101,history,1
2026-03-11_1379485_U_36,0.12036675,history,1
2026-03-11_1379485_U_38,0.27612,history,1
2026-03-11_1379485_U_39,0.25362027,history,1
2026-03-11_1379485_U_4,0.14087994,history,0
2026-03-11_1379485_U_44,0.3891556,history,0
2026-03-11_1379485_U_45,0.23859075,history,0
2026-03-11_1379485_U_47,0.22129315,history,1
2026-03-11_1379485_U_5,0.24311996,history,1
2026-03-11_1379485_U_51,0.29521918,history,0
2026-03-11_1379485_U_52,0.21214293,history,0
2026-03-11_1379485_U_53,0.22089124,history,1
2026-03-11_1379485_U_54,0.1489587,history,1
2026-03-11_1379485_U_56,0.19705436,history,0
2026-03-11_1379485_U_57,0.2705228,history,1
2026-03-11_1379485_U_59,0.1484973,history,0
2026-03-11_1379485_U_60,0.13505481,history,0
2026-03-11_1379485_U_62,0.3074388,history,0
2026-03-11_1379485_U_63,0.3536179,history,0
2026-03-11_1379485_U_66,0.2763186,history,1
2026-03-11_1379485_U_7,0.18810868,history,0
2026-03-11_1379485_U_71,0.10416572,history,1
2026-03-11_1379485_U_72,0.32263923,history,0
2026-03-11_1379485_U_73,0.26587027,history,0
2026-03-11_1379485_U_74,0.16919005,history,1
2026-03-11_1379485_U_75,0.2740111,history,1
2026-03-11_1379485_U_76,0.18931174,history,1
2026-03-11_1379485_U_77,0.25862467,history,1
2026-03-11_1379485_U_81,0.11449536,history,0
2026-03-11_1379485_U_82,0.16069174,history,0
2026-03-11_1379485_U_83,0.27565375,history,0
2026-03-11_1379485_U_84,0.20359878,history,0
2026-03-11_1379485_U_85,0.24304748,history,0
2026-03-11_1379485_U_88,0.28555232,history,0
2026-03-11_1379485_U_89,0.24449259,history,0
2026-03-11_1379485_U_90,0.29451853,history,0
2026-03-11_1379485_U_91,0.2636468,history,0
2026-03-11_1379485_U_92,0.15752345,history,1
2026-03-11_1379485_U_95,0.47607467,history,1
2026-03-11_1379485_U_97,0.12035202,history,0
2026-03-11_1379485_U_99,0.3945676,history,1
2026-03-11_1386441_U_1,0.31226632,history,0
2026-03-11_1386441_U_10,0.27212846,history,0
2026-03-11_1386441_U_11,0.17232852,history,0
2026-03-11_1386441_U_13,0.27113307,history,0
2026-03-11_1386441_U_14,0.22263417,history,0
2026-03-11_1386441_U_15,0.20747706,history,1
2026-03-11_1386441_U_16,0.16146919,history,0
2026-03-11_1386441_U_17,0.17516236,history,0
2026-03-11_1386441_U_18,0.1616688,history,0
2026-03-11_1386441_U_19,0.25334698,history,0
2026-03-11_1386441_U_2,0.30539238,history,0
2026-03-11_1386441_U_20,0.123553336,history,1
2026-03-11_1386441_U_22,0.2443555,history,0
2026-03-11_1386441_U_23,0.24201338,history,0
2026-03-11_1386441_U_24,0.22502647,history,1
2026-03-11_1386441_U_27,0.20025545,history,1
2026-03-11_1386441_U_28,0.27136397,history,0
2026-03-11_1386441_U_3,0.18130776,history,0
2026-03-11_1386441_U_30,0.2265153,history,0
2026-03-11_1386441_U_31,0.3343472,history,1
2026-03-11_1386441_U_33,0.2233197,history,0
2026-03-11_1386441_U_34,0.21597676,history,1
2026-03-11_1386441_U_35,0.27936417,history,0
2026-03-11_1386441_U_37,0.20397067,history,0
2026-03-11_1386441_U_38,0.2676798,history,0
2026-03-11_1386441_U_39,0.19380884,history,0
2026-03-11_1386441_U_41,0.3927266,history,0
2026-03-11_1386441_U_42,0.28074527,history,0
2026-03-11_1386441_U_43,0.14602558,history,1
2026-03-11_1386441_U_44,0.15248588,history,0
2026-03-11_1386441_U_45,0.1601767,history,1
2026-03-11_1386441_U_46,0.2070121,history,0
2026-03-11_1386441_U_48,0.2598042,history,1
2026-03-11_1386441_U_5,0.2596736,history,0
2026-03-11_1386441_U_50,0.18670571,history,1
2026-03-11_1386441_U_51,0.181447,history,0
2026-03-11_1386441_U_52,0.27557456,history,1
2026-03-11_1386441_U_6,0.30024052,history,1
2026-03-11_1386441_U_9,0.20246127,history,0
2026-03-11_1386442_U_10,0.22858739,history,0
2026-03-11_1386442_U_11,0.29141265,history,0
2026-03-11_1386442_U_13,0.2489129,history,0
2026-03-11_1386442_U_14,0.20291558,history,1
2026-03-11_1386442_U_17,0.19814634,history,0
2026-03-11_1386442_U_18,0.4658984,history,0
2026-03-11_1386442_U_19,0.267178,history,1
2026-03-11_1386442_U_21,0.40331933,history,0
2026-03-11_1386442_U_23,0.26415676,history,1
2026-03-11_1386442_U_24,0.33206862,history,0
2026-03-11_1386442_U_27,0.3817521,history,0
2026-03-11_1386442_U_29,0.19092426,history,0
2026-03-11_1386442_U_33,0.45117053,history,1
2026-03-11_1386442_U_35,0.31510654,history,0
2026-03-11_1386442_U_37,0.19730273,history,0
2026-03-11_1386442_U_38,0.25118363,history,1
2026-03-11_1386442_U_39,0.22622564,history,0
2026-03-11_1386442_U_43,0.39870262,history,0
2026-03-11_1386442_U_44,0.12320645,history,0
2026-03-11_1386442_U_45,0.21514502,history,0
2026-03-11_1386442_U_46,0.37755537,history,1
2026-03-11_1386442_U_5,0.29935986,history,1
2026-03-11_1386442_U_6,0.32457137,history,0
2026-03-11_1386442_U_9,0.23229092,history,0
2026-03-11_1386443_U_1,0.32912785,history,0
2026-03-11_1386443_U_10,0.14939678,history,0
2026-03-11_1386443_U_11,0.26966655,history,0
2026-03-11_1386443_U_12,0.21400297,history,0
2026-03-11_1386443_U_14,0.31016394,history,0
2026-03-11_1386443_U_15,0.28841034,history,1
2026-03-11_1386443_U_16,0.31409055,history,0
2026-03-11_1386443_U_2,0.2093138,history,0
2026-03-11_1386443_U_20,0.70612115,history,1
2026-03-11_1386443_U_21,0.2039731,history,0
2026-03-11_1386443_U_22,0.17209665,history,0
2026-03-11_1386443_U_24,0.23554692,history,1
2026-03-11_1386443_U_25,0.29925197,history,0
2026-03-11_1386443_U_26,0.2147057,history,0
2026-03-11_1386443_U_27,0.2598739,history,0
2026-03-11_1386443_U_29,0.17053752,history,0
2026-03-11_1386443_U_30,0.20362648,history,0
2026-03-11_1386443_U_31,0.12976615,history,0
2026-03-11_1386443_U_33,0.1851035,history,0
2026-03-11_1386443_U_34,0.2653642,history,0
2026-03-11_1386443_U_35,0.17736313,history,0
2026-03-11_1386443_U_39,0.42515215,history,1
2026-03-11_1386443_U_42,0.25214583,history,0
2026-03-11_1386443_U_43,0.40564284,history,0
2026-03-11_1386443_U_44,0.20361769,history,0
2026-03-11_1386443_U_45,0.19366793,history,0
2026-03-11_1386443_U_5,0.31513855,history,0
2026-03-11_1386443_U_6,0.21244955,history,0
2026-03-11_1390072_U_1,0.24383555,history,0
2026-03-11_1390072_U_10,0.20723295,history,1
2026-03-11_1390072_U_11,0.17295419,history,0
2026-03-11_1390072_U_18,0.19898623,history,0
2026-03-11_1390072_U_21,0.21558957,history,0
2026-03-11_1390072_U_22,0.24962223,history,0
2026-03-11_1390072_U_24,0.17847273,history,0
2026-03-11_1390072_U_25,0.17350483,history,1
2026-03-11_1390072_U_27,0.30304554,history,0
2026-03-11_1390072_U_28,0.47922096,history,0
2026-03-11_1390072_U_6,0.36050925,history,1
2026-03-11_1393827_U_1,0.36110622,history,0
2026-03-11_1393827_U_10,0.20383677,history,0
2026-03-11_1393827_U_11,0.28756517,history,0
2026-03-11_1393827_U_113,0.17834243,history,0
2026-03-11_1393827_U_115,0.14509404,history,0
2026-03-11_1393827_U_116,0.24274991,history,1
2026-03-11_1393827_U_120,0.062470406,history,1
2026-03-11_1393827_U_122,0.16138713,history,1
2026-03-11_1393827_U_132,0.13936977,history,1
2026-03-11_1393827_U_133,0.10614289,history,1
2026-03-11_1393827_U_134,0.36368603,history,1
2026-03-11_1393827_U_135,0.2263152,history,1
2026-03-11_1393827_U_136,0.15014222,history,1
2026-03-11_1393827_U_144,0.18237811,history,0
2026-03-11_1393827_U_145,0.27211958,history,0
2026-03-11_1393827_U_146,0.44248042,history,0
2026-03-11_1393827_U_148,0.132045,history,1
2026-03-11_1393827_U_16,0.19609192,history,0
2026-03-11_1393827_U_21,0.2293441,history,0
2026-03-11_1393827_U_22,0.11568844,history,0
2026-03-11_1393827_U_23,0.20601223,history,0
2026-03-11_1393827_U_25,0.21821325,history,0
2026-03-11_1393827_U_27,0.1878216,history,1
2026-03-11_1393827_U_6,0.23886923,history,0
2026-03-11_1393827_U_68,0.18770087,history,1
2026-03-11_1393827_U_70,0.1981825,history,1
2026-03-11_1399122_U_25,0.23282395,history,1
2026-03-11_1399122_U_26,0.29664183,history,1
2026-03-11_1399122_U_27,0.48772454,history,1
2026-03-11_1399122_U_28,0.6735611,history,1
2026-03-11_1399122_U_29,0.3050495,history,0
2026-03-11_1399122_U_30,0.34399307,history,1
2026-03-11_1399122_U_32,0.6028932,history,0
2026-03-11_1399122_U_33,0.24377947,history,1
2026-03-11_1399122_U_35,0.26736206,history,1
2026-03-11_1399122_U_36,1.1699579,history,1
2026-03-11_1399122_U_37,0.37857616,history,1
2026-03-11_1399122_U_38,0.30318853,history,1
2026-03-11_1399122_U_40,0.41419706,history,1
2026-03-11_1399122_U_41,0.5135882,history,0
2026-03-11_1399122_U_43,0.41205367,history,1
2026-03-11_1399122_U_45,0.9729438,history,1
2026-03-11_1399122_U_49,0.40901834,history,0
2026-03-11_1399122_U_5,0.47440147,history,1
2026-03-11_1399122_U_50,0.647543,history,1
2026-03-11_1399122_U_56,0.693884,history,0
2026-03-11_1399122_U_9,0.27749917,history,0
2026-03-11_1407494_U_1,0.18902153,history,0
2026-03-11_1407494_U_10,0.23394196,history,0
2026-03-11_1407494_U_11,0.22112136,history,0
2026-03-11_1407494_U_12,0.19379082,history,0
2026-03-11_1407494_U_13,0.13763331,history,0
2026-03-11_1407494_U_14,0.34674573,history,1
2026-03-11_1407494_U_15,0.1913177,history,0
2026-03-11_1407494_U_18,0.18875512,history,0
2026-03-11_1407494_U_19,0.21142712,history,1
2026-03-11_1407494_U_2,0.17090029,history,0
2026-03-11_1407494_U_22,0.16691896,history,1
2026-03-11_1407494_U_23,0.12109357,history,0
2026-03-11_1407494_U_25,0.2562226,history,0
2026-03-11_1407494_U_26,0.5202683,history,0
2026-03-11_1407494_U_27,0.24070743,history,0
2026-03-11_1407494_U_29,0.18784992,history,0
2026-03-11_1407494_U_3,0.16265228,history,0
2026-03-11_1407494_U_31,0.22026537,history,0
2026-03-11_1407494_U_32,0.15486172,history,1
2026-03-11_1407494_U_35,0.13801262,history,0
2026-03-11_1407494_U_36,0.34724304,history,0
2026-03-11_1407494_U_4,0.18022309,history,0
2026-03-11_1407494_U_5,0.22376415,history,0
2026-03-11_1407494_U_6,0.27578402,history,0
2026-03-11_1407494_U_7,0.14511716,history,0
2026-03-11_1407494_U_8,0.24921784,history,1
2026-03-11_1407494_U_9,0.21976583,history,0
2026-03-11_1407495_U_1,0.3397821,history,0
2026-03-11_1407495_U_10,0.1822251,history,0
2026-03-11_1407495_U_11,0.17642759,history,0
2026-03-11_1407495_U_12,0.18405962,history,1
2026-03-11_1407495_U_13,0.14322445,history,1
2026-03-11_1407495_U_14,0.121153995,history,1
2026-03-11_1407495_U_15,0.23210227,history,0
2026-03-11_1407495_U_16,0.1306556,history,0
2026-03-11_1407495_U_17,0.22982153,history,1
2026-03-11_1407495_U_18,0.0945071,history,0
2026-03-11_1407495_U_19,0.34369048,history,1
2026-03-11_1407495_U_2,0.13126014,history,0
2026-03-11_1407495_U_21,0.24776337,history,0
2026-03-11_1407495_U_22,0.23131447,history,1
2026-03-11_1407495_U_24,0.24272737,history,0
2026-03-11_1407495_U_25,0.26437443,history,0
2026-03-11_1407495_U_26,0.33545193,history,1
2026-03-11_1407495_U_3,0.18139178,history,0
2026-03-11_1407495_U_4,0.24668491,history,0
2026-03-11_1407495_U_5,0.15673125,history,0
2026-03-11_1407495_U_6,0.18703848,history,0
2026-03-11_1407495_U_7,0.21441858,history,1
2026-03-11_1407495_U_8,0.17765836,history,1
2026-03-11_1407495_U_9,0.32754427,history,1
2026-03-11_1411585_U_10,0.12146759,history,0
2026-03-11_1411585_U_11,0.22587049,history,0
2026-03-11_1411585_U_12,0.17316315,history,0
2026-03-11_1411585_U_13,0.20163453,history,0
2026-03-11_1411585_U_14,0.20383494,history,0
2026-03-11_1411585_U_15,0.11856948,history,0
2026-03-11_1411585_U_16,0.14434414,history,0
2026-03-11_1411585_U_17,0.15634677,history,0
2026-03-11_1411585_U_18,0.16582102,history,1
2026-03-11_1411585_U_2,0.15446635,history,0
2026-03-11_1411585_U_22,0.22109056,history,0
2026-03-11_1411585_U_24,0.15532212,history,0
2026-03-11_1411585_U_25,0.15493491,history,0
2026-03-11_1411585_U_26,0.17345689,history,1
2026-03-11_1411585_U_27,0.12527645,history,0
2026-03-11_1411585_U_28,0.27857548,history,0
2026-03-11_1411585_U_29,0.2220376,history,0
2026-03-11_1411585_U_3,0.113889694,history,1
2026-03-11_1411585_U_30,0.15367246,history,0
2026-03-11_1411585_U_31,0.12769262,history,1
2026-03-11_1411585_U_33,0.24198887,history,1
2026-03-11_1411585_U_34,0.48141783,history,0
2026-03-11_1411585_U_36,0.16766112,history,0
2026-03-11_1411585_U_37,0.1020069,history,0
2026-03-11_1411585_U_38,0.21534562,history,1
2026-03-11_1411585_U_39,0.15952623,history,0
2026-03-11_1411585_U_40,0.14540827,history,0
2026-03-11_1411585_U_44,0.30098993,history,0
2026-03-11_1411585_U_45,0.30848914,history,0
2026-03-11_1411585_U_46,0.3058486,history,0
2026-03-11_1411585_U_48,0.3610481,history,1
2026-03-11_1411585_U_49,0.3231262,history,0
2026-03-11_1411585_U_5,0.17569754,history,0
2026-03-11_1411585_U_50,0.17779627,history,0
2026-03-11_1411585_U_51,0.13627496,history,0
2026-03-11_1411585_U_52,0.1564287,history,0
2026-03-11_1411585_U_53,0.19677421,history,0
2026-03-11_1411585_U_54,0.19653547,history,1
2026-03-11_1411585_U_55,0.2580373,history,0
2026-03-11_1411585_U_56,0.23746473,history,0
2026-03-11_1411585_U_58,0.10927775,history,0
2026-03-11_1411585_U_59,0.15387939,history,1
2026-03-11_1411585_U_60,0.3109582,history,0
2026-03-11_1411585_U_61,0.15923601,history,0
2026-03-11_1411585_U_62,0.13733129,history,1
2026-03-11_1411585_U_63,0.12551162,history,0
2026-03-11_1411585_U_65,0.25211293,history,1
2026-03-11_1411585_U_66,0.16938767,history,0
2026-03-11_1411585_U_67,0.12511124,history,0
2026-03-11_1411585_U_68,0.17271459,history,1
2026-03-11_1411585_U_69,0.17525843,history,1
2026-03-11_1411585_U_7,0.2380762,history,0
2026-03-11_1411585_U_74,0.10912445,history,0
2026-03-11_1411585_U_75,0.22890875,history,1
2026-03-11_1411585_U_76,0.21125138,history,0
2026-03-11_1411585_U_77,0.16850953,history,0
2026-03-11_1411585_U_79,0.24467437,history,0
2026-03-11_1411585_U_8,0.109914504,history,0
2026-03-11_1411585_U_80,0.19928627,history,0
2026-03-11_1411585_U_81,0.1409624,history,0
2026-03-11_1411585_U_82,0.16866204,history,1
2026-03-11_1411585_U_83,0.14624903,history,0
2026-03-11_1411585_U_86,0.35118088,history,0
2026-03-11_1411585_U_87,0.1641736,history,1
2026-03-11_1411585_U_9,0.18924396,history,0
2026-03-11_1413903_U_1,0.5671865,history,0
2026-03-11_1413903_U_100,0.4911347,history,0
2026-03-11_1413903_U_101,0.38180923,history,0
2026-03-11_1413903_U_12,0.2450046,history,0
2026-03-11_1413903_U_14,0.45782098,history,0
2026-03-11_1413903_U_16,0.40707463,history,0
2026-03-11_1413903_U_17,0.69260114,history,1
2026-03-11_1413903_U_2,0.34839207,history,0
2026-03-11_1413903_U_20,0.410439,history,0
2026-03-11_1413903_U_22,0.5403988,history,0
2026-03-11_1413903_U_23,0.5416762,history,1
2026-03-11_1413903_U_26,0.5448553,history,0
2026-03-11_1413903_U_28,0.36547908,history,0
2026-03-11_1413903_U_29,0.4594255,history,1
2026-03-11_1413903_U_30,0.46773285,history,0
2026-03-11_1413903_U_33,0.19030921,history,0
2026-03-11_1413903_U_34,0.38214773,history,0
2026-03-11_1413903_U_36,0.4745471,history,0
2026-03-11_1413903_U_37,0.43820056,history,1
2026-03-11_1413903_U_38,0.2789924,history,0
2026-03-11_1413903_U_39,0.44426835,history,1
2026-03-11_1413903_U_40,0.44170937,history,0
2026-03-11_1413903_U_42,0.3318705,history,0
2026-03-11_1413903_U_43,0.329948,history,1
2026-03-11_1413903_U_46,0.56870586,history,0
2026-03-11_1413903_U_47,0.74785864,history,0
2026-03-11_1413903_U_50,0.4229567,history,0
2026-03-11_1413903_U_52,0.44360206,history,0
2026-03-11_1413903_U_58,0.30817342,history,0
2026-03-11_1413903_U_61,0.6742327,history,1
2026-03-11_1413903_U_62,0.47203037,history,0
2026-03-11_1413903_U_64,0.4516872,history,0
2026-03-11_1413903_U_66,0.5403325,history,1
2026-03-11_1413903_U_69,0.45954713,history,1
2026-03-11_1413903_U_7,0.7034528,history,0
2026-03-11_1413903_U_76,0.91350603,history,0
2026-03-11_1413903_U_77,0.49688363,history,1
2026-03-11_1413903_U_80,0.64033675,history,0
2026-03-11_1413903_U_81,0.36084232,history,0
2026-03-11_1413903_U_84,0.49004787,history,1
2026-03-11_1413903_U_86,0.58166414,history,0
2026-03-11_1413903_U_9,0.61769474,history,0
2026-03-11_1413903_U_90,0.33908474,history,0
2026-03-11_1413903_U_93,0.54519176,history,0
2026-03-11_1413903_U_95,0.40584323,history,0
2026-03-11_1413903_U_99,0.67690724,history,0
2026-03-11_1413904_U_1,0.48477387,history,0
2026-03-11_1413904_U_10,0.636019,history,0
2026-03-11_1413904_U_17,0.47037396,history,1
2026-03-11_1413904_U_19,0.4343791,history,0
2026-03-11_1413904_U_20,0.51671815,history,0
2026-03-11_1413904_U_21,0.47129104,history,0
2026-03-11_1413904_U_22,0.47385392,history,1
2026-03-11_1413904_U_23,0.6192224,history,0
2026-03-11_1413904_U_24,0.60614014,history,0
2026-03-11_1413904_U_26,0.50723404,history,0
2026-03-11_1413904_U_28,0.6739029,history,0
2026-03-11_1413904_U_3,0.58073294,history,0
2026-03-11_1413904_U_31,0.94058096,history,0
2026-03-11_1413904_U_32,0.6588388,history,0
2026-03-11_1413904_U_33,0.8274948,history,0
2026-03-11_1413904_U_36,0.42842075,history,0
2026-03-11_1413904_U_37,0.51601577,history,0
2026-03-11_1413904_U_38,0.60023206,history,0
2026-03-11_1413904_U_39,0.52774894,history,0
2026-03-11_1413904_U_4,0.6884329,history,0
2026-03-11_1413904_U_40,0.3940209,history,0
2026-03-11_1413904_U_43,0.21969436,history,0
2026-03-11_1413904_U_45,0.49783847,history,0
2026-03-11_1413904_U_5,0.5054631,history,0
2026-03-11_1413904_U_51,0.50104773,history,0
2026-03-11_1413904_U_54,0.68750304,history,1
2026-03-11_1413904_U_55,0.40634412,history,1
2026-03-11_1413904_U_56,0.721378,history,0
2026-03-11_1413904_U_58,0.47818285,history,1
2026-03-11_1413904_U_59,0.53414214,history,0
2026-03-11_1413904_U_60,0.43104053,history,1
2026-03-11_1413904_U_61,0.45313907,history,1
2026-03-11_1413904_U_63,0.25981838,history,0
2026-03-11_1413904_U_68,0.6050426,history,0
2026-03-11_1413904_U_7,0.5204773,history,0
2026-03-11_1413904_U_70,0.6644479,history,0
2026-03-11_1413904_U_71,0.546807,history,1
2026-03-11_1413904_U_72,0.9485501,history,1
2026-03-11_1413904_U_73,0.5352985,history,0
2026-03-11_1413904_U_75,0.6185295,history,1
2026-03-11_1413904_U_77,0.39470935,history,1
2026-03-11_1413904_U_8,0.35166094,history,0
2026-03-11_1413904_U_9,0.37328255,history,1
2026-03-11_1413905_U_2,0.54790133,history,0
2026-03-11_1413905_U_3,0.51862025,history,0
2026-03-11_1413905_U_4,0.5986038,history,1
2026-03-11_1413905_U_6,0.5414212,history,0
2026-03-11_1414833_U_1,0.5501802,history,0
2026-03-11_1414833_U_10,0.38991225,history,0
2026-03-11_1414833_U_11,0.5781468,history,0
2026-03-11_1414833_U_12,0.47063267,history,0
2026-03-11_1414833_U_13,0.37772056,history,0
2026-03-11_1414833_U_15,0.15174676,history,0
2026-03-11_1414833_U_16,0.39722952,history,0
2026-03-11_1414833_U_19,0.63004214,history,1
2026-03-11_1414833_U_2,0.6121472,history,0
2026-03-11_1414833_U_20,0.33567435,history,1
2026-03-11_1414833_U_22,0.6286201,history,1
2026-03-11_1414833_U_23,0.30330154,history,0
2026-03-11_1414833_U_24,0.71259516,history,0
2026-03-11_1414833_U_25,0.3688502,history,0
2026-03-11_1414833_U_26,0.4273387,history,0
2026-03-11_1414833_U_27,0.58012855,history,0
2026-03-11_1414833_U_28,0.45429015,history,0
2026-03-11_1414833_U_30,0.3425531,history,0
2026-03-11_1414833_U_31,0.52395177,history,0
2026-03-11_1414833_U_32,0.28770208,history,0
2026-03-11_1414833_U_33,0.2596113,history,0
2026-03-11_1414833_U_34,0.51230276,history,1
2026-03-11_1414833_U_35,0.65366983,history,0
2026-03-11_1414833_U_37,0.13971029,history,0
2026-03-11_1414833_U_38,0.5856253,history,0
2026-03-11_1414833_U_42,0.39950192,history,1
2026-03-11_1414833_U_43,0.54086375,history,0
2026-03-11_1414833_U_44,0.5159744,history,0
2026-03-11_1414833_U_45,0.5775192,history,0
2026-03-11_1414833_U_46,0.41878617,history,0
2026-03-11_1414833_U_47,0.42567873,history,0
2026-03-11_1414833_U_48,0.38188764,history,0
2026-03-11_1414833_U_49,0.4390516,history,0
2026-03-11_1414833_U_5,0.4691647,history,0
2026-03-11_1414833_U_53,0.6690246,history,0
2026-03-11_1414833_U_54,0.44711515,history,0
2026-03-11_1414833_U_55,0.59800154,history,0
2026-03-11_1414833_U_57,0.73773444,history,0
2026-03-11_1414833_U_58,0.58838445,history,1
2026-03-11_1414833_U_59,0.4342876,history,0
2026-03-11_1414833_U_61,0.38908502,history,1
2026-03-11_1414833_U_66,0.33864194,history,0
2026-03-11_1414833_U_68,0.16857192,history,0
2026-03-11_1414833_U_69,0.44595265,history,0
2026-03-11_1414833_U_7,0.12300144,history,0
2026-03-11_1414833_U_74,0.5282876,history,0
2026-03-11_1414833_U_75,0.57104534,history,1
2026-03-11_1414833_U_76,0.21824823,history,1
2026-03-11_1414833_U_9,0.54058754,history,0
2026-03-11_1429985_U_100,0.12901847,history,0
2026-03-11_1429985_U_101,0.18655008,history,0
2026-03-11_1429985_U_102,0.2496501,history,1
2026-03-11_1429985_U_105,0.16008002,history,0
2026-03-11_1429985_U_107,0.13842142,history,0
2026-03-11_1429985_U_115,0.17490554,history,0
2026-03-11_1429985_U_119,0.2777078,history,0
2026-03-11_1429985_U_125,0.39960822,history,1
2026-03-11_1429985_U_126,0.20179044,history,1
2026-03-11_1429985_U_17,0.0998891,history,1
2026-03-11_1429985_U_27,0.07559677,history,1
2026-03-11_1429985_U_29,0.123317644,history,0
2026-03-11_1429985_U_32,0.16551973,history,1
2026-03-11_1429985_U_5,0.1900636,history,0
2026-03-11_1429985_U_60,0.17843208,history,0
2026-03-11_1429985_U_66,0.08055571,history,1
2026-03-11_1429985_U_84,0.15102693,history,0
2026-03-11_1429985_U_89,0.10631099,history,0
2026-03-11_1429985_U_91,0.11251503,history,0
2026-03-11_1429985_U_92,0.16511914,history,0
2026-03-11_1429985_U_93,0.10955851,history,1
2026-03-11_1429985_U_94,0.16661014,history,0
2026-03-11_1429985_U_96,0.10803848,history,0
2026-03-11_1429985_U_98,0.18143182,history,1
2026-03-11_1431265_U_1,0.27422583,history,0
2026-03-11_1431265_U_100,0.13655499,history,0
2026-03-11_1431265_U_106,0.15142134,history,0
2026-03-11_1431265_U_107,0.17291382,history,1
2026-03-11_1431265_U_109,0.11711954,history,1
2026-03-11_1431265_U_112,0.13333169,history,1
2026-03-11_1431265_U_113,0.15124056,history,1
2026-03-11_1431265_U_115,0.17157999,history,1
2026-03-11_1431265_U_119,0.13614416,history,0
2026-03-11_1431265_U_12,0.15469185,history,1
2026-03-11_1431265_U_120,0.14481367,history,1
2026-03-11_1431265_U_126,0.10720056,history,1
2026-03-11_1431265_U_13,0.18474093,history,0
2026-03-11_1431265_U_131,0.17759123,history,1
2026-03-11_1431265_U_135,0.2627092,history,0
2026-03-11_1431265_U_136,0.2520643,history,1
2026-03-11_1431265_U_14,0.12071121,history,0
2026-03-11_1431265_U_141,0.15942286,history,1
2026-03-11_1431265_U_144,0.095353685,history,0
2026-03-11_1431265_U_146,0.1719818,history,0
2026-03-11_1431265_U_147,0.26883975,history,1
2026-03-11_1431265_U_15,0.107337266,history,1
2026-03-11_1431265_U_150,0.17012464,history,0
2026-03-11_1431265_U_151,0.19071953,history,1
2026-03-11_1431265_U_155,0.12662038,history,0
2026-03-11_1431265_U_164,0.34767377,history,0
2026-03-11_1431265_U_165,0.16224448,history,0
2026-03-11_1431265_U_166,0.30174768,history,0
2026-03-11_1431265_U_19,0.16652459,history,0
2026-03-11_1431265_U_2,0.15609878,history,0
2026-03-11_1431265_U_20,0.12664263,history,1
2026-03-11_1431265_U_24,0.23067044,history,0
2026-03-11_1431265_U_25,0.14715983,history,0
2026-03-11_1431265_U_26,0.13336276,history,1
2026-03-11_1431265_U_3,0.11570144,history,1
2026-03-11_1431265_U_30,0.2537648,history,0
2026-03-11_1431265_U_31,0.18618135,history,0
2026-03-11_1431265_U_32,0.17070536,history,1
2026-03-11_1431265_U_37,0.13576302,history,0
2026-03-11_1431265_U_38,0.15923497,history,1
2026-03-11_1431265_U_43,0.14670715,history,0
2026-03-11_1431265_U_44,0.16238028,history,1
2026-03-11_1431265_U_45,0.1736043,history,0
2026-03-11_1431265_U_46,0.111312345,history,1
2026-03-11_1431265_U_49,0.13986693,history,0
2026-03-11_1431265_U_50,0.09781338,history,1
2026-03-11_1431265_U_53,0.123882726,history,0
2026-03-11_1431265_U_55,0.12804262,history,0
2026-03-11_1431265_U_56,0.1273207,history,1
2026-03-11_1431265_U_57,0.18626653,history,1
2026-03-11_1431265_U_60,0.31080985,history,0
2026-03-11_1431265_U_61,0.10655224,history,0
2026-03-11_1431265_U_62,0.08840963,history,1
2026-03-11_1431265_U_67,0.21737951,history,0
2026-03-11_1431265_U_68,0.180294,history,1
2026-03-11_1431265_U_69,0.18622777,history,1
2026-03-11_1431265_U_7,0.1636698,history,0
2026-03-11_1431265_U_71,0.26704448,history,1
2026-03-11_1431265_U_73,0.103526294,history,1
2026-03-11_1431265_U_75,0.1530985,history,1
2026-03-11_1431265_U_79,0.08727011,history,1
2026-03-11_1431265_U_8,0.108804226,history,0
2026-03-11_1431265_U_85,0.13088533,history,1
2026-03-11_1431265_U_88,0.17948334,history,0
2026-03-11_1431265_U_9,0.10033807,history,1
2026-03-11_1431265_U_91,0.16267858,history,1
2026-03-11_1431265_U_93,0.15798427,history,1
2026-03-11_1431265_U_97,0.16194274,history,1
2026-03-11_1439975_U_1,0.23839173,history,1
2026-03-11_1439975_U_10,0.19325206,history,0
2026-03-11_1439975_U_11,0.1347283,history,1
2026-03-11_1439975_U_12,0.1319966,history,1
2026-03-11_1439975_U_13,0.22244,history,0
2026-03-11_1439975_U_14,0.117883146,history,1
2026-03-11_1439975_U_15,0.18343979,history,0
2026-03-11_1439975_U_16,0.17609367,history,0
2026-03-11_1439975_U_17,0.16648677,history,0
2026-03-11_1439975_U_18,0.112373814,history,1
2026-03-11_1439975_U_19,0.16752341,history,1
2026-03-11_1439975_U_2,0.15707284,history,0
2026-03-11_1439975_U_22,0.17499892,history,1
2026-03-11_1439975_U_23,0.20146821,history,1
2026-03-11_1439975_U_25,0.2167697,history,0
2026-03-11_1439975_U_26,0.15698567,history,0
2026-03-11_1439975_U_27,0.15724391,history,1
2026-03-11_1439975_U_28,0.1514683,history,0
2026-03-11_1439975_U_29,0.2801053,history,0
2026-03-11_1439975_U_30,0.25353152,history,0
2026-03-11_1439975_U_32,0.3219434,history,0
2026-03-11_1439975_U_33,0.22486433,history,0
2026-03-11_1439975_U_34,0.1726143,history,0
2026-03-11_1439975_U_35,0.15988795,history,1
2026-03-11_1439975_U_36,0.15150978,history,1
2026-03-11_1439975_U_37,0.16225258,history,0
2026-03-11_1439975_U_38,0.12497115,history,0
2026-03-11_1439975_U_4,0.1560622,history,1
2026-03-11_1439975_U_40,0.17751823,history,1
2026-03-11_1439975_U_42,0.16745791,history,0
2026-03-11_1439975_U_44,0.16920885,history,1
2026-03-11_1439975_U_46,0.13172062,history,1
2026-03-11_1439975_U_47,0.21133947,history,0
2026-03-11_1439975_U_48,0.15649574,history,1
2026-03-11_1439975_U_49,0.16827202,history,1
2026-03-11_1439975_U_5,0.18052673,history,0
2026-03-11_1439975_U_50,0.1277378,history,1
2026-03-11_1439975_U_51,0.18857639,history,0
2026-03-11_1439975_U_52,0.1655302,history,1
2026-03-11_1439975_U_54,0.21744612,history,1
2026-03-11_1439975_U_58,0.1705372,history,0
2026-03-11_1439975_U_6,0.17054984,history,0
2026-03-11_1439975_U_62,0.19744913,history,1
2026-03-11_1439975_U_66,0.2812049,history,0
2026-03-11_1439975_U_69,0.112485014,history,0
2026-03-11_1439975_U_7,0.20267044,history,1
2026-03-11_1439975_U_70,0.27002355,history,1
2026-03-11_1439975_U_75,0.2963298,history,0
2026-03-11_1439975_U_78,0.19680339,history,0
2026-03-11_1439975_U_79,0.21536836,history,1
2026-03-11_1439975_U_8,0.18127185,history,1
2026-03-11_1439975_U_80,0.25809053,history,1
2026-03-11_1439975_U_82,0.17311409,history,0
2026-03-11_1439975_U_84,0.19874148,history,1
2026-03-11_1439975_U_86,0.14406171,history,0
2026-03-11_1439975_U_88,0.19469771,history,1
2026-03-11_1439975_U_9,0.12255333,history,0
2026-03-11_1439975_U_90,0.18770278,history,0
2026-03-11_1439975_U_92,0.16836083,history,1
2026-03-11_1439975_U_94,0.14963388,history,0
2026-03-11_1439975_U_96,0.25921756,history,0
2026-03-11_1439975_U_97,0.1868875,history,1
2026-03-11_1439975_U_98,0.19166076,history,0
2026-03-11_1441389_U_1,2.4360008,history,0
2026-03-11_1441389_U_10,2.0939114,history,0
2026-03-11_1441389_U_11,1.8556149,history,0
2026-03-11_1441389_U_15,0.08815455,history,1
2026-03-11_1441389_U_18,0.2308328,history,0
2026-03-11_1441389_U_19,2.0260391,history,1
2026-03-11_1441389_U_21,2.271215,history,0
2026-03-11_1441389_U_22,2.2003217,history,0
2026-03-11_1441389_U_3,2.053987,history,0
2026-03-11_1441389_U_7,2.26169,history,0
2026-03-11_1474792_U_1,0.35633135,history,0
2026-03-11_1474792_U_10,0.15262511,history,0
2026-03-11_1474792_U_11,0.2712751,history,0
2026-03-11_1474792_U_12,0.1638923,history,0
2026-03-11_1474792_U_13,0.24354649,history,1
2026-03-11_1474792_U_14,0.15556592,history,0
2026-03-11_1474792_U_15,0.19099455,history,0
2026-03-11_1474792_U_16,0.25893176,history,0
2026-03-11_1474792_U_17,0.31934655,history,0
2026-03-11_1474792_U_18,0.22535484,history,0
2026-03-11_1474792_U_19,0.618923,history,0
2026-03-11_1474792_U_2,0.28257114,history,0
2026-03-11_1474792_U_20,0.2813482,history,0
2026-03-11_1474792_U_22,0.29768664,history,0
2026-03-11_1474792_U_23,0.18935096,history,0
2026-03-11_1474792_U_24,0.43777603,history,1
2026-03-11_1474792_U_26,0.26023477,history,1
2026-03-11_1474792_U_28,0.15498552,history,0
2026-03-11_1474792_U_29,0.20317462,history,0
2026-03-11_1474792_U_30,0.40940925,history,0
2026-03-11_1474792_U_32,0.47575366,history,1
2026-03-11_1474792_U_33,0.48703176,history,0
2026-03-11_1474792_U_34,0.6842944,history,0
2026-03-11_1474792_U_37,0.31812426,history,0
2026-03-11_1474792_U_38,0.15759674,history,0
2026-03-11_1474792_U_39,0.4099626,history,0
2026-03-11_1474792_U_4,0.20980255,history,0
2026-03-11_1474792_U_7,0.17613032,history,0
2026-03-11_1474792_U_8,0.12982479,history,0
2026-03-11_1474792_U_9,0.087183,history,0
2026-03-11_1474793_U_1,0.12443,history,0
2026-03-11_1474793_U_2,0.19025001,history,0
2026-03-11_1474793_U_3,0.13260262,history,0
2026-03-11_1474793_U_4,0.13291782,history,1
2026-03-11_1476582_U_1,0.22340506,history,0
2026-03-11_1476582_U_10,0.32792342,history,0
2026-03-11_1476582_U_11,0.26260647,history,0
2026-03-11_1476582_U_12,0.27719617,history,0
2026-03-11_1476582_U_13,0.20656744,history,1
2026-03-11_1476582_U_17,0.34341073,history,0
2026-03-11_1476582_U_18,0.37745556,history,0
2026-03-11_1476582_U_19,0.5055083,history,0
2026-03-11_1476582_U_2,0.2248755,history,0
2026-03-11_1476582_U_20,0.39951748,history,0
2026-03-11_1476582_U_21,0.34466702,history,0
2026-03-11_1476582_U_23,0.1790491,history,1
2026-03-11_1476582_U_24,0.3279565,history,0
2026-03-11_1476582_U_25,0.29544133,history,1
2026-03-11_1476582_U_26,0.381963,history,1
2026-03-11_1476582_U_27,0.19841759,history,0
2026-03-11_1476582_U_28,0.5259366,history,0
2026-03-11_1476582_U_29,0.2426959,history,0
2026-03-11_1476582_U_3,0.37103543,history,0
2026-03-11_1476582_U_30,0.38234025,history,1
2026-03-11_1476582_U_31,0.28977558,history,1
2026-03-11_1476582_U_32,0.36900577,history,1
2026-03-11_1476582_U_33,0.28622803,history,0
2026-03-11_1476582_U_34,0.28638768,history,0
2026-03-11_1476582_U_35,0.29363072,history,0
2026-03-11_1476582_U_36,0.31305355,history,0
2026-03-11_1476582_U_37,0.48045367,history,0
2026-03-11_1476582_U_38,0.30548853,history,0
2026-03-11_1476582_U_4,0.28129005,history,0
2026-03-11_1476582_U_5,0.716568,history,0
2026-03-11_1476582_U_6,0.29605573,history,1
2026-03-11_1476582_U_8,0.43946847,history,0
2026-03-11_1476584_U_1,0.3081559,history,0
2026-03-11_1476584_U_10,0.29888648,history,1
2026-03-11_1476584_U_12,0.6302326,history,0
2026-03-11_1476584_U_13,0.24537086,history,0
2026-03-11_1476584_U_2,0.280662,history,0
2026-03-11_1476584_U_4,0.25708306,history,0
2026-03-11_1476584_U_7,0.17611675,history,0
2026-03-11_1476584_U_8,0.25341326,history,0
2026-03-11_1476584_U_9,0.29264283,history,0
2026-03-11_1477766_U_1,0.13276315,history,0
2026-03-11_1477766_U_10,0.20505425,history,0
2026-03-11_1477766_U_11,0.3287338,history,0
2026-03-11_1477766_U_12,0.29729408,history,0
2026-03-11_1477766_U_13,0.22596624,history,0
2026-03-11_1477766_U_14,0.08523076,history,0
2026-03-11_1477766_U_15,0.17341296,history,0
2026-03-11_1477766_U_16,0.22870521,history,0
2026-03-11_1477766_U_17,0.10359238,history,0
2026-03-11_1477766_U_18,0.18148243,history,0
2026-03-11_1477766_U_19,0.21691464,history,0
2026-03-11_1477766_U_2,0.1372036,history,1
2026-03-11_1477766_U_21,0.2078682,history,1
2026-03-11_1477766_U_23,0.20288311,history,1
2026-03-11_1477766_U_24,0.22479093,history,1
2026-03-11_1477766_U_25,0.13733391,history,1
2026-03-11_1477766_U_26,0.12482928,history,1
2026-03-11_1477766_U_4,0.13264099,history,0
2026-03-11_1477766_U_6,0.21905816,history,0
2026-03-11_1477766_U_7,0.2194044,history,0
2026-03-11_1477767_U_1,0.16070798,history,0
2026-03-11_1477767_U_11,0.23577599,history,0
2026-03-11_1477767_U_12,0.53919953,history,0
2026-03-11_1477767_U_14,0.1651884,history,0
2026-03-11_1477767_U_15,0.19145006,history,0
2026-03-11_1477767_U_16,0.12720041,history,0
2026-03-11_1477767_U_17,0.21323983,history,1
2026-03-11_1477767_U_18,0.20352566,history,1
2026-03-11_1477767_U_2,0.27224827,history,0
2026-03-11_1477767_U_21,0.2831517,history,1
2026-03-11_1477767_U_22,0.13656005,history,0
2026-03-11_1477767_U_23,0.10938808,history,0
2026-03-11_1477767_U_24,0.33002865,history,1
2026-03-11_1477767_U_25,0.11536105,history,0
2026-03-11_1477767_U_26,0.14759034,history,0
2026-03-11_1477767_U_27,0.22662878,history,0
2026-03-11_1477767_U_28,0.14709091,history,1
2026-03-11_1477767_U_29,0.19152334,history,0
2026-03-11_1477767_U_3,0.2654224,history,0
2026-03-11_1477767_U_31,0.22349676,history,0
2026-03-11_1477767_U_36,0.11184536,history,0
2026-03-11_1477767_U_37,0.1435473,history,0
2026-03-11_1477767_U_38,0.17261457,history,0
2026-03-11_1477767_U_39,0.14221868,history,0
2026-03-11_1477767_U_4,0.39514515,history,0
2026-03-11_1477767_U_40,0.15024254,history,0
2026-03-11_1477767_U_5,0.1647082,history,0
2026-03-11_1477767_U_7,0.25931466,history,1
2026-03-11_1477767_U_8,0.2497842,history,0
2026-03-11_1477767_U_9,0.5194856,history,0
2026-03-11_1477768_U_1,0.14312129,history,0
2026-03-11_1477768_U_10,0.1980679,history,0
2026-03-11_1477768_U_11,0.15708059,history,0
2026-03-11_1477768_U_12,0.41766274,history,0
2026-03-11_1477768_U_13,0.14980102,history,0
2026-03-11_1477768_U_14,0.18065017,history,0
2026-03-11_1477768_U_15,0.2643774,history,0
2026-03-11_1477768_U_16,0.22343314,history,0
2026-03-11_1477768_U_18,0.23274188,history,0
2026-03-11_1477768_U_19,0.20839399,history,0
2026-03-11_1477768_U_2,0.120330036,history,0
2026-03-11_1477768_U_20,0.20183247,history,0
2026-03-11_1477768_U_21,0.14060333,history,0
2026-03-11_1477768_U_22,0.15404007,history,0
2026-03-11_1477768_U_23,0.17177889,history,0
2026-03-11_1477768_U_24,0.20124106,history,0
2026-03-11_1477768_U_25,0.16186891,history,1
2026-03-11_1477768_U_26,0.31437,history,1
2026-03-11_1477768_U_27,0.16267437,history,1
2026-03-11_1477768_U_28,0.36356598,history,1
2026-03-11_1477768_U_29,0.16054708,history,1
2026-03-11_1477768_U_3,0.19714117,history,0
2026-03-11_1477768_U_30,0.22645962,history,0
2026-03-11_1477768_U_31,0.2392206,history,0
2026-03-11_1477768_U_32,0.40355575,history,0
2026-03-11_1477768_U_33,0.1488477,history,0
2026-03-11_1477768_U_4,0.08017948,history,0
2026-03-11_1477768_U_40,0.2429637,history,0
2026-03-11_1477768_U_41,0.17727512,history,0
2026-03-11_1477768_U_42,0.4162756,history,0
2026-03-11_1477768_U_43,0.75871724,history,1
2026-03-11_1477768_U_44,0.320531,history,1
2026-03-11_1477768_U_45,0.22093016,history,1
2026-03-11_1477768_U_46,0.24002892,history,0
2026-03-11_1477768_U_47,0.4134141,history,0
2026-03-11_1477768_U_48,0.24961317,history,0
2026-03-11_1477768_U_49,0.26871368,history,0
2026-03-11_1477768_U_5,0.113876805,history,0
2026-03-11_1477768_U_50,0.25009614,history,0
2026-03-11_1477768_U_53,0.2729743,history,0
2026-03-11_1477768_U_54,0.1530121,history,0
2026-03-11_1477768_U_55,0.18437004,history,0
2026-03-11_1477768_U_56,0.1867826,history,0
2026-03-11_1477768_U_57,0.25654,history,0
2026-03-11_1477768_U_58,0.16046727,history,0
2026-03-11_1477768_U_6,0.25183946,history,0
2026-03-11_1477768_U_7,0.23992723,history,0
2026-03-11_1477768_U_8,0.1970617,history,0
2026-03-11_1477768_U_9,0.1348868,history,0
2026-03-11_1477769_U_1,0.1860261,history,0
2026-03-11_1477769_U_10,0.12400684,history,0
2026-03-11_1477769_U_11,0.1675342,history,0
2026-03-11_1477769_U_12,0.12161443,history,0
2026-03-11_1477769_U_13,0.1268925,history,0
2026-03-11_1477769_U_14,0.10712482,history,0
2026-03-11_1477769_U_15,0.15838449,history,0
2026-03-11_1477769_U_16,0.13741218,history,0
2026-03-11_1477769_U_17,0.09572049,history,0
2026-03-11_1477769_U_18,0.090805314,history,1
2026-03-11_1477769_U_19,0.30843532,history,0
2026-03-11_1477769_U_2,0.12687248,history,0
2026-03-11_1477769_U_20,0.14356524,history,0
2026-03-11_1477769_U_21,0.2861632,history,0
2026-03-11_1477769_U_22,0.2699283,history,0
2026-03-11_1477769_U_23,0.17132577,history,0
2026-03-11_1477769_U_24,0.19994995,history,0
2026-03-11_1477769_U_25,0.23044384,history,0
2026-03-11_1477769_U_26,0.08043778,history,0
2026-03-11_1477769_U_27,0.11979364,history,0
2026-03-11_1477769_U_28,0.14887491,history,0
2026-03-11_1477769_U_29,0.1312019,history,0
2026-03-11_1477769_U_3,0.14158462,history,0
2026-03-11_1477769_U_31,0.2011869,history,0
2026-03-11_1477769_U_32,0.15211236,history,0
2026-03-11_1477769_U_34,0.12081753,history,0
2026-03-11_1477769_U_35,0.16726407,history,0
2026-03-11_1477769_U_36,0.23303543,history,0
2026-03-11_1477769_U_37,0.123954475,history,0
2026-03-11_1477769_U_38,0.10326664,history,0
2026-03-11_1477769_U_39,0.17035198,history,0
2026-03-11_1477769_U_4,0.092831954,history,0
2026-03-11_1477769_U_40,0.2623213,history,0
2026-03-11_1477769_U_41,0.15807447,history,1
2026-03-11_1477769_U_42,0.3274415,history,0
2026-03-11_1477769_U_43,0.16192344,history,0
2026-03-11_1477769_U_44,0.3915981,history,0
2026-03-11_1477769_U_45,0.12340613,history,0
2026-03-11_1477769_U_46,0.22191533,history,0
2026-03-11_1477769_U_47,0.19568849,history,0
2026-03-11_1477769_U_48,0.17380384,history,0
2026-03-11_1477769_U_5,0.17779617,history,0
2026-03-11_1477769_U_6,0.21559715,history,0
2026-03-11_1477769_U_7,0.11112702,history,0
2026-03-11_1477769_U_8,0.33715934,history,0
2026-03-11_1477769_U_9,0.15720771,history,0
2026-03-11_1477770_U_1,0.4875587,history,0
2026-03-11_1477770_U_12,0.50433725,history,0
2026-03-11_1477770_U_13,1.0921047,history,0
2026-03-11_1477770_U_14,1.1849067,history,0
2026-03-11_1477770_U_15,0.5728085,history,0
2026-03-11_1477770_U_16,0.54207563,history,0
2026-03-11_1477770_U_17,0.3758788,history,0
2026-03-11_1477770_U_18,0.52563936,history,0
2026-03-11_1477770_U_2,0.36958224,history,0
2026-03-11_1477770_U_3,0.42256996,history,0
2026-03-11_1477770_U_4,0.42180675,history,0
2026-03-11_1477770_U_7,0.5659582,history,1
2026-03-11_1477770_U_9,0.8293731,history,0
2026-03-11_1481779_U_1,0.24587452,history,0
2026-03-11_1481779_U_10,0.21942577,history,0
2026-03-11_1481779_U_100,0.10814074,history,0
2026-03-11_1481779_U_105,0.09788915,history,0
2026-03-11_1481779_U_106,0.111771405,history,0
2026-03-11_1481779_U_107,0.08726593,history,0
2026-03-11_1481779_U_108,0.16634527,history,0
2026-03-11_1481779_U_11,0.16951786,history,0
2026-03-11_1481779_U_110,0.172863,history,0
2026-03-11_1481779_U_111,0.14134662,history,1
2026-03-11_1481779_U_113,0.14351456,history,0
2026-03-11_1481779_U_114,0.07657946,history,0
2026-03-11_1481779_U_115,0.13035999,history,0
2026-03-11_1481779_U_116,0.403377,history,0
2026-03-11_1481779_U_117,0.1791315,history,0
2026-03-11_1481779_U_118,0.1484749,history,0
2026-03-11_1481779_U_119,0.085112914,history,0
2026-03-11_1481779_U_12,0.18117236,history,1
2026-03-11_1481779_U_120,0.23003995,history,0
2026-03-11_1481779_U_121,0.13187896,history,0
2026-03-11_1481779_U_126,0.16530083,history,1
2026-03-11_1481779_U_129,0.10895154,history,0
2026-03-11_1481779_U_13,0.16348328,history,0
2026-03-11_1481779_U_14,0.15024701,history,0
2026-03-11_1481779_U_15,0.1782648,history,0
2026-03-11_1481779_U_16,0.19952564,history,0
2026-03-11_1481779_U_17,0.2950023,history,0
2026-03-11_1481779_U_18,0.241926,history,0
2026-03-11_1481779_U_19,0.30860618,history,0
2026-03-11_1481779_U_2,0.184068,history,0
2026-03-11_1481779_U_20,0.14740768,history,0
2026-03-11_1481779_U_21,0.14656943,history,0
2026-03-11_1481779_U_22,0.17936938,history,0
2026-03-11_1481779_U_24,0.11685016,history,0
2026-03-11_1481779_U_25,0.1674543,history,0
2026-03-11_1481779_U_26,0.19478121,history,0
2026-03-11_1481779_U_27,0.2938697,history,0
2026-03-11_1481779_U_28,0.18472713,history,0
2026-03-11_1481779_U_29,0.18917656,history,0
2026-03-11_1481779_U_3,0.083869636,history,0
2026-03-11_1481779_U_30,0.20085804,history,0
2026-03-11_1481779_U_31,0.13896483,history,0
2026-03-11_1481779_U_32,0.13928215,history,0
2026-03-11_1481779_U_33,0.17469732,history,0
2026-03-11_1481779_U_34,0.3440735,history,0
2026-03-11_1481779_U_35,0.1179778,history,0
2026-03-11_1481779_U_36,0.16270119,history,0
2026-03-11_1481779_U_37,0.24197768,history,0
2026-03-11_1481779_U_39,0.13224572,history,0
2026-03-11_1481779_U_4,0.13784945,history,0
2026-03-11_1481779_U_40,0.17950273,history,0
2026-03-11_1481779_U_41,0.1502643,history,0
2026-03-11_1481779_U_42,0.14547032,history,0
2026-03-11_1481779_U_43,0.11975868,history,0
2026-03-11_1481779_U_44,0.14984098,history,0
2026-03-11_1481779_U_46,0.16296846,history,0
2026-03-11_1481779_U_47,0.21193078,history,0
2026-03-11_1481779_U_48,0.26668483,history,0
2026-03-11_1481779_U_5,0.13062468,history,0
2026-03-11_1481779_U_50,0.22874558,history,0
2026-03-11_1481779_U_51,0.1830031,history,0
2026-03-11_1481779_U_52,0.14513281,history,0
2026-03-11_1481779_U_53,0.22308819,history,0
2026-03-11_1481779_U_54,0.23837839,history,0
2026-03-11_1481779_U_55,0.20918302,history,1
2026-03-11_1481779_U_56,0.42080075,history,0
2026-03-11_1481779_U_57,0.25730625,history,1
2026-03-11_1481779_U_58,0.1673764,history,0
2026-03-11_1481779_U_59,0.1498371,history,0
2026-03-11_1481779_U_6,0.19636552,history,0
2026-03-11_1481779_U_60,0.20295882,history,0
2026-03-11_1481779_U_61,0.15440732,history,0
2026-03-11_1481779_U_62,0.17304024,history,0
2026-03-11_1481779_U_63,0.12734745,history,0
2026-03-11_1481779_U_64,0.2894822,history,0
2026-03-11_1481779_U_66,0.08487883,history,0
2026-03-11_1481779_U_67,0.19283152,history,0
2026-03-11_1481779_U_68,0.09662544,history,0
2026-03-11_1481779_U_69,0.14863506,history,0
2026-03-11_1481779_U_70,0.18817502,history,0
2026-03-11_1481779_U_71,0.15294467,history,0
2026-03-11_1481779_U_72,0.25375456,history,1
2026-03-11_1481779_U_74,0.15256654,history,1
2026-03-11_1481779_U_77,0.10701637,history,0
2026-03-11_1481779_U_78,0.31986555,history,0
2026-03-11_1481779_U_79,0.17503302,history,0
2026-03-11_1481779_U_8,0.1299351,history,0
2026-03-11_1481779_U_80,0.1120845,history,0
2026-03-11_1481779_U_85,0.15200329,history,0
2026-03-11_1481779_U_87,0.18166694,history,0
2026-03-11_1481779_U_88,0.08502277,history,0
2026-03-11_1481779_U_89,0.09897564,history,0
2026-03-11_1481779_U_90,0.1631442,history,0
2026-03-11_1481779_U_91,0.17038499,history,0
2026-03-11_1481779_U_92,0.15038842,history,0
2026-03-11_1481779_U_93,0.11318096,history,0
2026-03-11_1481779_U_94,0.18006735,history,0
2026-03-11_1481779_U_95,0.17453,history,0
2026-03-11_1481779_U_97,0.15369233,history,0
2026-03-11_1481779_U_98,0.10553255,history,0
2026-03-11_1481779_U_99,0.12004745,history,0
2026-03-11_1483711_U_195,0.33399403,history,0
2026-03-11_1483711_U_196,0.47353813,history,0
2026-03-11_1483711_U_197,0.656192,history,0
2026-03-11_1483711_U_198,0.41036916,history,0
2026-03-12_1103013_U_1,0.39268848,history,0
2026-03-12_1103013_U_10,0.09180668,history,0
2026-03-12_1103013_U_12,0.17327814,history,0
2026-03-12_1103013_U_13,0.10835,history,0
2026-03-12_1103013_U_14,0.087340906,history,0
2026-03-12_1103013_U_15,0.113713674,history,0
2026-03-12_1103013_U_16,0.09263074,history,0
2026-03-12_1103013_U_17,1.8320326,history,0
2026-03-12_1103013_U_2,0.078089446,history,0
2026-03-12_1103013_U_23,0.1055552,history,0
2026-03-12_1103013_U_25,0.1255328,history,0
2026-03-12_1103013_U_27,0.114158385,history,0
2026-03-12_1103013_U_28,0.08799888,history,0
2026-03-12_1103013_U_29,0.11779624,history,0
2026-03-12_1103013_U_30,0.09602218,history,0
2026-03-12_1103013_U_31,0.84563816,history,0
2026-03-12_1103013_U_32,0.2563489,history,1
2026-03-12_1103013_U_33,2.5915198,history,0
2026-03-12_1103013_U_34,0.12627329,history,0
2026-03-12_1103013_U_35,0.1442043,history,0
2026-03-12_1103013_U_36,3.6720905,history,0
2026-03-12_1103013_U_38,0.10473895,history,0
2026-03-12_1103013_U_40,3.834424,history,0
2026-03-12_1103013_U_41,0.15206975,history,0
2026-03-12_1103013_U_42,0.49067372,history,1
2026-03-12_1103013_U_46,1.5026829,history,1
2026-03-12_1103013_U_47,0.18585643,history,0
2026-03-12_1103013_U_48,0.12714484,history,0
2026-03-12_1103013_U_49,0.16796063,history,0
2026-03-12_1103013_U_5,0.13107711,history,0
2026-03-12_1103013_U_50,0.19145495,history,0
2026-03-12_1103013_U_51,0.10394149,history,0
2026-03-12_1103013_U_52,1.3862541,history,0
2026-03-12_1103013_U_6,0.10467934,history,0
2026-03-12_1103013_U_7,0.11852937,history,0
2026-03-12_1103013_U_8,0.16031641,history,0
2026-03-12_1103013_U_9,0.1435509,history,0
2026-03-12_1288544_U_10,0.22339253,history,0
2026-03-12_1288544_U_2,0.30355406,history,1
2026-03-12_1288544_U_3,0.28877634,history,0
2026-03-12_1288544_U_4,0.3869335,history,0
2026-03-12_1288544_U_5,0.24039155,history,1
2026-03-12_1288544_U_6,0.32834995,history,1
2026-03-12_1288544_U_7,0.20688383,history,0
2026-03-12_1288544_U_8,0.41987547,history,0
2026-03-12_1288544_U_9,0.25659683,history,0
2026-03-12_1345046_U_1,0.2943346,history,0
2026-03-12_1345046_U_10,0.15450242,history,0
2026-03-12_1345046_U_11,0.16647527,history,1
2026-03-12_1345046_U_12,0.22985652,history,0
2026-03-12_1345046_U_14,0.25901672,history,0
2026-03-12_1345046_U_15,0.46152267,history,0
2026-03-12_1345046_U_18,0.24649489,history,0
2026-03-12_1345046_U_19,0.3930506,history,0
2026-03-12_1345046_U_2,0.21624164,history,0
2026-03-12_1345046_U_20,0.3102239,history,1
2026-03-12_1345046_U_21,0.2258744,history,0
2026-03-12_1345046_U_22,0.24571203,history,0
2026-03-12_1345046_U_25,0.22205612,history,1
2026-03-12_1345046_U_26,0.16069452,history,1
2026-03-12_1345046_U_28,0.19722234,history,0
2026-03-12_1345046_U_3,0.2962587,history,0
2026-03-12_1345046_U_35,0.35813636,history,0
2026-03-12_1345046_U_39,0.26346314,history,0
2026-03-12_1345046_U_4,0.1903501,history,1
2026-03-12_1345046_U_40,0.32495928,history,0
2026-03-12_1345046_U_44,0.46824786,history,0
2026-03-12_1345046_U_45,0.38222998,history,0
2026-03-12_1345046_U_5,0.34617126,history,0
2026-03-12_1345046_U_6,0.25174463,history,0
2026-03-12_1345046_U_7,0.21930522,history,1
2026-03-12_1345046_U_8,0.18896246,history,0
2026-03-12_1345046_U_94,0.3061865,history,1
2026-03-12_1348037_U_1,0.41993302,history,0
2026-03-12_1348037_U_10,0.57378423,history,1
2026-03-12_1348037_U_11,0.99289274,history,1
2026-03-12_1348037_U_12,0.18527839,history,1
2026-03-12_1348037_U_14,0.29535,history,0
2026-03-12_1348037_U_15,0.41991878,history,0
2026-03-12_1348037_U_16,0.48039672,history,0
2026-03-12_1348037_U_17,0.3034683,history,0
2026-03-12_1348037_U_18,0.45900986,history,0
2026-03-12_1348037_U_19,0.30829707,history,0
2026-03-12_1348037_U_2,0.4586383,history,0
2026-03-12_1348037_U_20,0.42070684,history,0
2026-03-12_1348037_U_21,0.63614583,history,0
2026-03-12_1348037_U_22,0.3783501,history,0
2026-03-12_1348037_U_23,0.25308454,history,0
2026-03-12_1348037_U_26,0.26478025,history,1
2026-03-12_1348037_U_29,0.53511024,history,0
2026-03-12_1348037_U_3,0.44792432,history,0
2026-03-12_1348037_U_30,0.3574917,history,0
2026-03-12_1348037_U_31,0.29186577,history,0
2026-03-12_1348037_U_33,0.6049739,history,1
2026-03-12_1348037_U_35,0.1432004,history,1
2026-03-12_1348037_U_37,0.5401434,history,0
2026-03-12_1348037_U_38,0.4444371,history,0
2026-03-12_1348037_U_39,0.21098761,history,0
2026-03-12_1348037_U_40,0.19973075,history,1
2026-03-12_1348037_U_42,0.34992522,history,1
2026-03-12_1348037_U_43,0.36836946,history,0
2026-03-12_1348037_U_46,0.21745393,history,0
2026-03-12_1348037_U_47,0.3484897,history,1
2026-03-12_1348037_U_48,0.16939472,history,0
2026-03-12_1348037_U_49,1.0103085,history,0
2026-03-12_1348037_U_5,0.45243645,history,1
2026-03-12_1348037_U_50,0.66942114,history,0
2026-03-12_1348037_U_51,0.46519417,history,0
2026-03-12_1348037_U_52,0.49203253,history,0
2026-03-12_1348037_U_6,0.4196207,history,0
2026-03-12_1348037_U_7,0.26996875,history,0
2026-03-12_1348037_U_8,0.38265368,history,0
2026-03-12_1348037_U_9,0.33204216,history,0
2026-03-12_1349260_U_1,0.2561826,history,0
2026-03-12_1349260_U_11,0.1664858,history,1
2026-03-12_1349260_U_12,0.92514634,history,0
2026-03-12_1349260_U_13,0.4065399,history,1
2026-03-12_1349260_U_2,0.2221878,history,1
2026-03-12_1349260_U_20,0.17706072,history,0
2026-03-12_1349260_U_21,0.14641097,history,0
2026-03-12_1349260_U_22,0.99103564,history,0
2026-03-12_1349260_U_24,0.23344105,history,0
2026-03-12_1349260_U_27,0.71662486,history,0
2026-03-12_1349260_U_3,0.9499675,history,1
2026-03-12_1349260_U_30,0.19281924,history,1
2026-03-12_1349260_U_32,0.14106202,history,0
2026-03-12_1349260_U_33,0.9532362,history,0
2026-03-12_1349260_U_4,0.9426359,history,1
2026-03-12_1349260_U_6,0.22955158,history,1
2026-03-12_1349260_U_7,0.22083823,history,1
2026-03-12_1349260_U_8,0.63432986,history,0
2026-03-12_1359254_U_1,0.22354291,history,0
2026-03-12_1359254_U_10,0.44536686,history,1
2026-03-12_1359254_U_12,0.3227852,history,1
2026-03-12_1359254_U_13,0.156218,history,0
2026-03-12_1359254_U_14,0.1558192,history,1
2026-03-12_1359254_U_15,0.2294374,history,1
2026-03-12_1359254_U_16,0.12277916,history,1
2026-03-12_1359254_U_19,0.12050456,history,1
2026-03-12_1359254_U_2,0.16545461,history,0
2026-03-12_1359254_U_21,0.19943768,history,1
2026-03-12_1359254_U_22,0.1959022,history,0
2026-03-12_1359254_U_23,0.109368,history,1
2026-03-12_1359254_U_24,0.19026998,history,1
2026-03-12_1359254_U_25,0.2307505,history,0
2026-03-12_1359254_U_28,0.13137949,history,0
2026-03-12_1359254_U_31,0.14284351,history,0
2026-03-12_1359254_U_34,0.2352831,history,0
2026-03-12_1359254_U_37,0.13669762,history,1
2026-03-12_1359254_U_39,0.10122382,history,1
2026-03-12_1359254_U_4,0.19570625,history,0
2026-03-12_1359254_U_40,0.18448155,history,1
2026-03-12_1359254_U_41,0.15340692,history,1
2026-03-12_1359254_U_42,0.1672033,history,1
2026-03-12_1359254_U_43,0.14659843,history,1
2026-03-12_1359254_U_46,0.16877238,history,1
2026-03-12_1359254_U_47,0.1438909,history,0
2026-03-12_1359254_U_48,0.1531403,history,0
2026-03-12_1359254_U_49,0.1471998,history,1
2026-03-12_1359254_U_5,0.16137433,history,0
2026-03-12_1359254_U_52,0.14284556,history,1
2026-03-12_1359254_U_55,0.17675523,history,1
2026-03-12_1359254_U_56,0.14168279,history,1
2026-03-12_1359254_U_60,0.112448916,history,0
2026-03-12_1359254_U_61,0.34197134,history,1
2026-03-12_1359254_U_62,0.48891014,history,1
2026-03-12_1359254_U_63,0.13543257,history,0
2026-03-12_1359254_U_64,0.18250501,history,0
2026-03-12_1359254_U_65,0.13194643,history,0
2026-03-12_1359254_U_69,0.2719016,history,0
2026-03-12_1359254_U_7,0.12431227,history,0
2026-03-12_1359254_U_70,0.28475633,history,1
2026-03-12_1359254_U_73,0.15052229,history,0
2026-03-12_1359254_U_75,0.5724823,history,1
2026-03-12_1359254_U_77,0.17682803,history,1
2026-03-12_1359254_U_8,0.111497,history,1
2026-03-12_1359254_U_9,0.1699551,history,0
2026-03-12_1364746_U_1,0.30162168,history,0
2026-03-12_1364746_U_16,0.24070857,history,0
2026-03-12_1364746_U_17,0.43435365,history,0
2026-03-12_1364746_U_19,0.20015381,history,1
2026-03-12_1364746_U_2,0.2501134,history,0
2026-03-12_1364746_U_23,0.28693196,history,1
2026-03-12_1364746_U_4,0.22908221,history,1
2026-03-12_1364746_U_41,0.19995043,history,0
2026-03-12_1364746_U_42,0.19835137,history,0
2026-03-12_1364746_U_56,0.27113116,history,0
2026-03-12_1364746_U_57,0.3197003,history,1
2026-03-12_1364746_U_60,0.17399773,history,1
2026-03-12_1364746_U_61,0.16526209,history,1
2026-03-12_1364746_U_62,0.24962072,history,1
2026-03-12_1364746_U_77,0.2939869,history,1
2026-03-12_1364747_U_1,0.28581703,history,0
2026-03-12_1364747_U_10,0.33580345,history,0
2026-03-12_1364747_U_11,0.19339415,history,0
2026-03-12_1364747_U_12,0.26710504,history,0
2026-03-12_1364747_U_13,0.32576212,history,0
2026-03-12_1364747_U_14,0.19448374,history,0
2026-03-12_1364747_U_15,0.34468293,history,0
2026-03-12_1364747_U_16,0.34706137,history,0
2026-03-12_1364747_U_17,0.14548312,history,0
2026-03-12_1364747_U_18,0.22240078,history,0
2026-03-12_1364747_U_19,0.27665466,history,0
2026-03-12_1364747_U_2,0.2433519,history,0
2026-03-12_1364747_U_20,0.23365629,history,0
2026-03-12_1364747_U_21,0.2984237,history,0
2026-03-12_1364747_U_22,0.22236674,history,0
2026-03-12_1364747_U_23,0.26832286,history,0
2026-03-12_1364747_U_24,0.28548208,history,0
2026-03-12_1364747_U_25,0.27655724,history,0
2026-03-12_1364747_U_26,0.28284463,history,0
2026-03-12_1364747_U_27,0.23384908,history,0
2026-03-12_1364747_U_28,0.2580859,history,0
2026-03-12_1364747_U_29,0.20456931,history,0
2026-03-12_1364747_U_3,0.21674894,history,0
2026-03-12_1364747_U_30,0.1383818,history,0
2026-03-12_1364747_U_31,0.3214463,history,0
2026-03-12_1364747_U_32,0.6084659,history,0
2026-03-12_1364747_U_4,0.32828176,history,0
2026-03-12_1364747_U_5,0.17055802,history,0
2026-03-12_1364747_U_6,0.21284597,history,0
2026-03-12_1364747_U_7,0.22857064,history,0
2026-03-12_1364747_U_8,0.28021038,history,0
2026-03-12_1364747_U_9,0.2483134,history,0
2026-03-12_1364748_U_1,0.25621235,history,0
2026-03-12_1364748_U_10,0.17904875,history,0
2026-03-12_1364748_U_17,0.22427148,history,0
2026-03-12_1364748_U_18,0.21689147,history,0
2026-03-12_1364748_U_20,0.121493,history,1
2026-03-12_1364748_U_38,0.22772998,history,0
2026-03-12_1364748_U_39,0.17096232,history,1
2026-03-12_1364748_U_44,0.1809547,history,1
2026-03-12_1364748_U_55,0.19922237,history,0
2026-03-12_1364748_U_58,0.30850634,history,0
2026-03-12_1364748_U_9,0.26070604,history,0
2026-03-12_1364749_U_1,0.46810168,history,0
2026-03-12_1364749_U_10,0.2692605,history,0
2026-03-12_1364749_U_13,0.22832891,history,0
2026-03-12_1364749_U_14,0.8865398,history,0
2026-03-12_1364749_U_15,0.35640955,history,0
2026-03-12_1364749_U_16,0.42408845,history,0
2026-03-12_1364749_U_17,0.29846442,history,1
2026-03-12_1364749_U_18,0.25505337,history,0
2026-03-12_1364749_U_19,0.16986048,history,0
2026-03-12_1364749_U_2,0.40378508,history,0
2026-03-12_1364749_U_21,0.17053358,history,1
2026-03-12_1364749_U_22,0.1543765,history,1
2026-03-12_1364749_U_24,0.28030545,history,1
2026-03-12_1364749_U_26,0.17278425,history,1
2026-03-12_1364749_U_28,0.2074738,history,0
2026-03-12_1364749_U_29,0.119628035,history,0
2026-03-12_1364749_U_3,0.14820549,history,0
2026-03-12_1364749_U_31,0.32151914,history,0
2026-03-12_1364749_U_36,0.29064354,history,0
2026-03-12_1364749_U_37,0.11058094,history,0
2026-03-12_1364749_U_40,0.18447618,history,1
2026-03-12_1364749_U_41,0.28450108,history,1
2026-03-12_1364749_U_44,0.24461997,history,0
2026-03-12_1364749_U_45,0.17378555,history,0
2026-03-12_1364749_U_46,0.16341755,history,0
2026-03-12_1364749_U_51,0.2977653,history,0
2026-03-12_1364749_U_57,0.14459735,history,0
2026-03-12_1364749_U_58,0.14534506,history,1
2026-03-12_1364749_U_63,0.16143411,history,0
2026-03-12_1364749_U_7,0.15633667,history,1
2026-03-12_1364751_U_1,0.49478278,history,0
2026-03-12_1364751_U_100,0.6417655,history,1
2026-03-12_1364751_U_101,0.5912464,history,0
2026-03-12_1364751_U_11,0.3186171,history,1
2026-03-12_1364751_U_13,0.3971557,history,0
2026-03-12_1364751_U_15,0.49640974,history,0
2026-03-12_1364751_U_16,0.2703352,history,0
2026-03-12_1364751_U_19,1.0473778,history,0
2026-03-12_1364751_U_21,0.5103519,history,0
2026-03-12_1364751_U_26,0.26848835,history,1
2026-03-12_1364751_U_27,0.3717669,history,1
2026-03-12_1364751_U_3,0.572659,history,1
2026-03-12_1364751_U_31,0.4122339,history,0
2026-03-12_1364751_U_37,0.4527313,history,0
2026-03-12_1364751_U_48,0.5678537,history,0
2026-03-12_1364751_U_53,0.4625926,history,0
2026-03-12_1364751_U_63,0.28290534,history,0
2026-03-12_1364751_U_7,0.7112476,history,0
2026-03-12_1364751_U_74,4.16413,history,1
2026-03-12_1364751_U_87,0.29015744,history,0
2026-03-12_1364751_U_9,0.26400018,history,1
2026-03-12_1364751_U_97,0.33488083,history,1
2026-03-12_1364755_U_1,0.24151537,history,1
2026-03-12_1364755_U_10,0.39023173,history,0
2026-03-12_1364755_U_14,0.24549517,history,0
2026-03-12_1364755_U_15,0.37408373,history,0
2026-03-12_1364755_U_16,0.53997517,history,1
2026-03-12_1364755_U_17,0.30007935,history,1
2026-03-12_1364755_U_18,0.38796002,history,0
2026-03-12_1364755_U_19,0.42323327,history,1
2026-03-12_1364755_U_2,0.34121448,history,0
2026-03-12_1364755_U_21,0.410352,history,1
2026-03-12_1364755_U_24,0.62538755,history,0
2026-03-12_1364755_U_25,0.1544524,history,0
2026-03-12_1364755_U_26,0.34696746,history,0
2026-03-12_1364755_U_30,0.96707195,history,1
2026-03-12_1364755_U_34,0.3582133,history,0
2026-03-12_1364755_U_35,0.31563538,history,0
2026-03-12_1364755_U_36,0.38700637,history,1
2026-03-12_1364755_U_37,0.36720967,history,1
2026-03-12_1364755_U_38,0.35320866,history,1
2026-03-12_1364755_U_40,1.6685585,history,1
2026-03-12_1364755_U_44,0.25546473,history,1
2026-03-12_1364755_U_45,0.43022448,history,1
2026-03-12_1364755_U_46,0.32527086,history,1
2026-03-12_1364755_U_48,0.43691012,history,1
2026-03-12_1364755_U_49,0.28986368,history,1
2026-03-12_1364755_U_5,0.47813308,history,0
2026-03-12_1364755_U_51,0.37716258,history,1
2026-03-12_1364755_U_52,0.54741716,history,0
2026-03-12_1364755_U_6,0.82790613,history,1
2026-03-12_1374661_U_1,0.19980472,history,1
2026-03-12_1374661_U_11,0.22072765,history,1
2026-03-12_1374661_U_12,0.24909541,history,0
2026-03-12_1374661_U_13,0.15239224,history,1
2026-03-12_1374661_U_14,0.31633282,history,1
2026-03-12_1374661_U_16,0.22761302,history,1
2026-03-12_1374661_U_17,0.16972594,history,0
2026-03-12_1374661_U_2,0.46995682,history,1
2026-03-12_1374661_U_3,0.27665007,history,1
2026-03-12_1374661_U_4,0.2991845,history,1
2026-03-12_1374661_U_5,0.27700514,history,0
2026-03-12_1374661_U_6,0.27680558,history,1
2026-03-12_1374661_U_7,0.25827286,history,0
2026-03-12_1374661_U_8,0.2755148,history,0
2026-03-12_1374662_U_1,0.23094481,history,0
2026-03-12_1374662_U_2,0.26249653,history,0
2026-03-12_1374662_U_3,0.19493112,history,0
2026-03-12_1374662_U_4,0.17783427,history,0
2026-03-12_1374663_U_1,0.28149232,history,0
2026-03-12_1374663_U_103,0.2488091,history,0
2026-03-12_1374663_U_114,0.1959405,history,0
2026-03-12_1374663_U_120,0.20141506,history,0
2026-03-12_1374663_U_15,0.3974223,history,0
2026-03-12_1374663_U_16,0.23100546,history,0
2026-03-12_1374663_U_2,0.26710367,history,0
2026-03-12_1374663_U_23,0.2226468,history,0
2026-03-12_1374663_U_24,0.3295985,history,0
2026-03-12_1374663_U_28,0.24812536,history,0
2026-03-12_1374663_U_3,0.18801624,history,0
2026-03-12_1374663_U_4,0.2246949,history,0
2026-03-12_1374663_U_40,0.17683133,history,0
2026-03-12_1374663_U_48,0.35098633,history,0
2026-03-12_1374663_U_5,0.2047453,history,0
2026-03-12_1374663_U_60,0.1734312,history,0
2026-03-12_1374663_U_65,0.20038567,history,0
2026-03-12_1374663_U_72,0.6001502,history,1
2026-03-12_1374663_U_73,0.32383272,history,1
2026-03-12_1374663_U_78,0.14907321,history,0
2026-03-12_1374663_U_81,0.32622603,history,0
2026-03-12_1374663_U_86,0.1979436,history,1
2026-03-12_1374663_U_9,0.23263472,history,0
2026-03-12_1379485_U_1,0.29588914,history,0
2026-03-12_1379485_U_10,0.11661967,history,0
2026-03-12_1379485_U_100,0.2846869,history,0
2026-03-12_1379485_U_101,0.2221092,history,1
2026-03-12_1379485_U_103,0.24251834,history,0
2026-03-12_1379485_U_104,0.16822009,history,0
2026-03-12_1379485_U_106,0.14843532,history,0
2026-03-12_1379485_U_110,0.6676264,history,0
2026-03-12_1379485_U_111,0.33878368,history,0
2026-03-12_1379485_U_112,0.24920428,history,1
2026-03-12_1379485_U_113,0.18028866,history,0
2026-03-12_1379485_U_114,0.41672873,history,0
2026-03-12_1379485_U_115,0.22286135,history,0
2026-03-12_1379485_U_117,0.22551142,history,0
2026-03-12_1379485_U_118,0.19108558,history,0
2026-03-12_1379485_U_12,0.39029443,history,0
2026-03-12_1379485_U_120,0.26193264,history,1
2026-03-12_1379485_U_121,0.28832015,history,1
2026-03-12_1379485_U_122,0.34899664,history,1
2026-03-12_1379485_U_124,0.6683841,history,0
2026-03-12_1379485_U_128,0.43336415,history,0
2026-03-12_1379485_U_129,0.26472694,history,0
2026-03-12_1379485_U_13,0.28587955,history,0
2026-03-12_1379485_U_130,0.21475217,history,0
2026-03-12_1379485_U_131,0.14271486,history,1
2026-03-12_1379485_U_132,0.2550052,history,1
2026-03-12_1379485_U_133,0.21250474,history,0
2026-03-12_1379485_U_134,0.16150747,history,0
2026-03-12_1379485_U_135,0.1414533,history,1
2026-03-12_1379485_U_136,0.16785388,history,1
2026-03-12_1379485_U_14,0.21542808,history,0
2026-03-12_1379485_U_141,0.11631449,history,0
2026-03-12_1379485_U_142,0.13441068,history,0
2026-03-12_1379485_U_143,0.15950043,history,0
2026-03-12_1379485_U_144,0.19709568,history,1
2026-03-12_1379485_U_146,0.16595677,history,1
2026-03-12_1379485_U_147,0.1951443,history,0
2026-03-12_1379485_U_148,0.30309796,history,0
2026-03-12_1379485_U_15,0.21441977,history,1
2026-03-12_1379485_U_16,0.17904966,history,0
2026-03-12_1379485_U_17,0.20166734,history,1
2026-03-12_1379485_U_19,0.25670898,history,0
2026-03-12_1379485_U_2,0.39834386,history,0
2026-03-12_1379485_U_21,0.14785734,history,0
2026-03-12_1379485_U_22,0.5168134,history,1
2026-03-12_1379485_U_23,0.26957992,history,0
2026-03-12_1379485_U_24,0.39979932,history,0
2026-03-12_1379485_U_25,0.17907321,history,0
2026-03-12_1379485_U_26,0.24052441,history,0
2026-03-12_1379485_U_27,0.26316053,history,0
2026-03-12_1379485_U_28,0.37675497,history,0
2026-03-12_1379485_U_29,0.2135359,history,1
2026-03-12_1379485_U_3,0.41815695,history,0
2026-03-12_1379485_U_33,0.3152622,history,0
2026-03-12_1379485_U_34,0.4906944,history,0
2026-03-12_1379485_U_35,0.20909373,history,0
2026-03-12_1379485_U_36,0.18449315,history,0
2026-03-12_1379485_U_37,0.2708786,history,0
2026-03-12_1379485_U_39,0.20984522,history,1
2026-03-12_1379485_U_4,0.19342515,history,1
2026-03-12_1379485_U_40,0.21982825,history,0
2026-03-12_1379485_U_41,0.20334846,history,0
2026-03-12_1379485_U_42,0.23857085,history,0
2026-03-12_1379485_U_44,0.61478287,history,0
2026-03-12_1379485_U_45,0.40792233,history,0
2026-03-12_1379485_U_46,0.20718873,history,0
2026-03-12_1379485_U_47,0.17110789,history,0
2026-03-12_1379485_U_48,0.23883924,history,1
2026-03-12_1379485_U_49,0.18935148,history,0
2026-03-12_1379485_U_5,0.27774635,history,0
2026-03-12_1379485_U_50,0.21576837,history,1
2026-03-12_1379485_U_51,0.54364276,history,0
2026-03-12_1379485_U_52,0.47551295,history,0
2026-03-12_1379485_U_53,0.41831446,history,0
2026-03-12_1379485_U_54,0.11659317,history,0
2026-03-12_1379485_U_58,0.20376126,history,0
2026-03-12_1379485_U_59,0.19301616,history,0
2026-03-12_1379485_U_6,0.24514878,history,1
2026-03-12_1379485_U_60,0.11718829,history,0
2026-03-12_1379485_U_62,0.26429236,history,0
2026-03-12_1379485_U_63,0.2161756,history,0
2026-03-12_1379485_U_64,0.22393891,history,0
2026-03-12_1379485_U_65,0.23866288,history,0
2026-03-12_1379485_U_66,0.1783674,history,1
2026-03-12_1379485_U_69,0.35683212,history,1
2026-03-12_1379485_U_72,0.5907384,history,0
2026-03-12_1379485_U_73,0.20107436,history,0
2026-03-12_1379485_U_74,0.12739657,history,0
2026-03-12_1379485_U_75,0.24629965,history,0
2026-03-12_1379485_U_77,0.21256506,history,0
2026-03-12_1379485_U_8,0.2130219,history,0
2026-03-12_1379485_U_80,0.122358754,history,0
2026-03-12_1379485_U_81,0.21899799,history,0
2026-03-12_1379485_U_83,0.6606182,history,0
2026-03-12_1379485_U_84,0.25513473,history,1
2026-03-12_1379485_U_85,0.23335883,history,1
2026-03-12_1379485_U_86,0.23628804,history,1
2026-03-12_1379485_U_87,0.19913256,history,1
2026-03-12_1379485_U_89,0.388874,history,0
2026-03-12_1379485_U_9,0.19129281,history,0
2026-03-12_1379485_U_90,0.42819494,history,0
2026-03-12_1379485_U_91,0.2907251,history,0
2026-03-12_1379485_U_92,0.3076763,history,1
2026-03-12_1379485_U_93,0.2754448,history,1
2026-03-12_1379485_U_94,0.19099995,history,0
2026-03-12_1379485_U_96,0.13564037,history,0
2026-03-12_1379485_U_97,0.15367898,history,0
2026-03-12_1379485_U_99,0.46137083,history,0
2026-03-12_1386441_U_1,0.30927807,history,0
2026-03-12_1386441_U_10,0.27149242,history,0
2026-03-12_1386441_U_11,0.18398333,history,0
2026-03-12_1386441_U_15,0.36543822,history,1
2026-03-12_1386441_U_19,0.25002542,history,0
2026-03-12_1386441_U_2,0.25916,history,0
2026-03-12_1386441_U_20,0.19051218,history,0
2026-03-12_1386441_U_24,0.20711663,history,0
2026-03-12_1386441_U_25,0.22386432,history,0
2026-03-12_1386441_U_26,0.17216122,history,0
2026-03-12_1386441_U_28,0.3191942,history,0
2026-03-12_1386441_U_29,0.24714908,history,0
2026-03-12_1386441_U_3,0.26684067,history,0
2026-03-12_1386441_U_32,0.27900565,history,1
2026-03-12_1386441_U_33,0.2625909,history,0
2026-03-12_1386441_U_34,0.56569266,history,0
2026-03-12_1386441_U_36,0.289002,history,0
2026-03-12_1386441_U_37,0.25319797,history,0
2026-03-12_1386441_U_38,0.36725184,history,0
2026-03-12_1386441_U_39,0.17330746,history,0
2026-03-12_1386441_U_4,0.24465191,history,0
2026-03-12_1386441_U_40,0.2170739,history,1
2026-03-12_1386441_U_42,0.26728073,history,0
2026-03-12_1386441_U_44,0.20982169,history,1
2026-03-12_1386441_U_45,1.0538504,history,1
2026-03-12_1386441_U_48,0.22003588,history,1
2026-03-12_1386441_U_49,0.19962144,history,0
2026-03-12_1386441_U_5,0.23185289,history,0
2026-03-12_1386441_U_6,0.20122135,history,0
2026-03-12_1386441_U_7,0.3968552,history,0
2026-03-12_1386441_U_8,0.33085456,history,0
2026-03-12_1386442_U_1,0.32989752,history,0
2026-03-12_1386442_U_10,0.23687893,history,0
2026-03-12_1386442_U_11,0.29247582,history,0
2026-03-12_1386442_U_14,0.26444274,history,0
2026-03-12_1386442_U_16,0.46347255,history,0
2026-03-12_1386442_U_17,0.47586483,history,0
2026-03-12_1386442_U_19,0.20026402,history,1
2026-03-12_1386442_U_2,0.19101763,history,0
2026-03-12_1386442_U_21,0.19882572,history,0
2026-03-12_1386442_U_22,0.20442313,history,0
2026-03-12_1386442_U_23,0.24087971,history,1
2026-03-12_1386442_U_24,0.22588587,history,0
2026-03-12_1386442_U_26,0.40965125,history,0
2026-03-12_1386442_U_27,0.18041144,history,0
2026-03-12_1386442_U_28,0.27128363,history,0
2026-03-12_1386442_U_29,0.20613977,history,0
2026-03-12_1386442_U_32,1.0832511,history,0
2026-03-12_1386442_U_33,0.21541928,history,0
2026-03-12_1386442_U_35,0.21636908,history,0
2026-03-12_1386442_U_37,0.42653197,history,0
2026-03-12_1386442_U_38,0.26220724,history,1
2026-03-12_1386442_U_4,0.24643028,history,0
2026-03-12_1386442_U_42,0.30101264,history,1
2026-03-12_1386442_U_45,0.32328293,history,0
2026-03-12_1386442_U_46,0.31444916,history,0
2026-03-12_1386442_U_5,0.35461015,history,0
2026-03-12_1386442_U_6,0.3404853,history,0
2026-03-12_1386442_U_9,0.39107585,history,0
2026-03-12_1386443_U_1,0.31113794,history,0
2026-03-12_1386443_U_11,0.37066418,history,0
2026-03-12_1386443_U_12,0.3231371,history,0
2026-03-12_1386443_U_13,0.19583592,history,0
2026-03-12_1386443_U_15,0.2538529,history,0
2026-03-12_1386443_U_16,0.63210726,history,0
2026-03-12_1386443_U_17,0.34874424,history,0
2026-03-12_1386443_U_19,0.3729505,history,0
2026-03-12_1386443_U_2,0.2874124,history,0
2026-03-12_1386443_U_20,0.4335435,history,0
2026-03-12_1386443_U_21,0.31167752,history,0
2026-03-12_1386443_U_23,0.24800299,history,1
2026-03-12_1386443_U_25,0.20806506,history,0
2026-03-12_1386443_U_26,0.30648622,history,0
2026-03-12_1386443_U_27,0.1524899,history,0
2026-03-12_1386443_U_28,0.18913656,history,0
2026-03-12_1386443_U_29,0.22404866,history,0
2026-03-12_1386443_U_30,0.15235516,history,0
2026-03-12_1386443_U_33,0.32754532,history,0
2026-03-12_1386443_U_34,0.3864199,history,0
2026-03-12_1386443_U_35,0.18155017,history,0
2026-03-12_1386443_U_36,0.3018273,history,0
2026-03-12_1386443_U_38,0.18983841,history,0
2026-03-12_1386443_U_40,0.18570828,history,0
2026-03-12_1386443_U_41,0.17601785,history,0
2026-03-12_1386443_U_43,0.35838526,history,0
2026-03-12_1386443_U_44,0.424541,history,0
2026-03-12_1386443_U_45,0.396581,history,0
2026-03-12_1386443_U_46,0.44230565,history,0
2026-03-12_1386443_U_6,0.20230184,history,0
2026-03-12_1386443_U_7,0.23957762,history,0
2026-03-12_1386443_U_8,0.28073207,history,0
2026-03-12_1386443_U_9,0.27402818,history,0
2026-03-12_1390072_U_1,0.21342716,history,1
2026-03-12_1390072_U_11,0.3666218,history,0
2026-03-12_1390072_U_12,0.18000796,history,0
2026-03-12_1390072_U_13,0.20994914,history,0
2026-03-12_1390072_U_14,0.33857292,history,0
2026-03-12_1390072_U_16,0.3098045,history,1
2026-03-12_1390072_U_17,0.92676413,history,0
2026-03-12_1390072_U_18,0.25239086,history,0
2026-03-12_1390072_U_19,0.36080572,history,0
2026-03-12_1390072_U_2,0.31061804,history,0
2026-03-12_1390072_U_20,0.33167562,history,1
2026-03-12_1390072_U_22,0.3935206,history,0
2026-03-12_1390072_U_23,0.1687883,history,1
2026-03-12_1390072_U_26,0.30756927,history,0
2026-03-12_1390072_U_3,0.27526933,history,0
2026-03-12_1390072_U_4,0.21026914,history,0
2026-03-12_1390072_U_6,0.20305942,history,0
2026-03-12_1390072_U_7,0.31477988,history,0
2026-03-12_1390072_U_8,0.2644573,history,0
2026-03-12_1390072_U_9,0.23191333,history,0
2026-03-12_1393827_U_1,0.28221378,history,0
2026-03-12_1393827_U_10,0.16902268,history,0
2026-03-12_1393827_U_11,0.18007475,history,0
2026-03-12_1393827_U_113,0.26469144,history,0
2026-03-12_1393827_U_115,0.2801643,history,0
2026-03-12_1393827_U_117,0.22953615,history,1
2026-03-12_1393827_U_119,0.3701712,history,1
2026-03-12_1393827_U_120,0.1829828,history,1
2026-03-12_1393827_U_122,0.22285466,history,1
2026-03-12_1393827_U_123,0.14264551,history,1
2026-03-12_1393827_U_132,0.33476794,history,1
2026-03-12_1393827_U_134,0.23897025,history,1
2026-03-12_1393827_U_136,0.18497734,history,1
2026-03-12_1393827_U_138,0.21497685,history,0
2026-03-12_1393827_U_144,0.24406342,history,0
2026-03-12_1393827_U_145,0.20452023,history,0
2026-03-12_1393827_U_146,0.24482694,history,0
2026-03-12_1393827_U_148,0.26268032,history,1
2026-03-12_1393827_U_16,0.13431762,history,0
2026-03-12_1393827_U_17,0.1653638,history,0
2026-03-12_1393827_U_19,0.17396323,history,0
2026-03-12_1393827_U_21,0.18670706,history,0
2026-03-12_1393827_U_22,0.11748189,history,0
2026-03-12_1393827_U_24,0.26980105,history,0
2026-03-12_1393827_U_25,0.16493864,history,0
2026-03-12_1393827_U_26,0.15735841,history,1
2026-03-12_1393827_U_28,0.20213465,history,1
2026-03-12_1393827_U_52,0.2451376,history,0
2026-03-12_1393827_U_53,0.18563432,history,0
2026-03-12_1393827_U_6,0.27632952,history,0
2026-03-12_1393827_U_68,0.23243356,history,0
2026-03-12_1393827_U_7,0.25187895,history,0
2026-03-12_1393827_U_70,0.18548456,history,1
2026-03-12_1393827_U_8,0.20444493,history,0
2026-03-12_1393827_U_9,0.14047502,history,0
2026-03-12_1399122_U_31,1.4022872,history,0
2026-03-12_1399122_U_35,0.22739743,history,1
2026-03-12_1399122_U_36,0.91654485,history,0
2026-03-12_1399122_U_37,0.30336946,history,1
2026-03-12_1399122_U_38,0.24228221,history,1
2026-03-12_1399122_U_39,0.49379987,history,0
2026-03-12_1399122_U_47,0.32463837,history,0
2026-03-12_1399122_U_49,0.6607785,history,1
2026-03-12_1399122_U_50,0.9084467,history,1
2026-03-12_1399122_U_52,0.76069045,history,1
2026-03-12_1399122_U_55,0.52174366,history,1
2026-03-12_1399122_U_56,0.44058007,history,0
2026-03-12_1399122_U_59,0.6650578,history,1
2026-03-12_1407494_U_1,0.3496016,history,0
2026-03-12_1407494_U_12,0.1600196,history,0
2026-03-12_1407494_U_13,0.2185959,history,1
2026-03-12_1407494_U_16,0.16720322,history,0
2026-03-12_1407494_U_19,0.28971422,history,1
2026-03-12_1407494_U_2,0.18015695,history,0
2026-03-12_1407494_U_21,0.24023423,history,1
2026-03-12_1407494_U_23,0.0872345,history,0
2026-03-12_1407494_U_24,0.32795882,history,1
2026-03-12_1407494_U_27,0.09251001,history,0
2026-03-12_1407494_U_28,0.22952124,history,0
2026-03-12_1407494_U_29,0.2229211,history,0
2026-03-12_1407494_U_3,0.13849598,history,0
2026-03-12_1407494_U_30,0.21452555,history,0
2026-03-12_1407494_U_31,0.39225125,history,1
2026-03-12_1407494_U_34,0.20097277,history,0
2026-03-12_1407494_U_35,0.16960868,history,0
2026-03-12_1407494_U_36,0.29102215,history,1
2026-03-12_1407494_U_37,0.27782688,history,0
2026-03-12_1407494_U_4,0.18970051,history,0
2026-03-12_1407494_U_5,0.44387043,history,1
2026-03-12_1407494_U_6,0.15853477,history,0
2026-03-12_1407494_U_7,0.17816977,history,1
2026-03-12_1407494_U_8,0.19721943,history,0
2026-03-12_1407494_U_9,0.21478277,history,0
2026-03-12_1407495_U_1,0.19336158,history,0
2026-03-12_1407495_U_12,0.15255228,history,0
2026-03-12_1407495_U_13,0.14375073,history,0
2026-03-12_1407495_U_14,0.2512691,history,1
2026-03-12_1407495_U_15,0.23303151,history,0
2026-03-12_1407495_U_17,0.123935215,history,1
2026-03-12_1407495_U_19,0.18537425,history,1
2026-03-12_1407495_U_2,0.16527319,history,0
2026-03-12_1407495_U_21,0.1767492,history,0
2026-03-12_1407495_U_22,0.13250116,history,1
2026-03-12_1407495_U_24,0.3955047,history,0
2026-03-12_1407495_U_26,0.27487686,history,0
2026-03-12_1407495_U_3,0.1762216,history,0
2026-03-12_1407495_U_4,0.2385925,history,0
2026-03-12_1407495_U_5,0.16871224,history,0
2026-03-12_1407495_U_6,0.23666029,history,0
2026-03-12_1407495_U_7,0.22787416,history,0
2026-03-12_1407495_U_8,0.13517658,history,1
2026-03-12_1407495_U_9,0.2953822,history,1
2026-03-12_1411585_U_1,0.39510202,history,0
2026-03-12_1411585_U_11,0.18360835,history,0
2026-03-12_1411585_U_12,0.16083992,history,0
2026-03-12_1411585_U_13,0.23789959,history,0
2026-03-12_1411585_U_14,0.17809471,history,0
2026-03-12_1411585_U_15,0.13183984,history,0
2026-03-12_1411585_U_16,0.14399496,history,0
2026-03-12_1411585_U_17,0.1423634,history,0
2026-03-12_1411585_U_18,0.13291074,history,1
2026-03-12_1411585_U_19,0.31465632,history,0
2026-03-12_1411585_U_2,0.15770714,history,0
2026-03-12_1411585_U_20,0.13655564,history,0
2026-03-12_1411585_U_22,0.21244764,history,0
2026-03-12_1411585_U_23,0.1528237,history,1
2026-03-12_1411585_U_24,0.1543132,history,0
2026-03-12_1411585_U_25,0.15887009,history,1
2026-03-12_1411585_U_26,0.17146389,history,1
2026-03-12_1411585_U_27,0.15942512,history,0
2026-03-12_1411585_U_28,0.2090408,history,0
2026-03-12_1411585_U_29,0.27450228,history,0
2026-03-12_1411585_U_3,0.1297299,history,1
2026-03-12_1411585_U_30,0.17689948,history,0
2026-03-12_1411585_U_31,0.1213515,history,0
2026-03-12_1411585_U_32,0.15738276,history,1
2026-03-12_1411585_U_33,0.2022377,history,1
2026-03-12_1411585_U_34,0.15512058,history,0
2026-03-12_1411585_U_35,0.18410847,history,0
2026-03-12_1411585_U_36,0.16561417,history,0
2026-03-12_1411585_U_37,0.10092332,history,0
2026-03-12_1411585_U_38,0.15143858,history,1
2026-03-12_1411585_U_39,0.13216369,history,0
2026-03-12_1411585_U_4,0.11838657,history,0
2026-03-12_1411585_U_40,0.15833025,history,0
2026-03-12_1411585_U_41,0.11769747,history,0
2026-03-12_1411585_U_42,0.17625193,history,1
2026-03-12_1411585_U_44,0.24653153,history,0
2026-03-12_1411585_U_45,0.25947103,history,1
2026-03-12_1411585_U_46,0.935678,history,0
2026-03-12_1411585_U_47,0.36331853,history,0
2026-03-12_1411585_U_48,0.1968246,history,1
2026-03-12_1411585_U_49,0.23490724,history,0
2026-03-12_1411585_U_5,0.17428637,history,0
2026-03-12_1411585_U_50,0.17068124,history,0
2026-03-12_1411585_U_51,0.15085976,history,0
2026-03-12_1411585_U_52,0.16150585,history,0
2026-03-12_1411585_U_54,0.22339433,history,1
2026-03-12_1411585_U_55,0.2065461,history,0
2026-03-12_1411585_U_56,0.44450235,history,0
2026-03-12_1411585_U_59,0.17206065,history,1
2026-03-12_1411585_U_6,0.15586509,history,0
2026-03-12_1411585_U_60,0.20062852,history,0
2026-03-12_1411585_U_61,0.47401565,history,0
2026-03-12_1411585_U_62,0.13001814,history,0
2026-03-12_1411585_U_64,0.26633936,history,0
2026-03-12_1411585_U_65,0.26350135,history,1
2026-03-12_1411585_U_66,0.13021776,history,0
2026-03-12_1411585_U_68,0.16622841,history,1
2026-03-12_1411585_U_69,0.13332367,history,0
2026-03-12_1411585_U_7,0.18056725,history,0
2026-03-12_1411585_U_70,0.14488941,history,0
2026-03-12_1411585_U_71,0.17084031,history,1
2026-03-12_1411585_U_72,0.13875926,history,0
2026-03-12_1411585_U_73,0.18283963,history,0
2026-03-12_1411585_U_75,0.4205328,history,1
2026-03-12_1411585_U_76,0.69421184,history,0
2026-03-12_1411585_U_77,0.17791986,history,0
2026-03-12_1411585_U_78,0.15950687,history,0
2026-03-12_1411585_U_79,0.21397734,history,0
2026-03-12_1411585_U_8,0.11262904,history,0
2026-03-12_1411585_U_80,0.15938124,history,0
2026-03-12_1411585_U_81,0.13318424,history,0
2026-03-12_1411585_U_82,0.23227021,history,0
2026-03-12_1411585_U_83,0.17108938,history,0
2026-03-12_1411585_U_9,0.1389385,history,0
2026-03-12_1413903_U_100,0.5109424,history,0
2026-03-12_1413903_U_101,0.6729766,history,0
2026-03-12_1413903_U_14,0.41160446,history,0
2026-03-12_1413903_U_16,0.568044,history,0
2026-03-12_1413903_U_17,0.42634857,history,1
2026-03-12_1413903_U_2,0.31181362,history,0
2026-03-12_1413903_U_20,0.78375673,history,0
2026-03-12_1413903_U_22,0.59254074,history,0
2026-03-12_1413903_U_23,0.36501253,history,1
2026-03-12_1413903_U_24,0.43958962,history,0
2026-03-12_1413903_U_26,0.66506886,history,0
2026-03-12_1413903_U_28,0.65564775,history,0
2026-03-12_1413903_U_29,0.35076046,history,1
2026-03-12_1413903_U_3,0.4419989,history,0
2026-03-12_1413903_U_30,0.5177499,history,0
2026-03-12_1413903_U_34,0.5661052,history,0
2026-03-12_1413903_U_36,0.4672534,history,0
2026-03-12_1413903_U_37,0.315655,history,1
2026-03-12_1413903_U_38,0.51596206,history,0
2026-03-12_1413903_U_39,0.36148307,history,0
2026-03-12_1413903_U_40,0.34182748,history,0
2026-03-12_1413903_U_42,0.74180305,history,0
2026-03-12_1413903_U_43,0.47750458,history,1
2026-03-12_1413903_U_45,0.58998394,history,1
2026-03-12_1413903_U_46,0.3729096,history,0
2026-03-12_1413903_U_47,0.20879483,history,0
2026-03-12_1413903_U_49,0.21985894,history,0
2026-03-12_1413903_U_56,0.3993463,history,0
2026-03-12_1413903_U_58,0.19109988,history,1
2026-03-12_1413903_U_59,1.0302181,history,1
2026-03-12_1413903_U_62,0.5837278,history,0
2026-03-12_1413903_U_64,0.36477312,history,0
2026-03-12_1413903_U_66,0.67572427,history,0
2026-03-12_1413903_U_69,0.5562266,history,0
2026-03-12_1413903_U_7,0.6016238,history,0
2026-03-12_1413903_U_71,0.23481667,history,0
2026-03-12_1413903_U_72,0.57155704,history,1
2026-03-12_1413903_U_73,0.44080776,history,0
2026-03-12_1413903_U_75,0.47572607,history,0
2026-03-12_1413903_U_76,0.665504,history,0
2026-03-12_1413903_U_78,0.7211355,history,0
2026-03-12_1413903_U_81,0.39622876,history,0
2026-03-12_1413903_U_83,0.32733664,history,1
2026-03-12_1413903_U_84,0.48769125,history,1
2026-03-12_1413903_U_85,0.80134076,history,0
2026-03-12_1413903_U_86,0.66810536,history,0
2026-03-12_1413903_U_88,0.88255876,history,0
2026-03-12_1413903_U_9,0.27147242,history,0
2026-03-12_1413903_U_93,0.30702996,history,0
2026-03-12_1413903_U_94,0.3992502,history,1
2026-03-12_1413903_U_97,0.27308646,history,1
2026-03-12_1413904_U_1,0.7647047,history,0
2026-03-12_1413904_U_10,0.64846843,history,0
2026-03-12_1413904_U_11,0.3595475,history,0
2026-03-12_1413904_U_2,0.6751649,history,0
2026-03-12_1413904_U_20,0.4945695,history,0
2026-03-12_1413904_U_23,0.57141495,history,0
2026-03-12_1413904_U_24,0.67000365,history,0
2026-03-12_1413904_U_25,0.56264544,history,0
2026-03-12_1413904_U_26,0.52981067,history,1
2026-03-12_1413904_U_28,0.36022195,history,1
2026-03-12_1413904_U_31,0.98172784,history,0
2026-03-12_1413904_U_32,0.6908127,history,0
2026-03-12_1413904_U_33,0.3952009,history,0
2026-03-12_1413904_U_34,0.45952174,history,0
2026-03-12_1413904_U_37,0.5447831,history,0
2026-03-12_1413904_U_38,0.6111516,history,0
2026-03-12_1413904_U_39,0.46815723,history,0
2026-03-12_1413904_U_40,0.6158055,history,0
2026-03-12_1413904_U_42,0.7791618,history,0
2026-03-12_1413904_U_45,0.32110205,history,0
2026-03-12_1413904_U_47,0.30906224,history,1
2026-03-12_1413904_U_48,0.8805963,history,1
2026-03-12_1413904_U_50,0.5721818,history,0
2026-03-12_1413904_U_51,0.5787695,history,0
2026-03-12_1413904_U_55,0.14485753,history,0
2026-03-12_1413904_U_59,1.1580131,history,0
2026-03-12_1413904_U_6,0.5463292,history,1
2026-03-12_1413904_U_60,0.44253272,history,1
2026-03-12_1413904_U_61,0.43931612,history,1
2026-03-12_1413904_U_62,0.42395937,history,1
2026-03-12_1413904_U_65,0.5871761,history,0
2026-03-12_1413904_U_68,0.69318885,history,1
2026-03-12_1413904_U_7,0.6068486,history,0
2026-03-12_1413904_U_70,0.5446011,history,0
2026-03-12_1413904_U_72,0.5134303,history,0
2026-03-12_1413904_U_73,0.3930386,history,0
2026-03-12_1413904_U_78,0.58509254,history,1
2026-03-12_1413904_U_79,0.62567204,history,0
2026-03-12_1413904_U_8,0.307575,history,0
2026-03-12_1413904_U_80,0.64258933,history,1
2026-03-12_1413904_U_9,0.6566882,history,0
2026-03-12_1413905_U_2,0.5475216,history,0
2026-03-12_1413905_U_4,0.550401,history,1
2026-03-12_1413905_U_5,0.7146009,history,0
2026-03-12_1413905_U_6,0.78520954,history,0
2026-03-12_1414833_U_1,0.45573962,history,0
2026-03-12_1414833_U_10,0.54746175,history,0
2026-03-12_1414833_U_11,0.3145443,history,0
2026-03-12_1414833_U_16,0.32222167,history,0
2026-03-12_1414833_U_17,0.35541388,history,0
2026-03-12_1414833_U_18,0.41388318,history,0
2026-03-12_1414833_U_19,0.28822076,history,1
2026-03-12_1414833_U_2,0.39946574,history,0
2026-03-12_1414833_U_20,0.41556185,history,1
2026-03-12_1414833_U_24,0.59148717,history,0
2026-03-12_1414833_U_25,0.6402836,history,0
2026-03-12_1414833_U_26,0.46322036,history,0
2026-03-12_1414833_U_27,0.64433765,history,0
2026-03-12_1414833_U_28,0.5678076,history,0
2026-03-12_1414833_U_3,0.48550782,history,0
2026-03-12_1414833_U_31,0.45685953,history,1
2026-03-12_1414833_U_32,0.46964854,history,0
2026-03-12_1414833_U_34,0.53663325,history,0
2026-03-12_1414833_U_35,0.49622154,history,0
2026-03-12_1414833_U_37,0.5622842,history,0
2026-03-12_1414833_U_38,0.41254818,history,0
2026-03-12_1414833_U_4,0.35679632,history,0
2026-03-12_1414833_U_40,0.130965,history,0
2026-03-12_1414833_U_44,1.0101024,history,0
2026-03-12_1414833_U_46,0.8255137,history,1
2026-03-12_1414833_U_49,0.49808484,history,0
2026-03-12_1414833_U_5,0.61117375,history,0
2026-03-12_1414833_U_50,0.46335614,history,0
2026-03-12_1414833_U_51,0.42699933,history,0
2026-03-12_1414833_U_52,0.53009766,history,0
2026-03-12_1414833_U_53,0.5165884,history,0
2026-03-12_1414833_U_54,0.59423494,history,0
2026-03-12_1414833_U_55,0.67672825,history,0
2026-03-12_1414833_U_56,0.35498652,history,0
2026-03-12_1414833_U_57,0.71561337,history,1
2026-03-12_1414833_U_58,0.61416864,history,0
2026-03-12_1414833_U_59,0.66233414,history,0
2026-03-12_1414833_U_6,0.74590635,history,0
2026-03-12_1414833_U_60,0.4925643,history,0
2026-03-12_1414833_U_61,0.63399845,history,0
2026-03-12_1414833_U_62,0.41728085,history,0
2026-03-12_1414833_U_65,0.47762716,history,0
2026-03-12_1414833_U_66,0.53344464,history,0
2026-03-12_1414833_U_68,0.52061003,history,0
2026-03-12_1414833_U_69,0.36760908,history,0
2026-03-12_1414833_U_7,0.25895548,history,0
2026-03-12_1414833_U_71,0.58025265,history,0
2026-03-12_1414833_U_72,0.8078808,history,0
2026-03-12_1414833_U_74,0.55432403,history,1
2026-03-12_1414833_U_9,0.47610041,history,0
2026-03-12_1429985_U_107,0.20265079,history,0
2026-03-12_1429985_U_108,0.14907037,history,0
2026-03-12_1429985_U_16,0.11768093,history,0
2026-03-12_1429985_U_22,0.19001663,history,0
2026-03-12_1429985_U_28,0.07426079,history,1
2026-03-12_1429985_U_32,0.09201062,history,1
2026-03-12_1429985_U_37,0.15316664,history,1
2026-03-12_1429985_U_44,0.14663357,history,0
2026-03-12_1429985_U_45,0.090069175,history,0
2026-03-12_1429985_U_46,0.109760106,history,0
2026-03-12_1429985_U_52,0.0627327,history,1
2026-03-12_1429985_U_54,0.19032308,history,0
2026-03-12_1429985_U_73,0.14827941,history,0
2026-03-12_1429985_U_8,0.13014045,history,1
2026-03-12_1429985_U_95,0.059869945,history,0
2026-03-12_1431265_U_1,0.2481724,history,0
2026-03-12_1431265_U_103,0.1024238,history,1
2026-03-12_1431265_U_105,0.1204712,history,0
2026-03-12_1431265_U_117,0.2255075,history,1
2026-03-12_1431265_U_118,0.11615103,history,0
2026-03-12_1431265_U_122,0.22571759,history,1
2026-03-12_1431265_U_13,0.15735075,history,0
2026-03-12_1431265_U_14,0.16421138,history,0
2026-03-12_1431265_U_143,0.16492686,history,1
2026-03-12_1431265_U_144,0.12472441,history,1
2026-03-12_1431265_U_148,0.0941298,history,0
2026-03-12_1431265_U_149,0.17593579,history,0
2026-03-12_1431265_U_15,0.069238424,history,1
2026-03-12_1431265_U_151,0.16326421,history,1
2026-03-12_1431265_U_152,0.15025923,history,0
2026-03-12_1431265_U_156,0.13673219,history,1
2026-03-12_1431265_U_159,0.21751718,history,0
2026-03-12_1431265_U_161,0.30165112,history,1
2026-03-12_1431265_U_172,0.2555049,history,0
2026-03-12_1431265_U_173,0.5939927,history,0
2026-03-12_1431265_U_2,0.18333006,history,0
2026-03-12_1431265_U_20,0.07768532,history,0
2026-03-12_1431265_U_21,0.15334332,history,1
2026-03-12_1431265_U_26,0.14112006,history,1
2026-03-12_1431265_U_29,0.2912793,history,0
2026-03-12_1431265_U_3,0.15674871,history,1
2026-03-12_1431265_U_32,0.17088318,history,1
2026-03-12_1431265_U_35,0.12436406,history,0
2026-03-12_1431265_U_37,0.16948494,history,0
2026-03-12_1431265_U_38,0.17180654,history,1
2026-03-12_1431265_U_41,0.11788648,history,0
2026-03-12_1431265_U_43,0.14075857,history,0
2026-03-12_1431265_U_44,0.08192265,history,1
2026-03-12_1431265_U_49,0.1488756,history,0
2026-03-12_1431265_U_50,0.09063762,history,1
2026-03-12_1431265_U_55,0.22090624,history,0
2026-03-12_1431265_U_56,0.13857512,history,1
2026-03-12_1431265_U_61,0.22815481,history,0
2026-03-12_1431265_U_67,0.16553159,history,0
2026-03-12_1431265_U_68,0.124992274,history,1
2026-03-12_1431265_U_7,0.18782048,history,0
2026-03-12_1431265_U_74,0.12937123,history,1
2026-03-12_1431265_U_8,0.13710684,history,0
2026-03-12_1431265_U_84,0.112155825,history,0
2026-03-12_1431265_U_85,0.15781829,history,1
2026-03-12_1431265_U_86,0.108427666,history,1
2026-03-12_1431265_U_9,0.096258596,history,1
2026-03-12_1431265_U_91,0.13997637,history,1
2026-03-12_1431265_U_93,0.20015746,history,0
2026-03-12_1439975_U_1,0.24451405,history,0
2026-03-12_1439975_U_10,0.17449063,history,1
2026-03-12_1439975_U_100,0.5723587,history,0
2026-03-12_1439975_U_101,0.8271657,history,0
2026-03-12_1439975_U_11,0.13965887,history,1
2026-03-12_1439975_U_12,0.19594157,history,0
2026-03-12_1439975_U_13,0.15784818,history,0
2026-03-12_1439975_U_14,0.13655654,history,1
2026-03-12_1439975_U_15,0.14795657,history,1
2026-03-12_1439975_U_16,0.13815084,history,0
2026-03-12_1439975_U_17,0.16707735,history,0
2026-03-12_1439975_U_18,0.12966101,history,1
2026-03-12_1439975_U_19,0.1702377,history,1
2026-03-12_1439975_U_2,0.17779478,history,0
2026-03-12_1439975_U_22,0.3243162,history,0
2026-03-12_1439975_U_23,0.15220796,history,1
2026-03-12_1439975_U_25,0.14463772,history,0
2026-03-12_1439975_U_27,0.14122593,history,1
2026-03-12_1439975_U_28,0.1676542,history,1
2026-03-12_1439975_U_29,0.2341219,history,0
2026-03-12_1439975_U_3,0.13966075,history,1
2026-03-12_1439975_U_30,0.28301203,history,1
2026-03-12_1439975_U_31,0.26844013,history,1
2026-03-12_1439975_U_32,0.26453608,history,0
2026-03-12_1439975_U_33,0.41860533,history,1
2026-03-12_1439975_U_34,0.15515411,history,0
2026-03-12_1439975_U_35,0.16529109,history,1
2026-03-12_1439975_U_36,0.18800013,history,1
2026-03-12_1439975_U_37,0.1560248,history,0
2026-03-12_1439975_U_38,0.1973854,history,0
2026-03-12_1439975_U_4,0.18205354,history,0
2026-03-12_1439975_U_40,0.14669386,history,1
2026-03-12_1439975_U_41,0.20921312,history,1
2026-03-12_1439975_U_42,0.16955456,history,0
2026-03-12_1439975_U_43,0.12823425,history,1
2026-03-12_1439975_U_44,0.14094326,history,1
2026-03-12_1439975_U_46,0.242873,history,1
2026-03-12_1439975_U_48,0.20160651,history,0
2026-03-12_1439975_U_49,0.19549988,history,0
2026-03-12_1439975_U_5,0.23566574,history,0
2026-03-12_1439975_U_50,0.24191634,history,1
2026-03-12_1439975_U_51,0.18716586,history,0
2026-03-12_1439975_U_52,0.1381264,history,1
2026-03-12_1439975_U_54,0.14649394,history,1
2026-03-12_1439975_U_58,0.16053922,history,1
2026-03-12_1439975_U_6,0.15994123,history,0
2026-03-12_1439975_U_60,0.19880912,history,0
2026-03-12_1439975_U_61,0.1688844,history,0
2026-03-12_1439975_U_62,0.12109393,history,1
2026-03-12_1439975_U_66,0.26729617,history,0
2026-03-12_1439975_U_69,0.15874074,history,0
2026-03-12_1439975_U_7,0.21889071,history,1
2026-03-12_1439975_U_70,0.20844996,history,1
2026-03-12_1439975_U_75,0.31212097,history,0
2026-03-12_1439975_U_76,0.21015207,history,1
2026-03-12_1439975_U_77,0.18215689,history,1
2026-03-12_1439975_U_79,0.19188046,history,0
2026-03-12_1439975_U_8,0.1523374,history,1
2026-03-12_1439975_U_80,0.21187374,history,1
2026-03-12_1439975_U_84,0.15137796,history,1
2026-03-12_1439975_U_86,0.16880706,history,0
2026-03-12_1439975_U_88,0.14025871,history,1
2026-03-12_1439975_U_89,0.14841908,history,1
2026-03-12_1439975_U_9,0.13904819,history,0
2026-03-12_1439975_U_92,0.17251682,history,1
2026-03-12_1439975_U_96,0.3920073,history,0
2026-03-12_1439975_U_97,0.21370141,history,1
2026-03-12_1441389_U_1,2.8338335,history,0
2026-03-12_1441389_U_14,0.51724505,history,1
2026-03-12_1441389_U_16,0.24942836,history,0
2026-03-12_1441389_U_19,2.311318,history,0
2026-03-12_1441389_U_2,1.6515312,history,0
2026-03-12_1441389_U_20,0.21071982,history,0
2026-03-12_1441389_U_21,2.2011786,history,0
2026-03-12_1441389_U_22,2.4868226,history,0
2026-03-12_1441389_U_7,2.1414373,history,0
2026-03-12_1474792_U_1,0.18119286,history,0
2026-03-12_1474792_U_11,0.29084393,history,0
2026-03-12_1474792_U_12,0.21131134,history,0
2026-03-12_1474792_U_13,0.16046079,history,1
2026-03-12_1474792_U_15,0.2683734,history,0
2026-03-12_1474792_U_16,0.2123982,history,0
2026-03-12_1474792_U_17,0.2136473,history,1
2026-03-12_1474792_U_19,0.15034507,history,0
2026-03-12_1474792_U_2,0.12435537,history,1
2026-03-12_1474792_U_21,0.15783621,history,0
2026-03-12_1474792_U_22,0.43428034,history,0
2026-03-12_1474792_U_23,0.08507924,history,0
2026-03-12_1474792_U_25,0.1304185,history,0
2026-03-12_1474792_U_26,0.1254822,history,1
2026-03-12_1474792_U_29,0.15833414,history,0
2026-03-12_1474792_U_3,0.118393406,history,0
2026-03-12_1474792_U_30,0.30817467,history,0
2026-03-12_1474792_U_31,0.15601546,history,0
2026-03-12_1474792_U_32,0.18960343,history,0
2026-03-12_1474792_U_33,0.30797905,history,0
2026-03-12_1474792_U_34,0.23599212,history,0
2026-03-12_1474792_U_36,0.4375418,history,1
2026-03-12_1474792_U_37,0.23458299,history,0
2026-03-12_1474792_U_38,0.63915443,history,0
2026-03-12_1474792_U_5,0.18207455,history,0
2026-03-12_1474792_U_6,0.2688985,history,0
2026-03-12_1474792_U_7,0.26490784,history,1
2026-03-12_1474793_U_1,0.07086896,history,0
2026-03-12_1474793_U_2,0.11461544,history,1
2026-03-12_1474793_U_3,0.18234673,history,0
2026-03-12_1476582_U_1,0.2975545,history,0
2026-03-12_1476582_U_10,0.5161072,history,0
2026-03-12_1476582_U_11,0.78522056,history,0
2026-03-12_1476582_U_12,0.3529914,history,0
2026-03-12_1476582_U_13,0.19625717,history,1
2026-03-12_1476582_U_14,0.34738228,history,0
2026-03-12_1476582_U_16,0.60452014,history,0
2026-03-12_1476582_U_17,0.39915007,history,0
2026-03-12_1476582_U_18,0.26923752,history,0
2026-03-12_1476582_U_19,0.36278352,history,0
2026-03-12_1476582_U_2,0.22877148,history,0
2026-03-12_1476582_U_20,0.30564737,history,0
2026-03-12_1476582_U_21,0.42936194,history,0
2026-03-12_1476582_U_22,0.41943604,history,0
2026-03-12_1476582_U_23,0.43080354,history,0
2026-03-12_1476582_U_24,0.26946288,history,0
2026-03-12_1476582_U_25,0.18658648,history,1
2026-03-12_1476582_U_27,0.25021014,history,0
2026-03-12_1476582_U_28,0.6098224,history,0
2026-03-12_1476582_U_29,0.2074363,history,0
2026-03-12_1476582_U_3,0.39821038,history,0
2026-03-12_1476582_U_30,0.1604464,history,0
2026-03-12_1476582_U_31,0.31064308,history,1
2026-03-12_1476582_U_32,0.40459496,history,0
2026-03-12_1476582_U_33,0.28947866,history,0
2026-03-12_1476582_U_34,0.4878008,history,0
2026-03-12_1476582_U_35,0.5388552,history,0
2026-03-12_1476582_U_36,0.27506274,history,0
2026-03-12_1476582_U_37,0.46451747,history,0
2026-03-12_1476582_U_38,0.25562716,history,1
2026-03-12_1476582_U_4,0.52465725,history,0
2026-03-12_1476582_U_5,0.7823973,history,0
2026-03-12_1476582_U_6,0.30407867,history,0
2026-03-12_1476582_U_7,0.35955167,history,0
2026-03-12_1476582_U_8,0.22760181,history,0
2026-03-12_1476582_U_9,0.29429615,history,0
2026-03-12_1476584_U_1,0.79389447,history,0
2026-03-12_1476584_U_10,0.2317048,history,0
2026-03-12_1476584_U_11,0.7101831,history,0
2026-03-12_1476584_U_12,0.2019885,history,0
2026-03-12_1476584_U_13,0.19265102,history,0
2026-03-12_1476584_U_14,0.30821675,history,0
2026-03-12_1476584_U_2,0.2658608,history,0
2026-03-12_1476584_U_3,0.24855956,history,0
2026-03-12_1476584_U_5,0.24803631,history,0
2026-03-12_1476584_U_6,0.5570225,history,0
2026-03-12_1476584_U_7,0.23779218,history,0
2026-03-12_1476584_U_8,0.2697774,history,0
2026-03-12_1476584_U_9,0.21595894,history,0
2026-03-12_1477764_U_1,0.3008073,history,0
2026-03-12_1477764_U_10,0.17559144,history,1
2026-03-12_1477764_U_11,0.18354037,history,1
2026-03-12_1477764_U_12,0.13784295,history,1
2026-03-12_1477764_U_13,0.1239901,history,0
2026-03-12_1477764_U_14,0.10999207,history,0
2026-03-12_1477764_U_15,0.14473888,history,0
2026-03-12_1477764_U_16,0.12895206,history,0
2026-03-12_1477764_U_17,0.22376627,history,0
2026-03-12_1477764_U_18,0.12413745,history,0
2026-03-12_1477764_U_19,0.16379592,history,0
2026-03-12_1477764_U_20,0.19429621,history,0
2026-03-12_1477764_U_21,0.18459432,history,0
2026-03-12_1477764_U_22,0.26746973,history,1
2026-03-12_1477764_U_24,0.15040158,history,1
2026-03-12_1477764_U_25,0.1518991,history,0
2026-03-12_1477764_U_26,0.122507475,history,0
2026-03-12_1477764_U_27,0.18358314,history,0
2026-03-12_1477764_U_28,0.17361598,history,0
2026-03-12_1477764_U_29,0.14813381,history,0
2026-03-12_1477764_U_3,0.13242832,history,1
2026-03-12_1477764_U_30,0.13086617,history,1
2026-03-12_1477764_U_31,0.17570949,history,0
2026-03-12_1477764_U_32,0.17795089,history,0
2026-03-12_1477764_U_33,0.14556336,history,0
2026-03-12_1477764_U_34,0.20852749,history,1
2026-03-12_1477764_U_35,0.13251966,history,0
2026-03-12_1477764_U_36,0.16353846,history,0
2026-03-12_1477764_U_37,0.11491305,history,0
2026-03-12_1477764_U_38,0.12047073,history,0
2026-03-12_1477764_U_39,0.13715902,history,0
2026-03-12_1477764_U_40,0.099380314,history,1
2026-03-12_1477764_U_41,0.13472396,history,0
2026-03-12_1477764_U_42,0.10883337,history,1
2026-03-12_1477764_U_43,0.1121552,history,0
2026-03-12_1477764_U_44,0.14663081,history,0
2026-03-12_1477764_U_45,0.15877804,history,0
2026-03-12_1477764_U_46,0.13879097,history,1
2026-03-12_1477764_U_47,0.12703319,history,0
2026-03-12_1477764_U_48,0.113540016,history,0
2026-03-12_1477764_U_49,0.118675254,history,0
2026-03-12_1477764_U_50,0.10562571,history,0
2026-03-12_1477764_U_51,0.15822451,history,0
2026-03-12_1477764_U_52,0.18634224,history,0
2026-03-12_1477764_U_53,0.4734959,history,0
2026-03-12_1477764_U_54,0.19008498,history,0
2026-03-12_1477764_U_55,0.16500732,history,0
2026-03-12_1477764_U_56,0.2011371,history,0
2026-03-12_1477764_U_57,0.19722426,history,0
2026-03-12_1477764_U_7,0.19831645,history,0
2026-03-12_1477764_U_78,0.1292975,history,0
2026-03-12_1477764_U_8,0.22144143,history,0
2026-03-12_1477764_U_9,0.11829345,history,0
2026-03-12_1477764_U_94,0.26108712,history,0
2026-03-12_1477766_U_1,0.23685429,history,0
2026-03-12_1477766_U_13,0.09772315,history,0
2026-03-12_1477766_U_14,0.18318492,history,0
2026-03-12_1477766_U_15,0.18675518,history,0
2026-03-12_1477766_U_16,0.21054423,history,0
2026-03-12_1477766_U_17,0.16247407,history,0
2026-03-12_1477766_U_18,0.23847179,history,0
2026-03-12_1477766_U_19,0.17565666,history,0
2026-03-12_1477766_U_2,0.15567458,history,0
2026-03-12_1477766_U_27,0.19782838,history,0
2026-03-12_1477766_U_28,0.2724022,history,0
2026-03-12_1477766_U_29,0.22562686,history,0
2026-03-12_1477766_U_3,0.122285865,history,0
2026-03-12_1477766_U_31,0.21928254,history,0
2026-03-12_1477766_U_4,0.1548301,history,0
2026-03-12_1477766_U_6,0.11587932,history,0
2026-03-12_1477766_U_7,0.24793509,history,0
2026-03-12_1477766_U_8,0.27284515,history,0
2026-03-12_1477766_U_9,0.20070474,history,1
2026-03-12_1477767_U_11,0.35696453,history,0
2026-03-12_1477767_U_13,0.13132422,history,0
2026-03-12_1477767_U_14,0.2072891,history,0
2026-03-12_1477767_U_15,0.14101297,history,0
2026-03-12_1477767_U_16,0.21824822,history,0
2026-03-12_1477767_U_17,0.20948696,history,0
2026-03-12_1477767_U_18,0.159723,history,0
2026-03-12_1477767_U_19,0.21383075,history,0
2026-03-12_1477767_U_20,0.12758557,history,0
2026-03-12_1477767_U_21,0.16489829,history,0
2026-03-12_1477767_U_22,0.17671224,history,0
2026-03-12_1477767_U_23,0.1514637,history,0
2026-03-12_1477767_U_24,0.13738868,history,0
2026-03-12_1477767_U_25,0.2414344,history,0
2026-03-12_1477767_U_26,0.19204798,history,0
2026-03-12_1477767_U_27,0.19890235,history,0
2026-03-12_1477767_U_28,0.18017566,history,0
2026-03-12_1477767_U_29,0.2562469,history,0
2026-03-12_1477767_U_31,0.23648147,history,0
2026-03-12_1477767_U_32,1.0121186,history,0
2026-03-12_1477767_U_33,0.6180833,history,1
2026-03-12_1477767_U_35,0.25760093,history,0
2026-03-12_1477767_U_36,0.12340377,history,0
2026-03-12_1477767_U_37,0.37100625,history,0
2026-03-12_1477767_U_38,0.1817779,history,0
2026-03-12_1477767_U_39,0.19982426,history,0
2026-03-12_1477767_U_4,0.22657508,history,0
2026-03-12_1477767_U_40,0.17046438,history,0
2026-03-12_1477767_U_5,0.2597936,history,0
2026-03-12_1477767_U_6,0.22835648,history,0
2026-03-12_1477767_U_7,0.22433174,history,0
2026-03-12_1477767_U_8,0.20419714,history,0
2026-03-12_1477767_U_9,0.16231948,history,0
2026-03-12_1477768_U_1,0.14144862,history,0
2026-03-12_1477768_U_10,0.18004929,history,0
2026-03-12_1477768_U_11,0.117514126,history,0
2026-03-12_1477768_U_12,0.17946324,history,0
2026-03-12_1477768_U_13,0.20048735,history,0
2026-03-12_1477768_U_14,0.27710235,history,1
2026-03-12_1477768_U_15,0.18385157,history,0
2026-03-12_1477768_U_16,0.15349057,history,0
2026-03-12_1477768_U_17,0.1362354,history,0
2026-03-12_1477768_U_18,0.1722469,history,0
2026-03-12_1477768_U_19,0.17146389,history,0
2026-03-12_1477768_U_2,0.16845241,history,0
2026-03-12_1477768_U_20,0.30602404,history,0
2026-03-12_1477768_U_21,0.15771735,history,0
2026-03-12_1477768_U_22,0.20304018,history,0
2026-03-12_1477768_U_23,0.20939367,history,0
2026-03-12_1477768_U_24,0.26301157,history,0
2026-03-12_1477768_U_25,0.16649184,history,1
2026-03-12_1477768_U_26,0.16463083,history,0
2026-03-12_1477768_U_27,0.2250585,history,0
2026-03-12_1477768_U_28,0.14367825,history,1
2026-03-12_1477768_U_29,0.2418541,history,0
2026-03-12_1477768_U_30,0.16589393,history,0
2026-03-12_1477768_U_31,0.19943416,history,0
2026-03-12_1477768_U_4,0.18183558,history,0
2026-03-12_1477768_U_41,0.13484459,history,0
2026-03-12_1477768_U_42,0.07964976,history,0
2026-03-12_1477768_U_46,0.1382102,history,0
2026-03-12_1477768_U_47,0.2167573,history,0
2026-03-12_1477768_U_48,0.1618998,history,0
2026-03-12_1477768_U_49,0.24855742,history,0
2026-03-12_1477768_U_5,0.1997274,history,0
2026-03-12_1477768_U_50,0.17890537,history,0
2026-03-12_1477768_U_51,0.37782288,history,0
2026-03-12_1477768_U_52,0.21136436,history,1
2026-03-12_1477768_U_53,0.2682231,history,1
2026-03-12_1477768_U_54,0.21296173,history,0
2026-03-12_1477768_U_55,0.46330377,history,1
2026-03-12_1477768_U_6,0.15464096,history,0
2026-03-12_1477768_U_7,0.1841074,history,0
2026-03-12_1477768_U_8,0.20188126,history,0
2026-03-12_1477769_U_1,0.20605037,history,0
2026-03-12_1477769_U_10,0.14116511,history,0
2026-03-12_1477769_U_11,0.11872135,history,1
2026-03-12_1477769_U_12,0.23022662,history,0
2026-03-12_1477769_U_13,0.09471338,history,0
2026-03-12_1477769_U_14,0.25032717,history,0
2026-03-12_1477769_U_15,0.112629585,history,0
2026-03-12_1477769_U_16,0.1452776,history,0
2026-03-12_1477769_U_17,0.15665564,history,0
2026-03-12_1477769_U_18,0.13864163,history,1
2026-03-12_1477769_U_19,0.14082496,history,0
2026-03-12_1477769_U_2,0.123074636,history,1
2026-03-12_1477769_U_20,0.15420163,history,0
2026-03-12_1477769_U_21,0.28500682,history,0
2026-03-12_1477769_U_22,0.1571562,history,0
2026-03-12_1477769_U_23,0.13350073,history,0
2026-03-12_1477769_U_24,0.21628755,history,0
2026-03-12_1477769_U_25,0.27274844,history,0
2026-03-12_1477769_U_27,0.16462183,history,0
2026-03-12_1477769_U_28,0.1136847,history,0
2026-03-12_1477769_U_29,0.11601107,history,0
2026-03-12_1477769_U_3,0.14247775,history,0
2026-03-12_1477769_U_30,0.15681532,history,0
2026-03-12_1477769_U_32,0.12865005,history,0
2026-03-12_1477769_U_33,0.12981328,history,0
2026-03-12_1477769_U_34,0.12532063,history,0
2026-03-12_1477769_U_35,0.16678464,history,0
2026-03-12_1477769_U_36,0.29325366,history,0
2026-03-12_1477769_U_37,0.12168228,history,0
2026-03-12_1477769_U_38,0.20710757,history,0
2026-03-12_1477769_U_39,0.13166699,history,0
2026-03-12_1477769_U_4,0.08657219,history,0
2026-03-12_1477769_U_40,0.16778383,history,0
2026-03-12_1477769_U_41,0.1675154,history,0
2026-03-12_1477769_U_42,0.15441793,history,0
2026-03-12_1477769_U_43,0.42961925,history,0
2026-03-12_1477769_U_44,0.19747269,history,0
2026-03-12_1477769_U_46,0.2067434,history,0
2026-03-12_1477769_U_47,0.21851449,history,0
2026-03-12_1477769_U_48,0.37123704,history,0
2026-03-12_1477769_U_5,0.19639355,history,0
2026-03-12_1477769_U_6,0.13477448,history,1
2026-03-12_1477769_U_7,0.15037526,history,0
2026-03-12_1477769_U_8,0.13783638,history,0
2026-03-12_1477769_U_9,0.100131415,history,0
2026-03-12_1477770_U_1,0.77529,history,0
2026-03-12_1477770_U_10,0.25554448,history,0
2026-03-12_1477770_U_11,0.6007618,history,0
2026-03-12_1477770_U_12,0.36474055,history,0
2026-03-12_1477770_U_13,0.3946912,history,0
2026-03-12_1477770_U_14,0.29818285,history,0
2026-03-12_1477770_U_15,0.47111937,history,0
2026-03-12_1477770_U_16,0.5244244,history,0
2026-03-12_1477770_U_17,0.38924187,history,0
2026-03-12_1477770_U_18,0.3838242,history,0
2026-03-12_1477770_U_2,0.40688515,history,0
2026-03-12_1477770_U_4,0.24119227,history,0
2026-03-12_1477770_U_5,0.17314592,history,0
2026-03-12_1477770_U_9,0.49909672,history,0
2026-03-12_1481779_U_1,0.21044433,history,0
2026-03-12_1481779_U_10,0.21425653,history,0
2026-03-12_1481779_U_100,0.106362596,history,1
2026-03-12_1481779_U_101,0.12195818,history,0
2026-03-12_1481779_U_102,0.10194026,history,0
2026-03-12_1481779_U_104,0.22393355,history,0
2026-03-12_1481779_U_105,0.15992662,history,0
2026-03-12_1481779_U_106,0.07833232,history,0
2026-03-12_1481779_U_107,0.107531786,history,0
2026-03-12_1481779_U_108,0.15906641,history,0
2026-03-12_1481779_U_109,0.16051722,history,0
2026-03-12_1481779_U_11,0.19858849,history,0
2026-03-12_1481779_U_110,0.20873019,history,0
2026-03-12_1481779_U_111,0.15051468,history,0
2026-03-12_1481779_U_112,0.24377434,history,0
2026-03-12_1481779_U_113,0.12175517,history,0
2026-03-12_1481779_U_114,0.09487791,history,0
2026-03-12_1481779_U_115,0.38738963,history,0
2026-03-12_1481779_U_117,0.13866673,history,0
2026-03-12_1481779_U_118,0.09431432,history,0
2026-03-12_1481779_U_119,0.15387976,history,0
2026-03-12_1481779_U_12,0.17006722,history,0
2026-03-12_1481779_U_120,0.20503919,history,0
2026-03-12_1481779_U_121,0.13130566,history,0
2026-03-12_1481779_U_122,0.13968372,history,0
2026-03-12_1481779_U_124,0.10940124,history,0
2026-03-12_1481779_U_125,0.12849233,history,0
2026-03-12_1481779_U_126,0.1646088,history,0
2026-03-12_1481779_U_129,0.105312675,history,0
2026-03-12_1481779_U_13,0.13787967,history,0
2026-03-12_1481779_U_130,0.16512142,history,0
2026-03-12_1481779_U_14,0.10125743,history,0
2026-03-12_1481779_U_15,0.079857975,history,0
2026-03-12_1481779_U_16,0.12004049,history,0
2026-03-12_1481779_U_18,0.16177896,history,0
2026-03-12_1481779_U_2,0.13775614,history,0
2026-03-12_1481779_U_21,0.119875126,history,0
2026-03-12_1481779_U_22,0.17966431,history,0
2026-03-12_1481779_U_23,0.16275515,history,0
2026-03-12_1481779_U_24,0.11888653,history,0
2026-03-12_1481779_U_25,0.21349904,history,0
2026-03-12_1481779_U_27,0.11900757,history,1
2026-03-12_1481779_U_28,0.10776343,history,0
2026-03-12_1481779_U_29,0.11313903,history,0
2026-03-12_1481779_U_30,0.30047232,history,0
2026-03-12_1481779_U_31,0.14943343,history,0
2026-03-12_1481779_U_32,0.18001013,history,0
2026-03-12_1481779_U_33,0.21735768,history,0
2026-03-12_1481779_U_34,0.18640596,history,0
2026-03-12_1481779_U_35,0.090186976,history,0
2026-03-12_1481779_U_36,0.21891068,history,0
2026-03-12_1481779_U_37,0.22601978,history,0
2026-03-12_1481779_U_4,0.14250784,history,0
2026-03-12_1481779_U_40,0.20401631,history,0
2026-03-12_1481779_U_41,0.3826908,history,0
2026-03-12_1481779_U_42,0.14651445,history,0
2026-03-12_1481779_U_43,0.14954053,history,0
2026-03-12_1481779_U_44,0.1365411,history,0
2026-03-12_1481779_U_45,0.14858896,history,0
2026-03-12_1481779_U_46,0.17048904,history,0
2026-03-12_1481779_U_47,0.3529126,history,0
2026-03-12_1481779_U_48,0.12536217,history,0
2026-03-12_1481779_U_49,0.10886052,history,0
2026-03-12_1481779_U_5,0.12235551,history,0
2026-03-12_1481779_U_53,0.17086022,history,0
2026-03-12_1481779_U_54,0.17944571,history,0
2026-03-12_1481779_U_55,0.16137114,history,0
2026-03-12_1481779_U_56,0.24230322,history,0
2026-03-12_1481779_U_57,0.09165603,history,0
2026-03-12_1481779_U_58,0.23538044,history,0
2026-03-12_1481779_U_59,0.21524867,history,0
2026-03-12_1481779_U_6,0.094264805,history,0
2026-03-12_1481779_U_60,0.09782635,history,0
2026-03-12_1481779_U_61,0.13762255,history,0
2026-03-12_1481779_U_63,0.12097387,history,0
2026-03-12_1481779_U_64,0.13419904,history,0
2026-03-12_1481779_U_65,0.1197288,history,0
2026-03-12_1481779_U_66,0.11540743,history,0
2026-03-12_1481779_U_67,0.087839685,history,0
2026-03-12_1481779_U_68,0.0938743,history,0
2026-03-12_1481779_U_69,0.12233259,history,0
2026-03-12_1481779_U_7,0.0984593,history,0
2026-03-12_1481779_U_70,0.13320117,history,1
2026-03-12_1481779_U_71,0.111087054,history,1
2026-03-12_1481779_U_73,0.20740655,history,1
2026-03-12_1481779_U_74,0.112830274,history,0
2026-03-12_1481779_U_75,0.1335778,history,1
2026-03-12_1481779_U_76,0.143049,history,0
2026-03-12_1481779_U_77,0.15659294,history,0
2026-03-12_1481779_U_78,0.11843054,history,1
2026-03-12_1481779_U_79,0.16832118,history,0
2026-03-12_1481779_U_8,0.11833208,history,0
2026-03-12_1481779_U_80,0.113588154,history,0
2026-03-12_1481779_U_81,0.12792394,history,0
2026-03-12_1481779_U_89,0.116708264,history,0
2026-03-12_1481779_U_9,0.18423218,history,0
2026-03-12_1481779_U_90,0.10886936,history,0
2026-03-12_1481779_U_91,0.18064672,history,0
2026-03-12_1481779_U_92,0.15139055,history,0
2026-03-12_1481779_U_94,0.091364674,history,0
2026-03-12_1481779_U_95,0.16727397,history,0
2026-03-12_1481779_U_96,0.21399349,history,0
2026-03-12_1481779_U_97,0.10790282,history,0
2026-03-12_1481779_U_98,0.13409132,history,0
2026-03-12_1481779_U_99,0.17164586,history,0
2026-03-13_1103013_U_1,0.08790107,history,0
2026-03-13_1103013_U_10,0.08406099,history,0
2026-03-13_1103013_U_11,0.111361265,history,0
2026-03-13_1103013_U_12,0.09675368,history,0
2026-03-13_1103013_U_13,0.21132177,history,0
2026-03-13_1103013_U_14,0.1029176,history,0
2026-03-13_1103013_U_17,0.13355993,history,0
2026-03-13_1103013_U_18,4.2201986,history,0
2026-03-13_1103013_U_19,0.367375,history,0
2026-03-13_1103013_U_2,0.11677949,history,0
2026-03-13_1103013_U_24,0.15299797,history,0
2026-03-13_1103013_U_25,0.1467174,history,0
2026-03-13_1103013_U_26,0.18776453,history,0
2026-03-13_1103013_U_27,0.14459316,history,0
2026-03-13_1103013_U_29,0.084527895,history,0
2026-03-13_1103013_U_3,0.8997487,history,0
2026-03-13_1103013_U_30,1.0283022,history,0
2026-03-13_1103013_U_31,0.11228286,history,0
2026-03-13_1103013_U_32,0.1804482,history,0
2026-03-13_1103013_U_33,0.092096016,history,0
2026-03-13_1103013_U_34,0.25688353,history,0
2026-03-13_1103013_U_35,0.1252641,history,0
2026-03-13_1103013_U_37,0.20139186,history,0
2026-03-13_1103013_U_38,0.11612501,history,0
2026-03-13_1103013_U_39,0.18942875,history,0
2026-03-13_1103013_U_40,0.39694902,history,0
2026-03-13_1103013_U_41,0.113638125,history,0
2026-03-13_1103013_U_42,0.116295956,history,0
2026-03-13_1103013_U_43,6.221405,history,0
2026-03-13_1103013_U_45,0.089182466,history,0
2026-03-13_1103013_U_47,0.25306052,history,0
2026-03-13_1103013_U_48,0.1017208,history,0
2026-03-13_1103013_U_49,0.20286332,history,0
2026-03-13_1103013_U_5,0.1612996,history,0
2026-03-13_1103013_U_50,0.55148506,history,0
2026-03-13_1103013_U_51,0.3381493,history,0
2026-03-13_1103013_U_52,0.29996988,history,0
2026-03-13_1103013_U_7,0.24042879,history,0
2026-03-13_1103013_U_8,0.13421479,history,0
2026-03-13_1103013_U_9,0.11744541,history,0
2026-03-13_1288544_U_1,0.12703635,history,0
2026-03-13_1288544_U_10,0.25979495,history,0
2026-03-13_1288544_U_2,0.2203609,history,1
2026-03-13_1288544_U_3,0.27340132,history,0
2026-03-13_1288544_U_4,0.22164069,history,0
2026-03-13_1288544_U_5,0.42378074,history,1
2026-03-13_1288544_U_6,0.25460202,history,0
2026-03-13_1288544_U_7,0.32427084,history,0
2026-03-13_1288544_U_8,0.5200044,history,0
2026-03-13_1288544_U_9,0.89419717,history,0
2026-03-13_1345046_U_1,0.2254334,history,0
2026-03-13_1345046_U_11,0.16859716,history,1
2026-03-13_1345046_U_13,0.169983,history,0
2026-03-13_1345046_U_14,0.34199342,history,0
2026-03-13_1345046_U_15,0.21158502,history,0
2026-03-13_1345046_U_16,0.24345008,history,0
2026-03-13_1345046_U_18,0.411687,history,0
2026-03-13_1345046_U_2,0.23141907,history,0
2026-03-13_1345046_U_20,0.23481178,history,1
2026-03-13_1345046_U_21,0.27705503,history,0
2026-03-13_1345046_U_22,0.31352705,history,0
2026-03-13_1345046_U_23,0.36373585,history,0
2026-03-13_1345046_U_24,0.27615577,history,0
2026-03-13_1345046_U_25,0.23184024,history,0
2026-03-13_1345046_U_27,0.22351746,history,0
2026-03-13_1345046_U_28,0.20626347,history,0
2026-03-13_1345046_U_3,0.26014957,history,0
2026-03-13_1345046_U_35,0.31086522,history,0
2026-03-13_1345046_U_4,0.26991805,history,1
2026-03-13_1345046_U_43,0.22839558,history,0
2026-03-13_1345046_U_44,0.62296957,history,0
2026-03-13_1345046_U_45,0.7697762,history,0
2026-03-13_1345046_U_5,0.23283583,history,0
2026-03-13_1345046_U_6,0.44566792,history,0
2026-03-13_1345046_U_7,0.3574558,history,1
2026-03-13_1345046_U_8,0.24722499,history,0
2026-03-13_1345046_U_82,0.22785413,history,1
2026-03-13_1345046_U_9,0.4770356,history,0
2026-03-13_1345046_U_94,0.57983303,history,1
2026-03-13_1348037_U_1,0.31755883,history,0
2026-03-13_1348037_U_10,0.47293565,history,0
2026-03-13_1348037_U_11,0.40374085,history,0
2026-03-13_1348037_U_12,0.30103382,history,1
2026-03-13_1348037_U_13,0.21420585,history,1
2026-03-13_1348037_U_17,0.47260946,history,0
2026-03-13_1348037_U_18,0.2412571,history,0
2026-03-13_1348037_U_19,0.3101276,history,0
2026-03-13_1348037_U_2,0.38248762,history,0
2026-03-13_1348037_U_20,0.4243436,history,0
2026-03-13_1348037_U_23,0.32570302,history,0
2026-03-13_1348037_U_24,0.2866268,history,0
2026-03-13_1348037_U_25,0.21399948,history,1
2026-03-13_1348037_U_28,0.4986616,history,0
2026-03-13_1348037_U_29,0.2929181,history,0
2026-03-13_1348037_U_3,0.38487512,history,0
2026-03-13_1348037_U_32,1.8188795,history,0
2026-03-13_1348037_U_37,0.35296267,history,0
2026-03-13_1348037_U_39,0.5041721,history,0
2026-03-13_1348037_U_4,0.34850478,history,0
2026-03-13_1348037_U_43,0.4464624,history,1
2026-03-13_1348037_U_44,0.27014792,history,0
2026-03-13_1348037_U_45,0.51396656,history,0
2026-03-13_1348037_U_46,0.29237455,history,1
2026-03-13_1348037_U_48,0.6381939,history,0
2026-03-13_1348037_U_49,0.42692107,history,0
2026-03-13_1348037_U_5,0.22551684,history,1
2026-03-13_1348037_U_50,0.3579261,history,0
2026-03-13_1348037_U_51,0.3381258,history,0
2026-03-13_1348037_U_52,0.48368043,history,0
2026-03-13_1348037_U_9,0.39052463,history,0
2026-03-13_1349260_U_1,0.28177702,history,0
2026-03-13_1349260_U_10,0.89009905,history,0
2026-03-13_1349260_U_11,0.42666444,history,1
2026-03-13_1349260_U_12,0.98621124,history,1
2026-03-13_1349260_U_13,0.8956249,history,1
2026-03-13_1349260_U_14,0.90400505,history,0
2026-03-13_1349260_U_15,0.8515157,history,0
2026-03-13_1349260_U_16,1.0051571,history,1
2026-03-13_1349260_U_19,0.17057607,history,0
2026-03-13_1349260_U_2,0.25290424,history,0
2026-03-13_1349260_U_20,0.1276856,history,0
2026-03-13_1349260_U_21,0.4139595,history,0
2026-03-13_1349260_U_22,1.3216947,history,0
2026-03-13_1349260_U_24,0.16712783,history,0
2026-03-13_1349260_U_26,2.0118692,history,0
2026-03-13_1349260_U_27,1.4065251,history,0
2026-03-13_1349260_U_29,0.244862,history,0
2026-03-13_1349260_U_3,1.1733135,history,0
2026-03-13_1349260_U_31,0.4221961,history,0
2026-03-13_1349260_U_32,1.8339851,history,0
2026-03-13_1349260_U_33,1.0488034,history,0
2026-03-13_1349260_U_34,0.9522063,history,0
2026-03-13_1349260_U_35,0.30648202,history,0
2026-03-13_1349260_U_36,0.40750068,history,0
2026-03-13_1349260_U_4,0.16775808,history,0
2026-03-13_1349260_U_5,0.28109124,history,0
2026-03-13_1349260_U_6,0.25095773,history,1
2026-03-13_1349260_U_7,0.7712971,history,1
2026-03-13_1349260_U_8,0.6998367,history,1
2026-03-13_1349260_U_9,1.2443609,history,1
2026-03-13_1359254_U_1,0.27248952,history,0
2026-03-13_1359254_U_10,0.2886014,history,0
2026-03-13_1359254_U_11,0.29056314,history,0
2026-03-13_1359254_U_12,0.49670857,history,0
2026-03-13_1359254_U_13,0.25786206,history,0
2026-03-13_1359254_U_14,0.21248917,history,0
2026-03-13_1359254_U_15,0.5182775,history,1
2026-03-13_1359254_U_16,0.16270189,history,0
2026-03-13_1359254_U_17,0.14729732,history,1
2026-03-13_1359254_U_18,0.14734507,history,0
2026-03-13_1359254_U_19,0.17640421,history,0
2026-03-13_1359254_U_2,0.13130987,history,0
2026-03-13_1359254_U_20,0.10132625,history,0
2026-03-13_1359254_U_21,0.22726366,history,0
2026-03-13_1359254_U_22,0.20572565,history,0
2026-03-13_1359254_U_23,0.10609003,history,0
2026-03-13_1359254_U_24,0.14072123,history,0
2026-03-13_1359254_U_25,0.274589,history,0
2026-03-13_1359254_U_26,0.2766828,history,1
2026-03-13_1359254_U_27,0.3410805,history,0
2026-03-13_1359254_U_28,0.13985513,history,0
2026-03-13_1359254_U_29,0.22084069,history,0
2026-03-13_1359254_U_3,0.103541635,history,0
2026-03-13_1359254_U_30,0.3987721,history,1
2026-03-13_1359254_U_31,0.1527318,history,0
2026-03-13_1359254_U_32,0.13863848,history,0
2026-03-13_1359254_U_33,0.13511053,history,0
2026-03-13_1359254_U_34,0.15622427,history,0
2026-03-13_1359254_U_35,0.09503411,history,0
2026-03-13_1359254_U_36,0.2008737,history,0
2026-03-13_1359254_U_37,0.11730257,history,0
2026-03-13_1359254_U_38,0.1771825,history,0
2026-03-13_1359254_U_39,0.16357067,history,1
2026-03-13_1359254_U_4,0.27733788,history,0
2026-03-13_1359254_U_40,0.23076992,history,0
2026-03-13_1359254_U_41,0.14689656,history,0
2026-03-13_1359254_U_43,0.13399418,history,0
2026-03-13_1359254_U_44,0.16587073,history,0
2026-03-13_1359254_U_46,0.14804505,history,0
2026-03-13_1359254_U_48,0.16439953,history,0
2026-03-13_1359254_U_49,0.15955165,history,0
2026-03-13_1359254_U_5,0.35046932,history,0
2026-03-13_1359254_U_50,0.16469036,history,0
2026-03-13_1359254_U_52,0.30284244,history,0
2026-03-13_1359254_U_53,0.12690137,history,1
2026-03-13_1359254_U_55,0.16313332,history,1
2026-03-13_1359254_U_57,0.29616916,history,0
2026-03-13_1359254_U_58,0.12943761,history,1
2026-03-13_1359254_U_6,0.13770108,history,0
2026-03-13_1359254_U_61,0.14407,history,1
2026-03-13_1359254_U_62,0.17437372,history,1
2026-03-13_1359254_U_63,0.19256668,history,0
2026-03-13_1359254_U_64,0.29151708,history,1
2026-03-13_1359254_U_67,0.51687694,history,1
2026-03-13_1359254_U_69,0.32925352,history,0
2026-03-13_1359254_U_7,0.26236838,history,0
2026-03-13_1359254_U_70,0.17799318,history,1
2026-03-13_1359254_U_72,0.21185762,history,0
2026-03-13_1359254_U_73,0.34231278,history,1
2026-03-13_1359254_U_78,0.12759131,history,0
2026-03-13_1359254_U_79,0.25582084,history,0
2026-03-13_1359254_U_8,0.15695104,history,0
2026-03-13_1364746_U_1,0.30926946,history,0
2026-03-13_1364746_U_16,0.31098294,history,0
2026-03-13_1364746_U_17,0.31522092,history,0
2026-03-13_1364746_U_19,0.26323503,history,0
2026-03-13_1364746_U_2,0.25515842,history,0
2026-03-13_1364746_U_23,0.22947416,history,1
2026-03-13_1364746_U_4,0.23627034,history,1
2026-03-13_1364746_U_41,0.22158611,history,0
2026-03-13_1364746_U_56,0.27971873,history,0
2026-03-13_1364746_U_57,0.88450754,history,0
2026-03-13_1364746_U_60,0.2265709,history,1
2026-03-13_1364746_U_61,0.1868581,history,1
2026-03-13_1364746_U_62,0.30021036,history,1
2026-03-13_1364746_U_77,0.19178712,history,1
2026-03-13_1364747_U_1,0.29108816,history,0
2026-03-13_1364747_U_10,0.35314107,history,0
2026-03-13_1364747_U_11,0.18975823,history,0
2026-03-13_1364747_U_13,0.58293915,history,1
2026-03-13_1364747_U_14,0.26742148,history,0
2026-03-13_1364747_U_15,0.36756036,history,0
2026-03-13_1364747_U_16,0.17331594,history,0
2026-03-13_1364747_U_17,0.26268905,history,0
2026-03-13_1364747_U_18,0.17108038,history,0
2026-03-13_1364747_U_19,0.18545529,history,0
2026-03-13_1364747_U_2,0.15453319,history,0
2026-03-13_1364747_U_20,0.3630805,history,0
2026-03-13_1364747_U_21,0.18913418,history,0
2026-03-13_1364747_U_22,0.1501436,history,0
2026-03-13_1364747_U_23,0.22956167,history,0
2026-03-13_1364747_U_24,0.2392395,history,0
2026-03-13_1364747_U_25,0.2609829,history,0
2026-03-13_1364747_U_26,0.2481586,history,0
2026-03-13_1364747_U_27,0.6604139,history,0
2026-03-13_1364747_U_28,0.6554778,history,0
2026-03-13_1364747_U_29,0.30073196,history,0
2026-03-13_1364747_U_3,0.35672778,history,0
2026-03-13_1364747_U_30,0.32256123,history,0
2026-03-13_1364747_U_31,0.25346258,history,0
2026-03-13_1364747_U_4,0.16064838,history,0
2026-03-13_1364747_U_5,0.17343424,history,0
2026-03-13_1364747_U_6,0.34508368,history,0
2026-03-13_1364747_U_7,0.18301211,history,0
2026-03-13_1364747_U_8,0.14542148,history,0
2026-03-13_1364747_U_9,0.2562819,history,0
2026-03-13_1364748_U_1,0.25865507,history,0
2026-03-13_1364748_U_10,0.20162249,history,0
2026-03-13_1364748_U_11,0.22321372,history,0
2026-03-13_1364748_U_12,0.17471302,history,0
2026-03-13_1364748_U_17,0.27294078,history,0
2026-03-13_1364748_U_18,0.29347295,history,0
2026-03-13_1364748_U_20,0.17118654,history,0
2026-03-13_1364748_U_23,0.18000996,history,0
2026-03-13_1364748_U_38,0.13227707,history,0
2026-03-13_1364748_U_39,0.13758476,history,1
2026-03-13_1364748_U_41,0.1335702,history,0
2026-03-13_1364748_U_42,0.14122623,history,0
2026-03-13_1364748_U_44,0.1287798,history,1
2026-03-13_1364748_U_55,0.2116841,history,0
2026-03-13_1364748_U_58,0.2234512,history,0
2026-03-13_1364748_U_79,0.44609866,history,0
2026-03-13_1364748_U_9,0.25716442,history,0
2026-03-13_1364748_U_93,0.23690587,history,0
2026-03-13_1364748_U_95,0.20822152,history,0
2026-03-13_1364749_U_1,0.3742245,history,0
2026-03-13_1364749_U_10,0.2766375,history,0
2026-03-13_1364749_U_11,0.37296838,history,0
2026-03-13_1364749_U_12,0.1602408,history,0
2026-03-13_1364749_U_13,0.20171958,history,0
2026-03-13_1364749_U_14,0.28888872,history,0
2026-03-13_1364749_U_16,0.23016378,history,0
2026-03-13_1364749_U_17,0.51402307,history,0
2026-03-13_1364749_U_18,0.3928097,history,0
2026-03-13_1364749_U_19,0.21358709,history,0
2026-03-13_1364749_U_2,0.26902333,history,0
2026-03-13_1364749_U_20,0.4750924,history,0
2026-03-13_1364749_U_21,0.22640006,history,0
2026-03-13_1364749_U_22,0.17574811,history,0
2026-03-13_1364749_U_23,0.3686986,history,1
2026-03-13_1364749_U_25,0.42942464,history,0
2026-03-13_1364749_U_27,0.16170284,history,0
2026-03-13_1364749_U_28,0.44057596,history,0
2026-03-13_1364749_U_29,0.13410503,history,0
2026-03-13_1364749_U_3,0.15935302,history,0
2026-03-13_1364749_U_30,0.20931606,history,0
2026-03-13_1364749_U_31,0.16988531,history,0
2026-03-13_1364749_U_32,0.2509532,history,0
2026-03-13_1364749_U_33,0.18641077,history,0
2026-03-13_1364749_U_34,0.45252752,history,1
2026-03-13_1364749_U_36,0.22366796,history,0
2026-03-13_1364749_U_37,0.14766583,history,0
2026-03-13_1364749_U_38,0.19308844,history,0
2026-03-13_1364749_U_39,0.23342985,history,0
2026-03-13_1364749_U_4,0.19187151,history,0
2026-03-13_1364749_U_40,0.1680917,history,0
2026-03-13_1364749_U_41,0.19890651,history,0
2026-03-13_1364749_U_43,0.35046715,history,0
2026-03-13_1364749_U_44,0.17431168,history,0
2026-03-13_1364749_U_45,0.16557905,history,0
2026-03-13_1364749_U_46,0.20624813,history,0
2026-03-13_1364749_U_48,0.21500902,history,0
2026-03-13_1364749_U_49,0.6368387,history,0
2026-03-13_1364749_U_5,0.21360219,history,0
2026-03-13_1364749_U_51,0.21445058,history,0
2026-03-13_1364749_U_54,0.3614111,history,1
2026-03-13_1364749_U_57,0.14632055,history,0
2026-03-13_1364749_U_58,0.2661693,history,1
2026-03-13_1364749_U_6,0.19327764,history,1
2026-03-13_1364749_U_9,0.61314523,history,0
2026-03-13_1364751_U_1,0.662276,history,0
2026-03-13_1364751_U_10,0.8985781,history,1
2026-03-13_1364751_U_100,0.5221958,history,1
2026-03-13_1364751_U_12,0.5913527,history,1
2026-03-13_1364751_U_13,0.46603402,history,0
2026-03-13_1364751_U_15,0.20154428,history,1
2026-03-13_1364751_U_16,0.45077807,history,1
2026-03-13_1364751_U_18,0.62867975,history,1
2026-03-13_1364751_U_19,0.4431623,history,0
2026-03-13_1364751_U_21,0.49833244,history,0
2026-03-13_1364751_U_22,0.6353382,history,0
2026-03-13_1364751_U_25,0.6187801,history,0
2026-03-13_1364751_U_27,0.7142093,history,0
2026-03-13_1364751_U_3,0.33300412,history,0
2026-03-13_1364751_U_30,0.70328593,history,1
2026-03-13_1364751_U_31,0.34848055,history,0
2026-03-13_1364751_U_39,0.5133963,history,0
2026-03-13_1364751_U_4,0.41068286,history,1
2026-03-13_1364751_U_40,0.7445654,history,0
2026-03-13_1364751_U_46,0.43201834,history,0
2026-03-13_1364751_U_48,0.3163228,history,0
2026-03-13_1364751_U_6,1.0454292,history,1
2026-03-13_1364751_U_63,0.22601104,history,0
2026-03-13_1364751_U_69,0.6192429,history,0
2026-03-13_1364751_U_7,0.6489162,history,0
2026-03-13_1364751_U_87,0.48996234,history,0
2026-03-13_1364751_U_9,0.3731153,history,1
2026-03-13_1364751_U_99,0.26644075,history,1
2026-03-13_1364755_U_1,0.4261683,history,0
2026-03-13_1364755_U_10,0.33890152,history,0
2026-03-13_1364755_U_11,0.2075231,history,1
2026-03-13_1364755_U_12,0.18685329,history,1
2026-03-13_1364755_U_13,0.5526654,history,0
2026-03-13_1364755_U_14,0.5572684,history,1
2026-03-13_1364755_U_15,0.52283233,history,1
2026-03-13_1364755_U_16,0.36276564,history,1
2026-03-13_1364755_U_17,0.8359003,history,1
2026-03-13_1364755_U_18,0.967601,history,1
2026-03-13_1364755_U_19,0.46956715,history,0
2026-03-13_1364755_U_2,0.6194816,history,0
2026-03-13_1364755_U_20,1.1709453,history,1
2026-03-13_1364755_U_23,0.45667553,history,0
2026-03-13_1364755_U_24,0.4789179,history,0
2026-03-13_1364755_U_26,0.34101233,history,0
2026-03-13_1364755_U_27,0.3307,history,1
2026-03-13_1364755_U_29,0.5499728,history,1
2026-03-13_1364755_U_3,0.33204943,history,1
2026-03-13_1364755_U_30,0.946217,history,1
2026-03-13_1364755_U_31,0.51250106,history,0
2026-03-13_1364755_U_32,0.40066728,history,1
2026-03-13_1364755_U_34,0.44045085,history,0
2026-03-13_1364755_U_36,0.55865884,history,1
2026-03-13_1364755_U_4,0.44854826,history,1
2026-03-13_1364755_U_40,0.9226569,history,1
2026-03-13_1364755_U_41,0.3046013,history,0
2026-03-13_1364755_U_43,0.42658144,history,0
2026-03-13_1364755_U_44,0.28369978,history,0
2026-03-13_1364755_U_45,0.32626408,history,1
2026-03-13_1364755_U_46,0.3618878,history,1
2026-03-13_1364755_U_47,1.0091634,history,0
2026-03-13_1364755_U_48,0.71982116,history,0
2026-03-13_1364755_U_5,0.38584134,history,0
2026-03-13_1364755_U_6,0.9135407,history,1
2026-03-13_1364755_U_8,0.72370553,history,1
2026-03-13_1374661_U_1,0.42001694,history,1
2026-03-13_1374661_U_10,0.36069667,history,1
2026-03-13_1374661_U_11,0.17883766,history,0
2026-03-13_1374661_U_12,0.39541253,history,0
2026-03-13_1374661_U_13,0.29149893,history,0
2026-03-13_1374661_U_14,0.22547942,history,0
2026-03-13_1374661_U_15,0.27464664,history,1
2026-03-13_1374661_U_16,0.42754218,history,1
2026-03-13_1374661_U_17,0.22010991,history,0
2026-03-13_1374661_U_18,0.21881354,history,0
2026-03-13_1374661_U_2,0.6880249,history,1
2026-03-13_1374661_U_3,0.32755616,history,1
2026-03-13_1374661_U_4,0.2504334,history,1
2026-03-13_1374661_U_5,0.1746233,history,0
2026-03-13_1374661_U_6,0.1858904,history,1
2026-03-13_1374661_U_7,0.24381039,history,0
2026-03-13_1374661_U_8,0.30907607,history,1
2026-03-13_1374661_U_9,0.18143988,history,0
2026-03-13_1374662_U_1,0.20563315,history,0
2026-03-13_1374662_U_3,0.17352323,history,0
2026-03-13_1374662_U_4,0.23168366,history,0
2026-03-13_1374663_U_1,0.30735844,history,0
2026-03-13_1374663_U_10,0.47605217,history,0
2026-03-13_1374663_U_100,0.13937864,history,0
2026-03-13_1374663_U_101,0.5260761,history,1
2026-03-13_1374663_U_102,0.22542547,history,0
2026-03-13_1374663_U_103,0.17647257,history,1
2026-03-13_1374663_U_104,0.17558646,history,0
2026-03-13_1374663_U_105,0.1950706,history,1
2026-03-13_1374663_U_106,0.33792216,history,0
2026-03-13_1374663_U_107,0.17583387,history,0
2026-03-13_1374663_U_109,0.36600488,history,0
2026-03-13_1374663_U_11,0.5057903,history,0
2026-03-13_1374663_U_110,0.5749767,history,0
2026-03-13_1374663_U_111,0.31610394,history,1
2026-03-13_1374663_U_113,0.21596186,history,1
2026-03-13_1374663_U_114,0.25542885,history,1
2026-03-13_1374663_U_115,0.23536822,history,0
2026-03-13_1374663_U_116,0.37906855,history,0
2026-03-13_1374663_U_117,0.31407732,history,0
2026-03-13_1374663_U_12,0.5545387,history,1
2026-03-13_1374663_U_13,0.4240584,history,0
2026-03-13_1374663_U_14,0.2927568,history,1
2026-03-13_1374663_U_15,0.28716788,history,0
2026-03-13_1374663_U_16,0.13355985,history,0
2026-03-13_1374663_U_18,0.19977686,history,1
2026-03-13_1374663_U_19,0.21031228,history,1
2026-03-13_1374663_U_2,0.21511921,history,0
2026-03-13_1374663_U_22,0.33745068,history,0
2026-03-13_1374663_U_23,0.2143634,history,0
2026-03-13_1374663_U_25,0.25810546,history,0
2026-03-13_1374663_U_27,0.39538878,history,1
2026-03-13_1374663_U_28,0.36922354,history,0
2026-03-13_1374663_U_29,0.3712711,history,0
2026-03-13_1374663_U_3,0.18412499,history,0
2026-03-13_1374663_U_31,0.22505543,history,0
2026-03-13_1374663_U_32,0.31404927,history,1
2026-03-13_1374663_U_33,0.22315471,history,0
2026-03-13_1374663_U_34,0.1869139,history,0
2026-03-13_1374663_U_35,0.1948916,history,0
2026-03-13_1374663_U_36,0.33898985,history,1
2026-03-13_1374663_U_38,0.61248344,history,1
2026-03-13_1374663_U_39,0.5536569,history,0
2026-03-13_1374663_U_4,0.4384347,history,0
2026-03-13_1374663_U_40,0.22301748,history,0
2026-03-13_1374663_U_41,0.1685225,history,0
2026-03-13_1374663_U_42,0.1945219,history,0
2026-03-13_1374663_U_44,0.32089904,history,1
2026-03-13_1374663_U_45,0.18536961,history,1
2026-03-13_1374663_U_48,0.2904362,history,0
2026-03-13_1374663_U_49,0.26909995,history,0
2026-03-13_1374663_U_5,0.2079885,history,1
2026-03-13_1374663_U_50,0.2396749,history,1
2026-03-13_1374663_U_51,0.3684005,history,1
2026-03-13_1374663_U_52,0.3134259,history,0
2026-03-13_1374663_U_53,0.3928339,history,0
2026-03-13_1374663_U_6,0.46686777,history,0
2026-03-13_1374663_U_60,0.20106432,history,0
2026-03-13_1374663_U_62,0.19324729,history,0
2026-03-13_1374663_U_63,0.21118616,history,0
2026-03-13_1374663_U_64,0.18985665,history,1
2026-03-13_1374663_U_65,0.24174581,history,0
2026-03-13_1374663_U_67,0.24414739,history,0
2026-03-13_1374663_U_68,0.17770748,history,0
2026-03-13_1374663_U_69,0.24335831,history,0
2026-03-13_1374663_U_70,0.36621755,history,0
2026-03-13_1374663_U_71,0.43327674,history,0
2026-03-13_1374663_U_73,0.23078492,history,1
2026-03-13_1374663_U_75,0.24609095,history,0
2026-03-13_1374663_U_76,0.20610003,history,1
2026-03-13_1374663_U_77,0.4168435,history,1
2026-03-13_1374663_U_78,0.20255032,history,0
2026-03-13_1374663_U_79,0.19498122,history,0
2026-03-13_1374663_U_8,0.69498414,history,0
2026-03-13_1374663_U_80,0.19679075,history,0
2026-03-13_1374663_U_81,0.24842545,history,0
2026-03-13_1374663_U_82,0.25895828,history,0
2026-03-13_1374663_U_83,0.45130002,history,0
2026-03-13_1374663_U_84,0.2091248,history,1
2026-03-13_1374663_U_85,0.11570214,history,0
2026-03-13_1374663_U_86,0.20756285,history,1
2026-03-13_1374663_U_87,0.40256166,history,1
2026-03-13_1374663_U_88,0.19677542,history,0
2026-03-13_1374663_U_89,0.2900601,history,1
2026-03-13_1374663_U_9,0.52235216,history,0
2026-03-13_1374663_U_92,0.20993786,history,1
2026-03-13_1374663_U_93,0.23636422,history,0
2026-03-13_1374663_U_95,0.40468562,history,1
2026-03-13_1374663_U_96,0.594442,history,0
2026-03-13_1374663_U_98,0.21451911,history,0
2026-03-13_1379485_U_1,0.47058925,history,0
2026-03-13_1379485_U_10,0.39734763,history,0
2026-03-13_1379485_U_103,0.24348247,history,0
2026-03-13_1379485_U_104,0.2756594,history,0
2026-03-13_1379485_U_105,0.20019184,history,0
2026-03-13_1379485_U_106,0.2354831,history,1
2026-03-13_1379485_U_108,0.24111941,history,1
2026-03-13_1379485_U_109,0.28428027,history,0
2026-03-13_1379485_U_110,0.46689337,history,0
2026-03-13_1379485_U_111,0.34770188,history,0
2026-03-13_1379485_U_112,0.5059451,history,1
2026-03-13_1379485_U_113,0.37046406,history,0
2026-03-13_1379485_U_114,0.23534016,history,0
2026-03-13_1379485_U_115,0.24698845,history,0
2026-03-13_1379485_U_116,0.23562181,history,0
2026-03-13_1379485_U_117,0.27531266,history,1
2026-03-13_1379485_U_118,0.40761635,history,0
2026-03-13_1379485_U_119,0.35060054,history,0
2026-03-13_1379485_U_12,0.5339378,history,0
2026-03-13_1379485_U_120,0.3090623,history,0
2026-03-13_1379485_U_121,0.33406863,history,0
2026-03-13_1379485_U_122,0.35773373,history,0
2026-03-13_1379485_U_123,0.4279096,history,0
2026-03-13_1379485_U_124,0.7550796,history,1
2026-03-13_1379485_U_126,0.3433281,history,0
2026-03-13_1379485_U_127,0.6420084,history,0
2026-03-13_1379485_U_128,0.76713175,history,1
2026-03-13_1379485_U_129,0.78592956,history,0
2026-03-13_1379485_U_13,0.42024165,history,0
2026-03-13_1379485_U_130,0.18071458,history,0
2026-03-13_1379485_U_131,0.1642833,history,0
2026-03-13_1379485_U_132,0.20063555,history,0
2026-03-13_1379485_U_133,0.26109567,history,0
2026-03-13_1379485_U_134,0.1708074,history,0
2026-03-13_1379485_U_135,0.32074988,history,1
2026-03-13_1379485_U_136,0.28661385,history,0
2026-03-13_1379485_U_137,0.29271203,history,0
2026-03-13_1379485_U_138,0.27665555,history,0
2026-03-13_1379485_U_139,0.18316796,history,0
2026-03-13_1379485_U_14,0.3026816,history,0
2026-03-13_1379485_U_142,0.30459702,history,0
2026-03-13_1379485_U_143,0.21772394,history,0
2026-03-13_1379485_U_144,0.1623942,history,1
2026-03-13_1379485_U_145,0.257843,history,1
2026-03-13_1379485_U_146,0.2563241,history,0
2026-03-13_1379485_U_147,0.31047016,history,1
2026-03-13_1379485_U_15,0.28209585,history,0
2026-03-13_1379485_U_16,0.21782649,history,0
2026-03-13_1379485_U_18,0.2778264,history,0
2026-03-13_1379485_U_19,0.68181217,history,0
2026-03-13_1379485_U_2,0.2532214,history,0
2026-03-13_1379485_U_20,0.23333341,history,1
2026-03-13_1379485_U_21,0.6786916,history,0
2026-03-13_1379485_U_23,0.4630943,history,0
2026-03-13_1379485_U_24,0.3086043,history,0
2026-03-13_1379485_U_25,0.24478063,history,0
2026-03-13_1379485_U_26,0.22683406,history,0
2026-03-13_1379485_U_27,0.20797186,history,0
2026-03-13_1379485_U_28,0.26607105,history,0
2026-03-13_1379485_U_29,0.18923442,history,0
2026-03-13_1379485_U_3,0.24998204,history,0
2026-03-13_1379485_U_30,0.23589377,history,0
2026-03-13_1379485_U_31,0.25466534,history,1
2026-03-13_1379485_U_32,0.3928865,history,1
2026-03-13_1379485_U_33,0.31635654,history,0
2026-03-13_1379485_U_34,0.23931257,history,0
2026-03-13_1379485_U_35,0.15601024,history,0
2026-03-13_1379485_U_36,0.2080705,history,0
2026-03-13_1379485_U_37,0.17040186,history,0
2026-03-13_1379485_U_38,0.21653181,history,0
2026-03-13_1379485_U_39,0.19139342,history,0
2026-03-13_1379485_U_4,0.173174,history,0
2026-03-13_1379485_U_40,0.44992957,history,0
2026-03-13_1379485_U_41,0.26238334,history,1
2026-03-13_1379485_U_42,0.3060869,history,1
2026-03-13_1379485_U_43,0.24773511,history,0
2026-03-13_1379485_U_44,0.86278343,history,0
2026-03-13_1379485_U_45,0.30451423,history,0
2026-03-13_1379485_U_46,0.3238781,history,0
2026-03-13_1379485_U_47,0.27164054,history,0
2026-03-13_1379485_U_48,0.15208201,history,0
2026-03-13_1379485_U_49,0.23209934,history,0
2026-03-13_1379485_U_5,0.24015671,history,0
2026-03-13_1379485_U_50,0.17051297,history,1
2026-03-13_1379485_U_52,0.2715598,history,0
2026-03-13_1379485_U_53,0.20707142,history,0
2026-03-13_1379485_U_54,0.1491923,history,0
2026-03-13_1379485_U_55,0.1922236,history,0
2026-03-13_1379485_U_56,0.2420257,history,0
2026-03-13_1379485_U_57,0.28498632,history,0
2026-03-13_1379485_U_58,0.43179798,history,0
2026-03-13_1379485_U_59,0.20871064,history,1
2026-03-13_1379485_U_60,0.30769092,history,1
2026-03-13_1379485_U_61,0.24285965,history,1
2026-03-13_1379485_U_62,0.2739411,history,0
2026-03-13_1379485_U_63,0.27293104,history,0
2026-03-13_1379485_U_64,0.12890267,history,0
2026-03-13_1379485_U_65,0.27907917,history,0
2026-03-13_1379485_U_66,0.18322647,history,0
2026-03-13_1379485_U_67,0.36805302,history,0
2026-03-13_1379485_U_68,0.15371019,history,1
2026-03-13_1379485_U_69,0.14797194,history,0
2026-03-13_1379485_U_7,0.21874523,history,0
2026-03-13_1379485_U_71,0.22995174,history,0
2026-03-13_1379485_U_72,0.3669065,history,0
2026-03-13_1379485_U_73,0.25951672,history,0
2026-03-13_1379485_U_74,0.22885343,history,0
2026-03-13_1379485_U_75,0.21457756,history,0
2026-03-13_1379485_U_76,0.25164074,history,0
2026-03-13_1379485_U_77,0.25738642,history,0
2026-03-13_1379485_U_78,0.2508105,history,0
2026-03-13_1379485_U_79,0.25752512,history,1
2026-03-13_1379485_U_8,0.31027627,history,0
2026-03-13_1379485_U_80,0.56625843,history,1
2026-03-13_1379485_U_82,0.18412994,history,0
2026-03-13_1379485_U_83,0.41486096,history,0
2026-03-13_1379485_U_84,0.23964366,history,0
2026-03-13_1379485_U_85,0.37454852,history,0
2026-03-13_1379485_U_86,0.22468796,history,0
2026-03-13_1379485_U_88,0.2309922,history,0
2026-03-13_1379485_U_89,0.22963957,history,0
2026-03-13_1379485_U_9,0.3123579,history,0
2026-03-13_1379485_U_90,0.2597053,history,0
2026-03-13_1379485_U_91,0.2035763,history,0
2026-03-13_1379485_U_92,0.22974417,history,0
2026-03-13_1379485_U_93,0.27293557,history,0
2026-03-13_1379485_U_94,0.3066225,history,0
2026-03-13_1379485_U_95,0.29494765,history,1
2026-03-13_1379485_U_96,0.47185704,history,1
2026-03-13_1379485_U_99,0.37485942,history,0
2026-03-13_1390072_U_1,0.46123725,history,1
2026-03-13_1390072_U_10,0.2052739,history,0
2026-03-13_1390072_U_12,0.2636165,history,0
2026-03-13_1390072_U_13,0.19813189,history,0
2026-03-13_1390072_U_14,0.1853628,history,0
2026-03-13_1390072_U_17,0.3788826,history,0
2026-03-13_1390072_U_2,0.27633017,history,0
2026-03-13_1390072_U_20,0.18497388,history,0
2026-03-13_1390072_U_21,0.44485053,history,0
2026-03-13_1390072_U_22,0.32773215,history,0
2026-03-13_1390072_U_23,0.39815184,history,1
2026-03-13_1390072_U_25,1.0811867,history,0
2026-03-13_1390072_U_26,0.1755861,history,0
2026-03-13_1390072_U_28,0.525472,history,0
2026-03-13_1390072_U_3,0.16213012,history,0
2026-03-13_1390072_U_4,0.1849387,history,0
2026-03-13_1390072_U_5,0.31881222,history,0
2026-03-13_1390072_U_6,0.23120198,history,1
2026-03-13_1390072_U_7,0.28575283,history,1
2026-03-13_1390072_U_8,0.15678015,history,1
2026-03-13_1393827_U_1,0.34845412,history,0
2026-03-13_1393827_U_11,0.22727452,history,0
2026-03-13_1393827_U_113,0.16093819,history,0
2026-03-13_1393827_U_114,0.12544744,history,0
2026-03-13_1393827_U_115,0.28017485,history,0
2026-03-13_1393827_U_116,0.15787761,history,1
2026-03-13_1393827_U_117,0.20533912,history,1
2026-03-13_1393827_U_118,0.23435,history,1
2026-03-13_1393827_U_122,0.27682382,history,1
2026-03-13_1393827_U_123,0.45152712,history,1
2026-03-13_1393827_U_132,0.09682788,history,0
2026-03-13_1393827_U_133,0.276196,history,0
2026-03-13_1393827_U_137,0.103461735,history,0
2026-03-13_1393827_U_138,0.18282199,history,0
2026-03-13_1393827_U_144,0.13854316,history,0
2026-03-13_1393827_U_145,0.37312436,history,0
2026-03-13_1393827_U_146,0.19086891,history,0
2026-03-13_1393827_U_148,0.4060834,history,1
2026-03-13_1393827_U_16,0.12153599,history,0
2026-03-13_1393827_U_19,0.2494697,history,0
2026-03-13_1393827_U_21,0.24548045,history,0
2026-03-13_1393827_U_22,0.13324454,history,0
2026-03-13_1393827_U_23,0.15766148,history,0
2026-03-13_1393827_U_25,0.17219102,history,0
2026-03-13_1393827_U_26,0.30563244,history,1
2026-03-13_1393827_U_56,0.2099698,history,1
2026-03-13_1393827_U_6,0.20084558,history,0
2026-03-13_1393827_U_7,0.1964955,history,0
2026-03-13_1393827_U_70,0.24056715,history,1
2026-03-13_1393827_U_8,0.4557957,history,0
2026-03-13_1393827_U_9,0.24122539,history,0
2026-03-13_1399122_U_10,0.25208488,history,1
2026-03-13_1399122_U_26,0.24595079,history,0
2026-03-13_1399122_U_27,0.29401118,history,0
2026-03-13_1399122_U_28,0.99862087,history,1
2026-03-13_1399122_U_29,0.16234979,history,1
2026-03-13_1399122_U_30,0.49122423,history,1
2026-03-13_1399122_U_33,0.16078863,history,0
2026-03-13_1399122_U_35,0.5681465,history,0
2026-03-13_1399122_U_36,1.0296507,history,0
2026-03-13_1399122_U_37,0.2216414,history,0
2026-03-13_1399122_U_38,0.31179056,history,0
2026-03-13_1399122_U_41,0.73901904,history,1
2026-03-13_1399122_U_43,0.27774236,history,1
2026-03-13_1399122_U_45,0.6632123,history,0
2026-03-13_1399122_U_49,0.67321414,history,0
2026-03-13_1399122_U_50,0.9681532,history,1
2026-03-13_1399122_U_56,0.3560384,history,0
2026-03-13_1399122_U_6,0.2439956,history,1
2026-03-13_1407494_U_1,0.25020438,history,0
2026-03-13_1407494_U_10,0.1762526,history,0
2026-03-13_1407494_U_11,0.12683268,history,1
2026-03-13_1407494_U_12,0.1279901,history,0
2026-03-13_1407494_U_13,0.25137413,history,0
2026-03-13_1407494_U_14,0.16614461,history,0
2026-03-13_1407494_U_15,0.14099538,history,0
2026-03-13_1407494_U_16,0.19634941,history,0
2026-03-13_1407494_U_18,0.12981169,history,1
2026-03-13_1407494_U_2,0.21252911,history,0
2026-03-13_1407494_U_20,0.32863605,history,0
2026-03-13_1407494_U_22,0.4709147,history,1
2026-03-13_1407494_U_23,0.85852283,history,0
2026-03-13_1407494_U_24,0.3756474,history,1
2026-03-13_1407494_U_26,0.11647238,history,0
2026-03-13_1407494_U_27,0.65351224,history,0
2026-03-13_1407494_U_3,0.1890767,history,0
2026-03-13_1407494_U_30,0.33013105,history,0
2026-03-13_1407494_U_31,0.2410332,history,0
2026-03-13_1407494_U_32,0.25743172,history,0
2026-03-13_1407494_U_36,0.18265113,history,0
2026-03-13_1407494_U_37,0.12017932,history,0
2026-03-13_1407494_U_4,0.21897605,history,0
2026-03-13_1407494_U_5,0.20677349,history,1
2026-03-13_1407494_U_6,0.12459924,history,0
2026-03-13_1407494_U_7,0.1784426,history,0
2026-03-13_1407494_U_8,0.3192017,history,0
2026-03-13_1407494_U_9,0.18898556,history,0
2026-03-13_1407495_U_1,0.7546835,history,1
2026-03-13_1407495_U_10,0.26205847,history,0
2026-03-13_1407495_U_12,0.19072962,history,0
2026-03-13_1407495_U_13,0.15578699,history,0
2026-03-13_1407495_U_14,0.18182123,history,0
2026-03-13_1407495_U_15,0.23849253,history,0
2026-03-13_1407495_U_16,0.16735527,history,0
2026-03-13_1407495_U_17,0.20878765,history,0
2026-03-13_1407495_U_19,0.18469149,history,0
2026-03-13_1407495_U_2,0.19765036,history,0
2026-03-13_1407495_U_21,0.1463229,history,0
2026-03-13_1407495_U_22,0.18457058,history,0
2026-03-13_1407495_U_24,0.23164856,history,0
2026-03-13_1407495_U_25,0.22598055,history,0
2026-03-13_1407495_U_3,0.24443516,history,0
2026-03-13_1407495_U_4,0.17231832,history,0
2026-03-13_1407495_U_5,0.23669565,history,0
2026-03-13_1407495_U_6,0.40872353,history,0
2026-03-13_1407495_U_7,0.22270821,history,0
2026-03-13_1407495_U_8,0.11682771,history,0
2026-03-13_1407495_U_9,0.2017687,history,0
2026-03-13_1411585_U_1,0.17191032,history,0
2026-03-13_1411585_U_11,0.44673324,history,0
2026-03-13_1411585_U_14,0.26604196,history,0
2026-03-13_1411585_U_15,0.14313126,history,0
2026-03-13_1411585_U_16,0.16160691,history,0
2026-03-13_1411585_U_17,0.14329025,history,0
2026-03-13_1411585_U_18,0.16982488,history,1
2026-03-13_1411585_U_19,0.1719732,history,0
2026-03-13_1411585_U_2,0.21101145,history,0
2026-03-13_1411585_U_20,0.36732018,history,0
2026-03-13_1411585_U_23,0.11980315,history,0
2026-03-13_1411585_U_24,0.25812313,history,0
2026-03-13_1411585_U_25,0.19504663,history,0
2026-03-13_1411585_U_26,0.3671955,history,1
2026-03-13_1411585_U_27,0.33590603,history,1
2026-03-13_1411585_U_28,0.34651873,history,0
2026-03-13_1411585_U_29,0.28089064,history,0
2026-03-13_1411585_U_3,0.109786294,history,0
2026-03-13_1411585_U_30,0.18171373,history,0
2026-03-13_1411585_U_31,0.3406609,history,0
2026-03-13_1411585_U_33,0.19177699,history,0
2026-03-13_1411585_U_34,0.1563586,history,0
2026-03-13_1411585_U_35,0.6088217,history,0
2026-03-13_1411585_U_36,0.16953501,history,1
2026-03-13_1411585_U_37,0.12349473,history,0
2026-03-13_1411585_U_38,0.16407515,history,1
2026-03-13_1411585_U_39,0.16741332,history,0
2026-03-13_1411585_U_4,0.1576883,history,0
2026-03-13_1411585_U_40,0.15698382,history,0
2026-03-13_1411585_U_41,0.19015166,history,0
2026-03-13_1411585_U_42,0.14640936,history,0
2026-03-13_1411585_U_44,0.18938538,history,0
2026-03-13_1411585_U_46,0.323333,history,0
2026-03-13_1411585_U_48,0.37773448,history,1
2026-03-13_1411585_U_49,0.3427698,history,0
2026-03-13_1411585_U_5,0.15090805,history,0
2026-03-13_1411585_U_50,0.101420105,history,0
2026-03-13_1411585_U_51,0.14005795,history,0
2026-03-13_1411585_U_52,0.13207829,history,0
2026-03-13_1411585_U_53,0.12271875,history,0
2026-03-13_1411585_U_54,0.47270203,history,1
2026-03-13_1411585_U_58,0.14099243,history,0
2026-03-13_1411585_U_59,0.20667635,history,0
2026-03-13_1411585_U_6,0.5297786,history,0
2026-03-13_1411585_U_60,0.13440889,history,0
2026-03-13_1411585_U_61,0.21057272,history,0
2026-03-13_1411585_U_62,0.45125994,history,0
2026-03-13_1411585_U_64,0.22299886,history,0
2026-03-13_1411585_U_65,0.5155358,history,1
2026-03-13_1411585_U_66,0.13967271,history,0
2026-03-13_1411585_U_67,0.14693345,history,0
2026-03-13_1411585_U_68,0.18942308,history,1
2026-03-13_1411585_U_69,0.41629297,history,0
2026-03-13_1411585_U_7,0.6447009,history,0
2026-03-13_1411585_U_70,0.13099083,history,0
2026-03-13_1411585_U_71,0.14722458,history,0
2026-03-13_1411585_U_72,0.2050076,history,0
2026-03-13_1411585_U_73,0.26000816,history,0
2026-03-13_1411585_U_75,0.17286706,history,0
2026-03-13_1411585_U_76,0.14563806,history,0
2026-03-13_1411585_U_77,0.15711878,history,0
2026-03-13_1411585_U_78,0.15581967,history,0
2026-03-13_1411585_U_82,0.15748578,history,0
2026-03-13_1411585_U_83,0.28068334,history,1
2026-03-13_1411585_U_84,0.22292921,history,0
2026-03-13_1411585_U_85,0.16945057,history,0
2026-03-13_1411585_U_86,0.15730536,history,1
2026-03-13_1411585_U_87,0.24643433,history,0
2026-03-13_1413903_U_1,0.7012453,history,0
2026-03-13_1413903_U_100,1.0913651,history,0
2026-03-13_1413903_U_101,0.5271244,history,0
2026-03-13_1413903_U_12,0.79551315,history,0
2026-03-13_1413903_U_14,0.4771874,history,0
2026-03-13_1413903_U_16,0.39007434,history,0
2026-03-13_1413903_U_17,0.79187965,history,1
2026-03-13_1413903_U_2,0.63173056,history,0
2026-03-13_1413903_U_20,0.6745114,history,0
2026-03-13_1413903_U_22,0.5726313,history,0
2026-03-13_1413903_U_23,0.98307943,history,1
2026-03-13_1413903_U_24,0.4032728,history,0
2026-03-13_1413903_U_26,0.29186487,history,0
2026-03-13_1413903_U_29,0.1830983,history,1
2026-03-13_1413903_U_30,1.3606209,history,0
2026-03-13_1413903_U_34,0.51791406,history,0
2026-03-13_1413903_U_36,0.38048834,history,0
2026-03-13_1413903_U_37,0.90925616,history,1
2026-03-13_1413903_U_38,0.89749664,history,0
2026-03-13_1413903_U_39,1.0058573,history,1
2026-03-13_1413903_U_40,0.9548177,history,0
2026-03-13_1413903_U_42,0.62978804,history,0
2026-03-13_1413903_U_43,0.79728174,history,1
2026-03-13_1413903_U_45,1.4452513,history,0
2026-03-13_1413903_U_46,0.37317795,history,0
2026-03-13_1413903_U_47,0.56535864,history,0
2026-03-13_1413903_U_48,0.44715497,history,0
2026-03-13_1413903_U_52,0.39089274,history,1
2026-03-13_1413903_U_54,0.6918658,history,1
2026-03-13_1413903_U_55,0.55521977,history,0
2026-03-13_1413903_U_56,0.7141816,history,0
2026-03-13_1413903_U_58,0.7291168,history,0
2026-03-13_1413903_U_61,0.9575545,history,1
2026-03-13_1413903_U_62,0.47887415,history,0
2026-03-13_1413903_U_64,0.4978982,history,0
2026-03-13_1413903_U_65,0.39072537,history,0
2026-03-13_1413903_U_68,0.61972094,history,0
2026-03-13_1413903_U_69,0.47712004,history,0
2026-03-13_1413903_U_7,0.8226001,history,0
2026-03-13_1413903_U_72,1.6020077,history,0
2026-03-13_1413903_U_73,0.46958658,history,0
2026-03-13_1413903_U_75,0.5290392,history,0
2026-03-13_1413903_U_77,0.850428,history,1
2026-03-13_1413903_U_8,0.67379296,history,0
2026-03-13_1413903_U_81,1.2894268,history,0
2026-03-13_1413903_U_83,0.81988645,history,0
2026-03-13_1413903_U_84,1.2002084,history,1
2026-03-13_1413903_U_85,0.5294442,history,0
2026-03-13_1413903_U_86,0.44575477,history,0
2026-03-13_1413903_U_9,0.4052348,history,0
2026-03-13_1413903_U_90,0.57772636,history,0
2026-03-13_1413903_U_91,0.89480275,history,0
2026-03-13_1413903_U_92,0.5097376,history,0
2026-03-13_1413903_U_93,0.6771703,history,0
2026-03-13_1413903_U_94,2.172092,history,1
2026-03-13_1413903_U_95,0.5787326,history,1
2026-03-13_1413903_U_96,0.15392159,history,0
2026-03-13_1413903_U_99,0.4648133,history,0
2026-03-13_1413904_U_1,0.6322348,history,0
2026-03-13_1413904_U_10,0.55800074,history,0
2026-03-13_1413904_U_11,0.64038503,history,0
2026-03-13_1413904_U_12,0.8567643,history,0
2026-03-13_1413904_U_19,0.6263699,history,0
2026-03-13_1413904_U_2,0.53625673,history,0
2026-03-13_1413904_U_21,0.9275428,history,1
2026-03-13_1413904_U_23,0.6113797,history,0
2026-03-13_1413904_U_24,0.5847177,history,0
2026-03-13_1413904_U_25,0.5652204,history,0
2026-03-13_1413904_U_26,0.498631,history,0
2026-03-13_1413904_U_28,0.79859346,history,0
2026-03-13_1413904_U_3,0.3877334,history,0
2026-03-13_1413904_U_30,0.55840325,history,1
2026-03-13_1413904_U_31,0.40689617,history,0
2026-03-13_1413904_U_32,0.5734489,history,0
2026-03-13_1413904_U_33,0.36327368,history,0
2026-03-13_1413904_U_36,0.98196733,history,1
2026-03-13_1413904_U_37,0.4562815,history,1
2026-03-13_1413904_U_38,0.66251993,history,0
2026-03-13_1413904_U_39,0.5723119,history,0
2026-03-13_1413904_U_40,0.5684382,history,0
2026-03-13_1413904_U_41,0.5948205,history,1
2026-03-13_1413904_U_42,0.32209492,history,0
2026-03-13_1413904_U_43,0.9706204,history,0
2026-03-13_1413904_U_45,0.6727692,history,0
2026-03-13_1413904_U_48,0.6513016,history,1
2026-03-13_1413904_U_5,0.3533554,history,0
2026-03-13_1413904_U_50,0.5016143,history,0
2026-03-13_1413904_U_51,0.61792326,history,0
2026-03-13_1413904_U_52,0.70585155,history,0
2026-03-13_1413904_U_53,0.38787124,history,0
2026-03-13_1413904_U_54,0.69327474,history,0
2026-03-13_1413904_U_60,0.7551009,history,1
2026-03-13_1413904_U_63,0.37587,history,0
2026-03-13_1413904_U_65,0.35163277,history,1
2026-03-13_1413904_U_68,0.46272406,history,0
2026-03-13_1413904_U_7,0.7423152,history,0
2026-03-13_1413904_U_70,0.47595012,history,0
2026-03-13_1413904_U_71,0.4719013,history,0
2026-03-13_1413904_U_72,0.77860963,history,0
2026-03-13_1413904_U_73,1.0914309,history,0
2026-03-13_1413904_U_74,1.7981143,history,1
2026-03-13_1413904_U_75,0.75122356,history,0
2026-03-13_1413904_U_76,0.73803806,history,1
2026-03-13_1413904_U_8,0.6748194,history,0
2026-03-13_1413904_U_9,0.3541362,history,0
2026-03-13_1413905_U_2,0.6510278,history,0
2026-03-13_1413905_U_3,0.47761554,history,0
2026-03-13_1413905_U_5,0.34796366,history,0
2026-03-13_1413905_U_6,0.46336398,history,0
2026-03-13_1414833_U_1,0.491021,history,0
2026-03-13_1414833_U_10,0.6644947,history,0
2026-03-13_1414833_U_11,0.34242734,history,0
2026-03-13_1414833_U_12,0.30692723,history,0
2026-03-13_1414833_U_13,0.4612558,history,0
2026-03-13_1414833_U_16,0.6574882,history,0
2026-03-13_1414833_U_17,0.6222535,history,0
2026-03-13_1414833_U_18,0.4325305,history,0
2026-03-13_1414833_U_19,0.39502093,history,1
2026-03-13_1414833_U_2,0.6206763,history,0
2026-03-13_1414833_U_20,0.5384812,history,1
2026-03-13_1414833_U_21,0.8284885,history,0
2026-03-13_1414833_U_22,0.51301616,history,0
2026-03-13_1414833_U_23,0.43794084,history,1
2026-03-13_1414833_U_24,0.49615753,history,1
2026-03-13_1414833_U_25,0.4230809,history,0
2026-03-13_1414833_U_26,0.5899358,history,0
2026-03-13_1414833_U_27,0.63391167,history,0
2026-03-13_1414833_U_28,0.63660926,history,0
2026-03-13_1414833_U_3,0.4151636,history,0
2026-03-13_1414833_U_31,0.5629853,history,0
2026-03-13_1414833_U_32,0.72208726,history,0
2026-03-13_1414833_U_33,0.590232,history,0
2026-03-13_1414833_U_34,0.54166174,history,0
2026-03-13_1414833_U_35,0.63822675,history,0
2026-03-13_1414833_U_36,1.0047708,history,0
2026-03-13_1414833_U_37,1.5497093,history,1
2026-03-13_1414833_U_38,0.6461942,history,0
2026-03-13_1414833_U_39,0.69775355,history,0
2026-03-13_1414833_U_4,0.6525141,history,0
2026-03-13_1414833_U_40,0.49629936,history,0
2026-03-13_1414833_U_41,0.34033868,history,0
2026-03-13_1414833_U_42,0.51033807,history,0
2026-03-13_1414833_U_44,0.17365883,history,0
2026-03-13_1414833_U_45,0.46303827,history,0
2026-03-13_1414833_U_46,0.6662817,history,0
2026-03-13_1414833_U_47,0.4576463,history,0
2026-03-13_1414833_U_48,0.5026157,history,0
2026-03-13_1414833_U_49,0.38166785,history,0
2026-03-13_1414833_U_5,1.6865114,history,0
2026-03-13_1414833_U_50,0.6907654,history,1
2026-03-13_1414833_U_51,0.5639604,history,1
2026-03-13_1414833_U_53,0.51944995,history,0
2026-03-13_1414833_U_54,0.49076104,history,0
2026-03-13_1414833_U_56,0.49416047,history,0
2026-03-13_1414833_U_57,0.9787425,history,0
2026-03-13_1414833_U_58,0.58211666,history,0
2026-03-13_1414833_U_59,0.47043705,history,0
2026-03-13_1414833_U_6,0.800302,history,1
2026-03-13_1414833_U_60,0.44602418,history,0
2026-03-13_1414833_U_61,0.41857952,history,0
2026-03-13_1414833_U_62,0.43809462,history,0
2026-03-13_1414833_U_64,0.62743396,history,0
2026-03-13_1414833_U_67,0.5752522,history,0
2026-03-13_1414833_U_69,0.44637978,history,0
2026-03-13_1414833_U_72,0.33699283,history,0
2026-03-13_1414833_U_74,0.17902283,history,0
2026-03-13_1414833_U_8,0.16805147,history,0
2026-03-13_1414833_U_9,0.58331597,history,0
2026-03-13_1429985_U_115,0.16928415,history,0
2026-03-13_1429985_U_119,0.18424097,history,0
2026-03-13_1429985_U_120,0.51252806,history,0
2026-03-13_1429985_U_121,0.26792336,history,0
2026-03-13_1429985_U_124,0.17823593,history,0
2026-03-13_1429985_U_125,0.12914443,history,0
2026-03-13_1429985_U_126,0.50246745,history,0
2026-03-13_1429985_U_27,0.12242405,history,0
2026-03-13_1429985_U_61,0.0715329,history,0
2026-03-13_1429985_U_62,0.13178813,history,0
2026-03-13_1429985_U_8,0.10237037,history,0
2026-03-13_1431265_U_1,0.16268162,history,0
2026-03-13_1431265_U_10,0.16642523,history,1
2026-03-13_1431265_U_100,0.14178303,history,0
2026-03-13_1431265_U_101,0.39704758,history,1
2026-03-13_1431265_U_103,0.10759904,history,1
2026-03-13_1431265_U_105,0.1979329,history,0
2026-03-13_1431265_U_107,0.35969168,history,0
2026-03-13_1431265_U_109,0.19277176,history,1
2026-03-13_1431265_U_113,0.22393338,history,1
2026-03-13_1431265_U_115,0.19102824,history,0
2026-03-13_1431265_U_116,0.27310255,history,0
2026-03-13_1431265_U_118,0.20854148,history,0
2026-03-13_1431265_U_120,0.3064977,history,1
2026-03-13_1431265_U_122,0.32605523,history,1
2026-03-13_1431265_U_126,0.13623844,history,1
2026-03-13_1431265_U_13,0.29122213,history,0
2026-03-13_1431265_U_130,0.2342709,history,0
2026-03-13_1431265_U_136,0.14831737,history,1
2026-03-13_1431265_U_14,0.15055205,history,0
2026-03-13_1431265_U_141,0.10493787,history,0
2026-03-13_1431265_U_143,0.119931236,history,0
2026-03-13_1431265_U_146,0.12986282,history,0
2026-03-13_1431265_U_147,0.31731004,history,1
2026-03-13_1431265_U_15,0.15206507,history,0
2026-03-13_1431265_U_150,0.14651977,history,0
2026-03-13_1431265_U_152,0.66291034,history,0
2026-03-13_1431265_U_153,0.18556026,history,0
2026-03-13_1431265_U_155,0.2090743,history,1
2026-03-13_1431265_U_158,0.27839103,history,0
2026-03-13_1431265_U_16,0.09951924,history,0
2026-03-13_1431265_U_160,0.16190462,history,1
2026-03-13_1431265_U_164,0.18371972,history,0
2026-03-13_1431265_U_165,0.41520223,history,0
2026-03-13_1431265_U_166,0.31906474,history,0
2026-03-13_1431265_U_167,0.15230213,history,1
2026-03-13_1431265_U_17,0.14054012,history,0
2026-03-13_1431265_U_171,0.22178432,history,0
2026-03-13_1431265_U_172,0.3791586,history,0
2026-03-13_1431265_U_19,0.124474585,history,0
2026-03-13_1431265_U_2,0.18151908,history,0
2026-03-13_1431265_U_20,0.15818731,history,1
2026-03-13_1431265_U_21,0.1541232,history,1
2026-03-13_1431265_U_23,0.123904765,history,1
2026-03-13_1431265_U_25,0.11465962,history,0
2026-03-13_1431265_U_26,0.11599353,history,1
2026-03-13_1431265_U_27,0.17263797,history,1
2026-03-13_1431265_U_28,0.17096548,history,1
2026-03-13_1431265_U_29,0.18791538,history,1
2026-03-13_1431265_U_3,0.10875973,history,0
2026-03-13_1431265_U_30,0.14375341,history,1
2026-03-13_1431265_U_31,0.13670051,history,0
2026-03-13_1431265_U_32,0.10689698,history,1
2026-03-13_1431265_U_33,0.12275563,history,0
2026-03-13_1431265_U_34,0.11379798,history,1
2026-03-13_1431265_U_35,0.12697124,history,0
2026-03-13_1431265_U_36,0.13411397,history,0
2026-03-13_1431265_U_37,0.14387399,history,0
2026-03-13_1431265_U_38,0.11712393,history,0
2026-03-13_1431265_U_39,0.12855147,history,1
2026-03-13_1431265_U_4,0.20184696,history,0
2026-03-13_1431265_U_40,0.09022246,history,0
2026-03-13_1431265_U_42,0.10287662,history,0
2026-03-13_1431265_U_43,0.10059031,history,0
2026-03-13_1431265_U_44,0.11327743,history,0
2026-03-13_1431265_U_45,0.1282241,history,0
2026-03-13_1431265_U_46,0.1482912,history,0
2026-03-13_1431265_U_47,0.16993299,history,1
2026-03-13_1431265_U_49,0.16705176,history,0
2026-03-13_1431265_U_5,0.20005767,history,0
2026-03-13_1431265_U_50,0.1269468,history,0
2026-03-13_1431265_U_51,0.17938255,history,0
2026-03-13_1431265_U_54,0.15336311,history,0
2026-03-13_1431265_U_55,0.24158955,history,1
2026-03-13_1431265_U_59,0.1878775,history,0
2026-03-13_1431265_U_61,0.14090942,history,1
2026-03-13_1431265_U_62,0.11080616,history,1
2026-03-13_1431265_U_63,0.13761929,history,1
2026-03-13_1431265_U_66,0.14178807,history,1
2026-03-13_1431265_U_67,0.17723452,history,0
2026-03-13_1431265_U_68,0.14543633,history,1
2026-03-13_1431265_U_69,0.1786057,history,0
2026-03-13_1431265_U_7,0.25795293,history,0
2026-03-13_1431265_U_70,0.22094564,history,0
2026-03-13_1431265_U_71,0.18950461,history,0
2026-03-13_1431265_U_73,0.111856304,history,1
2026-03-13_1431265_U_74,0.16895586,history,1
2026-03-13_1431265_U_75,0.12403683,history,0
2026-03-13_1431265_U_76,0.21778987,history,0
2026-03-13_1431265_U_8,0.17520118,history,0
2026-03-13_1431265_U_85,0.103787385,history,0
2026-03-13_1431265_U_86,0.12979254,history,0
2026-03-13_1431265_U_87,0.10797509,history,0
2026-03-13_1431265_U_88,0.15923363,history,1
2026-03-13_1431265_U_9,0.118478715,history,1
2026-03-13_1431265_U_91,0.079542324,history,1
2026-03-13_1431265_U_92,0.11031341,history,1
2026-03-13_1431265_U_93,0.11996977,history,0
2026-03-13_1431265_U_94,0.12242764,history,1
2026-03-13_1431265_U_97,0.15227827,history,1
2026-03-13_1431265_U_99,0.23936503,history,0
2026-03-13_1439975_U_1,0.1710422,history,1
2026-03-13_1439975_U_10,0.11960028,history,0
2026-03-13_1439975_U_101,0.41562212,history,0
2026-03-13_1439975_U_11,0.147582,history,0
2026-03-13_1439975_U_12,0.11569911,history,0
2026-03-13_1439975_U_13,0.15863723,history,0
2026-03-13_1439975_U_14,0.16448693,history,1
2026-03-13_1439975_U_15,0.20701328,history,0
2026-03-13_1439975_U_16,0.21901785,history,1
2026-03-13_1439975_U_17,0.16612141,history,1
2026-03-13_1439975_U_18,0.13491426,history,0
2026-03-13_1439975_U_19,0.17046177,history,1
2026-03-13_1439975_U_2,0.17490326,history,0
2026-03-13_1439975_U_21,0.1646266,history,0
2026-03-13_1439975_U_22,0.17604016,history,0
2026-03-13_1439975_U_23,0.16392241,history,1
2026-03-13_1439975_U_25,0.22895816,history,0
2026-03-13_1439975_U_26,0.13659303,history,0
2026-03-13_1439975_U_27,0.17182736,history,0
2026-03-13_1439975_U_28,0.12509969,history,0
2026-03-13_1439975_U_29,0.22683708,history,0
2026-03-13_1439975_U_3,0.15794067,history,1
2026-03-13_1439975_U_30,0.20817295,history,0
2026-03-13_1439975_U_31,0.23204482,history,1
2026-03-13_1439975_U_32,0.21894112,history,1
2026-03-13_1439975_U_34,0.14597514,history,0
2026-03-13_1439975_U_35,0.12972762,history,0
2026-03-13_1439975_U_36,0.15973216,history,0
2026-03-13_1439975_U_37,0.20287208,history,0
2026-03-13_1439975_U_38,0.18330657,history,0
2026-03-13_1439975_U_39,0.15608542,history,0
2026-03-13_1439975_U_4,0.13034002,history,0
2026-03-13_1439975_U_40,0.14061114,history,1
2026-03-13_1439975_U_41,0.45187515,history,1
2026-03-13_1439975_U_42,0.23706266,history,0
2026-03-13_1439975_U_43,0.14685464,history,1
2026-03-13_1439975_U_44,0.16794495,history,1
2026-03-13_1439975_U_46,0.13724934,history,0
2026-03-13_1439975_U_47,0.17222624,history,1
2026-03-13_1439975_U_48,0.1557163,history,1
2026-03-13_1439975_U_49,0.16154824,history,1
2026-03-13_1439975_U_5,0.36968836,history,0
2026-03-13_1439975_U_50,0.17490172,history,1
2026-03-13_1439975_U_51,0.14797363,history,1
2026-03-13_1439975_U_52,0.13280165,history,1
2026-03-13_1439975_U_54,0.12136422,history,0
2026-03-13_1439975_U_56,0.18874773,history,0
2026-03-13_1439975_U_58,0.13418755,history,0
2026-03-13_1439975_U_59,0.15819442,history,1
2026-03-13_1439975_U_6,0.18124966,history,0
2026-03-13_1439975_U_62,0.16849467,history,0
2026-03-13_1439975_U_65,0.37611192,history,0
2026-03-13_1439975_U_66,0.18303454,history,0
2026-03-13_1439975_U_69,0.17774552,history,1
2026-03-13_1439975_U_7,0.17584023,history,0
2026-03-13_1439975_U_70,0.19225332,history,1
2026-03-13_1439975_U_72,0.17150813,history,1
2026-03-13_1439975_U_73,0.35041934,history,0
2026-03-13_1439975_U_75,0.4808299,history,1
2026-03-13_1439975_U_78,0.18354568,history,0
2026-03-13_1439975_U_79,0.19400404,history,1
2026-03-13_1439975_U_8,0.19919723,history,0
2026-03-13_1439975_U_84,0.19053674,history,1
2026-03-13_1439975_U_86,0.44362086,history,0
2026-03-13_1439975_U_88,0.1949045,history,1
2026-03-13_1439975_U_9,0.20644431,history,0
2026-03-13_1439975_U_92,0.24189103,history,1
2026-03-13_1439975_U_94,0.22725378,history,0
2026-03-13_1439975_U_95,0.30387184,history,0
2026-03-13_1439975_U_97,0.24508962,history,1
2026-03-13_1439975_U_98,0.18836415,history,0
2026-03-13_1441389_U_1,0.3492266,history,0
2026-03-13_1441389_U_12,2.1808653,history,0
2026-03-13_1441389_U_16,0.24245672,history,0
2026-03-13_1441389_U_19,0.33122668,history,1
2026-03-13_1441389_U_2,1.8880658,history,0
2026-03-13_1441389_U_20,0.718723,history,0
2026-03-13_1441389_U_21,2.0371237,history,0
2026-03-13_1441389_U_22,2.8068643,history,0
2026-03-13_1441389_U_3,1.9988296,history,0
2026-03-13_1441389_U_4,1.9046526,history,0
2026-03-13_1441389_U_5,1.7430696,history,0
2026-03-13_1441389_U_7,0.16102906,history,0
2026-03-13_1441389_U_9,1.9525411,history,0
2026-03-13_1474792_U_1,0.2886372,history,1
2026-03-13_1474792_U_10,0.18513924,history,0
2026-03-13_1474792_U_11,0.15301171,history,0
2026-03-13_1474792_U_12,0.35176843,history,1
2026-03-13_1474792_U_13,0.33576724,history,0
2026-03-13_1474792_U_15,0.27501276,history,0
2026-03-13_1474792_U_16,0.4900669,history,0
2026-03-13_1474792_U_19,0.15151137,history,1
2026-03-13_1474792_U_2,0.1714434,history,0
2026-03-13_1474792_U_21,0.14570512,history,0
2026-03-13_1474792_U_22,0.2125821,history,0
2026-03-13_1474792_U_23,0.12284182,history,0
2026-03-13_1474792_U_25,0.22518569,history,0
2026-03-13_1474792_U_26,0.22105756,history,1
2026-03-13_1474792_U_29,0.40465492,history,0
2026-03-13_1474792_U_30,0.7686257,history,0
2026-03-13_1474792_U_31,0.3912447,history,0
2026-03-13_1474792_U_32,0.2553136,history,0
2026-03-13_1474792_U_33,0.28013206,history,0
2026-03-13_1474792_U_34,0.3405385,history,0
2026-03-13_1474792_U_37,0.41456443,history,0
2026-03-13_1474792_U_38,0.22406846,history,0
2026-03-13_1474792_U_39,0.34120327,history,0
2026-03-13_1474792_U_5,0.23393491,history,0
2026-03-13_1474792_U_6,0.13096234,history,0
2026-03-13_1474792_U_7,0.21453092,history,1
2026-03-13_1474792_U_8,0.22201419,history,0
2026-03-13_1474793_U_1,0.14975938,history,0
2026-03-13_1474793_U_3,0.25473866,history,0
2026-03-13_1476582_U_1,0.2027732,history,1
2026-03-13_1476582_U_10,0.22318831,history,0
2026-03-13_1476582_U_11,0.43995136,history,0
2026-03-13_1476582_U_12,0.30525097,history,0
2026-03-13_1476582_U_13,0.1875641,history,0
2026-03-13_1476582_U_14,0.45564112,history,0
2026-03-13_1476582_U_17,0.24347489,history,0
2026-03-13_1476582_U_18,0.35657558,history,0
2026-03-13_1476582_U_19,0.3191232,history,0
2026-03-13_1476582_U_2,0.30899963,history,0
2026-03-13_1476582_U_20,0.5917434,history,0
2026-03-13_1476582_U_21,0.26551712,history,0
2026-03-13_1476582_U_22,0.34003505,history,0
2026-03-13_1476582_U_23,0.19195807,history,0
2026-03-13_1476582_U_24,0.8894061,history,0
2026-03-13_1476582_U_25,0.4727013,history,0
2026-03-13_1476582_U_26,0.22163978,history,1
2026-03-13_1476582_U_30,0.7593948,history,0
2026-03-13_1476582_U_31,0.29971132,history,0
2026-03-13_1476582_U_32,1.0747207,history,0
2026-03-13_1476582_U_33,0.36480254,history,0
2026-03-13_1476582_U_34,0.60345376,history,0
2026-03-13_1476582_U_35,0.70180935,history,0
2026-03-13_1476582_U_36,0.40137017,history,0
2026-03-13_1476582_U_37,0.40003058,history,0
2026-03-13_1476582_U_38,1.195652,history,1
2026-03-13_1476582_U_4,0.40985975,history,1
2026-03-13_1476582_U_5,0.8659234,history,0
2026-03-13_1476582_U_6,0.2497086,history,0
2026-03-13_1476582_U_7,0.20708208,history,0
2026-03-13_1476582_U_8,0.34458262,history,0
2026-03-13_1476582_U_9,0.61321855,history,0
2026-03-13_1476584_U_1,0.5030731,history,0
2026-03-13_1476584_U_10,0.2077862,history,0
2026-03-13_1476584_U_12,0.6820018,history,1
2026-03-13_1476584_U_13,0.6059225,history,0
2026-03-13_1476584_U_14,0.26224184,history,0
2026-03-13_1476584_U_2,0.3309613,history,0
2026-03-13_1476584_U_3,0.22666165,history,0
2026-03-13_1476584_U_7,0.15493259,history,0
2026-03-13_1476584_U_8,0.18865061,history,1
2026-03-13_1477764_U_1,0.3265127,history,0
2026-03-13_1477764_U_10,0.12916553,history,0
2026-03-13_1477764_U_13,0.12532973,history,0
2026-03-13_1477764_U_14,0.102557376,history,0
2026-03-13_1477764_U_15,0.16701949,history,0
2026-03-13_1477764_U_16,0.12393414,history,0
2026-03-13_1477764_U_17,0.17425375,history,0
2026-03-13_1477764_U_18,0.5000701,history,0
2026-03-13_1477764_U_19,0.21898624,history,1
2026-03-13_1477764_U_2,0.13145728,history,0
2026-03-13_1477764_U_20,0.17593771,history,1
2026-03-13_1477764_U_21,0.16347596,history,0
2026-03-13_1477764_U_22,0.22016665,history,0
2026-03-13_1477764_U_23,0.19623566,history,0
2026-03-13_1477764_U_24,0.32227632,history,0
2026-03-13_1477764_U_27,0.16996819,history,0
2026-03-13_1477764_U_28,0.21081786,history,0
2026-03-13_1477764_U_29,0.40187097,history,0
2026-03-13_1477764_U_3,0.16992015,history,0
2026-03-13_1477764_U_30,0.52043337,history,0
2026-03-13_1477764_U_31,0.15479076,history,0
2026-03-13_1477764_U_32,0.13499355,history,0
2026-03-13_1477764_U_33,0.18481669,history,0
2026-03-13_1477764_U_34,0.13352363,history,0
2026-03-13_1477764_U_35,0.18960223,history,0
2026-03-13_1477764_U_36,0.369671,history,0
2026-03-13_1477764_U_37,0.13279471,history,0
2026-03-13_1477764_U_38,0.096419595,history,0
2026-03-13_1477764_U_39,0.13108645,history,0
2026-03-13_1477764_U_4,0.16827786,history,0
2026-03-13_1477764_U_40,0.19145715,history,1
2026-03-13_1477764_U_41,0.15621516,history,0
2026-03-13_1477764_U_42,0.32257125,history,1
2026-03-13_1477764_U_43,0.109457806,history,0
2026-03-13_1477764_U_44,0.14021252,history,0
2026-03-13_1477764_U_45,0.15946198,history,0
2026-03-13_1477764_U_46,0.15591002,history,1
2026-03-13_1477764_U_47,0.18058467,history,0
2026-03-13_1477764_U_48,0.3544681,history,1
2026-03-13_1477764_U_49,0.098588765,history,0
2026-03-13_1477764_U_50,0.10565518,history,0
2026-03-13_1477764_U_51,0.19071358,history,0
2026-03-13_1477764_U_52,0.15137789,history,0
2026-03-13_1477764_U_53,0.16689909,history,0
2026-03-13_1477764_U_54,0.11084476,history,0
2026-03-13_1477764_U_55,0.10464531,history,0
2026-03-13_1477764_U_56,0.13012736,history,0
2026-03-13_1477764_U_57,0.13870804,history,1
2026-03-13_1477764_U_58,0.17092292,history,0
2026-03-13_1477764_U_59,0.11972159,history,0
2026-03-13_1477764_U_60,0.12912634,history,0
2026-03-13_1477764_U_61,0.121037275,history,0
2026-03-13_1477764_U_62,0.13600986,history,0
2026-03-13_1477764_U_63,0.13603704,history,1
2026-03-13_1477764_U_64,0.18337683,history,1
2026-03-13_1477764_U_65,0.12644969,history,0
2026-03-13_1477764_U_66,0.18048769,history,0
2026-03-13_1477764_U_67,0.16120897,history,0
2026-03-13_1477764_U_68,0.1993123,history,0
2026-03-13_1477764_U_7,0.17478845,history,0
2026-03-13_1477764_U_70,0.33106884,history,0
2026-03-13_1477764_U_71,0.36935145,history,0
2026-03-13_1477764_U_72,0.14670727,history,0
2026-03-13_1477764_U_73,0.20611608,history,0
2026-03-13_1477764_U_74,0.21129249,history,0
2026-03-13_1477764_U_75,0.31392798,history,0
2026-03-13_1477764_U_76,0.37859535,history,0
2026-03-13_1477764_U_77,0.19862716,history,1
2026-03-13_1477764_U_78,0.18163514,history,0
2026-03-13_1477764_U_79,0.106210254,history,0
2026-03-13_1477764_U_8,0.16027993,history,0
2026-03-13_1477764_U_80,0.17063987,history,0
2026-03-13_1477764_U_81,0.11176931,history,0
2026-03-13_1477764_U_82,0.27072296,history,0
2026-03-13_1477764_U_83,0.32407266,history,1
2026-03-13_1477764_U_84,0.1892471,history,0
2026-03-13_1477764_U_86,0.13369276,history,1
2026-03-13_1477764_U_87,0.10898938,history,0
2026-03-13_1477764_U_88,0.091462344,history,0
2026-03-13_1477764_U_89,0.0986585,history,0
2026-03-13_1477764_U_9,0.18839207,history,0
2026-03-13_1477764_U_90,0.08955684,history,0
2026-03-13_1477764_U_91,0.11429226,history,0
2026-03-13_1477764_U_92,0.14723706,history,1
2026-03-13_1477764_U_93,0.21921775,history,0
2026-03-13_1477764_U_94,0.26597643,history,0
2026-03-13_1477766_U_1,0.14016551,history,0
2026-03-13_1477766_U_10,0.19331071,history,0
2026-03-13_1477766_U_12,0.1193923,history,1
2026-03-13_1477766_U_13,0.1426317,history,0
2026-03-13_1477766_U_14,0.15179926,history,1
2026-03-13_1477766_U_15,0.14306909,history,0
2026-03-13_1477766_U_16,0.15742621,history,1
2026-03-13_1477766_U_17,0.15124404,history,0
2026-03-13_1477766_U_2,0.18452643,history,1
2026-03-13_1477766_U_25,0.22650819,history,0
2026-03-13_1477766_U_26,0.6646352,history,0
2026-03-13_1477766_U_27,0.43461847,history,0
2026-03-13_1477766_U_28,0.08754107,history,0
2026-03-13_1477766_U_3,0.1425977,history,0
2026-03-13_1477766_U_31,0.1593337,history,0
2026-03-13_1477766_U_4,0.1408388,history,0
2026-03-13_1477766_U_5,0.20464659,history,0
2026-03-13_1477766_U_6,0.30332777,history,0
2026-03-13_1477766_U_7,0.17241332,history,0
2026-03-13_1477767_U_1,0.24953422,history,0
2026-03-13_1477767_U_11,0.31780547,history,0
2026-03-13_1477767_U_14,0.905918,history,0
2026-03-13_1477767_U_15,0.11226752,history,0
2026-03-13_1477767_U_16,0.17830013,history,0
2026-03-13_1477767_U_18,0.2089495,history,0
2026-03-13_1477767_U_19,0.16399586,history,0
2026-03-13_1477767_U_2,0.18477127,history,0
2026-03-13_1477767_U_21,0.15181857,history,1
2026-03-13_1477767_U_22,0.15869161,history,0
2026-03-13_1477767_U_23,0.23970354,history,0
2026-03-13_1477767_U_24,0.23904929,history,0
2026-03-13_1477767_U_25,0.16492054,history,0
2026-03-13_1477767_U_26,0.13601306,history,0
2026-03-13_1477767_U_27,0.1965588,history,0
2026-03-13_1477767_U_28,0.26332378,history,0
2026-03-13_1477767_U_29,0.22276545,history,0
2026-03-13_1477767_U_3,0.14651732,history,0
2026-03-13_1477767_U_31,0.28065884,history,1
2026-03-13_1477767_U_32,0.786452,history,0
2026-03-13_1477767_U_33,0.8559154,history,0
2026-03-13_1477767_U_35,0.18799691,history,0
2026-03-13_1477767_U_36,0.21266723,history,0
2026-03-13_1477767_U_37,0.14520487,history,0
2026-03-13_1477767_U_38,0.13869275,history,0
2026-03-13_1477767_U_4,0.23913547,history,0
2026-03-13_1477767_U_40,0.19415991,history,0
2026-03-13_1477767_U_5,0.23429367,history,0
2026-03-13_1477767_U_7,0.24189088,history,0
2026-03-13_1477767_U_8,0.20683572,history,0
2026-03-13_1477768_U_1,0.13756683,history,0
2026-03-13_1477768_U_10,0.19875991,history,0
2026-03-13_1477768_U_11,0.3082239,history,0
2026-03-13_1477768_U_12,0.22676948,history,0
2026-03-13_1477768_U_13,0.14480868,history,0
2026-03-13_1477768_U_14,0.1544694,history,0
2026-03-13_1477768_U_15,0.20876539,history,0
2026-03-13_1477768_U_16,0.1432859,history,0
2026-03-13_1477768_U_17,0.4136084,history,1
2026-03-13_1477768_U_18,0.17492032,history,0
2026-03-13_1477768_U_19,0.42289954,history,0
2026-03-13_1477768_U_2,0.1760441,history,0
2026-03-13_1477768_U_20,0.4443128,history,0
2026-03-13_1477768_U_21,0.1510393,history,0
2026-03-13_1477768_U_22,0.16961578,history,0
2026-03-13_1477768_U_23,0.22130615,history,0
2026-03-13_1477768_U_24,0.21062545,history,0
2026-03-13_1477768_U_25,0.21862671,history,1
2026-03-13_1477768_U_26,0.14826709,history,0
2026-03-13_1477768_U_27,0.19953203,history,0
2026-03-13_1477768_U_3,0.21029294,history,0
2026-03-13_1477768_U_31,0.72840285,history,0
2026-03-13_1477768_U_33,0.23131323,history,1
2026-03-13_1477768_U_4,0.13059218,history,0
2026-03-13_1477768_U_41,0.29630595,history,0
2026-03-13_1477768_U_42,0.76240396,history,0
2026-03-13_1477768_U_43,0.1853842,history,1
2026-03-13_1477768_U_44,0.22558701,history,1
2026-03-13_1477768_U_45,0.26830584,history,0
2026-03-13_1477768_U_46,0.18842956,history,0
2026-03-13_1477768_U_47,0.24281487,history,0
2026-03-13_1477768_U_48,0.23075181,history,0
2026-03-13_1477768_U_49,0.17027465,history,0
2026-03-13_1477768_U_5,0.14242119,history,0
2026-03-13_1477768_U_50,0.2752334,history,0
2026-03-13_1477768_U_51,0.20544383,history,0
2026-03-13_1477768_U_52,0.14696717,history,1
2026-03-13_1477768_U_53,0.13950595,history,0
2026-03-13_1477768_U_54,0.52811396,history,0
2026-03-13_1477768_U_55,0.16901243,history,0
2026-03-13_1477768_U_56,0.139628,history,0
2026-03-13_1477768_U_57,0.23461115,history,0
2026-03-13_1477768_U_58,0.28884116,history,0
2026-03-13_1477768_U_6,0.16152802,history,0
2026-03-13_1477768_U_8,0.19518302,history,0
2026-03-13_1477768_U_9,0.42593288,history,0
2026-03-13_1477769_U_1,0.16129866,history,0
2026-03-13_1477769_U_10,0.2058296,history,0
2026-03-13_1477769_U_12,0.14008686,history,1
2026-03-13_1477769_U_13,0.12499067,history,0
2026-03-13_1477769_U_14,0.09988296,history,0
2026-03-13_1477769_U_15,0.11091685,history,0
2026-03-13_1477769_U_16,0.27068004,history,0
2026-03-13_1477769_U_17,0.11616065,history,0
2026-03-13_1477769_U_18,0.12133559,history,1
2026-03-13_1477769_U_2,0.124349974,history,0
2026-03-13_1477769_U_20,0.2909963,history,0
2026-03-13_1477769_U_21,0.0957371,history,0
2026-03-13_1477769_U_22,0.80398434,history,0
2026-03-13_1477769_U_24,0.18625486,history,0
2026-03-13_1477769_U_25,0.1838333,history,0
2026-03-13_1477769_U_26,0.11982571,history,0
2026-03-13_1477769_U_27,0.09621625,history,0
2026-03-13_1477769_U_28,0.1867789,history,0
2026-03-13_1477769_U_29,0.39951453,history,0
2026-03-13_1477769_U_3,0.11510603,history,0
2026-03-13_1477769_U_30,0.12905385,history,0
2026-03-13_1477769_U_31,0.5201011,history,1
2026-03-13_1477769_U_32,0.14739105,history,0
2026-03-13_1477769_U_33,2.0335526,history,0
2026-03-13_1477769_U_35,0.1849811,history,1
2026-03-13_1477769_U_36,0.25167322,history,0
2026-03-13_1477769_U_37,0.1084175,history,0
2026-03-13_1477769_U_38,0.17493634,history,0
2026-03-13_1477769_U_39,0.0910676,history,0
2026-03-13_1477769_U_4,0.12893826,history,0
2026-03-13_1477769_U_40,0.14910257,history,0
2026-03-13_1477769_U_41,0.18455759,history,0
2026-03-13_1477769_U_42,0.3381698,history,0
2026-03-13_1477769_U_43,0.23616251,history,0
2026-03-13_1477769_U_44,0.72371066,history,0
2026-03-13_1477769_U_46,0.33127546,history,1
2026-03-13_1477769_U_47,0.23719494,history,0
2026-03-13_1477769_U_48,0.31101912,history,0
2026-03-13_1477769_U_5,0.10770866,history,0
2026-03-13_1477769_U_6,0.17966661,history,0
2026-03-13_1477769_U_7,0.16707966,history,0
2026-03-13_1477769_U_8,0.27310836,history,0
2026-03-13_1477769_U_9,0.11873289,history,0
2026-03-13_1477770_U_1,0.36332124,history,0
2026-03-13_1477770_U_10,0.42413077,history,0
2026-03-13_1477770_U_11,0.33410227,history,1
2026-03-13_1477770_U_12,0.25382474,history,0
2026-03-13_1477770_U_13,0.7949939,history,1
2026-03-13_1477770_U_14,0.26992363,history,0
2026-03-13_1477770_U_15,0.56027937,history,0
2026-03-13_1477770_U_16,0.25608626,history,0
2026-03-13_1477770_U_17,0.57780397,history,0
2026-03-13_1477770_U_18,2.7831373,history,0
2026-03-13_1477770_U_2,0.87270164,history,1
2026-03-13_1477770_U_3,0.46171412,history,0
2026-03-13_1477770_U_4,0.3416499,history,0
2026-03-13_1477770_U_5,0.4689108,history,0
2026-03-13_1477770_U_6,0.4048803,history,0
2026-03-13_1477770_U_7,0.31773502,history,0
2026-03-13_1477770_U_8,0.60675794,history,0
2026-03-13_1477770_U_9,0.6379436,history,0
2026-03-13_1481779_U_1,0.20857146,history,0
2026-03-13_1481779_U_10,0.16253446,history,0
2026-03-13_1481779_U_100,0.2389519,history,0
2026-03-13_1481779_U_102,0.11609318,history,0
2026-03-13_1481779_U_103,0.2810189,history,0
2026-03-13_1481779_U_104,0.12725513,history,0
2026-03-13_1481779_U_105,0.12445249,history,0
2026-03-13_1481779_U_106,0.12674671,history,0
2026-03-13_1481779_U_107,0.09970087,history,0
2026-03-13_1481779_U_108,0.24866638,history,0
2026-03-13_1481779_U_109,0.09119275,history,0
2026-03-13_1481779_U_110,0.1076532,history,0
2026-03-13_1481779_U_112,0.1569519,history,0
2026-03-13_1481779_U_113,0.15616523,history,0
2026-03-13_1481779_U_114,0.12816171,history,0
2026-03-13_1481779_U_117,0.20261195,history,0
2026-03-13_1481779_U_118,0.14311747,history,0
2026-03-13_1481779_U_119,0.11920965,history,0
2026-03-13_1481779_U_12,0.37445542,history,1
2026-03-13_1481779_U_120,0.07730382,history,0
2026-03-13_1481779_U_122,0.33072695,history,0
2026-03-13_1481779_U_123,0.2051518,history,0
2026-03-13_1481779_U_124,0.18183266,history,0
2026-03-13_1481779_U_126,0.15106647,history,0
2026-03-13_1481779_U_128,0.21360372,history,0
2026-03-13_1481779_U_13,0.18776444,history,0
2026-03-13_1481779_U_130,0.122139715,history,0
2026-03-13_1481779_U_14,0.23036425,history,0
2026-03-13_1481779_U_15,0.17971078,history,0
2026-03-13_1481779_U_16,0.112866305,history,0
2026-03-13_1481779_U_17,0.16914496,history,0
2026-03-13_1481779_U_18,0.43889278,history,0
2026-03-13_1481779_U_19,0.179915,history,0
2026-03-13_1481779_U_2,0.119332016,history,1
2026-03-13_1481779_U_20,0.39878273,history,0
2026-03-13_1481779_U_21,0.19175383,history,0
2026-03-13_1481779_U_22,0.13213427,history,0
2026-03-13_1481779_U_23,0.16287932,history,0
2026-03-13_1481779_U_24,0.1888098,history,0
2026-03-13_1481779_U_25,0.14814353,history,0
2026-03-13_1481779_U_28,0.9309982,history,0
2026-03-13_1481779_U_29,0.11844053,history,0
2026-03-13_1481779_U_3,0.18475549,history,0
2026-03-13_1481779_U_30,0.13912793,history,0
2026-03-13_1481779_U_31,0.16960883,history,0
2026-03-13_1481779_U_32,0.13911746,history,0
2026-03-13_1481779_U_33,0.16069286,history,0
2026-03-13_1481779_U_34,0.321055,history,0
2026-03-13_1481779_U_35,0.1535241,history,0
2026-03-13_1481779_U_36,0.14711389,history,0
2026-03-13_1481779_U_37,0.25943586,history,0
2026-03-13_1481779_U_38,0.26578873,history,0
2026-03-13_1481779_U_39,0.48608685,history,0
2026-03-13_1481779_U_4,0.14244859,history,0
2026-03-13_1481779_U_40,0.11914016,history,0
2026-03-13_1481779_U_41,0.13870859,history,0
2026-03-13_1481779_U_42,0.190783,history,0
2026-03-13_1481779_U_43,0.1330621,history,0
2026-03-13_1481779_U_44,0.116520755,history,0
2026-03-13_1481779_U_45,0.15930715,history,0
2026-03-13_1481779_U_46,0.21710214,history,0
2026-03-13_1481779_U_47,0.1312543,history,0
2026-03-13_1481779_U_48,0.14417261,history,0
2026-03-13_1481779_U_5,0.11936925,history,0
2026-03-13_1481779_U_50,0.12318967,history,0
2026-03-13_1481779_U_51,0.15990853,history,0
2026-03-13_1481779_U_52,0.09348899,history,0
2026-03-13_1481779_U_53,0.12872317,history,0
2026-03-13_1481779_U_54,0.13422565,history,0
2026-03-13_1481779_U_55,0.15843889,history,0
2026-03-13_1481779_U_56,0.16794658,history,0
2026-03-13_1481779_U_58,0.12632369,history,0
2026-03-13_1481779_U_59,0.14455172,history,0
2026-03-13_1481779_U_6,0.2124502,history,0
2026-03-13_1481779_U_60,0.12967014,history,0
2026-03-13_1481779_U_61,0.12521148,history,0
2026-03-13_1481779_U_62,0.1731743,history,0
2026-03-13_1481779_U_63,0.15933323,history,0
2026-03-13_1481779_U_64,0.13346244,history,0
2026-03-13_1481779_U_66,0.18075606,history,0
2026-03-13_1481779_U_67,0.17071292,history,0
2026-03-13_1481779_U_68,0.10906194,history,0
2026-03-13_1481779_U_69,0.09849329,history,0
2026-03-13_1481779_U_7,0.1081874,history,0
2026-03-13_1481779_U_71,0.15709743,history,0
2026-03-13_1481779_U_72,0.10467771,history,0
2026-03-13_1481779_U_73,0.31567362,history,1
2026-03-13_1481779_U_74,0.18601166,history,0
2026-03-13_1481779_U_76,0.13470031,history,0
2026-03-13_1481779_U_77,0.10033129,history,0
2026-03-13_1481779_U_79,0.20883751,history,1
2026-03-13_1481779_U_8,0.31204396,history,0
2026-03-13_1481779_U_80,0.53507596,history,0
2026-03-13_1481779_U_81,0.37488937,history,1
2026-03-13_1481779_U_82,0.13966866,history,0
2026-03-13_1481779_U_83,0.08485281,history,0
2026-03-13_1481779_U_84,0.19722842,history,0
2026-03-13_1481779_U_85,0.13735792,history,0
2026-03-13_1481779_U_86,0.15321735,history,1
2026-03-13_1481779_U_87,0.17360815,history,0
2026-03-13_1481779_U_89,0.13926417,history,0
2026-03-13_1481779_U_90,0.1269484,history,0
2026-03-13_1481779_U_91,0.15962803,history,0
2026-03-13_1481779_U_92,0.14185765,history,0
2026-03-13_1481779_U_93,0.13102266,history,0
2026-03-13_1481779_U_95,1.1981103,history,0
2026-03-13_1481779_U_97,0.10766178,history,0
2026-03-13_1481779_U_98,0.07575245,history,0
2026-03-13_1481779_U_99,0.101436645,history,0
2026-03-14_1211316_S_1,0.2874543,history,0
2026-03-14_1211316_S_10,0.2173129,history,0
2026-03-14_1211316_S_11,0.19305307,history,0
2026-03-14_1211316_S_15,0.37096426,history,1
2026-03-14_1211316_S_16,0.27765507,history,0
2026-03-14_1211316_S_17,0.24062622,history,0
2026-03-14_1211316_S_18,0.26307333,history,0
2026-03-14_1211316_S_19,0.16874686,history,0
2026-03-14_1211316_S_2,0.16772583,history,0
2026-03-14_1211316_S_20,0.16202994,history,0
2026-03-14_1211316_S_21,0.2560593,history,1
2026-03-14_1211316_S_22,0.2675197,history,0
2026-03-14_1211316_S_23,0.1870818,history,0
2026-03-14_1211316_S_3,0.29085428,history,0
2026-03-14_1211316_S_4,0.2850458,history,0
2026-03-14_1211316_S_5,0.09183894,history,0
2026-03-14_1211316_S_6,0.23717442,history,0
2026-03-14_1211316_S_7,0.14944504,history,0
2026-03-14_1211318_S_1,0.17223626,history,0
2026-03-14_1211318_S_11,0.2566377,history,0
2026-03-14_1211318_S_12,0.2460064,history,1
2026-03-14_1211318_S_13,0.15276623,history,0
2026-03-14_1211318_S_14,0.23339598,history,0
2026-03-14_1211318_S_18,0.16276339,history,0
2026-03-14_1211318_S_19,0.15256006,history,0
2026-03-14_1211318_S_2,0.20294699,history,0
2026-03-14_1211318_S_20,0.3814245,history,0
2026-03-14_1211318_S_21,0.23925261,history,0
2026-03-14_1211318_S_22,0.19726968,history,1
2026-03-14_1211318_S_25,0.16089085,history,1
2026-03-14_1211318_S_29,0.2677172,history,1
2026-03-14_1211318_S_3,0.17206639,history,0
2026-03-14_1211318_S_30,0.22909407,history,0
2026-03-14_1211318_S_33,0.32644695,history,0
2026-03-14_1211318_S_34,0.22972737,history,0
2026-03-14_1211318_S_35,0.21943465,history,0
2026-03-14_1211318_S_36,0.25676116,history,0
2026-03-14_1211318_S_37,0.18662564,history,0
2026-03-14_1211318_S_39,0.3070155,history,0
2026-03-14_1211318_S_4,0.19127844,history,1
2026-03-14_1211318_S_40,0.19998705,history,0
2026-03-14_1211318_S_41,0.16945648,history,0
2026-03-14_1211318_S_42,0.1877483,history,0
2026-03-14_1211318_S_43,0.2221871,history,0
2026-03-14_1211318_S_44,0.41879183,history,0
2026-03-14_1211318_S_5,0.1530204,history,0
2026-03-14_1211318_S_6,0.15201727,history,1
2026-03-14_1211318_S_7,0.24848267,history,0
2026-03-14_1211318_S_8,0.21624112,history,1
2026-03-14_1211318_S_9,0.13631167,history,0
2026-03-14_1211354_S_1,0.7700035,history,0
2026-03-14_1211354_S_10,0.22093049,history,0
2026-03-14_1211354_S_11,0.14867856,history,0
2026-03-14_1211354_S_12,0.26772058,history,0
2026-03-14_1211354_S_13,0.60193104,history,0
2026-03-14_1211354_S_14,0.18886447,history,0
2026-03-14_1211354_S_15,0.5768766,history,0
2026-03-14_1211354_S_16,0.6092382,history,1
2026-03-14_1211354_S_17,0.2539788,history,0
2026-03-14_1211354_S_2,0.6704532,history,0
2026-03-14_1211354_S_4,0.4032577,history,0
2026-03-14_1211354_S_5,0.30062884,history,0
2026-03-14_1211354_S_6,0.65547234,history,0
2026-03-14_1211354_S_7,0.2807619,history,0
2026-03-14_1211354_S_8,0.38691935,history,0
2026-03-14_1211354_S_9,1.0358825,history,1
2026-03-14_1219443_S_1,0.47503632,history,1
2026-03-14_1219443_S_10,0.20364407,history,1
2026-03-14_1219443_S_13,0.1588663,history,0
2026-03-14_1219443_S_14,0.44426382,history,0
2026-03-14_1219443_S_15,0.30777827,history,1
2026-03-14_1219443_S_2,0.31328362,history,0
2026-03-14_1219443_S_3,0.22716016,history,0
2026-03-14_1219443_S_4,0.32761532,history,0
2026-03-14_1219443_S_5,0.2982028,history,0
2026-03-14_1219443_S_6,0.24835733,history,1
2026-03-14_1219450_S_1,0.27854604,history,1
2026-03-14_1219450_S_10,0.14828521,history,0
2026-03-14_1219450_S_11,0.3138411,history,0
2026-03-14_1219450_S_12,0.46386045,history,0
2026-03-14_1219450_S_13,0.38924927,history,1
2026-03-14_1219450_S_5,0.39549655,history,1
2026-03-14_1219450_S_8,0.29658383,history,0
2026-03-14_1219450_S_9,0.20634936,history,0
2026-03-14_1220192_S_1,0.46826452,history,1
2026-03-14_1220192_S_10,0.14900239,history,1
2026-03-14_1220192_S_11,0.1334579,history,0
2026-03-14_1220192_S_12,0.17393593,history,1
2026-03-14_1220192_S_14,0.1713777,history,1
2026-03-14_1220192_S_15,0.25325906,history,0
2026-03-14_1220192_S_18,0.20673344,history,0
2026-03-14_1220192_S_19,0.19837098,history,1
2026-03-14_1220192_S_2,0.4094789,history,0
2026-03-14_1220192_S_20,0.25897896,history,1
2026-03-14_1220192_S_21,0.20029256,history,0
2026-03-14_1220192_S_22,0.2111826,history,0
2026-03-14_1220192_S_23,0.19219208,history,1
2026-03-14_1220192_S_24,0.14986959,history,1
2026-03-14_1220192_S_25,0.18368244,history,0
2026-03-14_1220192_S_29,0.32304683,history,1
2026-03-14_1220192_S_3,0.26068026,history,1
2026-03-14_1220192_S_31,0.28929353,history,0
2026-03-14_1220192_S_37,0.5181216,history,0
2026-03-14_1220192_S_39,0.16026807,history,1
2026-03-14_1220192_S_4,0.40664977,history,1
2026-03-14_1220192_S_43,0.16619661,history,1
2026-03-14_1220192_S_44,0.19145295,history,1
2026-03-14_1220192_S_45,0.115998976,history,0
2026-03-14_1220192_S_47,0.35040292,history,1
2026-03-14_1220192_S_48,0.6661898,history,1
2026-03-14_1220192_S_5,0.60759085,history,0
2026-03-14_1220192_S_51,0.21059489,history,1
2026-03-14_1220192_S_52,0.36270648,history,0
2026-03-14_1220192_S_6,0.34564066,history,0
2026-03-14_1220192_S_7,0.3750729,history,0
2026-03-14_1220192_S_8,0.18735722,history,0
2026-03-14_1220192_S_9,0.2887401,history,0
2026-03-14_1235940_S_1,1.118639,history,1
2026-03-14_1235940_S_10,0.1800147,history,0
2026-03-14_1235940_S_11,1.5478859,history,1
2026-03-14_1235940_S_13,0.16676521,history,0
2026-03-14_1235940_S_14,0.10234162,history,0
2026-03-14_1235940_S_15,0.15038714,history,0
2026-03-14_1235940_S_16,0.22423083,history,0
2026-03-14_1235940_S_18,0.9306692,history,0
2026-03-14_1235940_S_3,0.9787741,history,1
2026-03-14_1235940_S_5,0.16714935,history,0
2026-03-14_1235940_S_7,0.7222589,history,1
2026-03-14_1235940_S_8,0.16176015,history,0
2026-03-14_1235940_S_9,0.119869485,history,0
2026-03-14_1246638_S_1,0.3065585,history,0
2026-03-14_1246638_S_11,0.31016093,history,1
2026-03-14_1246638_S_16,0.2949847,history,0
2026-03-14_1246638_S_17,0.39299798,history,0
2026-03-14_1246638_S_2,0.23739612,history,1
2026-03-14_1246638_S_20,0.23235974,history,1
2026-03-14_1246638_S_22,0.18206245,history,1
2026-03-14_1246638_S_23,0.18945114,history,0
2026-03-14_1246638_S_24,0.31431782,history,0
2026-03-14_1246638_S_26,0.24243584,history,1
2026-03-14_1246638_S_3,0.22673136,history,0
2026-03-14_1246638_S_4,0.23566715,history,0
2026-03-14_1246638_S_5,0.31716207,history,1
2026-03-14_1246638_S_6,0.22055887,history,1
2026-03-14_1246638_S_7,0.20545003,history,0
2026-03-14_1246638_S_8,0.15306756,history,0
2026-03-14_1246638_S_9,0.20868164,history,1
2026-03-14_1247857_S_1,0.44081455,history,0
2026-03-14_1247857_S_12,0.21364693,history,0
2026-03-14_1247857_S_13,0.2865248,history,0
2026-03-14_1247857_S_14,0.25079662,history,0
2026-03-14_1247857_S_15,0.2760447,history,0
2026-03-14_1247857_S_16,0.273275,history,0
2026-03-14_1247857_S_17,0.20901346,history,1
2026-03-14_1247857_S_19,0.22736129,history,0
2026-03-14_1247857_S_2,0.42153126,history,0
2026-03-14_1247857_S_20,0.36014658,history,0
2026-03-14_1247857_S_21,0.4444601,history,0
2026-03-14_1247857_S_23,0.17405985,history,0
2026-03-14_1247857_S_24,0.3373052,history,0
2026-03-14_1247857_S_25,0.27461785,history,0
2026-03-14_1247857_S_26,0.22660033,history,0
2026-03-14_1247857_S_27,0.6473855,history,0
2026-03-14_1247857_S_28,0.25509533,history,0
2026-03-14_1247857_S_29,0.33269837,history,0
2026-03-14_1247857_S_3,0.18705955,history,0
2026-03-14_1247857_S_30,0.27413952,history,1
2026-03-14_1247857_S_33,0.24806446,history,0
2026-03-14_1247857_S_34,0.20262311,history,0
2026-03-14_1247857_S_35,0.17124361,history,0
2026-03-14_1247857_S_36,0.13695061,history,0
2026-03-14_1247857_S_37,0.20613603,history,0
2026-03-14_1247857_S_38,0.23891619,history,0
2026-03-14_1247857_S_4,0.2939262,history,0
2026-03-14_1247857_S_42,0.27682215,history,0
2026-03-14_1247857_S_43,0.18183243,history,0
2026-03-14_1247857_S_44,0.16684666,history,0
2026-03-14_1247857_S_45,0.34520766,history,0
2026-03-14_1247857_S_46,0.23214403,history,0
2026-03-14_1247857_S_47,0.26356453,history,1
2026-03-14_1247857_S_48,0.30130443,history,0
2026-03-14_1247857_S_49,0.25459987,history,0
2026-03-14_1247857_S_5,0.27543926,history,0
2026-03-14_1247857_S_50,0.32178876,history,0
2026-03-14_1247857_S_51,0.37907052,history,0
2026-03-14_1247857_S_52,0.28260562,history,0
2026-03-14_1247857_S_53,0.3193884,history,0
2026-03-14_1247857_S_54,0.2637065,history,0
2026-03-14_1247857_S_6,0.32705495,history,0
2026-03-14_1247857_S_9,0.3058685,history,1
2026-03-14_1247859_S_1,0.29987928,history,0
2026-03-14_1247859_S_10,0.2032837,history,0
2026-03-14_1247859_S_11,0.28482798,history,0
2026-03-14_1247859_S_12,0.31507057,history,0
2026-03-14_1247859_S_13,0.30095476,history,0
2026-03-14_1247859_S_14,0.2679208,history,0
2026-03-14_1247859_S_15,0.13957325,history,0
2026-03-14_1247859_S_16,0.292112,history,0
2026-03-14_1247859_S_17,0.18095988,history,0
2026-03-14_1247859_S_18,0.22459859,history,0
2026-03-14_1247859_S_19,0.28464314,history,0
2026-03-14_1247859_S_2,0.2917862,history,0
2026-03-14_1247859_S_20,0.23394912,history,0
2026-03-14_1247859_S_21,0.35728404,history,0
2026-03-14_1247859_S_22,0.35010916,history,0
2026-03-14_1247859_S_23,0.34385583,history,0
2026-03-14_1247859_S_3,0.22003011,history,0
2026-03-14_1247859_S_4,0.31154338,history,0
2026-03-14_1247859_S_5,0.24379459,history,0
2026-03-14_1247859_S_6,0.25266507,history,0
2026-03-14_1247859_S_7,0.20928638,history,0
2026-03-14_1247859_S_8,0.22582272,history,0
2026-03-14_1247859_S_9,0.3250605,history,0
2026-03-14_1247861_S_1,0.21912235,history,0
2026-03-14_1247861_S_10,0.2462345,history,0
2026-03-14_1247861_S_101,0.2905362,history,0
2026-03-14_1247861_S_102,0.384633,history,0
2026-03-14_1247861_S_103,0.269763,history,0
2026-03-14_1247861_S_11,0.25884056,history,0
2026-03-14_1247861_S_12,0.2367112,history,0
2026-03-14_1247861_S_13,0.26397574,history,0
2026-03-14_1247861_S_14,0.28346813,history,0
2026-03-14_1247861_S_15,0.36705583,history,0
2026-03-14_1247861_S_16,0.29561466,history,0
2026-03-14_1247861_S_17,0.37364468,history,0
2026-03-14_1247861_S_18,0.3171851,history,0
2026-03-14_1247861_S_19,0.30624366,history,0
2026-03-14_1247861_S_2,0.32550293,history,0
2026-03-14_1247861_S_20,0.193916,history,0
2026-03-14_1247861_S_26,0.1647884,history,1
2026-03-14_1247861_S_27,0.26432347,history,0
2026-03-14_1247861_S_28,0.22460036,history,0
2026-03-14_1247861_S_29,0.20281701,history,0
2026-03-14_1247861_S_3,0.29307947,history,1
2026-03-14_1247861_S_30,0.3422479,history,0
2026-03-14_1247861_S_31,0.2641799,history,0
2026-03-14_1247861_S_32,0.35312352,history,0
2026-03-14_1247861_S_33,0.18355791,history,0
2026-03-14_1247861_S_34,0.38944405,history,0
2026-03-14_1247861_S_35,0.30192733,history,0
2026-03-14_1247861_S_36,0.18507439,history,0
2026-03-14_1247861_S_37,0.27728266,history,0
2026-03-14_1247861_S_38,0.13175008,history,0
2026-03-14_1247861_S_39,0.2678364,history,0
2026-03-14_1247861_S_4,0.2648123,history,0
2026-03-14_1247861_S_40,0.34893584,history,0
2026-03-14_1247861_S_41,0.25609672,history,0
2026-03-14_1247861_S_42,0.22218117,history,0
2026-03-14_1247861_S_43,0.30456793,history,0
2026-03-14_1247861_S_45,0.2554744,history,0
2026-03-14_1247861_S_46,0.13294946,history,0
2026-03-14_1247861_S_48,0.266951,history,1
2026-03-14_1247861_S_5,0.27434304,history,0
2026-03-14_1247861_S_51,0.22571579,history,1
2026-03-14_1247861_S_54,0.29603332,history,0
2026-03-14_1247861_S_55,0.27100438,history,0
2026-03-14_1247861_S_56,0.27369642,history,0
2026-03-14_1247861_S_58,0.21170115,history,0
2026-03-14_1247861_S_59,0.36063048,history,0
2026-03-14_1247861_S_6,0.2092133,history,0
2026-03-14_1247861_S_60,0.15537357,history,1
2026-03-14_1247861_S_62,0.27914262,history,0
2026-03-14_1247861_S_63,0.32223147,history,0
2026-03-14_1247861_S_64,0.35599178,history,0
2026-03-14_1247861_S_65,0.30954832,history,0
2026-03-14_1247861_S_66,0.2671959,history,0
2026-03-14_1247861_S_67,0.29665047,history,1
2026-03-14_1247861_S_69,0.22777222,history,1
2026-03-14_1247861_S_7,0.12260501,history,0
2026-03-14_1247861_S_72,0.21091084,history,0
2026-03-14_1247861_S_81,0.27503198,history,0
2026-03-14_1247861_S_82,0.2184194,history,0
2026-03-14_1247861_S_83,0.24756926,history,0
2026-03-14_1247861_S_84,0.23734531,history,0
2026-03-14_1247861_S_86,0.4447701,history,0
2026-03-14_1247861_S_87,0.22017097,history,0
2026-03-14_1247861_S_88,0.35878775,history,0
2026-03-14_1247861_S_89,0.24468462,history,0
2026-03-14_1247861_S_9,0.25152907,history,0
2026-03-14_1247861_S_90,0.30622444,history,0
2026-03-14_1247861_S_91,0.27820265,history,0
2026-03-14_1247861_S_92,0.33336017,history,0
2026-03-14_1247861_S_93,0.20299691,history,1
2026-03-14_1247861_S_94,0.8469433,history,0
2026-03-14_1247861_S_95,0.24137555,history,0
2026-03-14_1247861_S_96,0.23551373,history,0
2026-03-14_1247864_S_1,0.36656615,history,1
2026-03-14_1247864_S_10,0.22832403,history,1
2026-03-14_1247864_S_12,0.3557895,history,0
2026-03-14_1247864_S_14,0.31335753,history,0
2026-03-14_1247864_S_15,0.26776263,history,0
2026-03-14_1247864_S_16,0.2840768,history,0
2026-03-14_1247864_S_17,0.35621104,history,0
2026-03-14_1247864_S_18,0.37024873,history,1
2026-03-14_1247864_S_19,0.45618615,history,0
2026-03-14_1247864_S_2,0.35758722,history,0
2026-03-14_1247864_S_20,0.23607168,history,1
2026-03-14_1247864_S_21,0.31826377,history,1
2026-03-14_1247864_S_22,0.2939439,history,0
2026-03-14_1247864_S_23,0.27344388,history,0
2026-03-14_1247864_S_24,0.3271041,history,0
2026-03-14_1247864_S_25,0.25812626,history,0
2026-03-14_1247864_S_26,0.45324153,history,0
2026-03-14_1247864_S_27,0.30487671,history,0
2026-03-14_1247864_S_28,0.21380818,history,1
2026-03-14_1247864_S_3,0.3692153,history,0
2026-03-14_1247864_S_31,0.1637324,history,0
2026-03-14_1247864_S_32,0.21580724,history,0
2026-03-14_1247864_S_34,0.26122028,history,0
2026-03-14_1247864_S_35,0.45497486,history,0
2026-03-14_1247864_S_36,0.29957193,history,0
2026-03-14_1247864_S_37,0.30707067,history,0
2026-03-14_1247864_S_38,0.2486572,history,0
2026-03-14_1247864_S_39,0.23738798,history,0
2026-03-14_1247864_S_4,0.35294217,history,0
2026-03-14_1247864_S_40,0.4313957,history,0
2026-03-14_1247864_S_41,0.23948202,history,1
2026-03-14_1247864_S_43,0.27838433,history,1
2026-03-14_1247864_S_46,0.2861152,history,0
2026-03-14_1247864_S_47,0.43734416,history,0
2026-03-14_1247864_S_48,0.4166754,history,0
2026-03-14_1247864_S_49,0.26133546,history,0
2026-03-14_1247864_S_5,0.26072505,history,0
2026-03-14_1247864_S_50,0.26178932,history,0
2026-03-14_1247864_S_51,0.28053707,history,0
2026-03-14_1247864_S_52,0.18695375,history,1
2026-03-14_1247864_S_53,0.42677444,history,1
2026-03-14_1247864_S_54,0.3378846,history,1
2026-03-14_1247864_S_56,0.375539,history,0
2026-03-14_1247864_S_57,0.19236505,history,0
2026-03-14_1247864_S_58,0.21028003,history,0
2026-03-14_1247864_S_59,0.25997943,history,0
2026-03-14_1247864_S_6,0.17930363,history,0
2026-03-14_1247864_S_60,0.30250454,history,0
2026-03-14_1247864_S_62,0.24095356,history,0
2026-03-14_1247864_S_63,0.2488383,history,0
2026-03-14_1247864_S_64,0.21595351,history,1
2026-03-14_1247864_S_65,0.21691474,history,0
2026-03-14_1247864_S_66,0.40133008,history,1
2026-03-14_1247864_S_67,0.3188284,history,0
2026-03-14_1247864_S_69,0.18544477,history,0
2026-03-14_1247864_S_7,0.17007695,history,0
2026-03-14_1247864_S_70,0.3026246,history,0
2026-03-14_1247864_S_71,0.33412457,history,0
2026-03-14_1247864_S_72,0.2477253,history,0
2026-03-14_1247864_S_73,0.26323646,history,0
2026-03-14_1247864_S_74,0.13060369,history,0
2026-03-14_1247864_S_75,0.19826663,history,0
2026-03-14_1247864_S_76,0.26315293,history,0
2026-03-14_1247864_S_77,0.22102672,history,0
2026-03-14_1247864_S_78,0.31519866,history,0
2026-03-14_1247864_S_80,0.46615243,history,0
2026-03-14_1247864_S_81,0.3101959,history,0
2026-03-14_1247865_S_1,0.17715913,history,0
2026-03-14_1247865_S_10,0.106647514,history,0
2026-03-14_1247865_S_11,0.09601127,history,0
2026-03-14_1247865_S_12,0.103718355,history,0
2026-03-14_1247865_S_13,0.10931726,history,0
2026-03-14_1247865_S_15,0.20989487,history,0
2026-03-14_1247865_S_16,0.17379713,history,0
2026-03-14_1247865_S_17,0.0700298,history,0
2026-03-14_1247865_S_18,0.0980026,history,0
2026-03-14_1247865_S_19,0.08890854,history,0
2026-03-14_1247865_S_2,0.09789266,history,0
2026-03-14_1247865_S_20,0.088051915,history,0
2026-03-14_1247865_S_21,0.11229308,history,0
2026-03-14_1247865_S_22,0.17156391,history,0
2026-03-14_1247865_S_23,0.122519955,history,0
2026-03-14_1247865_S_24,0.09185599,history,0
2026-03-14_1247865_S_25,0.102149054,history,0
2026-03-14_1247865_S_26,0.33108377,history,0
2026-03-14_1247865_S_27,0.11636528,history,0
2026-03-14_1247865_S_29,0.26168326,history,0
2026-03-14_1247865_S_3,0.092997395,history,0
2026-03-14_1247865_S_30,0.13796374,history,0
2026-03-14_1247865_S_31,0.116745666,history,0
2026-03-14_1247865_S_33,0.11545926,history,0
2026-03-14_1247865_S_34,0.082223274,history,0
2026-03-14_1247865_S_35,0.11953973,history,0
2026-03-14_1247865_S_36,0.15276355,history,0
2026-03-14_1247865_S_37,0.08598115,history,0
2026-03-14_1247865_S_38,0.18024087,history,0
2026-03-14_1247865_S_39,0.16137135,history,0
2026-03-14_1247865_S_4,0.113882914,history,0
2026-03-14_1247865_S_40,0.11201924,history,0
2026-03-14_1247865_S_41,0.12899159,history,0
2026-03-14_1247865_S_42,0.098180056,history,0
2026-03-14_1247865_S_43,0.089356005,history,0
2026-03-14_1247865_S_45,0.09077884,history,0
2026-03-14_1247865_S_46,0.069372326,history,0
2026-03-14_1247865_S_47,0.13539907,history,0
2026-03-14_1247865_S_49,0.08000265,history,0
2026-03-14_1247865_S_5,0.114165574,history,0
2026-03-14_1247865_S_50,0.23241165,history,0
2026-03-14_1247865_S_6,0.1030102,history,0
2026-03-14_1247865_S_7,0.111186974,history,0
2026-03-14_1247865_S_8,0.095248155,history,0
2026-03-14_1247865_S_9,0.13339576,history,0
2026-03-14_1247867_S_1,0.75927746,history,0
2026-03-14_1247867_S_10,0.60845965,history,0
2026-03-14_1247867_S_12,0.6330271,history,0
2026-03-14_1247867_S_13,0.5149268,history,0
2026-03-14_1247867_S_16,0.17627744,history,0
2026-03-14_1247867_S_17,0.6599042,history,0
2026-03-14_1247867_S_18,0.34840497,history,0
2026-03-14_1247867_S_19,0.6006329,history,0
2026-03-14_1247867_S_2,0.48753065,history,0
2026-03-14_1247867_S_20,0.5243852,history,0
2026-03-14_1247867_S_23,0.09128239,history,0
2026-03-14_1247867_S_24,0.4235979,history,0
2026-03-14_1247867_S_25,0.7778007,history,1
2026-03-14_1247867_S_27,0.65441906,history,0
2026-03-14_1247867_S_28,0.5586938,history,0
2026-03-14_1247867_S_29,0.5686927,history,0
2026-03-14_1247867_S_3,0.6112592,history,0
2026-03-14_1247867_S_31,0.7374902,history,1
2026-03-14_1247867_S_32,0.7253065,history,0
2026-03-14_1247867_S_33,0.50906575,history,0
2026-03-14_1247867_S_34,0.70247626,history,0
2026-03-14_1247867_S_35,0.6699409,history,0
2026-03-14_1247867_S_36,0.598624,history,0
2026-03-14_1247867_S_37,0.38180587,history,0
2026-03-14_1247867_S_38,0.43434137,history,1
2026-03-14_1247867_S_4,0.8745672,history,0
2026-03-14_1247867_S_41,0.62184024,history,1
2026-03-14_1247867_S_42,0.48238027,history,1
2026-03-14_1247867_S_5,0.5514866,history,0
2026-03-14_1247867_S_6,0.6330391,history,0
2026-03-14_1247867_S_9,0.6340729,history,0
2026-03-14_1247877_S_1,0.25152794,history,0
2026-03-14_1247877_S_10,0.24645561,history,0
2026-03-14_1247877_S_11,0.16514564,history,0
2026-03-14_1247877_S_12,0.16504636,history,0
2026-03-14_1247877_S_13,0.15494296,history,0
2026-03-14_1247877_S_14,0.13908848,history,1
2026-03-14_1247877_S_17,0.25264212,history,0
2026-03-14_1247877_S_18,0.19125092,history,0
2026-03-14_1247877_S_2,0.2447503,history,0
2026-03-14_1247877_S_20,0.24639764,history,0
2026-03-14_1247877_S_21,0.15046272,history,1
2026-03-14_1247877_S_22,0.16298537,history,0
2026-03-14_1247877_S_23,0.18201092,history,1
2026-03-14_1247877_S_24,0.16453367,history,1
2026-03-14_1247877_S_27,0.2978918,history,0
2026-03-14_1247877_S_28,0.21956962,history,0
2026-03-14_1247877_S_29,0.15474665,history,0
2026-03-14_1247877_S_3,0.17121004,history,0
2026-03-14_1247877_S_30,0.11480163,history,0
2026-03-14_1247877_S_31,0.17588478,history,0
2026-03-14_1247877_S_35,0.45120844,history,0
2026-03-14_1247877_S_37,0.68065834,history,1
2026-03-14_1247877_S_39,0.3667413,history,1
2026-03-14_1247877_S_4,0.27210107,history,0
2026-03-14_1247877_S_41,0.20637774,history,0
2026-03-14_1247877_S_42,0.16806035,history,1
2026-03-14_1247877_S_43,0.18570468,history,1
2026-03-14_1247877_S_44,0.19882119,history,0
2026-03-14_1247877_S_45,0.20730889,history,0
2026-03-14_1247877_S_46,0.16275397,history,1
2026-03-14_1247877_S_47,0.21218273,history,0
2026-03-14_1247877_S_48,0.34811395,history,0
2026-03-14_1247877_S_49,0.22589825,history,0
2026-03-14_1247877_S_5,0.1379517,history,1
2026-03-14_1247877_S_50,0.2553264,history,0
2026-03-14_1247877_S_51,0.46723598,history,0
2026-03-14_1247877_S_52,0.2639112,history,0
2026-03-14_1247877_S_7,0.14394745,history,0
2026-03-14_1247877_S_8,0.19867074,history,1
2026-03-14_1247877_S_9,0.26044223,history,0
2026-03-14_1247878_S_4,0.3361947,history,1
2026-03-14_1247879_S_1,2.6390483,history,0
2026-03-14_1247879_S_10,0.25526124,history,1
2026-03-14_1247879_S_17,0.277184,history,0
2026-03-14_1247879_S_20,0.29815665,history,0
2026-03-14_1247879_S_21,0.3653971,history,0
2026-03-14_1247879_S_23,0.22181523,history,1
2026-03-14_1247879_S_24,0.37159222,history,1
2026-03-14_1247879_S_26,0.30535302,history,0
2026-03-14_1247879_S_27,0.73935175,history,0
2026-03-14_1247879_S_30,1.2133808,history,0
2026-03-14_1247879_S_31,0.6519799,history,0
2026-03-14_1247879_S_33,0.5009833,history,0
2026-03-14_1247879_S_34,0.3162175,history,1
2026-03-14_1247879_S_39,0.59400713,history,1
2026-03-14_1247879_S_4,0.24231076,history,1
2026-03-14_1247879_S_40,0.43502927,history,1
2026-03-14_1247879_S_42,0.5829468,history,0
2026-03-14_1247879_S_43,0.35026288,history,0
2026-03-14_1247879_S_45,0.38274682,history,0
2026-03-14_1247879_S_46,0.36790952,history,1
2026-03-14_1247879_S_48,1.1980113,history,0
2026-03-14_1247879_S_52,0.38677162,history,1
2026-03-14_1247879_S_54,0.43000674,history,1
2026-03-14_1247879_S_56,0.6953385,history,0
2026-03-14_1247879_S_58,0.49428952,history,0
2026-03-14_1247879_S_6,0.5826924,history,0
2026-03-14_1247879_S_62,1.2131771,history,0
2026-03-14_1247879_S_7,0.25709328,history,0
2026-03-14_1247879_S_9,0.23671293,history,0
2026-03-14_1247882_S_1,0.19686565,history,0
2026-03-14_1247882_S_10,0.28617033,history,0
2026-03-14_1247882_S_11,0.27769187,history,0
2026-03-14_1247882_S_12,0.29610583,history,1
2026-03-14_1247882_S_13,0.270311,history,0
2026-03-14_1247882_S_14,0.2051203,history,0
2026-03-14_1247882_S_15,0.24625508,history,0
2026-03-14_1247882_S_16,0.34018192,history,1
2026-03-14_1247882_S_17,0.3509133,history,1
2026-03-14_1247882_S_19,0.29205078,history,1
2026-03-14_1247882_S_22,0.2804893,history,0
2026-03-14_1247882_S_23,0.23131248,history,0
2026-03-14_1247882_S_24,0.3009851,history,0
2026-03-14_1247882_S_29,1.1105721,history,0
2026-03-14_1247882_S_30,0.473379,history,0
2026-03-14_1247882_S_31,0.29361537,history,0
2026-03-14_1247882_S_32,0.28537083,history,0
2026-03-14_1247882_S_33,0.27878553,history,0
2026-03-14_1247882_S_34,0.24106163,history,0
2026-03-14_1247882_S_35,0.43042403,history,1
2026-03-14_1247882_S_37,0.28341112,history,1
2026-03-14_1247882_S_39,0.18435264,history,0
2026-03-14_1247882_S_40,0.18947133,history,0
2026-03-14_1247882_S_41,0.19142446,history,0
2026-03-14_1247882_S_42,0.20699504,history,1
2026-03-14_1247882_S_43,0.18380117,history,1
2026-03-14_1247882_S_44,0.22077504,history,0
2026-03-14_1247882_S_45,0.20259754,history,1
2026-03-14_1247882_S_47,0.24930994,history,0
2026-03-14_1247882_S_48,0.43048167,history,0
2026-03-14_1247882_S_49,0.6180941,history,0
2026-03-14_1247882_S_5,0.5072511,history,0
2026-03-14_1247882_S_50,0.41183683,history,0
2026-03-14_1247882_S_51,0.24840686,history,1
2026-03-14_1247882_S_52,0.28657958,history,0
2026-03-14_1247882_S_53,0.28738987,history,0
2026-03-14_1247882_S_54,0.2840706,history,1
2026-03-14_1247882_S_55,0.24355161,history,1
2026-03-14_1247882_S_56,0.3092143,history,0
2026-03-14_1247882_S_57,0.7112551,history,0
2026-03-14_1247882_S_58,0.2504579,history,1
2026-03-14_1247882_S_59,0.16939919,history,1
2026-03-14_1247882_S_6,0.2853659,history,0
2026-03-14_1247882_S_62,0.23159373,history,0
2026-03-14_1247882_S_63,0.36782894,history,0
2026-03-14_1247882_S_64,0.21687528,history,0
2026-03-14_1247882_S_65,1.549571,history,0
2026-03-14_1247882_S_66,0.33967695,history,0
2026-03-14_1247882_S_67,0.53053784,history,1
2026-03-14_1247882_S_68,0.32111233,history,0
2026-03-14_1247882_S_69,0.3658495,history,1
2026-03-14_1247882_S_7,0.24971732,history,0
2026-03-14_1247882_S_71,0.23187363,history,0
2026-03-14_1247882_S_72,0.2611286,history,0
2026-03-14_1247882_S_73,0.25043356,history,0
2026-03-14_1247882_S_74,0.29979798,history,0
2026-03-14_1247882_S_75,0.23786645,history,1
2026-03-14_1247882_S_8,0.24916187,history,0
2026-03-14_1247882_S_9,0.38928586,history,1
2026-03-14_1247883_S_1,0.23014325,history,0
2026-03-14_1247883_S_10,0.23626415,history,0
2026-03-14_1247883_S_11,0.21477175,history,0
2026-03-14_1247883_S_12,0.17229414,history,0
2026-03-14_1247883_S_14,0.24688694,history,0
2026-03-14_1247883_S_15,0.21366172,history,1
2026-03-14_1247883_S_16,0.344308,history,0
2026-03-14_1247883_S_17,0.33521616,history,0
2026-03-14_1247883_S_18,0.17973351,history,0
2026-03-14_1247883_S_19,0.1626978,history,1
2026-03-14_1247883_S_2,0.21808639,history,0
2026-03-14_1247883_S_20,0.24061434,history,0
2026-03-14_1247883_S_21,0.16068022,history,0
2026-03-14_1247883_S_22,0.3286687,history,0
2026-03-14_1247883_S_23,0.20752475,history,0
2026-03-14_1247883_S_24,0.17998704,history,0
2026-03-14_1247883_S_25,0.1984671,history,0
2026-03-14_1247883_S_26,0.20421563,history,1
2026-03-14_1247883_S_3,0.31505007,history,0
2026-03-14_1247883_S_30,0.1845349,history,0
2026-03-14_1247883_S_31,0.19094017,history,0
2026-03-14_1247883_S_32,0.19338791,history,0
2026-03-14_1247883_S_33,0.21410039,history,0
2026-03-14_1247883_S_34,0.17961864,history,0
2026-03-14_1247883_S_35,0.28090924,history,0
2026-03-14_1247883_S_4,0.23180878,history,0
2026-03-14_1247883_S_42,0.2176691,history,0
2026-03-14_1247883_S_43,0.22835842,history,0
2026-03-14_1247883_S_44,0.18532094,history,0
2026-03-14_1247883_S_45,0.20627996,history,1
2026-03-14_1247883_S_46,0.1991335,history,0
2026-03-14_1247883_S_47,0.2897069,history,0
2026-03-14_1247883_S_48,0.2864715,history,0
2026-03-14_1247883_S_5,0.25544864,history,0
2026-03-14_1247883_S_51,0.25672084,history,0
2026-03-14_1247883_S_52,0.26691347,history,0
2026-03-14_1247883_S_53,0.19559644,history,0
2026-03-14_1247883_S_54,0.21897912,history,0
2026-03-14_1247883_S_55,0.2771851,history,0
2026-03-14_1247883_S_56,0.25360268,history,0
2026-03-14_1247883_S_58,0.20642881,history,0
2026-03-14_1247883_S_59,0.3067017,history,0
2026-03-14_1247883_S_6,0.1493685,history,0
2026-03-14_1247883_S_60,0.32775474,history,0
2026-03-14_1247883_S_61,0.2440664,history,0
2026-03-14_1247883_S_62,0.31047136,history,0
2026-03-14_1247883_S_64,0.4343515,history,1
2026-03-14_1247883_S_66,0.32582968,history,0
2026-03-14_1247883_S_67,0.31564763,history,0
2026-03-14_1247883_S_68,0.35967728,history,0
2026-03-14_1247883_S_69,0.21271019,history,0
2026-03-14_1247883_S_7,0.21219109,history,0
2026-03-14_1247883_S_70,0.34077558,history,0
2026-03-14_1247883_S_71,0.26313183,history,0
2026-03-14_1247883_S_72,0.71674585,history,1
2026-03-14_1247883_S_73,0.7171499,history,0
2026-03-14_1247883_S_74,0.42153904,history,0
2026-03-14_1247883_S_75,0.38598287,history,1
2026-03-14_1247883_S_77,0.4999103,history,1
2026-03-14_1247883_S_78,0.29251978,history,0
2026-03-14_1247883_S_79,0.22015068,history,0
2026-03-14_1247883_S_8,0.19986516,history,0
2026-03-14_1247883_S_85,0.20896195,history,0
2026-03-14_1247883_S_9,0.18455988,history,0
2026-03-14_1247888_S_1,0.3512084,history,0
2026-03-14_1247888_S_11,0.6663569,history,1
2026-03-14_1247888_S_12,0.35889372,history,1
2026-03-14_1247888_S_14,0.33923706,history,1
2026-03-14_1247888_S_15,0.42449945,history,1
2026-03-14_1247888_S_16,0.45246825,history,1
2026-03-14_1247888_S_17,0.44176376,history,1
2026-03-14_1247888_S_18,0.4760518,history,0
2026-03-14_1247888_S_19,0.37995124,history,1
2026-03-14_1247888_S_2,0.4205312,history,0
2026-03-14_1247888_S_21,0.29613233,history,1
2026-03-14_1247888_S_22,0.5529002,history,1
2026-03-14_1247888_S_23,0.3325739,history,0
2026-03-14_1247888_S_24,0.52414453,history,0
2026-03-14_1247888_S_25,1.473517,history,1
2026-03-14_1247888_S_27,0.5454529,history,0
2026-03-14_1247888_S_28,0.40531597,history,0
2026-03-14_1247888_S_29,0.24914896,history,0
2026-03-14_1247888_S_3,0.64153326,history,1
2026-03-14_1247888_S_30,0.35641962,history,0
2026-03-14_1247888_S_31,0.46767664,history,0
2026-03-14_1247888_S_32,0.41521192,history,0
2026-03-14_1247888_S_33,0.39601716,history,0
2026-03-14_1247888_S_34,0.39934295,history,0
2026-03-14_1247888_S_4,0.29975167,history,0
2026-03-14_1247888_S_5,0.72649777,history,1
2026-03-14_1247888_S_6,0.45142478,history,1
2026-03-14_1247888_S_7,0.3411386,history,1
2026-03-14_1247888_S_8,0.29126808,history,1
2026-03-14_1247888_S_9,0.347195,history,1
2026-03-14_1247889_S_1,0.69243383,history,0
2026-03-14_1247889_S_10,0.35243094,history,1
2026-03-14_1247889_S_12,0.5985501,history,0
2026-03-14_1247889_S_13,0.52308935,history,0
2026-03-14_1247889_S_18,0.8632027,history,0
2026-03-14_1247889_S_19,0.7047304,history,0
2026-03-14_1247889_S_2,0.83189815,history,0
2026-03-14_1247889_S_20,0.9291825,history,1
2026-03-14_1247889_S_21,0.42908058,history,0
2026-03-14_1247889_S_22,0.4382751,history,0
2026-03-14_1247889_S_23,0.5539966,history,1
2026-03-14_1247889_S_24,0.49388844,history,0
2026-03-14_1247889_S_25,0.32973102,history,0
2026-03-14_1247889_S_26,0.47561428,history,1
2026-03-14_1247889_S_27,0.32679647,history,1
2026-03-14_1247889_S_29,0.3244273,history,1
2026-03-14_1247889_S_3,0.5239804,history,0
2026-03-14_1247889_S_30,0.29940242,history,0
2026-03-14_1247889_S_31,0.23912834,history,1
2026-03-14_1247889_S_32,0.26115656,history,1
2026-03-14_1247889_S_33,0.4983976,history,0
2026-03-14_1247889_S_34,0.6328415,history,0
2026-03-14_1247889_S_35,0.5150662,history,1
2026-03-14_1247889_S_36,0.28955457,history,1
2026-03-14_1247889_S_39,0.4166158,history,0
2026-03-14_1247889_S_4,0.5398176,history,1
2026-03-14_1247889_S_40,0.4414321,history,0
2026-03-14_1247889_S_41,0.24686156,history,1
2026-03-14_1247889_S_42,0.35015425,history,1
2026-03-14_1247889_S_45,0.56541014,history,0
2026-03-14_1247889_S_46,0.4812972,history,0
2026-03-14_1247889_S_47,0.7283546,history,0
2026-03-14_1247889_S_48,0.340931,history,1
2026-03-14_1247889_S_5,1.361743,history,1
2026-03-14_1247889_S_51,0.44463754,history,0
2026-03-14_1247889_S_53,0.38358492,history,1
2026-03-14_1247889_S_54,0.24026272,history,1
2026-03-14_1247889_S_55,1.2650347,history,1
2026-03-14_1247889_S_58,0.6063184,history,0
2026-03-14_1247889_S_59,0.78630036,history,0
2026-03-14_1247889_S_6,1.0724168,history,0
2026-03-14_1247889_S_60,0.38198614,history,1
2026-03-14_1247889_S_61,0.294903,history,1
2026-03-14_1247889_S_63,0.3601994,history,0
2026-03-14_1247889_S_64,0.42634603,history,0
2026-03-14_1247889_S_65,0.29787078,history,1
2026-03-14_1247889_S_66,0.42653543,history,1
2026-03-14_1247889_S_67,0.77129483,history,1
2026-03-14_1247889_S_68,0.69116974,history,1
2026-03-14_1247889_S_69,0.45778608,history,1
2026-03-14_1247889_S_7,0.47085,history,0
2026-03-14_1247889_S_70,0.43119797,history,1
2026-03-14_1247889_S_72,0.46221465,history,0
2026-03-14_1247889_S_73,0.77262187,history,0
2026-03-14_1247889_S_74,1.0882828,history,0
2026-03-14_1247889_S_75,0.3034319,history,1
2026-03-14_1247889_S_79,0.5111025,history,1
2026-03-14_1247889_S_81,0.96194124,history,0
2026-03-14_1247889_S_84,0.37754744,history,0
2026-03-14_1247889_S_85,0.24318972,history,0
2026-03-14_1247889_S_86,0.49045116,history,0
2026-03-14_1247889_S_90,0.84591734,history,0
2026-03-14_1247889_S_93,0.51563185,history,0
2026-03-14_1257558_S_1,0.286585,history,0
2026-03-14_1257558_S_10,0.3304468,history,0
2026-03-14_1257558_S_11,0.2891245,history,0
2026-03-14_1257558_S_12,0.2907964,history,0
2026-03-14_1257558_S_13,0.26436135,history,0
2026-03-14_1257558_S_14,0.64399654,history,0
2026-03-14_1257558_S_15,0.28860176,history,0
2026-03-14_1257558_S_18,0.21045355,history,0
2026-03-14_1257558_S_19,0.23520562,history,0
2026-03-14_1257558_S_2,0.4204201,history,0
2026-03-14_1257558_S_20,0.29077157,history,0
2026-03-14_1257558_S_21,0.3383674,history,0
2026-03-14_1257558_S_22,0.19404063,history,0
2026-03-14_1257558_S_24,0.27595586,history,0
2026-03-14_1257558_S_25,0.17043257,history,0
2026-03-14_1257558_S_26,0.39053077,history,1
2026-03-14_1257558_S_28,0.28784615,history,0
2026-03-14_1257558_S_3,0.25026792,history,0
2026-03-14_1257558_S_30,0.35935494,history,0
2026-03-14_1257558_S_31,0.2821458,history,0
2026-03-14_1257558_S_32,0.2158572,history,1
2026-03-14_1257558_S_36,0.25239635,history,0
2026-03-14_1257558_S_4,0.2686163,history,0
2026-03-14_1257558_S_5,0.25759393,history,0
2026-03-14_1257558_S_6,0.2749866,history,0
2026-03-14_1257558_S_7,0.26230255,history,0
2026-03-14_1257558_S_8,0.27338967,history,0
2026-03-14_1257558_S_9,0.26468053,history,0
2026-03-14_1257562_S_1,0.53881717,history,0
2026-03-14_1257562_S_10,0.5413336,history,1
2026-03-14_1257562_S_11,0.3143222,history,0
2026-03-14_1257562_S_12,0.58149207,history,0
2026-03-14_1257562_S_13,0.5965351,history,0
2026-03-14_1257562_S_14,0.7177646,history,0
2026-03-14_1257562_S_15,1.0605557,history,0
2026-03-14_1257562_S_16,0.5046071,history,1
2026-03-14_1257562_S_19,0.73104525,history,0
2026-03-14_1257562_S_2,0.5583357,history,0
2026-03-14_1257562_S_20,0.55014914,history,0
2026-03-14_1257562_S_21,0.6159825,history,0
2026-03-14_1257562_S_22,0.62046266,history,1
2026-03-14_1257562_S_23,0.60882115,history,0
2026-03-14_1257562_S_25,0.5447932,history,1
2026-03-14_1257562_S_26,0.42017728,history,0
2026-03-14_1257562_S_27,0.4285614,history,0
2026-03-14_1257562_S_28,0.4398303,history,0
2026-03-14_1257562_S_29,0.5650268,history,1
2026-03-14_1257562_S_32,0.5639386,history,0
2026-03-14_1257562_S_39,0.7197765,history,1
2026-03-14_1257562_S_4,0.64939934,history,0
2026-03-14_1257562_S_40,0.67454594,history,0
2026-03-14_1257562_S_41,0.8146076,history,1
2026-03-14_1257562_S_45,0.6704651,history,0
2026-03-14_1257562_S_48,0.58153576,history,0
2026-03-14_1257562_S_49,0.46424612,history,0
2026-03-14_1257562_S_5,0.70677704,history,0
2026-03-14_1257562_S_50,0.34313723,history,1
2026-03-14_1257562_S_52,0.58122575,history,1
2026-03-14_1257562_S_55,0.8781516,history,0
2026-03-14_1257562_S_56,0.6974572,history,0
2026-03-14_1257562_S_57,0.7963494,history,1
2026-03-14_1257562_S_59,0.80174804,history,0
2026-03-14_1257562_S_7,0.48040494,history,0
2026-03-14_1257562_S_8,0.9222367,history,0
2026-03-14_1257562_S_9,0.43022984,history,1
2026-03-14_1257563_S_1,0.43356276,history,0
2026-03-14_1257563_S_10,0.328597,history,1
2026-03-14_1257563_S_11,0.47491282,history,1
2026-03-14_1257563_S_13,0.39799112,history,0
2026-03-14_1257563_S_14,0.6739032,history,0
2026-03-14_1257563_S_15,0.5068162,history,0
2026-03-14_1257563_S_16,0.6301944,history,1
2026-03-14_1257563_S_19,0.53704214,history,0
2026-03-14_1257563_S_2,0.3997732,history,0
2026-03-14_1257563_S_20,0.7809116,history,0
2026-03-14_1257563_S_21,0.459194,history,0
2026-03-14_1257563_S_22,0.5570509,history,1
2026-03-14_1257563_S_23,0.46679613,history,1
2026-03-14_1257563_S_25,0.46029186,history,0
2026-03-14_1257563_S_26,0.4254015,history,0
2026-03-14_1257563_S_27,0.4140376,history,0
2026-03-14_1257563_S_28,0.6339888,history,1
2026-03-14_1257563_S_3,1.0759094,history,0
2026-03-14_1257563_S_30,0.19208686,history,0
2026-03-14_1257563_S_31,0.57104135,history,0
2026-03-14_1257563_S_32,0.6970369,history,0
2026-03-14_1257563_S_34,0.6975856,history,0
2026-03-14_1257563_S_35,0.4991172,history,0
2026-03-14_1257563_S_36,0.48738608,history,0
2026-03-14_1257563_S_37,0.53936464,history,0
2026-03-14_1257563_S_38,0.544428,history,0
2026-03-14_1257563_S_39,0.44052312,history,1
2026-03-14_1257563_S_42,0.3436143,history,0
2026-03-14_1257563_S_43,0.83480024,history,0
2026-03-14_1257563_S_44,0.6579937,history,0
2026-03-14_1257563_S_45,0.35858637,history,0
2026-03-14_1257563_S_46,0.8032713,history,0
2026-03-14_1257563_S_48,0.27308467,history,0
2026-03-14_1257563_S_49,0.40218696,history,0
2026-03-14_1257563_S_51,0.7161765,history,0
2026-03-14_1257563_S_52,0.6224952,history,0
2026-03-14_1257563_S_53,0.3321758,history,0
2026-03-14_1257563_S_54,0.4662199,history,1
2026-03-14_1257563_S_56,0.42529246,history,0
2026-03-14_1257563_S_57,0.5067937,history,0
2026-03-14_1257563_S_58,0.8077049,history,1
2026-03-14_1257563_S_59,0.13509518,history,0
2026-03-14_1257563_S_7,0.4378068,history,1
2026-03-14_1257563_S_8,0.35696742,history,0
2026-03-14_1257563_S_9,1.0466199,history,0
2026-03-14_1284720_S_1,0.16910636,history,0
2026-03-14_1284720_S_10,0.21799386,history,1
2026-03-14_1284720_S_11,0.2468121,history,0
2026-03-14_1284720_S_12,0.331208,history,0
2026-03-14_1284720_S_13,0.18232416,history,0
2026-03-14_1284720_S_16,0.27108318,history,1
2026-03-14_1284720_S_2,0.17827004,history,0
2026-03-14_1284720_S_20,0.168697,history,0
2026-03-14_1284720_S_23,0.21308777,history,0
2026-03-14_1284720_S_24,0.22509596,history,1
2026-03-14_1284720_S_26,0.3105119,history,1
2026-03-14_1284720_S_27,0.22759038,history,1
2026-03-14_1284720_S_28,0.22477973,history,0
2026-03-14_1284720_S_4,0.17764883,history,0
2026-03-14_1284720_S_6,0.28945085,history,0
2026-03-14_1284720_S_7,0.29838789,history,0
2026-03-14_1285376_S_37,0.10064226,history,0
2026-03-14_1285376_S_43,0.14984843,history,0
2026-03-14_1285376_S_52,0.20954978,history,1
2026-03-14_1285376_S_68,0.14611444,history,0
2026-03-14_1285376_S_78,0.1435098,history,0
2026-03-14_1286285_S_1,0.9322478,history,1
2026-03-14_1286285_S_10,0.53185165,history,0
2026-03-14_1286285_S_11,0.44979715,history,0
2026-03-14_1286285_S_14,0.39019167,history,0
2026-03-14_1286285_S_17,0.40831158,history,1
2026-03-14_1286285_S_18,0.30142453,history,0
2026-03-14_1286285_S_19,1.339386,history,0
2026-03-14_1286285_S_20,0.307412,history,0
2026-03-14_1286285_S_3,0.2662496,history,0
2026-03-14_1286285_S_4,0.29379255,history,0
2026-03-14_1286285_S_5,0.32073146,history,0
2026-03-14_1286285_S_6,0.27368286,history,0
2026-03-14_1286285_S_7,0.24749021,history,0
2026-03-14_1286285_S_8,0.3421079,history,1
2026-03-14_1286287_S_1,0.35020286,history,0
2026-03-14_1286287_S_10,0.27063143,history,0
2026-03-14_1286287_S_11,1.9967036,history,0
2026-03-14_1286287_S_14,1.972383,history,0
2026-03-14_1286287_S_15,2.12009,history,0
2026-03-14_1286287_S_16,2.4380343,history,0
2026-03-14_1286287_S_2,2.15934,history,0
2026-03-14_1286287_S_3,1.8860048,history,0
2026-03-14_1286287_S_5,1.6279032,history,0
2026-03-14_1286287_S_9,2.0324612,history,0
2026-03-14_1289455_S_1,0.16873798,history,0
2026-03-14_1289455_S_10,0.09930899,history,0
2026-03-14_1289455_S_11,0.1626004,history,0
2026-03-14_1289455_S_12,0.12725425,history,0
2026-03-14_1289455_S_13,0.22896248,history,0
2026-03-14_1289455_S_14,0.09606507,history,0
2026-03-14_1289455_S_15,0.10790142,history,0
2026-03-14_1289455_S_16,0.15415767,history,0
2026-03-14_1289455_S_17,0.11127981,history,0
2026-03-14_1289455_S_18,0.13064165,history,0
2026-03-14_1289455_S_19,0.14655332,history,0
2026-03-14_1289455_S_2,0.099149734,history,0
2026-03-14_1289455_S_20,0.12938938,history,0
2026-03-14_1289455_S_21,0.14314997,history,0
2026-03-14_1289455_S_22,0.13214234,history,0
2026-03-14_1289455_S_23,0.1762222,history,0
2026-03-14_1289455_S_24,0.18131487,history,1
2026-03-14_1289455_S_25,0.16313425,history,0
2026-03-14_1289455_S_26,0.14696476,history,0
2026-03-14_1289455_S_27,0.17927435,history,0
2026-03-14_1289455_S_29,0.103764236,history,0
2026-03-14_1289455_S_3,0.14254783,history,0
2026-03-14_1289455_S_30,0.16106981,history,0
2026-03-14_1289455_S_31,0.12080493,history,0
2026-03-14_1289455_S_34,0.12078621,history,0
2026-03-14_1289455_S_35,0.17440717,history,0
2026-03-14_1289455_S_36,0.15233804,history,0
2026-03-14_1289455_S_37,0.14358245,history,0
2026-03-14_1289455_S_38,0.14422058,history,0
2026-03-14_1289455_S_39,0.11761396,history,0
2026-03-14_1289455_S_4,0.14536315,history,0
2026-03-14_1289455_S_40,0.10609116,history,0
2026-03-14_1289455_S_42,0.08925563,history,0
2026-03-14_1289455_S_43,0.12052032,history,0
2026-03-14_1289455_S_44,0.117366016,history,0
2026-03-14_1289455_S_45,0.108188316,history,0
2026-03-14_1289455_S_46,0.11675489,history,0
2026-03-14_1289455_S_47,0.13165997,history,0
2026-03-14_1289455_S_48,0.15851206,history,0
2026-03-14_1289455_S_49,0.08741264,history,0
2026-03-14_1289455_S_5,0.116259515,history,0
2026-03-14_1289455_S_50,0.11568281,history,0
2026-03-14_1289455_S_51,0.120643154,history,0
2026-03-14_1289455_S_52,0.15646519,history,0
2026-03-14_1289455_S_53,0.11395012,history,0
2026-03-14_1289455_S_55,0.12063055,history,0
2026-03-14_1289455_S_56,0.10134693,history,0
2026-03-14_1289455_S_57,0.1531485,history,0
2026-03-14_1289455_S_58,0.11107807,history,0
2026-03-14_1289455_S_59,0.16198482,history,0
2026-03-14_1289455_S_6,0.09050902,history,0
2026-03-14_1289455_S_60,0.068872586,history,0
2026-03-14_1289455_S_61,0.11621542,history,0
2026-03-14_1289455_S_62,0.16055897,history,0
2026-03-14_1289455_S_63,0.19039556,history,0
2026-03-14_1289455_S_65,0.11863297,history,0
2026-03-14_1289455_S_66,0.1531152,history,0
2026-03-14_1289455_S_7,0.14663778,history,0
2026-03-14_1289455_S_8,0.13988762,history,0
2026-03-14_1289455_S_9,0.16660611,history,0
2026-03-14_1289456_S_1,0.14450273,history,0
2026-03-14_1289456_S_10,0.27006572,history,0
2026-03-14_1289456_S_11,0.31025845,history,0
2026-03-14_1289456_S_12,0.19254291,history,0
2026-03-14_1289456_S_13,0.17312688,history,0
2026-03-14_1289456_S_14,0.1257132,history,0
2026-03-14_1289456_S_15,0.1657639,history,0
2026-03-14_1289456_S_16,0.15363371,history,0
2026-03-14_1289456_S_17,0.15992911,history,0
2026-03-14_1289456_S_18,0.35707456,history,0
2026-03-14_1289456_S_19,0.18281612,history,0
2026-03-14_1289456_S_2,0.18148026,history,0
2026-03-14_1289456_S_20,0.108641885,history,0
2026-03-14_1289456_S_21,0.115438305,history,0
2026-03-14_1289456_S_22,0.15030831,history,0
2026-03-14_1289456_S_23,0.12379712,history,0
2026-03-14_1289456_S_24,0.23477384,history,0
2026-03-14_1289456_S_25,0.24549425,history,0
2026-03-14_1289456_S_27,0.15376294,history,0
2026-03-14_1289456_S_28,0.1286829,history,0
2026-03-14_1289456_S_29,0.12748054,history,0
2026-03-14_1289456_S_3,0.18702158,history,0
2026-03-14_1289456_S_30,0.14966975,history,0
2026-03-14_1289456_S_31,0.24092571,history,0
2026-03-14_1289456_S_32,0.31856915,history,0
2026-03-14_1289456_S_33,0.08101328,history,0
2026-03-14_1289456_S_34,0.13831513,history,0
2026-03-14_1289456_S_35,0.09470753,history,0
2026-03-14_1289456_S_36,0.15122062,history,0
2026-03-14_1289456_S_37,0.11509931,history,0
2026-03-14_1289456_S_38,0.14525402,history,0
2026-03-14_1289456_S_39,0.15651622,history,0
2026-03-14_1289456_S_4,0.10801539,history,0
2026-03-14_1289456_S_40,0.13070378,history,0
2026-03-14_1289456_S_41,0.16112462,history,0
2026-03-14_1289456_S_42,0.1140342,history,0
2026-03-14_1289456_S_43,0.22739725,history,0
2026-03-14_1289456_S_44,0.14847222,history,0
2026-03-14_1289456_S_45,0.14452171,history,0
2026-03-14_1289456_S_5,0.120546125,history,0
2026-03-14_1289456_S_50,0.14069815,history,0
2026-03-14_1289456_S_51,0.16666493,history,0
2026-03-14_1289456_S_52,0.11561954,history,0
2026-03-14_1289456_S_53,0.23993811,history,0
2026-03-14_1289456_S_54,0.14829798,history,0
2026-03-14_1289456_S_55,0.44321847,history,0
2026-03-14_1289456_S_56,0.11553037,history,0
2026-03-14_1289456_S_57,0.21534306,history,0
2026-03-14_1289456_S_58,0.15792055,history,0
2026-03-14_1289456_S_59,0.17791359,history,0
2026-03-14_1289456_S_60,0.15773168,history,0
2026-03-14_1289456_S_61,0.19090009,history,0
2026-03-14_1289456_S_62,0.12489319,history,1
2026-03-14_1289456_S_63,0.18979155,history,0
2026-03-14_1289456_S_64,0.12672958,history,0
2026-03-14_1289456_S_65,0.21874385,history,0
2026-03-14_1289456_S_67,0.16412999,history,0
2026-03-14_1289456_S_68,0.09231951,history,1
2026-03-14_1289456_S_70,0.2693637,history,0
2026-03-14_1289456_S_74,0.40139318,history,0
2026-03-14_1289456_S_77,0.16015771,history,0
2026-03-14_1289456_S_78,0.3978177,history,0
2026-03-14_1289456_S_79,0.17895731,history,0
2026-03-14_1289456_S_83,0.1997515,history,1
2026-03-14_1289456_S_84,0.19686154,history,1
2026-03-14_1289456_S_85,0.118705265,history,0
2026-03-14_1289456_S_9,0.11057511,history,0
2026-03-14_1289701_S_1,0.45703483,history,0
2026-03-14_1289701_S_10,0.2646607,history,0
2026-03-14_1289701_S_12,0.32629633,history,0
2026-03-14_1289701_S_13,0.48805445,history,1
2026-03-14_1289701_S_14,0.39036688,history,0
2026-03-14_1289701_S_15,0.4797957,history,0
2026-03-14_1289701_S_16,0.33186316,history,0
2026-03-14_1289701_S_17,0.2671562,history,0
2026-03-14_1289701_S_18,0.31323004,history,0
2026-03-14_1289701_S_19,0.3913271,history,1
2026-03-14_1289701_S_2,0.22870383,history,0
2026-03-14_1289701_S_21,0.35242218,history,0
2026-03-14_1289701_S_22,0.3730956,history,0
2026-03-14_1289701_S_23,0.49213713,history,1
2026-03-14_1289701_S_24,0.44549346,history,1
2026-03-14_1289701_S_3,0.6247759,history,0
2026-03-14_1289701_S_4,0.44855863,history,0
2026-03-14_1289701_S_5,0.39313567,history,0
2026-03-14_1289701_S_8,0.19378921,history,0
2026-03-14_1289701_S_9,0.27846685,history,0
2026-03-14_1314437_S_1,0.26420146,history,0
2026-03-14_1314437_S_10,0.4158419,history,0
2026-03-14_1314437_S_11,0.25489244,history,0
2026-03-14_1314437_S_17,0.3553238,history,0
2026-03-14_1314437_S_18,0.2597374,history,0
2026-03-14_1314437_S_19,0.3322587,history,0
2026-03-14_1314437_S_2,0.2456393,history,0
2026-03-14_1314437_S_3,0.6897849,history,0
2026-03-14_1314437_S_31,0.1830048,history,0
2026-03-14_1314437_S_32,0.21099797,history,0
2026-03-14_1314437_S_38,0.42158127,history,0
2026-03-14_1314437_S_39,0.2817617,history,0
2026-03-14_1314437_S_4,0.33313316,history,0
2026-03-14_1314437_S_40,0.3540851,history,0
2026-03-14_1314437_S_41,0.24417922,history,0
2026-03-14_1314437_S_46,0.25227702,history,0
2026-03-14_1314437_S_47,0.24886255,history,0
2026-03-14_1314437_S_48,0.21056846,history,0
2026-03-14_1314437_S_49,0.25835097,history,0
2026-03-14_1314437_S_5,0.1567761,history,0
2026-03-14_1314437_S_51,0.17974469,history,0
2026-03-14_1314437_S_52,0.21312813,history,1
2026-03-14_1314437_S_53,0.28979832,history,0
2026-03-14_1314437_S_55,0.27199164,history,0
2026-03-14_1314437_S_56,0.24036759,history,1
2026-03-14_1314437_S_57,0.22223827,history,0
2026-03-14_1314437_S_58,0.27296257,history,0
2026-03-14_1314437_S_59,0.21240246,history,1
2026-03-14_1314437_S_60,0.23639385,history,0
2026-03-14_1314437_S_61,0.35951585,history,1
2026-03-14_1314437_S_62,0.25456744,history,1
2026-03-14_1314437_S_64,0.24095748,history,1
2026-03-14_1314437_S_65,0.30328992,history,0
2026-03-14_1314437_S_66,0.24843314,history,0
2026-03-14_1314437_S_67,0.37363777,history,1
2026-03-14_1314437_S_68,0.27364212,history,0
2026-03-14_1314437_S_69,0.14160931,history,0
2026-03-14_1314437_S_7,0.17113227,history,1
2026-03-14_1314437_S_70,0.28834933,history,1
2026-03-14_1314437_S_71,0.30682194,history,0
2026-03-14_1314437_S_72,0.3359848,history,0
2026-03-14_1314437_S_73,0.22902542,history,1
2026-03-14_1314437_S_74,0.494672,history,0
2026-03-14_1314437_S_75,0.32151413,history,0
2026-03-14_1314437_S_8,0.31020615,history,1
2026-03-14_1314437_S_9,0.3912693,history,0
2026-03-14_1314438_S_12,0.37579352,history,0
2026-03-14_1314438_S_13,0.2495279,history,0
2026-03-14_1314438_S_14,0.30644384,history,0
2026-03-14_1314438_S_15,0.38738507,history,0
2026-03-14_1314438_S_16,0.32437348,history,0
2026-03-14_1314438_S_17,0.16873018,history,0
2026-03-14_1314438_S_18,0.28580427,history,1
2026-03-14_1314438_S_19,0.5680698,history,0
2026-03-14_1314438_S_2,0.2936257,history,0
2026-03-14_1314438_S_20,0.21616122,history,0
2026-03-14_1314438_S_21,0.31402498,history,1
2026-03-14_1314438_S_22,0.31181479,history,0
2026-03-14_1314438_S_23,0.206968,history,0
2026-03-14_1314438_S_24,0.2557696,history,0
2026-03-14_1314438_S_25,0.22940634,history,0
2026-03-14_1314438_S_26,0.3591635,history,0
2026-03-14_1314438_S_27,0.22026078,history,1
2026-03-14_1314438_S_28,0.2041654,history,1
2026-03-14_1314438_S_3,0.32605156,history,0
2026-03-14_1314438_S_33,0.23937452,history,0
2026-03-14_1314438_S_34,0.19511448,history,0
2026-03-14_1314438_S_35,0.18065226,history,0
2026-03-14_1314438_S_36,0.23137775,history,0
2026-03-14_1314438_S_37,0.2937114,history,0
2026-03-14_1314438_S_38,0.19369787,history,1
2026-03-14_1314438_S_4,0.34604058,history,0
2026-03-14_1314438_S_41,0.27115119,history,0
2026-03-14_1314438_S_43,0.21129315,history,0
2026-03-14_1314438_S_44,0.22391117,history,0
2026-03-14_1314438_S_45,0.20311992,history,1
2026-03-14_1314438_S_47,0.193127,history,0
2026-03-14_1314438_S_48,0.2646114,history,0
2026-03-14_1314438_S_49,0.21150027,history,0
2026-03-14_1314438_S_5,0.32986042,history,0
2026-03-14_1314438_S_50,0.2652369,history,0
2026-03-14_1314438_S_51,0.29371744,history,0
2026-03-14_1314438_S_52,0.34428272,history,0
2026-03-14_1314438_S_53,0.24417508,history,0
2026-03-14_1314438_S_54,0.24191043,history,0
2026-03-14_1314438_S_55,0.30726254,history,0
2026-03-14_1314438_S_56,0.5000088,history,0
2026-03-14_1314438_S_57,0.31192404,history,0
2026-03-14_1314438_S_6,0.23454195,history,0
2026-03-14_1314438_S_62,0.51739454,history,0
2026-03-14_1314438_S_63,0.25859645,history,0
2026-03-14_1314438_S_64,0.23153874,history,0
2026-03-14_1314438_S_65,0.2781825,history,0
2026-03-14_1314438_S_66,0.2175318,history,0
2026-03-14_1314438_S_67,0.59995645,history,0
2026-03-14_1314438_S_68,0.33597153,history,0
2026-03-14_1314438_S_7,0.21598598,history,0
2026-03-14_1345046_U_45,0.5197577,history,0
2026-03-14_1355905_S_1,0.35455698,history,0
2026-03-14_1355905_S_10,0.36916727,history,0
2026-03-14_1355905_S_11,0.4900468,history,0
2026-03-14_1355905_S_12,0.3529807,history,0
2026-03-14_1355905_S_13,0.34117347,history,0
2026-03-14_1355905_S_14,0.32540023,history,0
2026-03-14_1355905_S_15,0.23622048,history,0
2026-03-14_1355905_S_16,0.24380788,history,0
2026-03-14_1355905_S_17,0.35790142,history,0
2026-03-14_1355905_S_18,0.36231714,history,0
2026-03-14_1355905_S_19,0.3592686,history,0
2026-03-14_1355905_S_2,0.26088545,history,0
2026-03-14_1355905_S_20,0.4153565,history,0
2026-03-14_1355905_S_21,0.2712046,history,0
2026-03-14_1355905_S_22,0.23075321,history,0
2026-03-14_1355905_S_23,0.2857707,history,0
2026-03-14_1355905_S_24,0.2723934,history,0
2026-03-14_1355905_S_3,0.25191966,history,0
2026-03-14_1355905_S_31,0.35530722,history,0
2026-03-14_1355905_S_32,0.33598328,history,0
2026-03-14_1355905_S_33,0.23697019,history,0
2026-03-14_1355905_S_34,0.35529983,history,1
2026-03-14_1355905_S_35,0.29790026,history,0
2026-03-14_1355905_S_36,0.2770332,history,1
2026-03-14_1355905_S_4,0.2608698,history,0
2026-03-14_1355905_S_5,0.2543057,history,0
2026-03-14_1355905_S_6,0.2968143,history,0
2026-03-14_1355905_S_7,0.31696746,history,0
2026-03-14_1355905_S_8,0.5037061,history,0
2026-03-14_1355905_S_9,0.23076002,history,0
2026-03-14_1357583_S_1,0.25645393,history,0
2026-03-14_1357583_S_101,0.22759625,history,0
2026-03-14_1357583_S_102,0.30332577,history,0
2026-03-14_1357583_S_105,0.8686709,history,1
2026-03-14_1357583_S_106,0.2086402,history,1
2026-03-14_1357583_S_107,0.24939375,history,0
2026-03-14_1357583_S_108,0.36780056,history,0
2026-03-14_1357583_S_109,0.69876975,history,0
2026-03-14_1357583_S_110,0.6116493,history,0
2026-03-14_1357583_S_12,0.118288025,history,0
2026-03-14_1357583_S_13,0.2048713,history,0
2026-03-14_1357583_S_14,0.28000462,history,1
2026-03-14_1357583_S_15,0.2383562,history,0
2026-03-14_1357583_S_16,0.26759034,history,0
2026-03-14_1357583_S_17,0.23393254,history,0
2026-03-14_1357583_S_18,0.27744007,history,0
2026-03-14_1357583_S_19,0.34702224,history,0
2026-03-14_1357583_S_2,0.20112447,history,0
2026-03-14_1357583_S_20,0.2860613,history,0
2026-03-14_1357583_S_22,0.25766796,history,0
2026-03-14_1357583_S_24,0.34762904,history,0
2026-03-14_1357583_S_25,0.24369667,history,0
2026-03-14_1357583_S_27,0.2191641,history,0
2026-03-14_1357583_S_28,0.19549581,history,0
2026-03-14_1357583_S_29,0.21872501,history,0
2026-03-14_1357583_S_30,0.24392919,history,0
2026-03-14_1357583_S_31,0.30165768,history,0
2026-03-14_1357583_S_32,0.5291096,history,0
2026-03-14_1357583_S_33,0.22255656,history,0
2026-03-14_1357583_S_34,0.25442156,history,0
2026-03-14_1357583_S_35,0.27562845,history,0
2026-03-14_1357583_S_36,0.3004171,history,0
2026-03-14_1357583_S_37,0.28581306,history,0
2026-03-14_1357583_S_38,0.23936749,history,0
2026-03-14_1357583_S_39,0.27196386,history,1
2026-03-14_1357583_S_4,0.2112028,history,1
2026-03-14_1357583_S_40,0.35455114,history,0
2026-03-14_1357583_S_42,0.26957348,history,1
2026-03-14_1357583_S_43,0.18967348,history,0
2026-03-14_1357583_S_44,0.956908,history,1
2026-03-14_1357583_S_46,0.2139687,history,0
2026-03-14_1357583_S_48,0.19525823,history,0
2026-03-14_1357583_S_49,0.2593068,history,0
2026-03-14_1357583_S_5,0.74392027,history,0
2026-03-14_1357583_S_50,0.23316208,history,0
2026-03-14_1357583_S_52,0.22482543,history,0
2026-03-14_1357583_S_53,0.2921539,history,1
2026-03-14_1357583_S_55,0.16368555,history,0
2026-03-14_1357583_S_56,0.14414911,history,1
2026-03-14_1357583_S_57,0.21117274,history,0
2026-03-14_1357583_S_58,0.30818987,history,0
2026-03-14_1357583_S_59,0.26549706,history,0
2026-03-14_1357583_S_6,0.22984394,history,0
2026-03-14_1357583_S_60,0.26512992,history,0
2026-03-14_1357583_S_61,0.31025225,history,1
2026-03-14_1357583_S_64,0.18243347,history,1
2026-03-14_1357583_S_68,0.3548609,history,1
2026-03-14_1357583_S_7,0.1598302,history,0
2026-03-14_1357583_S_70,0.31518364,history,0
2026-03-14_1357583_S_71,0.48496637,history,0
2026-03-14_1357583_S_72,0.36998212,history,0
2026-03-14_1357583_S_73,0.2227513,history,0
2026-03-14_1357583_S_74,0.2311734,history,0
2026-03-14_1357583_S_76,0.2728105,history,1
2026-03-14_1357583_S_77,0.20546696,history,1
2026-03-14_1357583_S_8,0.20707017,history,0
2026-03-14_1357583_S_81,0.36492652,history,0
2026-03-14_1357583_S_82,0.26181126,history,0
2026-03-14_1357583_S_83,0.24074951,history,0
2026-03-14_1357583_S_84,0.18947765,history,0
2026-03-14_1357583_S_85,0.23862216,history,0
2026-03-14_1357583_S_86,0.32014608,history,0
2026-03-14_1357583_S_87,0.26066577,history,0
2026-03-14_1357583_S_88,0.24216387,history,1
2026-03-14_1357583_S_91,0.2973896,history,0
2026-03-14_1357583_S_92,0.34421313,history,0
2026-03-14_1357583_S_95,0.23678546,history,0
2026-03-14_1357583_S_96,0.26966882,history,0
2026-03-14_1357583_S_97,0.3060056,history,1
2026-03-14_1357583_S_98,0.4756558,history,0
2026-03-14_1357583_S_99,0.36432785,history,0
2026-03-14_1365861_S_1,0.15891603,history,0
2026-03-14_1365861_S_10,0.13493663,history,0
2026-03-14_1365861_S_100,0.19914496,history,0
2026-03-14_1365861_S_101,0.18856719,history,1
2026-03-14_1365861_S_103,0.17010151,history,0
2026-03-14_1365861_S_104,0.16203547,history,0
2026-03-14_1365861_S_105,0.353693,history,0
2026-03-14_1365861_S_11,0.24922918,history,0
2026-03-14_1365861_S_12,0.14802662,history,0
2026-03-14_1365861_S_13,0.14296988,history,1
2026-03-14_1365861_S_14,0.3436445,history,0
2026-03-14_1365861_S_15,0.17011504,history,0
2026-03-14_1365861_S_16,0.20080173,history,0
2026-03-14_1365861_S_17,0.21630274,history,0
2026-03-14_1365861_S_18,0.14425384,history,0
2026-03-14_1365861_S_19,0.17920928,history,0
2026-03-14_1365861_S_2,0.21559235,history,0
2026-03-14_1365861_S_20,0.24061996,history,0
2026-03-14_1365861_S_21,0.103108935,history,0
2026-03-14_1365861_S_22,0.18253297,history,0
2026-03-14_1365861_S_23,0.18421617,history,0
2026-03-14_1365861_S_24,0.17429583,history,0
2026-03-14_1365861_S_25,0.1953932,history,0
2026-03-14_1365861_S_27,0.34823895,history,0
2026-03-14_1365861_S_28,0.29771763,history,0
2026-03-14_1365861_S_29,0.2568254,history,0
2026-03-14_1365861_S_3,0.18599145,history,0
2026-03-14_1365861_S_30,0.2275807,history,0
2026-03-14_1365861_S_31,0.22136115,history,0
2026-03-14_1365861_S_33,0.14575535,history,0
2026-03-14_1365861_S_34,0.15921694,history,0
2026-03-14_1365861_S_35,0.22710739,history,0
2026-03-14_1365861_S_36,0.10402876,history,0
2026-03-14_1365861_S_37,0.14823125,history,0
2026-03-14_1365861_S_38,0.15389684,history,0
2026-03-14_1365861_S_39,0.115129486,history,0
2026-03-14_1365861_S_4,0.15137964,history,0
2026-03-14_1365861_S_40,0.1668776,history,0
2026-03-14_1365861_S_41,0.17387633,history,0
2026-03-14_1365861_S_42,0.15925767,history,0
2026-03-14_1365861_S_43,0.15878412,history,0
2026-03-14_1365861_S_44,0.11886993,history,0
2026-03-14_1365861_S_46,0.20993823,history,0
2026-03-14_1365861_S_47,0.17583811,history,0
2026-03-14_1365861_S_48,0.2402977,history,0
2026-03-14_1365861_S_49,0.15605846,history,0
2026-03-14_1365861_S_5,0.1359221,history,0
2026-03-14_1365861_S_50,0.14752737,history,0
2026-03-14_1365861_S_51,0.16862452,history,0
2026-03-14_1365861_S_52,0.14228426,history,1
2026-03-14_1365861_S_53,0.17792523,history,0
2026-03-14_1365861_S_54,0.09038278,history,0
2026-03-14_1365861_S_55,0.11298345,history,0
2026-03-14_1365861_S_56,0.21735923,history,0
2026-03-14_1365861_S_57,0.18153511,history,0
2026-03-14_1365861_S_58,0.16744535,history,0
2026-03-14_1365861_S_59,0.15672961,history,0
2026-03-14_1365861_S_6,0.17946534,history,0
2026-03-14_1365861_S_60,0.12410113,history,1
2026-03-14_1365861_S_61,0.1592314,history,0
2026-03-14_1365861_S_62,0.16814862,history,1
2026-03-14_1365861_S_63,0.14079341,history,1
2026-03-14_1365861_S_64,0.19140211,history,0
2026-03-14_1365861_S_65,0.12916654,history,0
2026-03-14_1365861_S_66,0.14987087,history,0
2026-03-14_1365861_S_67,0.17179239,history,0
2026-03-14_1365861_S_68,0.15678844,history,0
2026-03-14_1365861_S_69,0.1919167,history,1
2026-03-14_1365861_S_7,0.11594455,history,0
2026-03-14_1365861_S_70,0.227368,history,0
2026-03-14_1365861_S_75,0.22457992,history,1
2026-03-14_1365861_S_76,0.13233104,history,0
2026-03-14_1365861_S_77,0.12633814,history,0
2026-03-14_1365861_S_78,0.17322129,history,1
2026-03-14_1365861_S_8,0.19326675,history,0
2026-03-14_1365861_S_80,0.12353067,history,1
2026-03-14_1365861_S_81,0.21221682,history,1
2026-03-14_1365861_S_83,0.2426769,history,0
2026-03-14_1365861_S_84,0.17186026,history,0
2026-03-14_1365861_S_85,0.1349388,history,1
2026-03-14_1365861_S_86,0.151588,history,1
2026-03-14_1365861_S_89,0.12722902,history,0
2026-03-14_1365861_S_9,0.1405098,history,0
2026-03-14_1365861_S_90,0.14808059,history,0
2026-03-14_1365861_S_91,0.19220316,history,1
2026-03-14_1365861_S_92,0.13292384,history,1
2026-03-14_1365861_S_94,0.22375336,history,1
2026-03-14_1365861_S_98,0.3809697,history,0
2026-03-14_1374663_U_118,0.2883219,history,0
2026-03-14_1374663_U_120,0.39385182,history,0
2026-03-14_1379485_U_112,0.36020002,history,0
2026-03-14_1402901_S_1,0.18419269,history,0
2026-03-14_1402901_S_12,0.18000631,history,0
2026-03-14_1402901_S_13,0.27888283,history,0
2026-03-14_1402901_S_15,0.1842862,history,1
2026-03-14_1402901_S_16,0.1101658,history,0
2026-03-14_1402901_S_17,0.20045942,history,0
2026-03-14_1402901_S_18,0.15427141,history,1
2026-03-14_1402901_S_2,0.1656771,history,0
2026-03-14_1402901_S_3,0.25416306,history,0
2026-03-14_1402901_S_4,0.17245553,history,0
2026-03-14_1402901_S_5,0.1506733,history,0
2026-03-14_1402901_S_6,0.17852573,history,1
2026-03-14_1402901_S_8,0.12746447,history,1
2026-03-14_1410627_S_1,0.2783408,history,0
2026-03-14_1410627_S_12,0.18619955,history,0
2026-03-14_1410627_S_13,0.20961432,history,1
2026-03-14_1410627_S_14,0.25411984,history,0
2026-03-14_1410627_S_18,0.2204989,history,0
2026-03-14_1410627_S_19,0.24714278,history,0
2026-03-14_1410627_S_2,0.22069126,history,1
2026-03-14_1410627_S_22,0.17736363,history,0
2026-03-14_1410627_S_23,0.25858015,history,0
2026-03-14_1410627_S_24,0.25509796,history,0
2026-03-14_1410627_S_26,0.17388177,history,0
2026-03-14_1410627_S_27,0.21973062,history,1
2026-03-14_1410627_S_28,0.17836945,history,0
2026-03-14_1410627_S_29,0.25997698,history,0
2026-03-14_1410627_S_3,0.22365102,history,0
2026-03-14_1410627_S_4,0.23243877,history,0
2026-03-14_1410627_S_5,0.184961,history,1
2026-03-14_1410627_S_6,0.297253,history,0
2026-03-14_1410627_S_7,0.124999486,history,0
2026-03-14_1410627_S_8,0.1487141,history,0
2026-03-14_1410627_S_9,0.158577,history,1
2026-03-14_1411585_U_65,0.4215477,history,1
2026-03-14_1413903_U_100,0.4305508,history,0
2026-03-14_1413903_U_86,0.1833819,history,0
2026-03-14_1413905_U_2,0.44365597,history,0
2026-03-14_1413905_U_3,0.9815468,history,0
2026-03-14_1413905_U_4,0.34758615,history,1
2026-03-14_1413905_U_6,0.5491568,history,0
2026-03-14_1437078_S_10,0.20214704,history,0
2026-03-14_1437078_S_11,0.21833122,history,0
2026-03-14_1437078_S_12,0.15630135,history,0
2026-03-14_1437078_S_13,0.21797583,history,1
2026-03-14_1437078_S_14,0.16710147,history,1
2026-03-14_1437078_S_15,0.10746311,history,0
2026-03-14_1437078_S_16,0.14423311,history,0
2026-03-14_1437078_S_17,0.1824889,history,0
2026-03-14_1437078_S_18,0.29028913,history,0
2026-03-14_1437078_S_19,0.12532403,history,0
2026-03-14_1437078_S_20,0.1155129,history,0
2026-03-14_1437078_S_21,0.12481671,history,0
2026-03-14_1437078_S_22,0.16201738,history,0
2026-03-14_1437078_S_23,0.4528877,history,0
2026-03-14_1437078_S_24,0.18073228,history,0
2026-03-14_1437078_S_25,0.1525216,history,0
2026-03-14_1437078_S_26,0.09563779,history,0
2026-03-14_1437078_S_27,0.12575205,history,0
2026-03-14_1437078_S_28,0.24209422,history,1
2026-03-14_1437078_S_29,0.18561134,history,0
2026-03-14_1437078_S_3,0.28452206,history,0
2026-03-14_1437078_S_30,0.2739517,history,0
2026-03-14_1437078_S_34,0.18859981,history,0
2026-03-14_1437078_S_35,0.16736636,history,0
2026-03-14_1437078_S_36,0.19744682,history,0
2026-03-14_1437078_S_37,0.33228752,history,1
2026-03-14_1437078_S_38,0.18747255,history,0
2026-03-14_1437078_S_39,0.22917938,history,1
2026-03-14_1437078_S_40,0.19292293,history,1
2026-03-14_1437078_S_41,0.123487175,history,0
2026-03-14_1437078_S_42,0.13557091,history,0
2026-03-14_1437078_S_43,0.11787611,history,0
2026-03-14_1437078_S_44,0.22786258,history,0
2026-03-14_1437078_S_45,0.18656495,history,0
2026-03-14_1437078_S_46,0.15065458,history,0
2026-03-14_1437078_S_5,0.1735735,history,0
2026-03-14_1437078_S_6,0.25854123,history,0
2026-03-14_1437078_S_7,0.2765802,history,0
2026-03-14_1437078_S_8,0.25189346,history,0
2026-03-14_1437078_S_9,0.15334037,history,1
2026-03-14_1481779_U_12,0.25704515,history,1
2026-03-14_1481779_U_40,0.20464894,history,0
2026-03-14_1481779_U_41,0.08395475,history,0
2026-03-15_1211281_D_1,0.24861221,history,1
2026-03-15_1211281_D_10,0.2505601,history,0
2026-03-15_1211281_D_11,0.20115279,history,0
2026-03-15_1211281_D_12,0.22862384,history,0
2026-03-15_1211281_D_13,0.24985772,history,0
2026-03-15_1211281_D_14,0.17358243,history,0
2026-03-15_1211281_D_2,0.27434745,history,0
2026-03-15_1211281_D_3,0.24840853,history,0
2026-03-15_1211281_D_4,0.39284134,history,1
2026-03-15_1211281_D_5,0.3563828,history,0
2026-03-15_1211281_D_6,0.24990094,history,0
2026-03-15_1211281_D_7,0.30204368,history,0
2026-03-15_1211281_D_9,0.21589166,history,1
2026-03-15_1219424_D_1,0.44101354,history,0
2026-03-15_1219424_D_10,0.45975825,history,0
2026-03-15_1219424_D_11,0.22856265,history,0
2026-03-15_1219424_D_2,0.24287048,history,0
2026-03-15_1219424_D_3,0.3964909,history,0
2026-03-15_1219424_D_4,0.2792438,history,0
2026-03-15_1219424_D_5,0.3594702,history,0
2026-03-15_1219424_D_6,0.30359602,history,0
2026-03-15_1219424_D_7,0.45441085,history,0
2026-03-15_1219424_D_8,0.4022035,history,0
2026-03-15_1219424_D_9,0.30232882,history,0
2026-03-15_1219426_D_1,0.25207332,history,0
2026-03-15_1219426_D_10,0.35649619,history,0
2026-03-15_1219426_D_11,0.23535916,history,0
2026-03-15_1219426_D_12,0.38803563,history,0
2026-03-15_1219426_D_13,0.30468985,history,0
2026-03-15_1219426_D_14,0.43778503,history,0
2026-03-15_1219426_D_2,0.21555701,history,0
2026-03-15_1219426_D_3,0.35736382,history,0
2026-03-15_1219426_D_4,0.2823063,history,0
2026-03-15_1219426_D_5,0.45685086,history,0
2026-03-15_1219426_D_6,0.25832286,history,0
2026-03-15_1219426_D_7,0.28024995,history,0
2026-03-15_1219426_D_8,0.3288832,history,0
2026-03-15_1219426_D_9,0.24166112,history,0
2026-03-15_1219428_D_1,0.36247748,history,0
2026-03-15_1219428_D_10,0.2944764,history,0
2026-03-15_1219428_D_11,0.58875394,history,0
2026-03-15_1219428_D_12,0.51022816,history,0
2026-03-15_1219428_D_2,0.2835932,history,0
2026-03-15_1219428_D_3,0.48617738,history,0
2026-03-15_1219428_D_4,0.35511798,history,0
2026-03-15_1219428_D_5,0.31872374,history,0
2026-03-15_1219428_D_6,0.37229937,history,0
2026-03-15_1219428_D_7,0.36213648,history,0
2026-03-15_1219428_D_8,0.36358202,history,0
2026-03-15_1219428_D_9,0.22385941,history,0
2026-03-15_1219433_D_1,2.5857522,history,0
2026-03-15_1219433_D_10,1.8373092,history,0
2026-03-15_1219433_D_11,2.9099844,history,0
2026-03-15_1219433_D_12,0.30842435,history,0
2026-03-15_1219433_D_13,0.43405613,history,0
2026-03-15_1219433_D_14,0.7776207,history,0
2026-03-15_1219433_D_15,2.3715568,history,0
2026-03-15_1219433_D_16,2.5325077,history,0
2026-03-15_1219433_D_17,1.9072747,history,0
2026-03-15_1219433_D_18,0.57346,history,0
2026-03-15_1219433_D_2,2.5806854,history,0
2026-03-15_1219433_D_3,2.0057824,history,0
2026-03-15_1219433_D_4,2.3572803,history,0
2026-03-15_1219433_D_5,0.35605735,history,0
2026-03-15_1219433_D_6,1.9630935,history,0
2026-03-15_1219433_D_9,0.27613994,history,0
2026-03-15_1235939_D_1,0.8483986,history,0
2026-03-15_1235939_D_10,0.77945936,history,0
2026-03-15_1235939_D_11,0.9379436,history,1
2026-03-15_1235939_D_13,0.17918551,history,0
2026-03-15_1235939_D_15,0.8838221,history,0
2026-03-15_1235939_D_17,0.32398188,history,0
2026-03-15_1235939_D_2,1.0402455,history,0
2026-03-15_1235939_D_3,1.0090628,history,0
2026-03-15_1235939_D_4,0.7226655,history,0
2026-03-15_1235939_D_5,1.1613494,history,0
2026-03-15_1235939_D_6,1.0036876,history,1
2026-03-15_1235939_D_7,0.9846275,history,0
2026-03-15_1235939_D_8,0.9904799,history,1
2026-03-15_1235939_D_9,1.0988886,history,0
2026-03-15_1246639_D_1,0.1471703,history,0
2026-03-15_1246639_D_11,0.38050783,history,0
2026-03-15_1246639_D_12,0.54376626,history,0
2026-03-15_1246639_D_13,0.3224619,history,0
2026-03-15_1246639_D_14,0.4961695,history,0
2026-03-15_1246639_D_18,0.38770533,history,0
2026-03-15_1246639_D_19,0.31627023,history,0
2026-03-15_1246639_D_2,0.29938647,history,0
2026-03-15_1246639_D_3,0.16855967,history,0
2026-03-15_1246639_D_4,0.33927608,history,0
2026-03-15_1246639_D_5,0.2691505,history,0
2026-03-15_1246639_D_6,0.26540077,history,0
2026-03-15_1246639_D_7,0.3463694,history,0
2026-03-15_1246639_D_8,0.1832692,history,0
2026-03-15_1246639_D_9,0.43400487,history,0
2026-03-15_1247861_S_104,0.3671193,history,0
2026-03-15_1247861_S_105,0.3800019,history,1
2026-03-15_1247861_S_106,0.33630824,history,0
2026-03-15_1247879_S_6,0.283728,history,1
2026-03-15_1247882_S_2,0.316349,history,1
2026-03-15_1247882_S_3,0.187147,history,0
2026-03-15_1247882_S_4,0.19321918,history,0
2026-03-15_1247883_S_80,0.23233175,history,0
2026-03-15_1247883_S_86,0.4986163,history,0
2026-03-15_1247883_S_87,0.20622683,history,0
2026-03-15_1247889_S_71,0.456248,history,1
2026-03-15_1247889_S_91,0.4288467,history,1
2026-03-15_1247889_S_92,0.6412151,history,0
2026-03-15_1247889_S_95,0.53695667,history,0
2026-03-15_1247894_D_1,0.5946003,history,0
2026-03-15_1247894_D_10,0.15025462,history,0
2026-03-15_1247894_D_12,0.22074358,history,0
2026-03-15_1247894_D_13,0.40960765,history,0
2026-03-15_1247894_D_15,0.26978225,history,0
2026-03-15_1247894_D_16,0.2238724,history,0
2026-03-15_1247894_D_17,0.24298076,history,0
2026-03-15_1247894_D_18,0.57298803,history,0
2026-03-15_1247894_D_19,0.18881659,history,0
2026-03-15_1247894_D_2,0.764485,history,0
2026-03-15_1247894_D_20,0.15556143,history,1
2026-03-15_1247894_D_21,0.18886897,history,0
2026-03-15_1247894_D_22,0.19742927,history,0
2026-03-15_1247894_D_23,0.3391647,history,0
2026-03-15_1247894_D_25,0.13840076,history,0
2026-03-15_1247894_D_26,0.21059518,history,0
2026-03-15_1247894_D_27,0.18308112,history,0
2026-03-15_1247894_D_28,0.44066855,history,0
2026-03-15_1247894_D_29,0.14760144,history,0
2026-03-15_1247894_D_3,0.5510279,history,0
2026-03-15_1247894_D_30,0.15193242,history,1
2026-03-15_1247894_D_32,0.18600439,history,0
2026-03-15_1247894_D_35,0.12431486,history,0
2026-03-15_1247894_D_37,0.50362027,history,0
2026-03-15_1247894_D_39,0.20042002,history,0
2026-03-15_1247894_D_4,0.50258434,history,0
2026-03-15_1247894_D_40,0.21211144,history,1
2026-03-15_1247894_D_41,0.59212613,history,0
2026-03-15_1247894_D_42,0.21028596,history,0
2026-03-15_1247894_D_43,0.16089702,history,0
2026-03-15_1247894_D_44,0.18071553,history,0
2026-03-15_1247894_D_45,0.3106856,history,0
2026-03-15_1247894_D_46,0.3444271,history,0
2026-03-15_1247894_D_47,0.24571013,history,0
2026-03-15_1247894_D_49,0.1713637,history,1
2026-03-15_1247894_D_51,0.16695057,history,0
2026-03-15_1247894_D_52,0.19631033,history,0
2026-03-15_1247894_D_53,0.12052836,history,0
2026-03-15_1247894_D_8,0.2154932,history,1
2026-03-15_1247897_D_1,0.5104587,history,0
2026-03-15_1247897_D_10,0.25219885,history,0
2026-03-15_1247897_D_15,0.3141347,history,0
2026-03-15_1247897_D_16,0.23302619,history,0
2026-03-15_1247897_D_17,0.3174804,history,0
2026-03-15_1247897_D_18,0.4199788,history,0
2026-03-15_1247897_D_19,0.29602924,history,0
2026-03-15_1247897_D_2,0.29104108,history,0
2026-03-15_1247897_D_21,0.34941137,history,0
2026-03-15_1247897_D_23,0.27474105,history,0
2026-03-15_1247897_D_24,0.26925752,history,0
2026-03-15_1247897_D_25,0.4972237,history,0
2026-03-15_1247897_D_26,0.3716186,history,0
2026-03-15_1247897_D_27,0.6121371,history,0
2026-03-15_1247897_D_3,0.43364608,history,0
2026-03-15_1247897_D_31,0.12552617,history,0
2026-03-15_1247897_D_32,0.27181643,history,0
2026-03-15_1247897_D_33,0.48070213,history,0
2026-03-15_1247897_D_34,0.31501943,history,0
2026-03-15_1247897_D_36,0.18359801,history,1
2026-03-15_1247897_D_38,0.2627492,history,0
2026-03-15_1247897_D_39,0.5280286,history,0
2026-03-15_1247897_D_4,0.37959573,history,0
2026-03-15_1247897_D_40,0.24303511,history,0
2026-03-15_1247897_D_41,0.7259709,history,0
2026-03-15_1247897_D_43,0.30549103,history,0
2026-03-15_1247897_D_44,0.27184328,history,0
2026-03-15_1247897_D_45,0.54285353,history,0
2026-03-15_1247897_D_46,0.22965905,history,0
2026-03-15_1247897_D_47,0.50760746,history,0
2026-03-15_1247897_D_48,0.70270216,history,0
2026-03-15_1247897_D_49,0.5359346,history,0
2026-03-15_1247897_D_50,0.22547853,history,0
2026-03-15_1247897_D_51,0.37865862,history,0
2026-03-15_1247897_D_54,0.48560995,history,1
2026-03-15_1247897_D_55,0.716184,history,0
2026-03-15_1247897_D_6,0.24930215,history,1
2026-03-15_1247897_D_8,0.37770045,history,0
2026-03-15_1247912_D_1,0.3715833,history,0
2026-03-15_1247912_D_10,0.17140236,history,0
2026-03-15_1247912_D_12,0.19960968,history,1
2026-03-15_1247912_D_14,1.459876,history,0
2026-03-15_1247912_D_2,0.2553894,history,0
2026-03-15_1247912_D_3,0.41807294,history,0
2026-03-15_1247912_D_4,2.1100945,history,0
2026-03-15_1247912_D_6,0.7424551,history,0
2026-03-15_1247912_D_7,0.43305248,history,1
2026-03-15_1247912_D_8,0.53724515,history,0
2026-03-15_1247912_D_9,0.39050266,history,0
2026-03-15_1247914_D_1,0.14620179,history,0
2026-03-15_1247914_D_10,0.11207117,history,0
2026-03-15_1247914_D_12,0.19776854,history,0
2026-03-15_1247914_D_13,0.21880823,history,0
2026-03-15_1247914_D_14,0.15246372,history,0
2026-03-15_1247914_D_15,0.18265763,history,0
2026-03-15_1247914_D_16,0.28407794,history,0
2026-03-15_1247914_D_17,0.08977568,history,0
2026-03-15_1247914_D_18,0.114936076,history,0
2026-03-15_1247914_D_19,0.08972001,history,0
2026-03-15_1247914_D_2,0.122935876,history,0
2026-03-15_1247914_D_20,0.090419844,history,0
2026-03-15_1247914_D_21,0.07046509,history,0
2026-03-15_1247914_D_22,0.10297304,history,0
2026-03-15_1247914_D_23,0.19550931,history,0
2026-03-15_1247914_D_5,0.122571066,history,0
2026-03-15_1247914_D_8,0.19310406,history,0
2026-03-15_1247914_D_9,0.17495039,history,0
2026-03-15_1247933_D_1,0.26483077,history,0
2026-03-15_1247933_D_10,0.2986282,history,0
2026-03-15_1247933_D_11,0.32509503,history,0
2026-03-15_1247933_D_12,0.2371519,history,0
2026-03-15_1247933_D_13,0.3555224,history,0
2026-03-15_1247933_D_14,0.2777906,history,0
2026-03-15_1247933_D_15,0.25318182,history,1
2026-03-15_1247933_D_17,0.2577876,history,0
2026-03-15_1247933_D_18,0.32801792,history,0
2026-03-15_1247933_D_19,0.3158971,history,0
2026-03-15_1247933_D_2,0.30249298,history,0
2026-03-15_1247933_D_20,0.38610765,history,0
2026-03-15_1247933_D_21,0.22194186,history,0
2026-03-15_1247933_D_22,0.4876228,history,0
2026-03-15_1247933_D_23,0.33398315,history,0
2026-03-15_1247933_D_24,0.2269406,history,0
2026-03-15_1247933_D_25,0.2636274,history,0
2026-03-15_1247933_D_26,0.30935055,history,0
2026-03-15_1247933_D_27,0.26593098,history,1
2026-03-15_1247933_D_29,0.25612536,history,1
2026-03-15_1247933_D_3,0.31865677,history,0
2026-03-15_1247933_D_31,0.35996708,history,0
2026-03-15_1247933_D_32,0.20244668,history,1
2026-03-15_1247933_D_33,0.23039621,history,0
2026-03-15_1247933_D_34,0.3832266,history,0
2026-03-15_1247933_D_35,0.3501736,history,0
2026-03-15_1247933_D_36,0.24815756,history,0
2026-03-15_1247933_D_37,0.31317005,history,0
2026-03-15_1247933_D_38,0.39473063,history,0
2026-03-15_1247933_D_4,0.21854588,history,0
2026-03-15_1247933_D_46,0.22556263,history,0
2026-03-15_1247933_D_47,0.24794976,history,0
2026-03-15_1247933_D_48,0.2524166,history,0
2026-03-15_1247933_D_49,0.28385577,history,0
2026-03-15_1247933_D_5,0.31700283,history,0
2026-03-15_1247933_D_50,0.28470907,history,0
2026-03-15_1247933_D_51,0.27840963,history,0
2026-03-15_1247933_D_52,0.23616952,history,0
2026-03-15_1247933_D_53,0.20494054,history,0
2026-03-15_1247933_D_54,0.26827514,history,0
2026-03-15_1247933_D_55,0.43496904,history,0
2026-03-15_1247933_D_56,0.3082702,history,0
2026-03-15_1247933_D_57,0.2541351,history,0
2026-03-15_1247933_D_58,0.1744565,history,0
2026-03-15_1247933_D_6,0.3129766,history,0
2026-03-15_1247933_D_61,0.3370365,history,1
2026-03-15_1247933_D_63,0.37665805,history,0
2026-03-15_1247933_D_65,0.27661398,history,0
2026-03-15_1247933_D_67,0.19920401,history,0
2026-03-15_1247933_D_68,0.27679712,history,0
2026-03-15_1247933_D_69,0.16122524,history,0
2026-03-15_1247933_D_7,0.15418652,history,0
2026-03-15_1247933_D_70,0.28461874,history,0
2026-03-15_1247933_D_71,0.24825935,history,0
2026-03-15_1247933_D_72,0.25933018,history,0
2026-03-15_1247933_D_75,0.2603866,history,1
2026-03-15_1247933_D_76,0.27262908,history,0
2026-03-15_1247933_D_77,0.2618299,history,0
2026-03-15_1247933_D_78,0.27166003,history,0
2026-03-15_1247933_D_79,0.28478593,history,0
2026-03-15_1247933_D_8,0.11624577,history,0
2026-03-15_1247933_D_80,0.20990138,history,0
2026-03-15_1247933_D_81,0.44392955,history,0
2026-03-15_1247933_D_82,0.25157857,history,0
2026-03-15_1247933_D_83,0.34801432,history,0
2026-03-15_1247933_D_84,0.3783315,history,1
2026-03-15_1247933_D_85,0.454802,history,1
2026-03-15_1247933_D_86,0.27719265,history,1
2026-03-15_1247933_D_9,0.25357592,history,0
2026-03-15_1257563_S_47,0.26195267,history,1
2026-03-15_1257564_S_2,0.62759715,history,1
2026-03-15_1257564_S_3,0.5762597,history,0
2026-03-15_1257564_S_4,0.32666558,history,1
2026-03-15_1257564_S_5,0.4755895,history,0
2026-03-15_1263243_D_1,0.3592529,history,0
2026-03-15_1263243_D_10,0.30869296,history,0
2026-03-15_1263243_D_11,0.40202948,history,1
2026-03-15_1263243_D_12,1.2444748,history,1
2026-03-15_1263243_D_13,0.35484347,history,1
2026-03-15_1263243_D_14,0.19905046,history,0
2026-03-15_1263243_D_15,0.2721191,history,0
2026-03-15_1263243_D_16,0.32607195,history,0
2026-03-15_1263243_D_17,0.35568047,history,0
2026-03-15_1263243_D_2,0.3426817,history,0
2026-03-15_1263243_D_3,0.22299764,history,0
2026-03-15_1263243_D_4,0.32537588,history,0
2026-03-15_1263243_D_5,0.20455182,history,1
2026-03-15_1263243_D_6,0.35503018,history,0
2026-03-15_1263243_D_7,0.26440603,history,1
2026-03-15_1263243_D_8,0.24589011,history,0
2026-03-15_1263243_D_9,0.3373172,history,0
2026-03-15_1268861_D_1,0.19421431,history,0
2026-03-15_1268861_D_10,0.13483328,history,0
2026-03-15_1268861_D_11,0.1945236,history,0
2026-03-15_1268861_D_12,0.12245673,history,0
2026-03-15_1268861_D_13,0.16793028,history,0
2026-03-15_1268861_D_14,0.26213056,history,0
2026-03-15_1268861_D_15,0.15097113,history,0
2026-03-15_1268861_D_16,0.20454662,history,0
2026-03-15_1268861_D_17,0.1749095,history,0
2026-03-15_1268861_D_18,0.121543735,history,0
2026-03-15_1268861_D_19,0.1571079,history,0
2026-03-15_1268861_D_20,0.16350375,history,0
2026-03-15_1268861_D_21,0.26781228,history,0
2026-03-15_1268861_D_22,0.19740574,history,0
2026-03-15_1268861_D_23,0.23659919,history,0
2026-03-15_1268861_D_24,0.1375265,history,0
2026-03-15_1268861_D_25,0.2520271,history,0
2026-03-15_1268861_D_26,0.24027452,history,0
2026-03-15_1268861_D_27,0.2511235,history,0
2026-03-15_1268861_D_28,0.15185145,history,0
2026-03-15_1268861_D_29,0.18044606,history,0
2026-03-15_1268861_D_3,0.10976573,history,0
2026-03-15_1268861_D_30,0.19131845,history,0
2026-03-15_1268861_D_31,0.2429674,history,0
2026-03-15_1268861_D_32,0.26253754,history,0
2026-03-15_1268861_D_33,0.17081118,history,0
2026-03-15_1268861_D_34,0.23855719,history,1
2026-03-15_1268861_D_36,0.20916963,history,0
2026-03-15_1268861_D_37,0.16805583,history,0
2026-03-15_1268861_D_38,0.2194789,history,0
2026-03-15_1268861_D_39,0.13195673,history,0
2026-03-15_1268861_D_4,0.19040021,history,0
2026-03-15_1268861_D_40,0.29568708,history,1
2026-03-15_1268861_D_41,0.28616375,history,1
2026-03-15_1268861_D_42,0.17792813,history,0
2026-03-15_1268861_D_43,0.17107874,history,1
2026-03-15_1268861_D_44,0.23314244,history,0
2026-03-15_1268861_D_45,0.23728727,history,0
2026-03-15_1268861_D_46,0.14097449,history,0
2026-03-15_1268861_D_47,0.2565313,history,1
2026-03-15_1268861_D_48,0.13445786,history,1
2026-03-15_1268861_D_5,0.17087933,history,0
2026-03-15_1268861_D_50,0.18007323,history,0
2026-03-15_1268861_D_51,0.16805607,history,0
2026-03-15_1268861_D_53,0.1703082,history,0
2026-03-15_1268861_D_54,0.1553967,history,0
2026-03-15_1268861_D_55,0.15843219,history,0
2026-03-15_1268861_D_56,0.2063182,history,0
2026-03-15_1268861_D_57,0.16414618,history,0
2026-03-15_1268861_D_59,0.33277354,history,0
2026-03-15_1268861_D_6,0.14326487,history,0
2026-03-15_1268861_D_60,0.18497592,history,0
2026-03-15_1268861_D_61,0.30361772,history,0
2026-03-15_1268861_D_62,0.23449948,history,0
2026-03-15_1268861_D_63,0.19699788,history,0
2026-03-15_1268861_D_7,0.15063891,history,0
2026-03-15_1268861_D_8,0.15835722,history,0
2026-03-15_1268861_D_9,0.167921,history,0
2026-03-15_1285364_D_17,0.20104858,history,1
2026-03-15_1285364_D_21,0.18289213,history,0
2026-03-15_1285364_D_22,0.16271628,history,0
2026-03-15_1285364_D_28,0.16851515,history,0
2026-03-15_1285364_D_41,0.22991675,history,0
2026-03-15_1285364_D_42,0.25755233,history,0
2026-03-15_1285364_D_44,0.15416302,history,0
2026-03-15_1285364_D_47,0.45399064,history,0
2026-03-15_1285364_D_6,0.10923818,history,0
2026-03-15_1285376_S_74,0.26563787,history,0
2026-03-15_1285805_D_1,0.31287736,history,0
2026-03-15_1285805_D_16,0.23156849,history,0
2026-03-15_1285805_D_2,0.2836095,history,0
2026-03-15_1285805_D_3,0.27351794,history,0
2026-03-15_1285805_D_4,0.2890814,history,0
2026-03-15_1285805_D_5,0.29940248,history,0
2026-03-15_1285805_D_6,0.20202515,history,0
2026-03-15_1285805_D_8,0.18753397,history,0
2026-03-15_1285805_D_9,0.16346784,history,0
2026-03-15_1286287_S_16,6.5878754,history,1
2026-03-15_1289456_S_88,0.2101135,history,0
2026-03-15_1289456_S_90,0.19488476,history,0
2026-03-15_1289688_D_1,0.2830856,history,0
2026-03-15_1289688_D_10,0.18695605,history,0
2026-03-15_1289688_D_11,0.18038327,history,0
2026-03-15_1289688_D_12,0.14849173,history,0
2026-03-15_1289688_D_13,0.15518486,history,0
2026-03-15_1289688_D_14,0.14971137,history,0
2026-03-15_1289688_D_15,0.17722908,history,0
2026-03-15_1289688_D_2,0.26913142,history,0
2026-03-15_1289688_D_20,0.19073671,history,0
2026-03-15_1289688_D_21,0.12551743,history,0
2026-03-15_1289688_D_22,0.09941589,history,0
2026-03-15_1289688_D_23,0.15436809,history,0
2026-03-15_1289688_D_24,0.33772016,history,0
2026-03-15_1289688_D_25,0.18641298,history,0
2026-03-15_1289688_D_26,0.27109706,history,0
2026-03-15_1289688_D_27,0.22430144,history,0
2026-03-15_1289688_D_28,0.23262762,history,1
2026-03-15_1289688_D_29,0.27685988,history,0
2026-03-15_1289688_D_3,0.14182621,history,0
2026-03-15_1289688_D_30,0.1935629,history,0
2026-03-15_1289688_D_31,0.20860651,history,0
2026-03-15_1289688_D_32,0.20372522,history,0
2026-03-15_1289688_D_33,0.2402947,history,0
2026-03-15_1289688_D_34,0.20142508,history,0
2026-03-15_1289688_D_35,0.21470563,history,0
2026-03-15_1289688_D_36,0.2888068,history,0
2026-03-15_1289688_D_37,0.19855809,history,0
2026-03-15_1289688_D_38,0.28277084,history,0
2026-03-15_1289688_D_39,0.19379029,history,1
2026-03-15_1289688_D_4,0.23603982,history,0
2026-03-15_1289688_D_40,0.19638404,history,0
2026-03-15_1289688_D_41,0.16973834,history,0
2026-03-15_1289688_D_42,0.21687007,history,0
2026-03-15_1289688_D_8,0.102145955,history,0
2026-03-15_1289688_D_9,0.20207451,history,0
2026-03-15_1289689_D_1,0.16820729,history,0
2026-03-15_1289689_D_11,0.19633633,history,1
2026-03-15_1289689_D_12,0.13964623,history,1
2026-03-15_1289689_D_13,0.13361149,history,0
2026-03-15_1289689_D_14,0.17438774,history,0
2026-03-15_1289689_D_16,0.21632594,history,1
2026-03-15_1289689_D_19,0.24535504,history,0
2026-03-15_1289689_D_2,0.20644377,history,0
2026-03-15_1289689_D_20,0.19464624,history,0
2026-03-15_1289689_D_21,0.18400197,history,0
2026-03-15_1289689_D_22,0.21549773,history,0
2026-03-15_1289689_D_23,0.20711909,history,0
2026-03-15_1289689_D_24,0.14112595,history,0
2026-03-15_1289689_D_25,0.16933529,history,0
2026-03-15_1289689_D_26,0.091697656,history,1
2026-03-15_1289689_D_30,0.18451338,history,0
2026-03-15_1289689_D_34,0.28150058,history,1
2026-03-15_1289689_D_37,0.1537534,history,0
2026-03-15_1289689_D_38,0.20532632,history,0
2026-03-15_1289689_D_39,0.3471352,history,0
2026-03-15_1289689_D_40,0.21881843,history,0
2026-03-15_1289689_D_41,0.15737966,history,0
2026-03-15_1289689_D_43,0.10708797,history,0
2026-03-15_1289689_D_44,0.11623927,history,0
2026-03-15_1289689_D_45,0.1630885,history,0
2026-03-15_1289689_D_7,0.17151442,history,1
2026-03-15_1289689_D_8,0.13903178,history,0
2026-03-15_1314437_S_13,0.32304847,history,1
2026-03-15_1314437_S_14,0.22444767,history,0
2026-03-15_1314437_S_16,0.19873077,history,0
2026-03-15_1314438_S_71,0.31821936,history,0
2026-03-15_1314438_S_72,0.29699418,history,0
2026-03-15_1350090_D_1,0.36216235,history,0
2026-03-15_1350090_D_2,0.41252065,history,0
2026-03-15_1350090_D_3,0.35723507,history,0
2026-03-15_1350090_D_5,0.36065674,history,0
2026-03-15_1350090_D_6,0.44927344,history,0
2026-03-15_1350091_D_1,0.29571393,history,0
2026-03-15_1350091_D_11,0.33520147,history,0
2026-03-15_1350091_D_12,0.38639387,history,0
2026-03-15_1350091_D_13,0.28845075,history,0
2026-03-15_1350091_D_14,0.384674,history,0
2026-03-15_1350091_D_15,0.36926842,history,0
2026-03-15_1350091_D_16,0.5027098,history,0
2026-03-15_1350091_D_17,0.22167334,history,0
2026-03-15_1350091_D_18,0.3758949,history,0
2026-03-15_1350091_D_2,0.36346835,history,0
2026-03-15_1350091_D_20,0.35678172,history,0
2026-03-15_1350091_D_21,0.3939097,history,0
2026-03-15_1350091_D_22,0.30550563,history,0
2026-03-15_1350091_D_23,0.32476375,history,0
2026-03-15_1350091_D_3,0.27457318,history,0
2026-03-15_1350091_D_4,0.301498,history,0
2026-03-15_1350091_D_5,0.35176882,history,0
2026-03-15_1350091_D_6,0.33506212,history,0
2026-03-15_1350091_D_7,0.28841767,history,0
2026-03-15_1350091_D_8,0.35388374,history,0
2026-03-15_1350091_D_9,0.27142185,history,0
2026-03-15_1350092_D_1,0.29946268,history,0
2026-03-15_1350092_D_10,0.38210735,history,0
2026-03-15_1350092_D_11,0.31646705,history,0
2026-03-15_1350092_D_12,0.23350456,history,0
2026-03-15_1350092_D_13,0.23447804,history,0
2026-03-15_1350092_D_14,0.34069428,history,0
2026-03-15_1350092_D_15,0.22805536,history,0
2026-03-15_1350092_D_16,0.495475,history,0
2026-03-15_1350092_D_17,0.17489934,history,0
2026-03-15_1350092_D_18,1.0495436,history,0
2026-03-15_1350092_D_2,0.5391008,history,0
2026-03-15_1350092_D_20,0.2709245,history,0
2026-03-15_1350092_D_21,0.5545547,history,0
2026-03-15_1350092_D_22,0.23536615,history,0
2026-03-15_1350092_D_23,0.17423066,history,0
2026-03-15_1350092_D_24,0.32922179,history,0
2026-03-15_1350092_D_26,0.2560696,history,0
2026-03-15_1350092_D_27,0.26121032,history,0
2026-03-15_1350092_D_28,0.2655369,history,0
2026-03-15_1350092_D_3,0.28546914,history,0
2026-03-15_1350092_D_30,0.38003945,history,0
2026-03-15_1350092_D_31,0.2208784,history,0
2026-03-15_1350092_D_32,0.25248247,history,0
2026-03-15_1350092_D_33,0.45650792,history,0
2026-03-15_1350092_D_34,0.32715803,history,0
2026-03-15_1350092_D_35,0.27086574,history,0
2026-03-15_1350092_D_36,0.28083444,history,1
2026-03-15_1350092_D_37,0.19412434,history,0
2026-03-15_1350092_D_38,0.78189194,history,0
2026-03-15_1350092_D_39,0.2470957,history,0
2026-03-15_1350092_D_4,0.43979368,history,0
2026-03-15_1350092_D_40,0.25606784,history,0
2026-03-15_1350092_D_41,0.3729419,history,0
2026-03-15_1350092_D_42,0.15477155,history,0
2026-03-15_1350092_D_43,0.2257105,history,0
2026-03-15_1350092_D_44,0.5496781,history,0
2026-03-15_1350092_D_45,0.2898274,history,0
2026-03-15_1350092_D_46,0.20933275,history,0
2026-03-15_1350092_D_47,0.38979018,history,0
2026-03-15_1350092_D_5,0.21523514,history,0
2026-03-15_1350092_D_51,1.9008336,history,1
2026-03-15_1350092_D_52,1.0325031,history,0
2026-03-15_1350092_D_53,0.5793854,history,0
2026-03-15_1350092_D_54,0.19990629,history,0
2026-03-15_1350092_D_55,0.19117694,history,0
2026-03-15_1350092_D_56,0.33363676,history,0
2026-03-15_1350092_D_58,0.3214668,history,0
2026-03-15_1350092_D_6,0.32785165,history,0
2026-03-15_1350092_D_60,0.3068946,history,0
2026-03-15_1350092_D_62,0.34815654,history,0
2026-03-15_1350092_D_63,0.23847644,history,0
2026-03-15_1350092_D_65,0.23168811,history,0
2026-03-15_1350092_D_68,0.17452037,history,0
2026-03-15_1350092_D_69,0.23642384,history,1
2026-03-15_1350092_D_7,0.32996672,history,0
2026-03-15_1350092_D_70,0.3758582,history,0
2026-03-15_1350092_D_71,0.31882748,history,0
2026-03-15_1350092_D_72,0.20864539,history,0
2026-03-15_1350092_D_73,0.2863502,history,0
2026-03-15_1350092_D_76,0.19246912,history,0
2026-03-15_1350092_D_77,0.22134551,history,0
2026-03-15_1350092_D_78,0.3569629,history,1
2026-03-15_1350092_D_79,0.24680114,history,0
2026-03-15_1350092_D_8,0.30377728,history,0
2026-03-15_1350092_D_80,0.29418737,history,0
2026-03-15_1350092_D_81,0.85293674,history,0
2026-03-15_1350092_D_9,0.33726558,history,0
2026-03-15_1350093_D_1,0.30900645,history,0
2026-03-15_1350093_D_10,0.2988242,history,0
2026-03-15_1350093_D_12,0.37981397,history,0
2026-03-15_1350093_D_13,0.35398957,history,0
2026-03-15_1350093_D_14,0.23781848,history,0
2026-03-15_1350093_D_16,0.2648323,history,0
2026-03-15_1350093_D_17,0.22018193,history,0
2026-03-15_1350093_D_18,0.17795452,history,0
2026-03-15_1350093_D_19,0.2070226,history,0
2026-03-15_1350093_D_2,0.38271853,history,0
2026-03-15_1350093_D_20,0.12204893,history,0
2026-03-15_1350093_D_3,0.37105712,history,0
2026-03-15_1350093_D_4,0.21874522,history,0
2026-03-15_1350093_D_5,0.22957514,history,0
2026-03-15_1350093_D_6,0.22948712,history,0
2026-03-15_1350093_D_7,0.32985848,history,0
2026-03-15_1350093_D_8,0.20286421,history,0
2026-03-15_1350093_D_9,0.2722522,history,0
2026-03-15_1350094_D_1,0.18096761,history,0
2026-03-15_1350094_D_10,0.24313256,history,0
2026-03-15_1350094_D_11,0.30149454,history,0
2026-03-15_1350094_D_12,0.27592593,history,0
2026-03-15_1350094_D_13,0.26065874,history,1
2026-03-15_1350094_D_14,0.41455603,history,0
2026-03-15_1350094_D_15,0.23503523,history,0
2026-03-15_1350094_D_16,0.33470917,history,0
2026-03-15_1350094_D_18,0.26448733,history,0
2026-03-15_1350094_D_19,0.29220724,history,0
2026-03-15_1350094_D_2,0.33588982,history,0
2026-03-15_1350094_D_20,0.26464307,history,0
2026-03-15_1350094_D_21,0.35781965,history,0
2026-03-15_1350094_D_22,0.21264398,history,0
2026-03-15_1350094_D_23,0.42095432,history,0
2026-03-15_1350094_D_24,0.27874106,history,0
2026-03-15_1350094_D_25,0.23484473,history,0
2026-03-15_1350094_D_26,0.221169,history,0
2026-03-15_1350094_D_27,0.19080095,history,0
2026-03-15_1350094_D_28,0.21001548,history,0
2026-03-15_1350094_D_3,0.22355919,history,0
2026-03-15_1350094_D_30,0.2179955,history,0
2026-03-15_1350094_D_31,0.16729042,history,1
2026-03-15_1350094_D_32,0.24510345,history,0
2026-03-15_1350094_D_4,0.2594231,history,0
2026-03-15_1350094_D_5,0.48233086,history,0
2026-03-15_1350094_D_6,0.24552189,history,0
2026-03-15_1350094_D_7,0.21715963,history,0
2026-03-15_1350094_D_8,0.28821453,history,0
2026-03-15_1350094_D_9,0.38948864,history,0
2026-03-15_1350095_D_1,0.31929177,history,0
2026-03-15_1350095_D_10,0.33192033,history,0
2026-03-15_1350095_D_11,0.26404583,history,0
2026-03-15_1350095_D_12,0.32346836,history,0
2026-03-15_1350095_D_13,0.26089567,history,0
2026-03-15_1350095_D_14,0.720199,history,0
2026-03-15_1350095_D_17,0.34996173,history,0
2026-03-15_1350095_D_18,0.34733003,history,0
2026-03-15_1350095_D_19,0.57247496,history,0
2026-03-15_1350095_D_2,0.2488216,history,0
2026-03-15_1350095_D_21,0.37309396,history,0
2026-03-15_1350095_D_22,0.41131848,history,0
2026-03-15_1350095_D_23,0.4068397,history,0
2026-03-15_1350095_D_24,0.48241514,history,0
2026-03-15_1350095_D_25,0.39991698,history,0
2026-03-15_1350095_D_26,0.27361828,history,0
2026-03-15_1350095_D_27,0.2271292,history,0
2026-03-15_1350095_D_28,0.23315457,history,0
2026-03-15_1350095_D_29,0.20364492,history,0
2026-03-15_1350095_D_3,0.28550258,history,1
2026-03-15_1350095_D_30,0.3161599,history,0
2026-03-15_1350095_D_31,0.2548171,history,0
2026-03-15_1350095_D_32,0.37744674,history,0
2026-03-15_1350095_D_33,0.27268657,history,0
2026-03-15_1350095_D_34,0.24884276,history,0
2026-03-15_1350095_D_36,0.31445944,history,0
2026-03-15_1350095_D_37,0.31903008,history,0
2026-03-15_1350095_D_38,0.22592315,history,0
2026-03-15_1350095_D_39,0.4395346,history,0
2026-03-15_1350095_D_4,0.24335282,history,0
2026-03-15_1350095_D_40,0.2108165,history,0
2026-03-15_1350095_D_41,0.23050648,history,0
2026-03-15_1350095_D_42,0.27811176,history,0
2026-03-15_1350095_D_43,0.2393449,history,0
2026-03-15_1350095_D_44,0.24382678,history,0
2026-03-15_1350095_D_46,0.44465813,history,0
2026-03-15_1350095_D_47,0.23453924,history,0
2026-03-15_1350095_D_48,0.33633906,history,0
2026-03-15_1350095_D_49,0.36606726,history,0
2026-03-15_1350095_D_5,0.38749158,history,0
2026-03-15_1350095_D_50,0.22231588,history,0
2026-03-15_1350095_D_51,0.264605,history,0
2026-03-15_1350095_D_52,0.28082058,history,0
2026-03-15_1350095_D_53,0.25291264,history,0
2026-03-15_1350095_D_54,0.17372504,history,0
2026-03-15_1350095_D_55,0.26378852,history,0
2026-03-15_1350095_D_56,0.18357806,history,0
2026-03-15_1350095_D_57,0.26084268,history,0
2026-03-15_1350095_D_58,0.23841195,history,0
2026-03-15_1350095_D_59,0.22724538,history,1
2026-03-15_1350095_D_6,0.29687527,history,0
2026-03-15_1350095_D_60,0.584226,history,0
2026-03-15_1350095_D_7,0.32143855,history,0
2026-03-15_1350095_D_8,0.22345214,history,0
2026-03-15_1350095_D_9,0.30018187,history,0
2026-03-15_1350096_D_1,0.27464032,history,0
2026-03-15_1350096_D_11,0.32913667,history,0
2026-03-15_1350096_D_12,0.30258858,history,0
2026-03-15_1350096_D_13,0.26159698,history,0
2026-03-15_1350096_D_14,0.32576495,history,0
2026-03-15_1350096_D_15,0.33064374,history,0
2026-03-15_1350096_D_16,0.33929858,history,0
2026-03-15_1350096_D_17,0.51791406,history,0
2026-03-15_1350096_D_19,0.16704315,history,0
2026-03-15_1350096_D_2,0.3414933,history,0
2026-03-15_1350096_D_20,0.80693066,history,1
2026-03-15_1350096_D_22,0.38410982,history,0
2026-03-15_1350096_D_24,0.29189312,history,0
2026-03-15_1350096_D_25,0.30077758,history,1
2026-03-15_1350096_D_26,0.3098294,history,0
2026-03-15_1350096_D_27,0.29512525,history,0
2026-03-15_1350096_D_28,0.26779336,history,0
2026-03-15_1350096_D_29,0.39626545,history,0
2026-03-15_1350096_D_3,0.2850923,history,0
2026-03-15_1350096_D_30,0.3110018,history,0
2026-03-15_1350096_D_31,0.3431089,history,1
2026-03-15_1350096_D_32,0.32942042,history,0
2026-03-15_1350096_D_34,0.25617105,history,0
2026-03-15_1350096_D_35,0.40276322,history,0
2026-03-15_1350096_D_36,0.29263848,history,0
2026-03-15_1350096_D_37,0.2555141,history,0
2026-03-15_1350096_D_38,0.2947585,history,0
2026-03-15_1350096_D_39,0.2877946,history,0
2026-03-15_1350096_D_4,0.321239,history,0
2026-03-15_1350096_D_40,0.35258967,history,0
2026-03-15_1350096_D_41,0.39011145,history,1
2026-03-15_1350096_D_42,0.46825647,history,0
2026-03-15_1350096_D_43,0.34817228,history,0
2026-03-15_1350096_D_44,0.26854765,history,0
2026-03-15_1350096_D_45,0.3841222,history,0
2026-03-15_1350096_D_46,0.304757,history,0
2026-03-15_1350096_D_47,0.20954001,history,0
2026-03-15_1350096_D_48,0.44211835,history,0
2026-03-15_1350096_D_49,0.27346796,history,0
2026-03-15_1350096_D_5,0.2245656,history,0
2026-03-15_1350096_D_50,0.25645214,history,0
2026-03-15_1350096_D_52,0.7084179,history,1
2026-03-15_1350096_D_54,0.50929517,history,0
2026-03-15_1350096_D_55,0.6674852,history,0
2026-03-15_1350096_D_56,0.28302455,history,0
2026-03-15_1350096_D_57,0.46829996,history,0
2026-03-15_1350096_D_6,0.50443345,history,0
2026-03-15_1350096_D_8,0.1950802,history,0
2026-03-15_1350096_D_9,0.23185723,history,1
2026-03-15_1350097_D_1,0.43179804,history,0
2026-03-15_1350097_D_10,0.6455159,history,0
2026-03-15_1350097_D_11,0.455078,history,1
2026-03-15_1350097_D_12,0.49124143,history,0
2026-03-15_1350097_D_13,0.57665414,history,0
2026-03-15_1350097_D_14,0.5977697,history,0
2026-03-15_1350097_D_15,0.51579297,history,0
2026-03-15_1350097_D_16,0.43471083,history,1
2026-03-15_1350097_D_19,0.27160698,history,0
2026-03-15_1350097_D_21,0.19533913,history,0
2026-03-15_1350097_D_22,0.26449016,history,0
2026-03-15_1350097_D_24,0.25578564,history,1
2026-03-15_1350097_D_3,0.780277,history,0
2026-03-15_1350097_D_31,0.75859755,history,0
2026-03-15_1350097_D_34,0.48192975,history,0
2026-03-15_1350097_D_35,0.39367336,history,0
2026-03-15_1350097_D_41,0.28387845,history,0
2026-03-15_1350097_D_43,0.2790858,history,1
2026-03-15_1350097_D_47,0.39618725,history,1
2026-03-15_1350097_D_5,0.39749813,history,1
2026-03-15_1350097_D_50,0.19273412,history,1
2026-03-15_1350097_D_6,0.60170585,history,1
2026-03-15_1350097_D_7,0.5259639,history,0
2026-03-15_1350099_D_1,0.44359836,history,0
2026-03-15_1350099_D_11,0.4585713,history,0
2026-03-15_1350099_D_12,0.2610049,history,0
2026-03-15_1350099_D_13,0.8318082,history,0
2026-03-15_1350099_D_14,0.54152036,history,0
2026-03-15_1350099_D_15,1.3938828,history,0
2026-03-15_1350099_D_19,1.3109316,history,0
2026-03-15_1350099_D_2,0.3743095,history,0
2026-03-15_1350099_D_20,0.7954468,history,0
2026-03-15_1350099_D_21,1.1589044,history,0
2026-03-15_1350099_D_22,0.9437183,history,0
2026-03-15_1350099_D_24,1.5459508,history,0
2026-03-15_1350099_D_25,0.49152753,history,0
2026-03-15_1350099_D_26,0.3155172,history,1
2026-03-15_1350099_D_27,0.49325106,history,0
2026-03-15_1350099_D_28,0.40775818,history,0
2026-03-15_1350099_D_29,0.78079164,history,0
2026-03-15_1350099_D_30,0.6850793,history,0
2026-03-15_1350099_D_31,0.5399505,history,0
2026-03-15_1350099_D_32,0.8258826,history,0
2026-03-15_1350099_D_33,1.5469348,history,0
2026-03-15_1350099_D_34,0.77947396,history,0
2026-03-15_1350099_D_36,1.3225641,history,0
2026-03-15_1350099_D_37,0.6042031,history,0
2026-03-15_1350099_D_39,1.104177,history,0
2026-03-15_1350099_D_40,0.8840803,history,1
2026-03-15_1350099_D_43,0.4809159,history,0
2026-03-15_1350099_D_44,0.9550204,history,0
2026-03-15_1350099_D_45,1.7266887,history,0
2026-03-15_1350099_D_51,0.81894064,history,0
2026-03-15_1350099_D_52,1.1963904,history,1
2026-03-15_1350099_D_55,0.36062175,history,0
2026-03-15_1350099_D_58,0.55313224,history,0
2026-03-15_1350099_D_6,0.6028446,history,0
2026-03-15_1350099_D_61,0.6547584,history,0
2026-03-15_1350099_D_9,0.46081108,history,1
2026-03-15_1350100_D_1,0.40917134,history,1
2026-03-15_1350100_D_10,0.5226889,history,0
2026-03-15_1350100_D_11,0.62424195,history,0
2026-03-15_1350100_D_12,0.37780845,history,0
2026-03-15_1350100_D_13,0.34637102,history,1
2026-03-15_1350100_D_14,0.2302939,history,0
2026-03-15_1350100_D_15,0.55129266,history,1
2026-03-15_1350100_D_17,0.48149854,history,1
2026-03-15_1350100_D_18,0.22199166,history,0
2026-03-15_1350100_D_19,0.3977881,history,1
2026-03-15_1350100_D_2,0.14689724,history,1
2026-03-15_1350100_D_20,0.42980528,history,0
2026-03-15_1350100_D_21,0.652104,history,1
2026-03-15_1350100_D_23,0.65265775,history,1
2026-03-15_1350100_D_24,12.464497,history,0
2026-03-15_1350100_D_3,0.43697903,history,0
2026-03-15_1350100_D_4,0.8984518,history,0
2026-03-15_1350100_D_5,0.89544356,history,0
2026-03-15_1350100_D_6,0.9019283,history,0
2026-03-15_1350100_D_7,0.46778846,history,0
2026-03-15_1350100_D_8,0.5380746,history,0
2026-03-15_1350100_D_9,0.33918935,history,0
2026-03-15_1350101_D_1,0.36773238,history,0
2026-03-15_1350101_D_10,0.2963115,history,0
2026-03-15_1350101_D_11,0.21812324,history,0
2026-03-15_1350101_D_12,0.30024713,history,0
2026-03-15_1350101_D_13,0.26133323,history,0
2026-03-15_1350101_D_14,0.25164306,history,0
2026-03-15_1350101_D_15,0.28583527,history,0
2026-03-15_1350101_D_16,0.24586181,history,0
2026-03-15_1350101_D_17,0.29647428,history,0
2026-03-15_1350101_D_18,0.34343827,history,0
2026-03-15_1350101_D_19,0.18277562,history,0
2026-03-15_1350101_D_2,0.36030096,history,0
2026-03-15_1350101_D_20,0.29638833,history,0
2026-03-15_1350101_D_21,0.19978814,history,0
2026-03-15_1350101_D_22,0.19976166,history,0
2026-03-15_1350101_D_23,0.17831497,history,0
2026-03-15_1350101_D_26,0.21170317,history,0
2026-03-15_1350101_D_27,1.2261255,history,0
2026-03-15_1350101_D_28,0.48508853,history,0
2026-03-15_1350101_D_35,0.31479934,history,0
2026-03-15_1350101_D_36,0.34913433,history,0
2026-03-15_1350101_D_37,0.26154253,history,0
2026-03-15_1350101_D_38,0.17310235,history,0
2026-03-15_1350101_D_39,0.23055616,history,1
2026-03-15_1350101_D_40,0.2170999,history,0
2026-03-15_1350101_D_41,0.36777443,history,0
2026-03-15_1350101_D_42,0.2616857,history,0
2026-03-15_1350101_D_43,0.2361323,history,0
2026-03-15_1350101_D_44,0.35545057,history,0
2026-03-15_1350101_D_45,0.23364004,history,0
2026-03-15_1350101_D_46,0.1759165,history,0
2026-03-15_1350101_D_49,0.21408376,history,0
2026-03-15_1350101_D_50,0.576633,history,0
2026-03-15_1350101_D_51,0.3101309,history,0
2026-03-15_1350101_D_52,0.22607756,history,0
2026-03-15_1350101_D_53,0.19644967,history,0
2026-03-15_1350101_D_54,0.28342646,history,0
2026-03-15_1350101_D_56,0.32262155,history,0
2026-03-15_1350101_D_57,0.19801772,history,0
2026-03-15_1350101_D_58,0.27127078,history,0
2026-03-15_1350101_D_6,0.24565405,history,0
2026-03-15_1350101_D_60,1.2191796,history,1
2026-03-15_1350101_D_62,0.2701168,history,0
2026-03-15_1350101_D_9,0.6684371,history,0
2026-03-15_1350103_D_1,0.57849807,history,0
2026-03-15_1350103_D_11,0.6687372,history,0
2026-03-15_1350103_D_12,0.48585054,history,0
2026-03-15_1350103_D_13,0.4934311,history,0
2026-03-15_1350103_D_14,0.52464473,history,1
2026-03-15_1350103_D_16,0.49881816,history,0
2026-03-15_1350103_D_17,0.6099612,history,0
2026-03-15_1350103_D_18,0.63956726,history,0
2026-03-15_1350103_D_2,0.76689756,history,0
2026-03-15_1350103_D_20,0.45204425,history,0
2026-03-15_1350103_D_22,0.10870561,history,0
2026-03-15_1350103_D_23,0.38917542,history,0
2026-03-15_1350103_D_24,0.56811833,history,0
2026-03-15_1350103_D_25,0.53127205,history,0
2026-03-15_1350103_D_26,0.5313203,history,0
2026-03-15_1350103_D_27,0.42162752,history,1
2026-03-15_1350103_D_3,0.5124192,history,0
2026-03-15_1350103_D_4,0.7376646,history,0
2026-03-15_1350103_D_5,1.259053,history,0
2026-03-15_1350103_D_6,1.1384265,history,0
2026-03-15_1350103_D_7,0.38959283,history,0
2026-03-15_1350103_D_8,0.5988425,history,0
2026-03-15_1350103_D_9,0.3820052,history,0
2026-03-15_1350104_D_1,0.36208266,history,0
2026-03-15_1350104_D_10,0.34179056,history,0
2026-03-15_1350104_D_11,0.3446917,history,0
2026-03-15_1350104_D_12,0.26137853,history,0
2026-03-15_1350104_D_15,0.1577956,history,0
2026-03-15_1350104_D_16,0.41080487,history,0
2026-03-15_1350104_D_17,0.36617097,history,0
2026-03-15_1350104_D_18,0.46238703,history,1
2026-03-15_1350104_D_2,0.33580118,history,0
2026-03-15_1350104_D_20,0.41908795,history,0
2026-03-15_1350104_D_21,0.36085117,history,0
2026-03-15_1350104_D_22,0.28371167,history,0
2026-03-15_1350104_D_23,0.37767562,history,0
2026-03-15_1350104_D_24,0.3867031,history,0
2026-03-15_1350104_D_25,0.4904246,history,0
2026-03-15_1350104_D_26,0.41793418,history,0
2026-03-15_1350104_D_27,0.2186405,history,0
2026-03-15_1350104_D_28,0.24825144,history,0
2026-03-15_1350104_D_29,0.28026325,history,0
2026-03-15_1350104_D_3,0.28874868,history,0
2026-03-15_1350104_D_30,0.39149365,history,0
2026-03-15_1350104_D_31,0.7213048,history,0
2026-03-15_1350104_D_32,0.22856939,history,0
2026-03-15_1350104_D_33,0.2867734,history,0
2026-03-15_1350104_D_34,0.32442158,history,0
2026-03-15_1350104_D_35,0.28012812,history,0
2026-03-15_1350104_D_36,0.40711746,history,0
2026-03-15_1350104_D_37,0.44592994,history,0
2026-03-15_1350104_D_38,0.29411402,history,0
2026-03-15_1350104_D_39,0.81872404,history,0
2026-03-15_1350104_D_4,0.3135611,history,0
2026-03-15_1350104_D_40,0.29396766,history,0
2026-03-15_1350104_D_41,0.3559066,history,0
2026-03-15_1350104_D_43,0.29916847,history,0
2026-03-15_1350104_D_44,0.37548876,history,0
2026-03-15_1350104_D_46,0.35803628,history,0
2026-03-15_1350104_D_47,0.39349735,history,0
2026-03-15_1350104_D_48,0.3840292,history,0
2026-03-15_1350104_D_49,0.43617103,history,0
2026-03-15_1350104_D_5,0.25918007,history,0
2026-03-15_1350104_D_50,0.4531831,history,0
2026-03-15_1350104_D_51,0.23363295,history,0
2026-03-15_1350104_D_52,0.39587972,history,0
2026-03-15_1350104_D_53,0.3227418,history,0
2026-03-15_1350104_D_54,0.26883572,history,0
2026-03-15_1350104_D_55,0.26919034,history,0
2026-03-15_1350104_D_56,0.30981833,history,0
2026-03-15_1350104_D_58,0.3018691,history,0
2026-03-15_1350104_D_59,0.23507643,history,0
2026-03-15_1350104_D_6,0.28162852,history,0
2026-03-15_1350104_D_60,0.2558749,history,0
2026-03-15_1350104_D_61,0.633253,history,0
2026-03-15_1350104_D_7,0.31358606,history,1
2026-03-15_1350104_D_8,0.27000934,history,1
2026-03-15_1350104_D_9,0.2147545,history,0
2026-03-15_1350107_D_1,0.39799628,history,0
2026-03-15_1350107_D_10,0.4334117,history,0
2026-03-15_1350107_D_11,0.36475012,history,0
2026-03-15_1350107_D_12,0.32422477,history,0
2026-03-15_1350107_D_13,0.6080632,history,0
2026-03-15_1350107_D_14,0.5970299,history,0
2026-03-15_1350107_D_15,0.39657348,history,0
2026-03-15_1350107_D_16,0.5202675,history,0
2026-03-15_1350107_D_18,0.66860914,history,0
2026-03-15_1350107_D_19,0.5085587,history,0
2026-03-15_1350107_D_2,0.48738307,history,0
2026-03-15_1350107_D_20,0.603933,history,0
2026-03-15_1350107_D_21,0.7740326,history,0
2026-03-15_1350107_D_24,0.67654717,history,1
2026-03-15_1350107_D_25,0.55693865,history,0
2026-03-15_1350107_D_26,0.8159164,history,0
2026-03-15_1350107_D_27,0.34681427,history,0
2026-03-15_1350107_D_3,0.44841442,history,0
2026-03-15_1350107_D_33,0.74295163,history,0
2026-03-15_1350107_D_34,0.47264302,history,0
2026-03-15_1350107_D_35,0.59215593,history,0
2026-03-15_1350107_D_36,0.3744546,history,0
2026-03-15_1350107_D_37,0.32018062,history,0
2026-03-15_1350107_D_39,0.9579558,history,0
2026-03-15_1350107_D_4,0.6011163,history,0
2026-03-15_1350107_D_6,0.6818446,history,0
2026-03-15_1350107_D_8,0.5818937,history,0
2026-03-15_1350107_D_9,0.3906545,history,1
2026-03-15_1350108_D_1,0.7895643,history,0
2026-03-15_1350108_D_12,0.702379,history,1
2026-03-15_1350108_D_18,0.57264066,history,0
2026-03-15_1350108_D_2,0.42229038,history,0
2026-03-15_1350108_D_21,0.39370537,history,0
2026-03-15_1350108_D_22,0.5318042,history,1
2026-03-15_1350108_D_23,0.56254,history,0
2026-03-15_1350108_D_24,0.516793,history,0
2026-03-15_1350108_D_25,0.36754093,history,0
2026-03-15_1350108_D_26,0.632051,history,0
2026-03-15_1350108_D_27,0.4804901,history,1
2026-03-15_1350108_D_28,0.41942212,history,1
2026-03-15_1350108_D_3,0.6605493,history,0
2026-03-15_1350108_D_32,0.5167904,history,0
2026-03-15_1350108_D_33,1.6997293,history,0
2026-03-15_1350108_D_34,0.60913306,history,1
2026-03-15_1350108_D_39,0.48771065,history,0
2026-03-15_1350108_D_4,0.7464966,history,0
2026-03-15_1350108_D_40,0.7861976,history,0
2026-03-15_1350108_D_5,0.7012056,history,0
2026-03-15_1357583_S_111,0.41437316,history,0
2026-03-15_1357583_S_112,0.27151114,history,1
2026-03-15_1357583_S_113,0.44654733,history,0
2026-03-15_1357583_S_114,0.27299052,history,0
2026-03-15_1357583_S_115,0.26675233,history,0
2026-03-15_1363305_D_1,0.55551326,history,1
2026-03-15_1363305_D_10,0.26865613,history,0
2026-03-15_1363305_D_11,0.2595319,history,0
2026-03-15_1363305_D_12,0.2631693,history,1
2026-03-15_1363305_D_13,0.21976286,history,0
2026-03-15_1363305_D_14,0.2800178,history,0
2026-03-15_1363305_D_16,0.20200062,history,0
2026-03-15_1363305_D_17,0.25063378,history,0
2026-03-15_1363305_D_18,0.38218683,history,0
2026-03-15_1363305_D_2,0.6232749,history,1
2026-03-15_1363305_D_20,0.25443769,history,1
2026-03-15_1363305_D_24,0.2555252,history,1
2026-03-15_1363305_D_3,0.6454176,history,1
2026-03-15_1363305_D_6,0.4959633,history,0
2026-03-15_1363305_D_7,0.2813786,history,0
2026-03-15_1363305_D_8,0.5056356,history,0
2026-03-15_1363305_D_9,0.3420735,history,0
2026-03-15_1381482_D_1,0.23529267,history,0
2026-03-15_1381482_D_10,0.38490003,history,0
2026-03-15_1381482_D_11,0.5411077,history,0
2026-03-15_1381482_D_12,0.20700578,history,0
2026-03-15_1381482_D_13,0.2555226,history,1
2026-03-15_1381482_D_14,0.2826901,history,0
2026-03-15_1381482_D_15,0.18072245,history,0
2026-03-15_1381482_D_16,0.37607616,history,0
2026-03-15_1381482_D_17,0.2959641,history,0
2026-03-15_1381482_D_18,0.13922125,history,0
2026-03-15_1381482_D_19,0.24152803,history,0
2026-03-15_1381482_D_2,0.19872198,history,0
2026-03-15_1381482_D_20,0.5774188,history,0
2026-03-15_1381482_D_21,0.2922516,history,1
2026-03-15_1381482_D_22,0.26387173,history,0
2026-03-15_1381482_D_23,0.2011215,history,0
2026-03-15_1381482_D_24,0.21598892,history,1
2026-03-15_1381482_D_26,0.24237923,history,0
2026-03-15_1381482_D_27,0.22400197,history,0
2026-03-15_1381482_D_28,0.23258005,history,1
2026-03-15_1381482_D_29,0.4606026,history,0
2026-03-15_1381482_D_3,0.23550276,history,0
2026-03-15_1381482_D_30,0.4390589,history,0
2026-03-15_1381482_D_31,0.30380452,history,0
2026-03-15_1381482_D_32,0.33970556,history,0
2026-03-15_1381482_D_33,0.39603007,history,1
2026-03-15_1381482_D_35,0.21174526,history,1
2026-03-15_1381482_D_36,0.39865655,history,1
2026-03-15_1381482_D_38,0.5976367,history,0
2026-03-15_1381482_D_4,0.33152053,history,0
2026-03-15_1381482_D_40,0.17024188,history,1
2026-03-15_1381482_D_41,0.28858265,history,0
2026-03-15_1381482_D_42,0.25071734,history,0
2026-03-15_1381482_D_5,0.42644963,history,0
2026-03-15_1381482_D_6,0.4621216,history,0
2026-03-15_1381482_D_7,0.3731037,history,0
2026-03-15_1381482_D_8,0.4152232,history,0
2026-03-15_1381482_D_9,0.6202923,history,0
2026-03-15_1402902_D_1,0.21768495,history,0
2026-03-15_1402902_D_10,0.22817662,history,0
2026-03-15_1402902_D_11,0.22171846,history,1
2026-03-15_1402902_D_12,0.27922183,history,0
2026-03-15_1402902_D_2,0.12675685,history,0
2026-03-15_1402902_D_3,0.23684278,history,0
2026-03-15_1402902_D_4,0.21418953,history,0
2026-03-15_1402902_D_5,0.1978039,history,0
2026-03-15_1402902_D_6,0.21044223,history,0
2026-03-15_1402902_D_7,0.15080081,history,1
2026-03-15_1402902_D_8,0.18734525,history,0
2026-03-15_1402902_D_9,0.2952037,history,0
2026-03-16_1247894_D_14,0.38016605,history,0
2026-03-16_1247897_D_56,2.7436845,history,1
2026-03-16_1247897_D_58,0.3024267,history,0
2026-03-16_1247933_D_87,0.3365967,history,1
2026-03-16_1247933_D_88,0.32666534,history,1
2026-03-16_1247933_D_89,0.41930017,history,0
2026-03-16_1247933_D_90,0.298392,history,0
2026-03-16_1247933_D_91,0.21056351,history,0
2026-03-16_1285364_D_48,0.23564106,history,0
2026-03-16_1289689_D_49,0.24440794,history,0
2026-03-16_1289689_D_50,0.2620803,history,0
2026-03-16_1289689_D_51,0.14679995,history,0
2026-03-16_1348037_U_1,0.30192876,history,0
2026-03-16_1348037_U_10,0.33852172,history,0
2026-03-16_1348037_U_11,0.50833875,history,0
2026-03-16_1348037_U_12,0.39587355,history,0
2026-03-16_1348037_U_13,0.40988216,history,0
2026-03-16_1348037_U_14,0.32289273,history,0
2026-03-16_1348037_U_15,0.33668828,history,0
2026-03-16_1348037_U_16,0.41781604,history,0
2026-03-16_1348037_U_17,0.43389755,history,0
2026-03-16_1348037_U_18,0.3775627,history,0
2026-03-16_1348037_U_19,0.24205963,history,0
2026-03-16_1348037_U_2,0.63305455,history,0
2026-03-16_1348037_U_20,0.3829877,history,0
2026-03-16_1348037_U_21,0.3904686,history,0
2026-03-16_1348037_U_22,0.330069,history,0
2026-03-16_1348037_U_23,0.30594715,history,0
2026-03-16_1348037_U_25,0.24104524,history,0
2026-03-16_1348037_U_26,0.42650545,history,0
2026-03-16_1348037_U_27,0.34518063,history,0
2026-03-16_1348037_U_28,0.38837725,history,0
2026-03-16_1348037_U_29,0.2704824,history,0
2026-03-16_1348037_U_3,0.2383809,history,0
2026-03-16_1348037_U_30,0.43938082,history,0
2026-03-16_1348037_U_31,0.39784485,history,1
2026-03-16_1348037_U_32,0.21510643,history,0
2026-03-16_1348037_U_33,0.67511237,history,0
2026-03-16_1348037_U_34,0.1865791,history,0
2026-03-16_1348037_U_35,0.37663686,history,0
2026-03-16_1348037_U_36,0.37657827,history,1
2026-03-16_1348037_U_4,0.42019543,history,0
2026-03-16_1348037_U_40,0.36660048,history,0
2026-03-16_1348037_U_41,0.7006526,history,0
2026-03-16_1348037_U_42,0.45016012,history,0
2026-03-16_1348037_U_43,0.31437814,history,1
2026-03-16_1348037_U_44,0.3250127,history,0
2026-03-16_1348037_U_45,0.2054942,history,0
2026-03-16_1348037_U_47,0.40432915,history,0
2026-03-16_1348037_U_48,0.33240044,history,0
2026-03-16_1348037_U_49,0.3501464,history,0
2026-03-16_1348037_U_5,0.31009924,history,0
2026-03-16_1348037_U_50,0.6523558,history,0
2026-03-16_1348037_U_51,0.44353458,history,0
2026-03-16_1348037_U_52,0.47570038,history,0
2026-03-16_1348037_U_6,0.21807483,history,0
2026-03-16_1348037_U_7,0.25063974,history,0
2026-03-16_1348037_U_8,0.29883498,history,0
2026-03-16_1348037_U_9,0.59617364,history,0
2026-03-16_1349260_U_1,0.7231423,history,0
2026-03-16_1349260_U_11,0.22735277,history,1
2026-03-16_1349260_U_12,1.1120877,history,1
2026-03-16_1349260_U_18,0.15331283,history,0
2026-03-16_1349260_U_19,0.15085028,history,0
2026-03-16_1349260_U_2,0.47873935,history,0
2026-03-16_1349260_U_21,0.19497326,history,0
2026-03-16_1349260_U_22,0.44316074,history,0
2026-03-16_1349260_U_24,0.116968796,history,0
2026-03-16_1349260_U_25,0.20019881,history,0
2026-03-16_1349260_U_26,0.24840897,history,0
2026-03-16_1349260_U_28,0.15246302,history,0
2026-03-16_1349260_U_29,0.3302136,history,0
2026-03-16_1349260_U_3,0.24368177,history,1
2026-03-16_1349260_U_32,0.19824564,history,0
2026-03-16_1349260_U_33,0.19278586,history,0
2026-03-16_1349260_U_34,0.23428476,history,0
2026-03-16_1349260_U_35,0.78215325,history,0
2026-03-16_1349260_U_7,0.26251265,history,0
2026-03-16_1349260_U_8,0.18489546,history,1
2026-03-16_1349260_U_9,0.39824986,history,1
2026-03-16_1350092_D_82,0.3739255,history,0
2026-03-16_1350092_D_83,0.3657124,history,0
2026-03-16_1350092_D_84,0.3945843,history,0
2026-03-16_1350092_D_85,0.2521777,history,0
2026-03-16_1350092_D_86,0.35989404,history,0
2026-03-16_1350095_D_61,0.30150545,history,0
2026-03-16_1350095_D_62,0.28657532,history,0
2026-03-16_1350095_D_63,0.31838724,history,0
2026-03-16_1350095_D_64,0.29303235,history,0
2026-03-16_1350096_D_61,0.3538403,history,0
2026-03-16_1350097_D_48,0.5525384,history,0
2026-03-16_1350099_D_57,0.49708253,history,1
2026-03-16_1350099_D_59,0.74361295,history,0
2026-03-16_1350099_D_60,0.9511487,history,0
2026-03-16_1350099_D_62,0.47630966,history,0
2026-03-16_1350099_D_63,0.519337,history,1
2026-03-16_1350101_D_26,0.40191495,history,1
2026-03-16_1350101_D_63,0.44560108,history,0
2026-03-16_1350101_D_64,0.43960914,history,0
2026-03-16_1350101_D_65,0.30164993,history,0
2026-03-16_1350107_D_36,0.23698615,history,1
2026-03-16_1350109_D_1,0.7074442,history,1
2026-03-16_1350109_D_2,0.620222,history,0
2026-03-16_1350109_D_3,1.7061828,history,0
2026-03-16_1350109_D_4,0.6587376,history,0
2026-03-16_1350109_D_5,0.5447409,history,0
2026-03-16_1359254_U_1,0.34898537,history,0
2026-03-16_1359254_U_10,0.4810567,history,0
2026-03-16_1359254_U_13,0.118410274,history,1
2026-03-16_1359254_U_16,0.093856215,history,1
2026-03-16_1359254_U_17,0.14672899,history,0
2026-03-16_1359254_U_19,0.22160773,history,0
2026-03-16_1359254_U_2,0.16373014,history,0
2026-03-16_1359254_U_20,0.31622207,history,0
2026-03-16_1359254_U_23,0.26904365,history,0
2026-03-16_1359254_U_24,0.14881155,history,0
2026-03-16_1359254_U_25,0.107586294,history,1
2026-03-16_1359254_U_26,0.22020105,history,0
2026-03-16_1359254_U_32,0.18767862,history,0
2026-03-16_1359254_U_33,0.23423725,history,0
2026-03-16_1359254_U_34,0.1782531,history,1
2026-03-16_1359254_U_35,0.21588549,history,0
2026-03-16_1359254_U_37,0.12925036,history,1
2026-03-16_1359254_U_38,0.34360716,history,0
2026-03-16_1359254_U_39,0.24302028,history,0
2026-03-16_1359254_U_4,0.1789523,history,0
2026-03-16_1359254_U_41,0.15339854,history,1
2026-03-16_1359254_U_46,0.13016179,history,0
2026-03-16_1359254_U_53,0.1965774,history,1
2026-03-16_1359254_U_56,0.26065856,history,1
2026-03-16_1359254_U_59,0.1831697,history,0
2026-03-16_1359254_U_66,0.22242597,history,0
2026-03-16_1359254_U_7,0.50835466,history,0
2026-03-16_1359254_U_77,0.20893115,history,0
2026-03-16_1381482_D_39,0.17738518,history,1
2026-03-16_1390072_U_1,0.32822052,history,0
2026-03-16_1390072_U_11,0.107383065,history,0
2026-03-16_1390072_U_12,0.18695521,history,0
2026-03-16_1390072_U_13,0.24451208,history,0
2026-03-16_1390072_U_14,0.2517649,history,0
2026-03-16_1390072_U_16,0.34604096,history,1
2026-03-16_1390072_U_17,0.6281947,history,0
2026-03-16_1390072_U_18,0.32951176,history,1
2026-03-16_1390072_U_19,0.46739727,history,1
2026-03-16_1390072_U_2,0.22306542,history,0
2026-03-16_1390072_U_20,0.38028273,history,1
2026-03-16_1390072_U_21,0.19445631,history,0
2026-03-16_1390072_U_23,0.18066452,history,1
2026-03-16_1390072_U_25,0.1302937,history,0
2026-03-16_1390072_U_26,0.13832465,history,0
2026-03-16_1390072_U_27,0.58496463,history,0
2026-03-16_1390072_U_4,0.24423417,history,0
2026-03-16_1390072_U_5,0.26758274,history,0
2026-03-16_1390072_U_6,0.27868426,history,0
2026-03-16_1390072_U_7,0.25190905,history,1
2026-03-16_1390072_U_8,0.23180133,history,1
2026-03-16_1407494_U_1,0.21153772,history,0
2026-03-16_1407494_U_10,0.23560147,history,0
2026-03-16_1407494_U_11,0.21683931,history,1
2026-03-16_1407494_U_12,0.14592664,history,0
2026-03-16_1407494_U_13,0.14809817,history,0
2026-03-16_1407494_U_15,0.25834236,history,0
2026-03-16_1407494_U_18,0.2792528,history,0
2026-03-16_1407494_U_19,0.39622158,history,1
2026-03-16_1407494_U_2,0.20741908,history,0
2026-03-16_1407494_U_20,0.29042882,history,1
2026-03-16_1407494_U_23,0.22274719,history,0
2026-03-16_1407494_U_26,0.40235746,history,0
2026-03-16_1407494_U_27,0.11886823,history,0
2026-03-16_1407494_U_28,0.28126317,history,0
2026-03-16_1407494_U_29,0.30266675,history,0
2026-03-16_1407494_U_3,0.18933073,history,0
2026-03-16_1407494_U_30,0.19196652,history,1
2026-03-16_1407494_U_33,0.3904302,history,1
2026-03-16_1407494_U_34,0.2769866,history,0
2026-03-16_1407494_U_35,0.25312087,history,0
2026-03-16_1407494_U_36,0.25860184,history,1
2026-03-16_1407494_U_37,1.3739488,history,1
2026-03-16_1407494_U_4,0.26285928,history,0
2026-03-16_1407494_U_5,0.18265055,history,0
2026-03-16_1407494_U_6,0.21817327,history,0
2026-03-16_1407494_U_7,0.27412042,history,0
2026-03-16_1407494_U_8,0.20793578,history,0
2026-03-16_1407494_U_9,0.22577044,history,0
2026-03-16_1407495_U_1,0.2338383,history,0
2026-03-16_1407495_U_11,0.19625086,history,0
2026-03-16_1407495_U_12,0.15091506,history,1
2026-03-16_1407495_U_13,0.19255404,history,1
2026-03-16_1407495_U_14,0.2323775,history,0
2026-03-16_1407495_U_15,0.25129834,history,0
2026-03-16_1407495_U_16,0.20738491,history,0
2026-03-16_1407495_U_17,0.17331013,history,0
2026-03-16_1407495_U_18,0.19631693,history,0
2026-03-16_1407495_U_19,0.21721256,history,0
2026-03-16_1407495_U_2,0.15778229,history,0
2026-03-16_1407495_U_20,0.27667817,history,0
2026-03-16_1407495_U_21,0.20244661,history,0
2026-03-16_1407495_U_22,0.2808941,history,0
2026-03-16_1407495_U_23,0.16909973,history,0
2026-03-16_1407495_U_24,0.51590437,history,0
2026-03-16_1407495_U_25,0.4106029,history,0
2026-03-16_1407495_U_26,0.31158388,history,0
2026-03-16_1407495_U_27,0.28020102,history,1
2026-03-16_1407495_U_3,0.20321372,history,0
2026-03-16_1407495_U_4,0.19934684,history,0
2026-03-16_1407495_U_5,0.2751324,history,0
2026-03-16_1407495_U_6,0.20049155,history,0
2026-03-16_1407495_U_7,0.20605025,history,1
2026-03-16_1407495_U_8,0.22644216,history,0
2026-03-16_1429985_U_127,0.28303504,history,0
2026-03-16_1429985_U_2,0.14109531,history,1
2026-03-16_1429985_U_22,0.109445624,history,1
2026-03-16_1429985_U_27,0.0662598,history,1
2026-03-16_1429985_U_31,0.1365158,history,1
2026-03-16_1429985_U_32,0.09989935,history,1
2026-03-16_1429985_U_33,0.10774647,history,0
2026-03-16_1429985_U_36,0.10964387,history,1
2026-03-16_1429985_U_63,0.31295866,history,0
2026-03-16_1429985_U_66,0.16176668,history,1
2026-03-16_1429985_U_7,0.18299846,history,1
2026-03-16_1431265_U_1,0.43620658,history,0
2026-03-16_1431265_U_100,0.13246581,history,0
2026-03-16_1431265_U_105,0.16148856,history,0
2026-03-16_1431265_U_106,0.20469253,history,0
2026-03-16_1431265_U_114,0.14130023,history,1
2026-03-16_1431265_U_117,0.13092563,history,1
2026-03-16_1431265_U_118,0.20380805,history,0
2026-03-16_1431265_U_119,0.14830434,history,0
2026-03-16_1431265_U_122,0.17833118,history,1
2026-03-16_1431265_U_123,0.19082229,history,0
2026-03-16_1431265_U_124,0.26626635,history,0
2026-03-16_1431265_U_128,0.1413551,history,1
2026-03-16_1431265_U_129,0.16242324,history,1
2026-03-16_1431265_U_13,0.18975155,history,0
2026-03-16_1431265_U_130,0.09292986,history,0
2026-03-16_1431265_U_133,0.11339666,history,1
2026-03-16_1431265_U_134,0.12906758,history,1
2026-03-16_1431265_U_139,0.17067933,history,1
2026-03-16_1431265_U_14,0.1565218,history,0
2026-03-16_1431265_U_140,0.18632886,history,0
2026-03-16_1431265_U_143,0.22209202,history,1
2026-03-16_1431265_U_144,0.2746521,history,1
2026-03-16_1431265_U_145,0.107910804,history,0
2026-03-16_1431265_U_147,0.13420868,history,1
2026-03-16_1431265_U_148,0.20770264,history,1
2026-03-16_1431265_U_149,0.10777819,history,0
2026-03-16_1431265_U_15,0.12971905,history,1
2026-03-16_1431265_U_151,0.1253537,history,1
2026-03-16_1431265_U_152,0.097318135,history,1
2026-03-16_1431265_U_153,0.14601566,history,0
2026-03-16_1431265_U_154,0.15746835,history,0
2026-03-16_1431265_U_156,0.21575874,history,1
2026-03-16_1431265_U_157,0.10560833,history,1
2026-03-16_1431265_U_158,0.18294822,history,0
2026-03-16_1431265_U_159,0.13347296,history,0
2026-03-16_1431265_U_162,0.18855195,history,1
2026-03-16_1431265_U_163,0.14892486,history,0
2026-03-16_1431265_U_165,0.24268232,history,0
2026-03-16_1431265_U_171,0.18933617,history,1
2026-03-16_1431265_U_19,0.20812571,history,0
2026-03-16_1431265_U_2,0.27830672,history,0
2026-03-16_1431265_U_20,0.16959348,history,0
2026-03-16_1431265_U_21,0.12967859,history,1
2026-03-16_1431265_U_25,0.16501802,history,0
2026-03-16_1431265_U_26,0.14314628,history,0
2026-03-16_1431265_U_3,0.23447892,history,0
2026-03-16_1431265_U_31,0.1282227,history,0
2026-03-16_1431265_U_32,0.15841848,history,0
2026-03-16_1431265_U_33,0.1319313,history,0
2026-03-16_1431265_U_35,0.2465329,history,0
2026-03-16_1431265_U_37,0.14046347,history,0
2026-03-16_1431265_U_38,0.15198314,history,0
2026-03-16_1431265_U_39,0.09908243,history,1
2026-03-16_1431265_U_4,0.16841762,history,0
2026-03-16_1431265_U_40,0.13860457,history,1
2026-03-16_1431265_U_43,0.25584003,history,0
2026-03-16_1431265_U_44,0.19555752,history,0
2026-03-16_1431265_U_49,0.11427416,history,0
2026-03-16_1431265_U_5,0.319865,history,1
2026-03-16_1431265_U_50,0.15928276,history,1
2026-03-16_1431265_U_55,0.17871022,history,0
2026-03-16_1431265_U_56,0.13658893,history,1
2026-03-16_1431265_U_61,0.14929226,history,1
2026-03-16_1431265_U_62,0.17863004,history,1
2026-03-16_1431265_U_65,0.118463784,history,0
2026-03-16_1431265_U_66,0.10015141,history,0
2026-03-16_1431265_U_67,0.12455183,history,0
2026-03-16_1431265_U_7,0.17744532,history,0
2026-03-16_1431265_U_79,0.15929343,history,0
2026-03-16_1431265_U_8,0.12400946,history,0
2026-03-16_1431265_U_83,0.10661605,history,1
2026-03-16_1431265_U_84,0.10339354,history,0
2026-03-16_1431265_U_9,0.11456411,history,1
2026-03-16_1431265_U_91,0.12160967,history,0
2026-03-16_1431265_U_93,0.24498527,history,0
2026-03-16_1431265_U_94,0.1477626,history,0
2026-03-16_1431265_U_99,0.11279352,history,0
2026-03-16_1439975_U_1,0.26220188,history,1
2026-03-16_1439975_U_10,0.20308797,history,1
2026-03-16_1439975_U_100,0.2918078,history,1
2026-03-16_1439975_U_101,0.88829273,history,0
2026-03-16_1439975_U_12,0.15512243,history,0
2026-03-16_1439975_U_13,0.22325133,history,0
2026-03-16_1439975_U_14,0.18159883,history,0
2026-03-16_1439975_U_15,0.16192469,history,0
2026-03-16_1439975_U_16,0.15173964,history,1
2026-03-16_1439975_U_17,0.1494145,history,0
2026-03-16_1439975_U_18,0.16191666,history,1
2026-03-16_1439975_U_19,0.24129972,history,1
2026-03-16_1439975_U_2,0.16006252,history,0
2026-03-16_1439975_U_20,0.16543052,history,1
2026-03-16_1439975_U_21,0.21264069,history,0
2026-03-16_1439975_U_22,0.16135482,history,0
2026-03-16_1439975_U_23,0.26234296,history,1
2026-03-16_1439975_U_24,0.15846482,history,1
2026-03-16_1439975_U_25,0.19787322,history,0
2026-03-16_1439975_U_26,0.20714597,history,1
2026-03-16_1439975_U_29,0.18853085,history,0
2026-03-16_1439975_U_30,0.15067157,history,0
2026-03-16_1439975_U_33,0.22445914,history,0
2026-03-16_1439975_U_34,0.17298946,history,0
2026-03-16_1439975_U_35,0.1522783,history,1
2026-03-16_1439975_U_36,0.15119854,history,1
2026-03-16_1439975_U_37,0.16332199,history,0
2026-03-16_1439975_U_38,0.13483489,history,0
2026-03-16_1439975_U_40,0.20800011,history,1
2026-03-16_1439975_U_41,0.15437758,history,1
2026-03-16_1439975_U_42,0.121172,history,0
2026-03-16_1439975_U_43,0.13608941,history,1
2026-03-16_1439975_U_44,0.15479451,history,0
2026-03-16_1439975_U_45,0.1392341,history,1
2026-03-16_1439975_U_46,0.23374638,history,1
2026-03-16_1439975_U_47,0.354672,history,0
2026-03-16_1439975_U_49,0.15674026,history,0
2026-03-16_1439975_U_5,0.23223637,history,0
2026-03-16_1439975_U_50,0.23000273,history,1
2026-03-16_1439975_U_52,0.14864549,history,1
2026-03-16_1439975_U_53,0.20865354,history,1
2026-03-16_1439975_U_54,0.1375657,history,1
2026-03-16_1439975_U_55,0.19024967,history,1
2026-03-16_1439975_U_56,0.21556494,history,1
2026-03-16_1439975_U_57,0.23499668,history,0
2026-03-16_1439975_U_58,0.20118317,history,0
2026-03-16_1439975_U_6,0.13081565,history,0
2026-03-16_1439975_U_60,0.21447782,history,1
2026-03-16_1439975_U_61,0.25355032,history,1
2026-03-16_1439975_U_62,0.13790241,history,1
2026-03-16_1439975_U_64,0.15523735,history,0
2026-03-16_1439975_U_65,0.1620335,history,0
2026-03-16_1439975_U_66,0.22412765,history,0
2026-03-16_1439975_U_67,0.1574954,history,1
2026-03-16_1439975_U_68,0.20155708,history,1
2026-03-16_1439975_U_7,0.20821628,history,0
2026-03-16_1439975_U_70,0.18658291,history,1
2026-03-16_1439975_U_71,0.44665557,history,1
2026-03-16_1439975_U_74,0.3229578,history,1
2026-03-16_1439975_U_75,0.3179434,history,1
2026-03-16_1439975_U_76,0.18939885,history,0
2026-03-16_1439975_U_77,0.17847279,history,1
2026-03-16_1439975_U_79,0.41230196,history,1
2026-03-16_1439975_U_8,0.19647396,history,1
2026-03-16_1439975_U_80,0.1831831,history,1
2026-03-16_1439975_U_85,0.14432675,history,0
2026-03-16_1439975_U_86,0.15517823,history,1
2026-03-16_1439975_U_87,0.2904418,history,1
2026-03-16_1439975_U_88,0.21088427,history,1
2026-03-16_1439975_U_89,0.20276213,history,1
2026-03-16_1439975_U_9,0.16890012,history,0
2026-03-16_1439975_U_90,0.23987043,history,1
2026-03-16_1439975_U_91,0.24869828,history,1
2026-03-16_1439975_U_92,0.33073047,history,0
2026-03-16_1439975_U_93,0.1655756,history,0
2026-03-16_1439975_U_96,0.343397,history,0
2026-03-16_1439975_U_97,0.17504811,history,0
2026-03-16_1439975_U_99,0.37865207,history,1
2026-03-16_1441389_U_1,2.7025523,history,0
2026-03-16_1441389_U_10,1.4604235,history,0
2026-03-16_1441389_U_11,1.8153484,history,0
2026-03-16_1441389_U_12,0.18418078,history,0
2026-03-16_1441389_U_13,0.27502358,history,0
2026-03-16_1441389_U_14,1.3181864,history,0
2026-03-16_1441389_U_16,0.15272774,history,1
2026-03-16_1441389_U_17,2.0008564,history,0
2026-03-16_1441389_U_18,2.2498212,history,0
2026-03-16_1441389_U_19,0.13690612,history,1
2026-03-16_1441389_U_2,2.1962147,history,0
2026-03-16_1441389_U_20,1.3441776,history,0
2026-03-16_1441389_U_21,2.4897938,history,0
2026-03-16_1441389_U_4,2.2626295,history,0
2026-03-16_1441389_U_5,1.4475663,history,0
2026-03-16_1441389_U_6,1.8554877,history,0
2026-03-16_1441389_U_7,0.17945658,history,0
2026-03-16_1441389_U_9,1.8922794,history,0
2026-03-16_1474792_U_1,0.15614194,history,0
2026-03-16_1474792_U_11,0.35427374,history,0
2026-03-16_1474792_U_12,0.19260941,history,0
2026-03-16_1474792_U_13,0.11415388,history,0
2026-03-16_1474792_U_14,0.10937992,history,0
2026-03-16_1474792_U_15,0.18714075,history,0
2026-03-16_1474792_U_16,0.15994698,history,0
2026-03-16_1474792_U_18,0.11504778,history,0
2026-03-16_1474792_U_19,0.15156168,history,0
2026-03-16_1474792_U_2,0.21690457,history,1
2026-03-16_1474792_U_23,0.21326631,history,0
2026-03-16_1474792_U_24,0.20636865,history,0
2026-03-16_1474792_U_25,0.18633664,history,1
2026-03-16_1474792_U_26,0.22705618,history,1
2026-03-16_1474792_U_29,0.22085097,history,0
2026-03-16_1474792_U_3,0.20508227,history,0
2026-03-16_1474792_U_30,0.2970149,history,0
2026-03-16_1474792_U_31,0.333379,history,1
2026-03-16_1474792_U_32,0.32803783,history,1
2026-03-16_1474792_U_33,0.20257628,history,0
2026-03-16_1474792_U_34,0.13111219,history,0
2026-03-16_1474792_U_35,0.18602765,history,1
2026-03-16_1474792_U_37,0.12533532,history,0
2026-03-16_1474792_U_38,0.22873077,history,0
2026-03-16_1474792_U_39,0.20580313,history,1
2026-03-16_1474792_U_4,0.12983006,history,0
2026-03-16_1474792_U_5,0.3199281,history,1
2026-03-16_1474792_U_6,0.12625733,history,0
2026-03-16_1474792_U_7,0.17049688,history,1
2026-03-16_1474793_U_2,0.17971775,history,0
2026-03-16_1474793_U_3,0.16201746,history,0
2026-03-16_1474793_U_4,0.17698121,history,1
2026-03-16_1474793_U_5,0.1355294,history,1
2026-03-16_1476582_U_1,0.24336573,history,0
2026-03-16_1476582_U_10,0.29708618,history,0
2026-03-16_1476582_U_11,0.5291482,history,0
2026-03-16_1476582_U_12,0.51913047,history,0
2026-03-16_1476582_U_13,0.3172874,history,0
2026-03-16_1476582_U_15,0.26298997,history,0
2026-03-16_1476582_U_16,0.24904689,history,0
2026-03-16_1476582_U_17,0.3148782,history,0
2026-03-16_1476582_U_18,0.3562543,history,0
2026-03-16_1476582_U_19,0.32639682,history,0
2026-03-16_1476582_U_2,0.38265657,history,0
2026-03-16_1476582_U_20,0.4411518,history,0
2026-03-16_1476582_U_21,0.8663399,history,0
2026-03-16_1476582_U_22,0.502421,history,0
2026-03-16_1476582_U_23,0.30594635,history,0
2026-03-16_1476582_U_24,0.6006924,history,0
2026-03-16_1476582_U_25,0.28927264,history,1
2026-03-16_1476582_U_26,0.3525818,history,1
2026-03-16_1476582_U_27,0.30726978,history,0
2026-03-16_1476582_U_28,0.27193767,history,1
2026-03-16_1476582_U_29,0.38045487,history,1
2026-03-16_1476582_U_3,0.21667144,history,1
2026-03-16_1476582_U_30,0.27559194,history,1
2026-03-16_1476582_U_31,0.272819,history,1
2026-03-16_1476582_U_33,0.33963168,history,0
2026-03-16_1476582_U_34,0.39027148,history,0
2026-03-16_1476582_U_35,0.5309435,history,0
2026-03-16_1476582_U_36,0.3183875,history,0
2026-03-16_1476582_U_37,0.52771515,history,0
2026-03-16_1476582_U_4,0.34006906,history,0
2026-03-16_1476582_U_5,0.6888633,history,0
2026-03-16_1476582_U_6,0.37833652,history,0
2026-03-16_1476582_U_7,0.22172575,history,0
2026-03-16_1476582_U_8,0.22095951,history,0
2026-03-16_1476582_U_9,0.4360342,history,0
2026-03-16_1476584_U_1,0.21701908,history,0
2026-03-16_1476584_U_10,0.22322768,history,0
2026-03-16_1476584_U_11,0.27705187,history,0
2026-03-16_1476584_U_12,0.44579214,history,0
2026-03-16_1476584_U_13,0.21317258,history,0
2026-03-16_1476584_U_2,0.42510307,history,0
2026-03-16_1476584_U_3,0.23218094,history,0
2026-03-16_1476584_U_4,0.19538704,history,0
2026-03-16_1476584_U_5,0.23744547,history,0
2026-03-16_1476584_U_6,0.24622986,history,0
2026-03-16_1476584_U_7,0.22642606,history,0
2026-03-16_1476584_U_8,0.33490974,history,0
2026-03-16_1476584_U_9,0.2571777,history,0
2026-03-16_1477764_U_1,0.19051723,history,0
2026-03-16_1477764_U_10,0.15035628,history,0
2026-03-16_1477764_U_11,0.31922212,history,0
2026-03-16_1477764_U_13,0.1611808,history,0
2026-03-16_1477764_U_14,0.21686614,history,0
2026-03-16_1477764_U_15,0.14343315,history,0
2026-03-16_1477764_U_16,0.20176876,history,0
2026-03-16_1477764_U_17,0.18149368,history,0
2026-03-16_1477764_U_19,0.21079068,history,0
2026-03-16_1477764_U_2,0.15456799,history,1
2026-03-16_1477764_U_20,0.15135886,history,0
2026-03-16_1477764_U_21,0.18839112,history,0
2026-03-16_1477764_U_22,0.1503483,history,1
2026-03-16_1477764_U_23,0.14225367,history,1
2026-03-16_1477764_U_25,0.18564032,history,0
2026-03-16_1477764_U_26,0.11555519,history,0
2026-03-16_1477764_U_27,0.1914179,history,0
2026-03-16_1477764_U_28,0.12177272,history,0
2026-03-16_1477764_U_29,0.09765805,history,0
2026-03-16_1477764_U_31,0.17709891,history,0
2026-03-16_1477764_U_32,0.12515253,history,0
2026-03-16_1477764_U_33,0.11838703,history,0
2026-03-16_1477764_U_34,0.19179694,history,0
2026-03-16_1477764_U_35,0.18917045,history,0
2026-03-16_1477764_U_37,0.13656451,history,0
2026-03-16_1477764_U_38,0.11221667,history,0
2026-03-16_1477764_U_39,0.11641326,history,0
2026-03-16_1477764_U_40,0.13420597,history,0
2026-03-16_1477764_U_41,0.18414395,history,0
2026-03-16_1477764_U_43,0.15349069,history,0
2026-03-16_1477764_U_44,0.11890541,history,0
2026-03-16_1477764_U_45,0.15414464,history,0
2026-03-16_1477764_U_47,0.15742451,history,0
2026-03-16_1477764_U_48,0.16998422,history,0
2026-03-16_1477764_U_49,0.14650322,history,0
2026-03-16_1477764_U_50,0.21367773,history,0
2026-03-16_1477764_U_51,0.1768338,history,0
2026-03-16_1477764_U_52,0.50392187,history,0
2026-03-16_1477764_U_53,0.3303268,history,0
2026-03-16_1477764_U_54,0.17902598,history,1
2026-03-16_1477764_U_55,0.14513338,history,0
2026-03-16_1477764_U_56,0.23546521,history,0
2026-03-16_1477764_U_57,0.16813354,history,1
2026-03-16_1477764_U_58,0.3341542,history,0
2026-03-16_1477764_U_59,0.14178437,history,1
2026-03-16_1477764_U_60,0.20244098,history,0
2026-03-16_1477764_U_61,0.15778159,history,1
2026-03-16_1477764_U_62,0.28902227,history,1
2026-03-16_1477764_U_63,0.15308805,history,1
2026-03-16_1477764_U_64,0.22360492,history,0
2026-03-16_1477764_U_65,0.12351036,history,1
2026-03-16_1477764_U_66,0.13043861,history,0
2026-03-16_1477764_U_67,0.16945653,history,0
2026-03-16_1477764_U_68,0.26337004,history,1
2026-03-16_1477764_U_69,0.09533368,history,0
2026-03-16_1477764_U_7,0.22793572,history,0
2026-03-16_1477764_U_71,0.18228012,history,0
2026-03-16_1477764_U_72,0.12984532,history,0
2026-03-16_1477764_U_73,0.26592058,history,0
2026-03-16_1477764_U_74,0.19531032,history,0
2026-03-16_1477764_U_75,0.1786446,history,1
2026-03-16_1477764_U_77,0.16537942,history,0
2026-03-16_1477764_U_78,0.118013166,history,0
2026-03-16_1477764_U_79,0.114471905,history,0
2026-03-16_1477764_U_8,0.12637341,history,0
2026-03-16_1477764_U_80,0.14220212,history,0
2026-03-16_1477764_U_81,0.18641376,history,0
2026-03-16_1477764_U_82,0.20759937,history,0
2026-03-16_1477764_U_83,0.1769375,history,0
2026-03-16_1477764_U_84,0.16094366,history,0
2026-03-16_1477764_U_85,0.105925106,history,0
2026-03-16_1477764_U_87,0.1711304,history,0
2026-03-16_1477764_U_88,0.17420697,history,0
2026-03-16_1477764_U_89,0.13832298,history,0
2026-03-16_1477764_U_9,0.18294871,history,0
2026-03-16_1477764_U_91,0.18290435,history,0
2026-03-16_1477764_U_92,0.106920615,history,1
2026-03-16_1477764_U_93,0.20153952,history,0
2026-03-16_1477764_U_94,0.20033547,history,0
2026-03-16_1477766_U_1,0.20939456,history,0
2026-03-16_1477766_U_10,0.30432957,history,0
2026-03-16_1477766_U_12,0.14615916,history,0
2026-03-16_1477766_U_13,0.24557427,history,0
2026-03-16_1477766_U_14,0.10171329,history,0
2026-03-16_1477766_U_15,0.14316526,history,0
2026-03-16_1477766_U_16,0.14122942,history,0
2026-03-16_1477766_U_17,0.15344453,history,1
2026-03-16_1477766_U_18,0.17129132,history,1
2026-03-16_1477766_U_19,0.17851993,history,0
2026-03-16_1477766_U_2,0.11156486,history,1
2026-03-16_1477766_U_20,0.18122946,history,0
2026-03-16_1477766_U_21,0.38786492,history,0
2026-03-16_1477766_U_22,0.11948967,history,0
2026-03-16_1477766_U_23,0.16516936,history,0
2026-03-16_1477766_U_24,0.20409986,history,0
2026-03-16_1477766_U_25,0.16551971,history,0
2026-03-16_1477766_U_26,0.1131701,history,0
2026-03-16_1477766_U_28,0.13403164,history,0
2026-03-16_1477766_U_30,0.17480871,history,0
2026-03-16_1477766_U_31,0.22741048,history,0
2026-03-16_1477766_U_4,0.12590145,history,0
2026-03-16_1477766_U_6,0.2658693,history,0
2026-03-16_1477766_U_7,0.23990671,history,0
2026-03-16_1477766_U_8,0.2681036,history,0
2026-03-16_1477767_U_1,0.26137954,history,0
2026-03-16_1477767_U_11,0.25556841,history,0
2026-03-16_1477767_U_12,0.48483634,history,0
2026-03-16_1477767_U_14,0.2014436,history,0
2026-03-16_1477767_U_15,0.15414992,history,0
2026-03-16_1477767_U_16,0.19292961,history,0
2026-03-16_1477767_U_17,0.19079052,history,0
2026-03-16_1477767_U_18,0.14120644,history,0
2026-03-16_1477767_U_19,0.1804878,history,0
2026-03-16_1477767_U_2,0.14388172,history,1
2026-03-16_1477767_U_24,0.18462351,history,0
2026-03-16_1477767_U_25,0.15666643,history,0
2026-03-16_1477767_U_26,0.12561367,history,0
2026-03-16_1477767_U_28,0.19505064,history,0
2026-03-16_1477767_U_29,0.26878867,history,0
2026-03-16_1477767_U_3,0.2173475,history,0
2026-03-16_1477767_U_31,0.1388806,history,1
2026-03-16_1477767_U_32,0.51591676,history,0
2026-03-16_1477767_U_35,0.2994463,history,0
2026-03-16_1477767_U_36,0.21606222,history,1
2026-03-16_1477767_U_39,0.20546898,history,0
2026-03-16_1477767_U_4,0.34949565,history,0
2026-03-16_1477767_U_40,0.15026651,history,0
2026-03-16_1477767_U_5,0.3186615,history,0
2026-03-16_1477767_U_6,0.26578173,history,0
2026-03-16_1477767_U_7,0.2881804,history,0
2026-03-16_1477767_U_8,0.19397485,history,0
2026-03-16_1477767_U_9,0.15544629,history,0
2026-03-16_1477768_U_1,0.19116423,history,0
2026-03-16_1477768_U_10,0.13969156,history,0
2026-03-16_1477768_U_11,0.15386221,history,0
2026-03-16_1477768_U_12,0.29370835,history,0
2026-03-16_1477768_U_13,0.27696806,history,0
2026-03-16_1477768_U_14,0.10742912,history,0
2026-03-16_1477768_U_15,0.23385328,history,0
2026-03-16_1477768_U_16,0.19419229,history,0
2026-03-16_1477768_U_17,0.15785788,history,0
2026-03-16_1477768_U_2,0.14645624,history,0
2026-03-16_1477768_U_23,0.20441356,history,0
2026-03-16_1477768_U_24,0.16763508,history,0
2026-03-16_1477768_U_25,0.18672714,history,0
2026-03-16_1477768_U_26,0.16836414,history,0
2026-03-16_1477768_U_27,0.19694012,history,0
2026-03-16_1477768_U_28,0.19991976,history,0
2026-03-16_1477768_U_29,0.22112077,history,0
2026-03-16_1477768_U_3,0.18199861,history,0
2026-03-16_1477768_U_30,0.20194662,history,0
2026-03-16_1477768_U_31,0.1723103,history,0
2026-03-16_1477768_U_32,0.13603833,history,1
2026-03-16_1477768_U_33,0.18321888,history,1
2026-03-16_1477768_U_34,0.23902951,history,0
2026-03-16_1477768_U_35,0.12246331,history,0
2026-03-16_1477768_U_36,0.14545617,history,0
2026-03-16_1477768_U_37,0.18001196,history,1
2026-03-16_1477768_U_38,0.28994986,history,0
2026-03-16_1477768_U_39,0.15793356,history,0
2026-03-16_1477768_U_4,0.14909934,history,0
2026-03-16_1477768_U_40,0.21646225,history,1
2026-03-16_1477768_U_41,0.214334,history,0
2026-03-16_1477768_U_42,0.26274762,history,0
2026-03-16_1477768_U_43,0.24259931,history,1
2026-03-16_1477768_U_44,0.16003437,history,0
2026-03-16_1477768_U_45,0.16807681,history,0
2026-03-16_1477768_U_46,0.29425156,history,0
2026-03-16_1477768_U_47,0.16070227,history,0
2026-03-16_1477768_U_48,0.09760633,history,0
2026-03-16_1477768_U_49,0.19586228,history,0
2026-03-16_1477768_U_5,0.16212568,history,0
2026-03-16_1477768_U_50,0.26872092,history,0
2026-03-16_1477768_U_51,0.1916347,history,0
2026-03-16_1477768_U_52,0.24447471,history,0
2026-03-16_1477768_U_55,0.29243046,history,1
2026-03-16_1477768_U_56,0.18951228,history,0
2026-03-16_1477768_U_57,0.21491884,history,0
2026-03-16_1477768_U_58,0.2983603,history,0
2026-03-16_1477768_U_6,0.15960075,history,1
2026-03-16_1477768_U_7,0.17897579,history,1
2026-03-16_1477768_U_8,0.32426578,history,0
2026-03-16_1477768_U_9,0.14826553,history,1
2026-03-16_1477769_U_1,0.16133073,history,0
2026-03-16_1477769_U_10,0.15999788,history,0
2026-03-16_1477769_U_11,0.16577934,history,0
2026-03-16_1477769_U_12,0.093941316,history,0
2026-03-16_1477769_U_13,0.12271806,history,0
2026-03-16_1477769_U_14,0.14304963,history,0
2026-03-16_1477769_U_15,0.19168459,history,0
2026-03-16_1477769_U_16,0.1438087,history,0
2026-03-16_1477769_U_17,0.12809902,history,0
2026-03-16_1477769_U_18,0.17201816,history,1
2026-03-16_1477769_U_19,0.14459711,history,0
2026-03-16_1477769_U_2,0.16059703,history,0
2026-03-16_1477769_U_20,0.27509993,history,0
2026-03-16_1477769_U_21,0.15843141,history,0
2026-03-16_1477769_U_22,0.1550933,history,0
2026-03-16_1477769_U_23,0.1684905,history,0
2026-03-16_1477769_U_24,0.15905315,history,1
2026-03-16_1477769_U_25,0.16720223,history,0
2026-03-16_1477769_U_26,0.18565713,history,0
2026-03-16_1477769_U_27,0.09629379,history,0
2026-03-16_1477769_U_28,0.1830957,history,1
2026-03-16_1477769_U_29,0.1630413,history,0
2026-03-16_1477769_U_3,0.19560742,history,0
2026-03-16_1477769_U_30,0.21256535,history,1
2026-03-16_1477769_U_31,0.14623415,history,0
2026-03-16_1477769_U_34,0.16644731,history,1
2026-03-16_1477769_U_35,0.3691923,history,0
2026-03-16_1477769_U_36,0.18131718,history,0
2026-03-16_1477769_U_37,0.12945174,history,0
2026-03-16_1477769_U_38,0.14927235,history,0
2026-03-16_1477769_U_39,0.15169919,history,0
2026-03-16_1477769_U_4,0.12974891,history,0
2026-03-16_1477769_U_40,0.11961098,history,0
2026-03-16_1477769_U_41,0.14367294,history,0
2026-03-16_1477769_U_42,0.3092186,history,0
2026-03-16_1477769_U_43,0.31771928,history,0
2026-03-16_1477769_U_44,0.27902085,history,1
2026-03-16_1477769_U_45,0.37012547,history,1
2026-03-16_1477769_U_46,0.40304622,history,0
2026-03-16_1477769_U_47,0.24877225,history,0
2026-03-16_1477769_U_48,0.36230522,history,1
2026-03-16_1477769_U_5,0.17166846,history,0
2026-03-16_1477769_U_6,0.2402609,history,0
2026-03-16_1477769_U_7,0.15517332,history,0
2026-03-16_1477769_U_8,0.2265409,history,0
2026-03-16_1477769_U_9,0.24151242,history,0
2026-03-16_1477770_U_1,0.670341,history,0
2026-03-16_1477770_U_10,0.3349912,history,0
2026-03-16_1477770_U_11,0.48146173,history,0
2026-03-16_1477770_U_12,0.4549449,history,0
2026-03-16_1477770_U_13,0.44969818,history,0
2026-03-16_1477770_U_14,0.342187,history,0
2026-03-16_1477770_U_15,0.36956796,history,1
2026-03-16_1477770_U_16,0.12941389,history,0
2026-03-16_1477770_U_17,0.61365765,history,0
2026-03-16_1477770_U_18,0.18103677,history,0
2026-03-16_1477770_U_2,0.52594364,history,0
2026-03-16_1477770_U_3,0.26609465,history,0
2026-03-16_1477770_U_4,0.5382869,history,0
2026-03-16_1477770_U_6,0.18642023,history,0
2026-03-16_1477770_U_7,0.64662105,history,0
2026-03-16_1477770_U_8,0.5769806,history,0
2026-03-16_1477770_U_9,0.40876183,history,0
2026-03-16_1481779_U_1,0.28603816,history,0
2026-03-16_1481779_U_10,0.19348662,history,0
2026-03-16_1481779_U_100,0.16370559,history,0
2026-03-16_1481779_U_101,0.07370608,history,0
2026-03-16_1481779_U_102,0.09334352,history,1
2026-03-16_1481779_U_103,0.11575436,history,1
2026-03-16_1481779_U_104,0.17633258,history,0
2026-03-16_1481779_U_105,0.11254911,history,0
2026-03-16_1481779_U_106,0.2189843,history,0
2026-03-16_1481779_U_107,0.38939786,history,0
2026-03-16_1481779_U_108,0.1416615,history,0
2026-03-16_1481779_U_109,0.2473701,history,0
2026-03-16_1481779_U_11,0.23211154,history,0
2026-03-16_1481779_U_110,0.13376531,history,0
2026-03-16_1481779_U_111,0.101794556,history,0
2026-03-16_1481779_U_112,0.2273396,history,0
2026-03-16_1481779_U_113,0.15074402,history,0
2026-03-16_1481779_U_115,0.18873686,history,0
2026-03-16_1481779_U_116,0.10519536,history,0
2026-03-16_1481779_U_117,0.28467128,history,0
2026-03-16_1481779_U_118,0.119397484,history,1
2026-03-16_1481779_U_119,0.16591972,history,0
2026-03-16_1481779_U_120,0.097933516,history,0
2026-03-16_1481779_U_121,0.15520665,history,0
2026-03-16_1481779_U_122,0.107834116,history,0
2026-03-16_1481779_U_123,0.16087535,history,0
2026-03-16_1481779_U_124,0.25709412,history,0
2026-03-16_1481779_U_126,0.184291,history,1
2026-03-16_1481779_U_127,0.30955917,history,0
2026-03-16_1481779_U_128,0.20465013,history,0
2026-03-16_1481779_U_129,0.123090416,history,1
2026-03-16_1481779_U_13,0.21275406,history,0
2026-03-16_1481779_U_130,0.22908759,history,0
2026-03-16_1481779_U_131,0.1664097,history,0
2026-03-16_1481779_U_14,0.22615847,history,0
2026-03-16_1481779_U_18,0.160829,history,0
2026-03-16_1481779_U_19,0.1788737,history,0
2026-03-16_1481779_U_2,0.10837593,history,0
2026-03-16_1481779_U_21,0.18501715,history,0
2026-03-16_1481779_U_22,0.1736333,history,0
2026-03-16_1481779_U_23,0.08452218,history,0
2026-03-16_1481779_U_24,0.0818344,history,0
2026-03-16_1481779_U_25,0.09207998,history,1
2026-03-16_1481779_U_29,0.32234862,history,0
2026-03-16_1481779_U_30,0.23954481,history,0
2026-03-16_1481779_U_37,0.15861247,history,0
2026-03-16_1481779_U_38,0.19103144,history,0
2026-03-16_1481779_U_4,0.16872106,history,0
2026-03-16_1481779_U_42,0.18652612,history,0
2026-03-16_1481779_U_43,0.21484624,history,0
2026-03-16_1481779_U_44,0.12741797,history,0
2026-03-16_1481779_U_46,0.14826266,history,0
2026-03-16_1481779_U_47,0.23377225,history,0
2026-03-16_1481779_U_48,0.20521131,history,0
2026-03-16_1481779_U_5,0.13548288,history,0
2026-03-16_1481779_U_50,0.1752486,history,0
2026-03-16_1481779_U_51,0.16190918,history,0
2026-03-16_1481779_U_52,0.19039105,history,0
2026-03-16_1481779_U_53,0.106546484,history,0
2026-03-16_1481779_U_54,0.22204535,history,0
2026-03-16_1481779_U_55,0.19053042,history,0
2026-03-16_1481779_U_56,0.26340938,history,0
2026-03-16_1481779_U_57,0.12578246,history,0
2026-03-16_1481779_U_6,0.122203246,history,0
2026-03-16_1481779_U_61,0.102528654,history,0
2026-03-16_1481779_U_62,0.10287489,history,0
2026-03-16_1481779_U_63,0.16911225,history,0
2026-03-16_1481779_U_64,0.1755955,history,0
2026-03-16_1481779_U_66,0.12713197,history,0
2026-03-16_1481779_U_68,0.10886046,history,0
2026-03-16_1481779_U_69,0.41384548,history,0
2026-03-16_1481779_U_7,0.2135009,history,0
2026-03-16_1481779_U_70,0.14572132,history,0
2026-03-16_1481779_U_71,0.13064623,history,1
2026-03-16_1481779_U_73,0.104536995,history,0
2026-03-16_1481779_U_76,0.12457773,history,0
2026-03-16_1481779_U_77,0.22502494,history,0
2026-03-16_1481779_U_78,0.15172505,history,0
2026-03-16_1481779_U_79,0.10204594,history,0
2026-03-16_1481779_U_8,0.15624243,history,0
2026-03-16_1481779_U_80,0.087212175,history,0
2026-03-16_1481779_U_82,0.17271852,history,0
2026-03-16_1481779_U_84,0.1252344,history,0
2026-03-16_1481779_U_85,0.116202354,history,0
2026-03-16_1481779_U_86,0.09053757,history,0
2026-03-16_1481779_U_87,0.17249146,history,0
2026-03-16_1481779_U_88,0.16884768,history,0
2026-03-16_1481779_U_89,0.08626812,history,0
2026-03-16_1481779_U_90,0.11958967,history,0
2026-03-16_1481779_U_91,0.08125639,history,0
2026-03-16_1481779_U_92,0.12573898,history,0
2026-03-16_1481779_U_93,0.08404833,history,0
2026-03-16_1481779_U_94,0.18133122,history,0
2026-03-16_1481779_U_95,0.11988215,history,1
2026-03-16_1481779_U_97,0.3971767,history,0
2026-03-16_1481779_U_98,0.1857396,history,1
2026-03-17_1348037_U_1,0.35961872,history,0
2026-03-17_1348037_U_10,0.57337546,history,0
2026-03-17_1348037_U_11,0.5044742,history,0
2026-03-17_1348037_U_12,0.37336743,history,0
2026-03-17_1348037_U_14,0.24447827,history,1
2026-03-17_1348037_U_17,0.29900223,history,0
2026-03-17_1348037_U_18,0.4307382,history,0
2026-03-17_1348037_U_19,0.32745737,history,0
2026-03-17_1348037_U_2,0.34722114,history,0
2026-03-17_1348037_U_20,0.3235193,history,0
2026-03-17_1348037_U_3,0.40669733,history,0
2026-03-17_1348037_U_4,0.45196313,history,0
2026-03-17_1348037_U_5,0.26630157,history,0
2026-03-17_1348037_U_9,0.7348896,history,0
2026-03-17_1349260_U_1,0.20752834,history,0
2026-03-17_1349260_U_12,1.0283486,history,0
2026-03-17_1349260_U_2,1.1597407,history,0
2026-03-17_1349260_U_7,1.0161426,history,0
2026-03-17_1349260_U_8,0.15514763,history,1
2026-03-17_1349260_U_9,1.1130378,history,1
2026-03-17_1359254_U_1,0.16316034,history,0
2026-03-17_1359254_U_10,0.36779404,history,1
2026-03-17_1359254_U_13,0.20878017,history,0
2026-03-17_1359254_U_14,0.15044563,history,0
2026-03-17_1359254_U_16,0.21707508,history,0
2026-03-17_1359254_U_19,0.15583023,history,1
2026-03-17_1359254_U_2,0.18311676,history,1
2026-03-17_1359254_U_22,0.23738381,history,0
2026-03-17_1359254_U_23,0.19528161,history,1
2026-03-17_1359254_U_25,0.29583725,history,1
2026-03-17_1359254_U_28,0.18335466,history,1
2026-03-17_1359254_U_31,0.13561772,history,1
2026-03-17_1359254_U_32,0.19124,history,0
2026-03-17_1359254_U_34,0.17121673,history,1
2026-03-17_1359254_U_37,0.09043735,history,1
2026-03-17_1359254_U_4,0.20157109,history,0
2026-03-17_1359254_U_40,0.22292297,history,1
2026-03-17_1359254_U_43,0.23222552,history,1
2026-03-17_1359254_U_5,0.13524926,history,1
2026-03-17_1359254_U_7,0.8341373,history,0
2026-03-17_1359254_U_8,0.17286351,history,1
2026-03-17_1390072_U_12,0.33773538,history,1
2026-03-17_1390072_U_13,0.27004462,history,0
2026-03-17_1390072_U_2,0.18142647,history,0
2026-03-17_1390072_U_7,0.19960737,history,0
2026-03-17_1390072_U_8,0.104682356,history,0
2026-03-17_1407494_U_1,0.20305368,history,0
2026-03-17_1407494_U_12,0.16973929,history,0
2026-03-17_1407494_U_13,0.16139404,history,0
2026-03-17_1407494_U_2,0.15479606,history,0
2026-03-17_1407494_U_3,0.19039546,history,0
2026-03-17_1407494_U_4,0.208958,history,0
2026-03-17_1407494_U_7,0.17921472,history,0
2026-03-17_1407494_U_8,0.2391644,history,0
2026-03-17_1407494_U_9,0.120390266,history,0
2026-03-17_1407495_U_1,0.26059175,history,0
2026-03-17_1407495_U_12,0.12392795,history,0
2026-03-17_1407495_U_13,0.15191925,history,0
2026-03-17_1407495_U_2,0.16290542,history,0
2026-03-17_1407495_U_3,0.12560199,history,1
2026-03-17_1407495_U_7,0.24123469,history,0
2026-03-17_1407495_U_8,0.15878862,history,0
2026-03-17_1429985_U_19,0.16411936,history,0
2026-03-17_1429985_U_41,0.121902704,history,1
2026-03-17_1429985_U_46,0.134692,history,1
2026-03-17_1429985_U_51,0.10807894,history,1
2026-03-17_1429985_U_68,0.11735748,history,0
2026-03-17_1429985_U_76,0.078231215,history,1
2026-03-17_1429985_U_77,0.13427472,history,1
2026-03-17_1431265_U_1,0.30459276,history,0
2026-03-17_1431265_U_103,0.09833472,history,1
2026-03-17_1431265_U_109,0.14197014,history,1
2026-03-17_1431265_U_13,0.13443924,history,0
2026-03-17_1431265_U_14,0.19924653,history,0
2026-03-17_1431265_U_15,0.10152473,history,1
2026-03-17_1431265_U_19,0.19133042,history,0
2026-03-17_1431265_U_2,0.2624603,history,0
2026-03-17_1431265_U_20,0.10259696,history,1
2026-03-17_1431265_U_21,0.07656085,history,1
2026-03-17_1431265_U_22,0.12909976,history,0
2026-03-17_1431265_U_25,0.2352054,history,0
2026-03-17_1431265_U_26,0.14902645,history,0
2026-03-17_1431265_U_27,0.077564865,history,1
2026-03-17_1431265_U_28,0.13525955,history,0
2026-03-17_1431265_U_3,0.16573142,history,1
2026-03-17_1431265_U_31,0.1488986,history,0
2026-03-17_1431265_U_32,0.15387626,history,1
2026-03-17_1431265_U_33,0.14718431,history,1
2026-03-17_1431265_U_37,0.17684935,history,0
2026-03-17_1431265_U_38,0.09783514,history,0
2026-03-17_1431265_U_43,0.15953106,history,0
2026-03-17_1431265_U_44,0.10359487,history,1
2026-03-17_1431265_U_49,0.14625518,history,0
2026-03-17_1431265_U_50,0.15200071,history,1
2026-03-17_1431265_U_55,0.17122358,history,0
2026-03-17_1431265_U_56,0.13540807,history,1
2026-03-17_1431265_U_61,0.08179015,history,0
2026-03-17_1431265_U_62,0.09253742,history,1
2026-03-17_1431265_U_67,0.18650457,history,0
2026-03-17_1431265_U_68,0.1165667,history,1
2026-03-17_1431265_U_7,0.12879157,history,0
2026-03-17_1431265_U_73,0.119800135,history,0
2026-03-17_1431265_U_74,0.090209976,history,1
2026-03-17_1431265_U_79,0.19591092,history,1
2026-03-17_1431265_U_8,0.15108266,history,0
2026-03-17_1431265_U_80,0.11308989,history,1
2026-03-17_1431265_U_81,0.15767142,history,0
2026-03-17_1431265_U_85,0.11465816,history,1
2026-03-17_1431265_U_86,0.11138054,history,1
2026-03-17_1431265_U_9,0.117240295,history,1
2026-03-17_1431265_U_91,0.25039288,history,1
2026-03-17_1431265_U_92,0.12217554,history,1
2026-03-17_1431265_U_97,0.096691154,history,1
2026-03-17_1439975_U_1,0.24429631,history,1
2026-03-17_1439975_U_10,0.22090285,history,0
2026-03-17_1439975_U_13,0.16235147,history,0
2026-03-17_1439975_U_14,0.15650764,history,1
2026-03-17_1439975_U_15,0.23933189,history,1
2026-03-17_1439975_U_17,0.16953525,history,0
2026-03-17_1439975_U_18,0.18533044,history,1
2026-03-17_1439975_U_2,0.21507864,history,0
2026-03-17_1439975_U_21,0.18158375,history,0
2026-03-17_1439975_U_22,0.17844951,history,0
2026-03-17_1439975_U_25,0.2777713,history,0
2026-03-17_1439975_U_26,0.12806943,history,0
2026-03-17_1439975_U_27,0.16076152,history,1
2026-03-17_1439975_U_29,0.17091367,history,0
2026-03-17_1439975_U_30,0.30811915,history,0
2026-03-17_1439975_U_34,0.1566655,history,0
2026-03-17_1439975_U_35,0.15354855,history,1
2026-03-17_1439975_U_36,0.18724632,history,1
2026-03-17_1439975_U_38,0.16445538,history,1
2026-03-17_1439975_U_42,0.14228004,history,0
2026-03-17_1439975_U_43,0.12331459,history,1
2026-03-17_1439975_U_46,0.2534036,history,0
2026-03-17_1439975_U_50,0.15667427,history,1
2026-03-17_1439975_U_51,0.18362609,history,1
2026-03-17_1439975_U_6,0.15181373,history,0
2026-03-17_1439975_U_7,0.17729637,history,1
2026-03-17_1439975_U_8,0.14686543,history,1
2026-03-17_1439975_U_9,0.15148643,history,0
2026-03-17_1441389_U_1,0.3074891,history,0
2026-03-17_1441389_U_2,2.21796,history,0
2026-03-17_1441389_U_3,1.8405942,history,0
2026-03-17_1441389_U_4,2.0765324,history,0
2026-03-17_1441389_U_5,3.0796695,history,0
2026-03-17_1441389_U_7,2.0462997,history,0
2026-03-17_1474792_U_1,0.14388756,history,0
2026-03-17_1474792_U_13,0.11252953,history,1
2026-03-17_1474792_U_14,0.2680114,history,0
2026-03-17_1474792_U_15,0.21005633,history,0
2026-03-17_1474792_U_2,0.15814784,history,0
2026-03-17_1474792_U_4,0.19587636,history,0
2026-03-17_1474792_U_5,0.1416402,history,0
2026-03-17_1474792_U_7,0.28703207,history,0
2026-03-17_1474793_U_1,0.153191,history,0
2026-03-17_1474793_U_2,0.11133319,history,0
2026-03-17_1476582_U_1,0.27968255,history,1
2026-03-17_1476582_U_12,0.26376566,history,0
2026-03-17_1476582_U_13,0.23731342,history,1
2026-03-17_1476582_U_17,0.29431558,history,0
2026-03-17_1476582_U_18,0.37072656,history,0
2026-03-17_1476582_U_2,0.20853475,history,0
2026-03-17_1476582_U_22,0.40755224,history,0
2026-03-17_1476582_U_23,0.22526674,history,0
2026-03-17_1476582_U_26,0.25419486,history,1
2026-03-17_1476582_U_27,0.29914168,history,0
2026-03-17_1476582_U_33,0.36103612,history,0
2026-03-17_1476582_U_6,0.28283024,history,0
2026-03-17_1476582_U_7,0.26406825,history,0
2026-03-17_1476584_U_1,0.4128322,history,0
2026-03-17_1476584_U_10,0.25416613,history,0
2026-03-17_1476584_U_11,0.1890245,history,0
2026-03-17_1476584_U_3,0.75727963,history,0
2026-03-17_1476584_U_4,0.24300265,history,0
2026-03-17_1476584_U_5,0.23197854,history,0
2026-03-17_1476584_U_6,0.34555098,history,1
2026-03-17_1476584_U_8,0.5773587,history,0
2026-03-17_1477764_U_1,0.15097235,history,0
2026-03-17_1477764_U_13,0.21872449,history,0
2026-03-17_1477764_U_14,0.17047912,history,0
2026-03-17_1477764_U_15,0.15651721,history,0
2026-03-17_1477764_U_19,0.13541459,history,0
2026-03-17_1477764_U_2,0.17933142,history,0
2026-03-17_1477764_U_20,0.12361218,history,0
2026-03-17_1477764_U_21,0.16404235,history,0
2026-03-17_1477764_U_25,0.17191806,history,0
2026-03-17_1477764_U_26,0.1265941,history,0
2026-03-17_1477764_U_27,0.13779196,history,0
2026-03-17_1477764_U_31,0.086808756,history,0
2026-03-17_1477764_U_32,0.10706568,history,0
2026-03-17_1477764_U_33,0.20021793,history,0
2026-03-17_1477764_U_37,0.15458782,history,0
2026-03-17_1477764_U_38,0.124176264,history,0
2026-03-17_1477764_U_43,0.17164072,history,0
2026-03-17_1477764_U_44,0.16647542,history,0
2026-03-17_1477764_U_49,0.13686967,history,0
2026-03-17_1477764_U_50,0.17003426,history,1
2026-03-17_1477764_U_54,0.17834923,history,0
2026-03-17_1477764_U_55,0.11428176,history,1
2026-03-17_1477764_U_59,0.1767537,history,0
2026-03-17_1477764_U_60,0.13603684,history,1
2026-03-17_1477764_U_66,0.14766434,history,0
2026-03-17_1477764_U_7,0.16795793,history,0
2026-03-17_1477764_U_72,0.16592517,history,0
2026-03-17_1477764_U_73,0.20527045,history,0
2026-03-17_1477764_U_8,0.12917916,history,0
2026-03-17_1477764_U_85,0.39688605,history,0
2026-03-17_1477764_U_88,0.118814036,history,0
2026-03-17_1477764_U_89,0.12138197,history,0
2026-03-17_1477764_U_9,0.19685924,history,0
2026-03-17_1477766_U_13,0.16960566,history,0
2026-03-17_1477766_U_15,0.20405607,history,0
2026-03-17_1477766_U_16,0.1774964,history,0
2026-03-17_1477766_U_2,0.26643988,history,1
2026-03-17_1477766_U_4,0.1710606,history,0
2026-03-17_1477767_U_1,0.3314119,history,0
2026-03-17_1477767_U_11,1.0345054,history,0
2026-03-17_1477767_U_12,0.6752316,history,0
2026-03-17_1477767_U_14,0.1358223,history,0
2026-03-17_1477767_U_15,0.2437555,history,0
2026-03-17_1477767_U_2,0.18626897,history,0
2026-03-17_1477767_U_22,0.13248256,history,0
2026-03-17_1477767_U_23,0.26331598,history,0
2026-03-17_1477767_U_24,0.13163006,history,0
2026-03-17_1477767_U_3,0.23916064,history,0
2026-03-17_1477767_U_32,0.41848004,history,0
2026-03-17_1477767_U_35,0.11843936,history,0
2026-03-17_1477767_U_36,0.15336138,history,0
2026-03-17_1477767_U_37,0.15877968,history,0
2026-03-17_1477767_U_38,0.11977796,history,0
2026-03-17_1477767_U_4,0.26912275,history,0
2026-03-17_1477768_U_11,0.23920956,history,0
2026-03-17_1477768_U_12,0.25605673,history,0
2026-03-17_1477768_U_13,0.20183301,history,0
2026-03-17_1477768_U_14,0.1569159,history,0
2026-03-17_1477768_U_2,0.4293513,history,0
2026-03-17_1477768_U_23,0.14195773,history,0
2026-03-17_1477768_U_24,0.2010344,history,0
2026-03-17_1477768_U_25,0.30786294,history,1
2026-03-17_1477768_U_26,0.15618369,history,0
2026-03-17_1477768_U_3,0.20422433,history,0
2026-03-17_1477768_U_34,0.26035225,history,0
2026-03-17_1477768_U_35,0.16356543,history,0
2026-03-17_1477768_U_36,0.16996023,history,0
2026-03-17_1477768_U_37,0.16056688,history,0
2026-03-17_1477768_U_4,0.16215156,history,0
2026-03-17_1477768_U_46,0.36089218,history,0
2026-03-17_1477768_U_47,0.12214919,history,0
2026-03-17_1477768_U_48,0.19121629,history,0
2026-03-17_1477768_U_5,0.116590016,history,0
2026-03-17_1477769_U_1,0.14303166,history,0
2026-03-17_1477769_U_13,0.19462673,history,0
2026-03-17_1477769_U_14,0.19713031,history,0
2026-03-17_1477769_U_15,0.11203104,history,0
2026-03-17_1477769_U_16,0.0987826,history,0
2026-03-17_1477769_U_17,0.19658756,history,0
2026-03-17_1477769_U_2,0.24292672,history,0
2026-03-17_1477769_U_24,0.117314294,history,0
2026-03-17_1477769_U_25,0.1733133,history,0
2026-03-17_1477769_U_26,0.22022311,history,0
2026-03-17_1477769_U_3,0.10477837,history,0
2026-03-17_1477769_U_37,0.079975635,history,0
2026-03-17_1477769_U_38,0.14218813,history,0
2026-03-17_1477769_U_39,0.14572646,history,0
2026-03-17_1477769_U_4,0.14898445,history,1
2026-03-17_1477769_U_5,0.22574054,history,0
2026-03-17_1477770_U_1,0.6155825,history,0
2026-03-17_1477770_U_2,0.43689215,history,0
2026-03-17_1477770_U_3,0.59729195,history,0
2026-03-17_1477770_U_4,0.48385948,history,0
2026-03-17_1477770_U_5,0.9164519,history,0
2026-03-17_1477770_U_7,0.36256942,history,0
2026-03-17_1477770_U_8,0.41761833,history,0
2026-03-17_1481779_U_1,0.19869229,history,0
2026-03-17_1481779_U_105,0.15458427,history,0
2026-03-17_1481779_U_106,0.08695476,history,0
2026-03-17_1481779_U_113,0.18215153,history,0
2026-03-17_1481779_U_114,0.13062432,history,0
2026-03-17_1481779_U_117,0.21446721,history,0
2026-03-17_1481779_U_118,0.13948694,history,0
2026-03-17_1481779_U_12,0.19377731,history,1
2026-03-17_1481779_U_13,0.14167184,history,0
2026-03-17_1481779_U_14,0.15586224,history,0
2026-03-17_1481779_U_15,0.14193025,history,0
2026-03-17_1481779_U_16,0.08615255,history,0
2026-03-17_1481779_U_2,0.09418976,history,0
2026-03-17_1481779_U_21,0.15129745,history,0
2026-03-17_1481779_U_22,0.16783783,history,0
2026-03-17_1481779_U_23,0.15358351,history,0
2026-03-17_1481779_U_24,0.11433365,history,1
2026-03-17_1481779_U_29,0.19785242,history,0
2026-03-17_1481779_U_3,0.10402042,history,0
2026-03-17_1481779_U_30,0.12421797,history,0
2026-03-17_1481779_U_31,0.19900887,history,1
2026-03-17_1481779_U_39,0.16882084,history,0
2026-03-17_1481779_U_4,0.09478136,history,0
2026-03-17_1481779_U_40,0.21418503,history,0
2026-03-17_1481779_U_41,0.14482063,history,0
2026-03-17_1481779_U_42,0.13548785,history,0
2026-03-17_1481779_U_43,0.14729753,history,0
2026-03-17_1481779_U_44,0.09904115,history,1
2026-03-17_1481779_U_50,0.3363201,history,0
2026-03-17_1481779_U_51,0.086725704,history,0
2026-03-17_1481779_U_52,0.064700246,history,0
2026-03-17_1481779_U_58,0.21833646,history,0
2026-03-17_1481779_U_59,0.1667125,history,0
2026-03-17_1481779_U_66,0.18340538,history,0
2026-03-17_1481779_U_67,0.12777786,history,0
2026-03-17_1481779_U_68,0.20521447,history,0
2026-03-17_1481779_U_74,0.11611624,history,0
2026-03-17_1481779_U_82,0.13498455,history,0
2026-03-17_1481779_U_83,0.12294506,history,1
2026-03-17_1481779_U_84,0.09419787,history,1
2026-03-17_1481779_U_89,0.23783335,history,0
2026-03-17_1481779_U_90,0.12964246,history,0
2026-03-17_1481779_U_91,0.32066363,history,1
2026-03-17_1481779_U_97,0.10969983,history,0
2026-03-17_1481779_U_98,0.15612002,history,0
2026-03-20_1348037_U_29,0.49597824,cv,0
2026-03-20_1348037_U_30,0.31294736,cv,0
2026-03-20_1348037_U_33,0.39368725,cv,0
2026-03-20_1348037_U_39,0.6301869,cv,0
2026-03-20_1348037_U_41,0.39774126,cv,0
2026-03-20_1348037_U_42,0.28846675,cv,0
2026-03-20_1348037_U_46,0.4543637,cv,0
2026-03-20_1348037_U_48,0.36004895,cv,0
2026-03-20_1348037_U_49,0.79193896,cv,0
2026-03-20_1348037_U_50,0.5184402,cv,0
2026-03-20_1348037_U_52,0.5235673,cv,0
2026-03-20_1349260_U_20,0.21775898,cv,0
2026-03-20_1349260_U_21,0.25219062,cv,0
2026-03-20_1349260_U_22,0.871226,cv,0
2026-03-20_1349260_U_24,0.18252262,cv,0
2026-03-20_1349260_U_25,0.19611923,cv,0
2026-03-20_1349260_U_26,1.3764877,cv,1
2026-03-20_1349260_U_28,0.17346935,cv,0
2026-03-20_1349260_U_29,0.11793061,cv,0
2026-03-20_1349260_U_30,0.4928875,cv,1
2026-03-20_1349260_U_32,0.12783532,cv,0
2026-03-20_1349260_U_33,0.15985656,cv,0
2026-03-20_1349260_U_34,0.13325495,cv,0
2026-03-20_1349260_U_36,1.2433356,cv,0
2026-03-20_1359254_U_14,0.21235883,cv,1
2026-03-20_1359254_U_29,0.34550142,cv,0
2026-03-20_1359254_U_30,0.16987762,cv,1
2026-03-20_1359254_U_41,0.18165337,cv,1
2026-03-20_1359254_U_42,0.5431204,cv,1
2026-03-20_1359254_U_48,0.20010808,cv,0
2026-03-20_1359254_U_59,0.14314362,cv,1
2026-03-20_1359254_U_68,0.23075603,cv,0
2026-03-20_1359254_U_69,0.27478635,cv,1
2026-03-20_1359254_U_70,0.18902878,cv,1
2026-03-20_1359254_U_73,0.26952168,cv,1
2026-03-20_1359254_U_74,0.2511809,cv,0
2026-03-20_1359254_U_75,0.27847052,cv,1
2026-03-20_1359254_U_77,0.15790883,cv,0
2026-03-20_1359254_U_78,0.25441885,cv,1
2026-03-20_1359254_U_8,0.15410993,cv,1
2026-03-20_1359254_U_9,0.3704916,cv,0
2026-03-20_1390072_U_11,0.23688948,cv,0
2026-03-20_1390072_U_16,0.38959205,cv,1
2026-03-20_1390072_U_20,0.12752354,cv,0
2026-03-20_1390072_U_21,0.23314956,cv,0
2026-03-20_1390072_U_22,0.16330713,cv,0
2026-03-20_1390072_U_23,0.18612462,cv,1
2026-03-20_1390072_U_25,0.20224044,cv,0
2026-03-20_1390072_U_26,0.12528287,cv,0
2026-03-20_1390072_U_27,0.1400575,cv,0
2026-03-20_1390072_U_28,0.34640855,cv,0
2026-03-20_1390072_U_9,0.18033624,cv,1
2026-03-20_1407494_U_25,0.4772703,cv,1
2026-03-20_1407494_U_31,0.50759816,cv,1
2026-03-20_1407494_U_32,0.33860096,cv,0
2026-03-20_1407494_U_37,0.3112844,cv,0
2026-03-20_1407495_U_10,0.35053417,cv,0
2026-03-20_1407495_U_11,0.21836703,cv,0
2026-03-20_1407495_U_19,0.21716058,cv,0
2026-03-20_1407495_U_20,0.17853484,cv,0
2026-03-20_1407495_U_21,0.22510186,cv,1
2026-03-20_1407495_U_22,0.47439274,cv,0
2026-03-20_1407495_U_23,0.41154426,cv,1
2026-03-20_1407495_U_24,0.2656275,cv,0
2026-03-20_1407495_U_26,0.3395878,cv,1
2026-03-20_1407495_U_27,0.46178874,cv,1
2026-03-20_1429985_U_104,0.14116567,cv,0
2026-03-20_1429985_U_117,0.15304233,cv,1
2026-03-20_1429985_U_118,0.25300705,cv,0
2026-03-20_1429985_U_33,0.14801623,cv,0
2026-03-20_1429985_U_38,0.16311947,cv,0
2026-03-20_1429985_U_73,0.15957603,cv,1
2026-03-20_1429985_U_99,0.13395804,cv,1
2026-03-20_1431265_U_100,0.1637581,cv,0
2026-03-20_1431265_U_101,0.12801003,cv,0
2026-03-20_1431265_U_102,0.21730572,cv,0
2026-03-20_1431265_U_105,0.15658891,cv,0
2026-03-20_1431265_U_117,0.20278975,cv,0
2026-03-20_1431265_U_118,0.21106791,cv,0
2026-03-20_1431265_U_119,0.20376441,cv,1
2026-03-20_1431265_U_121,0.1797012,cv,0
2026-03-20_1431265_U_124,0.16411538,cv,1
2026-03-20_1431265_U_125,0.24619947,cv,1
2026-03-20_1431265_U_130,0.13722119,cv,1
2026-03-20_1431265_U_133,0.14948748,cv,0
2026-03-20_1431265_U_135,0.12424332,cv,1
2026-03-20_1431265_U_137,0.09466227,cv,0
2026-03-20_1431265_U_138,0.19320625,cv,1
2026-03-20_1431265_U_142,0.102735534,cv,0
2026-03-20_1431265_U_143,0.17360693,cv,0
2026-03-20_1431265_U_144,0.13705264,cv,1
2026-03-20_1431265_U_145,0.10978402,cv,1
2026-03-20_1431265_U_148,0.10453638,cv,0
2026-03-20_1431265_U_149,0.22910434,cv,0
2026-03-20_1431265_U_150,0.1959682,cv,0
2026-03-20_1431265_U_152,0.12460643,cv,1
2026-03-20_1431265_U_155,0.20210871,cv,0
2026-03-20_1431265_U_157,0.13395451,cv,1
2026-03-20_1431265_U_160,0.15245035,cv,0
2026-03-20_1431265_U_161,0.14539719,cv,1
2026-03-20_1431265_U_164,0.20781848,cv,0
2026-03-20_1431265_U_165,0.3509223,cv,1
2026-03-20_1431265_U_166,0.40019011,cv,1
2026-03-20_1431265_U_167,0.15669248,cv,0
2026-03-20_1431265_U_168,0.20864955,cv,0
2026-03-20_1431265_U_169,0.14672303,cv,0
2026-03-20_1431265_U_170,0.3103282,cv,0
2026-03-20_1431265_U_171,0.44562685,cv,1
2026-03-20_1431265_U_172,0.29411066,cv,0
2026-03-20_1431265_U_46,0.19190192,cv,0
2026-03-20_1431265_U_47,0.19733863,cv,1
2026-03-20_1431265_U_57,0.13152854,cv,1
2026-03-20_1431265_U_58,0.17071997,cv,0
2026-03-20_1431265_U_59,0.16722739,cv,0
2026-03-20_1431265_U_60,0.14562495,cv,1
2026-03-20_1431265_U_70,0.30037147,cv,0
2026-03-20_1431265_U_71,0.24895105,cv,0
2026-03-20_1431265_U_72,0.21430096,cv,0
2026-03-20_1431265_U_78,0.18830507,cv,1
2026-03-20_1431265_U_88,0.1473165,cv,1
2026-03-20_1431265_U_89,0.18991295,cv,1
2026-03-20_1431265_U_90,0.1454546,cv,1
2026-03-20_1431265_U_93,0.17722401,cv,0
2026-03-20_1431265_U_99,0.14973184,cv,0
2026-03-20_1439975_U_100,0.2880567,cv,0
2026-03-20_1439975_U_101,0.36756188,cv,0
2026-03-20_1439975_U_19,0.19328026,cv,1
2026-03-20_1439975_U_23,0.2630896,cv,1
2026-03-20_1439975_U_40,0.17783323,cv,1
2026-03-20_1439975_U_41,0.1806514,cv,1
2026-03-20_1439975_U_44,0.17360625,cv,1
2026-03-20_1439975_U_52,0.25435933,cv,1
2026-03-20_1439975_U_60,0.21534221,cv,1
2026-03-20_1439975_U_63,0.14007276,cv,1
2026-03-20_1439975_U_65,0.1797239,cv,0
2026-03-20_1439975_U_67,0.21930811,cv,1
2026-03-20_1439975_U_69,0.19750047,cv,0
2026-03-20_1439975_U_71,0.3981539,cv,1
2026-03-20_1439975_U_72,0.24267691,cv,1
2026-03-20_1439975_U_76,0.24401478,cv,0
2026-03-20_1439975_U_77,0.17501883,cv,1
2026-03-20_1439975_U_84,0.2049846,cv,1
2026-03-20_1439975_U_86,0.3612909,cv,0
2026-03-20_1439975_U_88,0.22097251,cv,1
2026-03-20_1439975_U_92,0.3258503,cv,1
2026-03-20_1439975_U_97,0.22213994,cv,1
2026-03-20_1439975_U_99,0.33048692,cv,0
2026-03-20_1441389_U_12,0.47270593,cv,1
2026-03-20_1441389_U_15,2.3694205,cv,0
2026-03-20_1441389_U_18,2.3309774,cv,0
2026-03-20_1441389_U_19,1.9738431,cv,0
2026-03-20_1441389_U_20,1.9812813,cv,0
2026-03-20_1441389_U_21,2.3758404,cv,0
2026-03-20_1441389_U_22,2.2009923,cv,0
2026-03-20_1474792_U_19,0.35490915,cv,1
2026-03-20_1474792_U_21,0.20155506,cv,1
2026-03-20_1474792_U_23,0.2251704,cv,0
2026-03-20_1474792_U_29,0.20498091,cv,0
2026-03-20_1474792_U_30,0.30150068,cv,0
2026-03-20_1474792_U_31,0.23932081,cv,0
2026-03-20_1474792_U_32,0.29628286,cv,0
2026-03-20_1474792_U_34,0.15624069,cv,0
2026-03-20_1474792_U_35,0.3059772,cv,0
2026-03-20_1474792_U_36,0.21626627,cv,0
2026-03-20_1474792_U_37,0.22289443,cv,0
2026-03-20_1474792_U_38,0.29323706,cv,0
2026-03-20_1474792_U_39,0.19028845,cv,0
2026-03-20_1474793_U_3,0.24750786,cv,0
2026-03-20_1474793_U_4,0.14814769,cv,1
2026-03-20_1476582_U_10,0.3492598,cv,0
2026-03-20_1476582_U_11,0.36406657,cv,0
2026-03-20_1476582_U_16,0.4401644,cv,0
2026-03-20_1476582_U_20,0.3939783,cv,0
2026-03-20_1476582_U_21,0.3520248,cv,0
2026-03-20_1476582_U_24,0.3574673,cv,0
2026-03-20_1476582_U_25,0.35519752,cv,1
2026-03-20_1476582_U_28,0.31187922,cv,1
2026-03-20_1476582_U_3,0.37385935,cv,1
2026-03-20_1476582_U_30,0.30135477,cv,0
2026-03-20_1476582_U_32,0.65938795,cv,0
2026-03-20_1476582_U_35,0.3452952,cv,0
2026-03-20_1476582_U_36,0.5430671,cv,0
2026-03-20_1476582_U_37,0.3037702,cv,0
2026-03-20_1476582_U_4,0.30199987,cv,0
2026-03-20_1476582_U_5,0.7581574,cv,0
2026-03-20_1476582_U_9,0.3426109,cv,1
2026-03-20_1476584_U_12,0.3446029,cv,1
2026-03-20_1476584_U_13,0.18952648,cv,0
2026-03-20_1476584_U_2,0.2967672,cv,0
2026-03-20_1476584_U_7,0.23195557,cv,0
2026-03-20_1477764_U_12,0.13208297,cv,0
2026-03-20_1477764_U_23,0.1206659,cv,0
2026-03-20_1477764_U_29,0.20837316,cv,0
2026-03-20_1477764_U_30,0.22348091,cv,0
2026-03-20_1477764_U_35,0.2662797,cv,0
2026-03-20_1477764_U_36,0.2684799,cv,0
2026-03-20_1477764_U_40,0.20347008,cv,0
2026-03-20_1477764_U_41,0.19005579,cv,0
2026-03-20_1477764_U_42,0.12439086,cv,0
2026-03-20_1477764_U_46,0.35664207,cv,0
2026-03-20_1477764_U_47,0.22181472,cv,0
2026-03-20_1477764_U_48,0.15037462,cv,0
2026-03-20_1477764_U_5,0.23625335,cv,0
2026-03-20_1477764_U_52,0.17139797,cv,0
2026-03-20_1477764_U_53,0.15485379,cv,0
2026-03-20_1477764_U_57,0.20031044,cv,0
2026-03-20_1477764_U_58,0.18866496,cv,0
2026-03-20_1477764_U_6,0.6184721,cv,0
2026-03-20_1477764_U_63,0.1259726,cv,1
2026-03-20_1477764_U_64,0.13363743,cv,0
2026-03-20_1477764_U_69,0.14737841,cv,0
2026-03-20_1477764_U_70,0.113318846,cv,0
2026-03-20_1477764_U_71,0.21634802,cv,0
2026-03-20_1477764_U_75,0.23578815,cv,0
2026-03-20_1477764_U_76,0.20221636,cv,0
2026-03-20_1477764_U_77,0.20543954,cv,0
2026-03-20_1477764_U_78,0.21139693,cv,0
2026-03-20_1477764_U_82,0.14010401,cv,1
2026-03-20_1477764_U_83,0.12044367,cv,1
2026-03-20_1477764_U_84,0.12545606,cv,0
2026-03-20_1477764_U_87,0.16458759,cv,1
2026-03-20_1477764_U_92,0.14654863,cv,1
2026-03-20_1477764_U_93,0.15123868,cv,0
2026-03-20_1477764_U_94,0.23829693,cv,0
2026-03-20_1477766_U_10,0.15887395,cv,0
2026-03-20_1477766_U_11,0.13338347,cv,0
2026-03-20_1477766_U_12,0.30823666,cv,0
2026-03-20_1477766_U_20,0.1879839,cv,0
2026-03-20_1477766_U_21,0.15476409,cv,1
2026-03-20_1477766_U_22,0.20903775,cv,0
2026-03-20_1477766_U_23,0.38036555,cv,0
2026-03-20_1477766_U_24,0.14052042,cv,0
2026-03-20_1477766_U_25,0.21949342,cv,0
2026-03-20_1477766_U_26,0.25481322,cv,0
2026-03-20_1477766_U_27,0.20765571,cv,0
2026-03-20_1477766_U_28,0.2434557,cv,1
2026-03-20_1477766_U_29,0.25571278,cv,0
2026-03-20_1477766_U_30,0.1627661,cv,0
2026-03-20_1477766_U_31,0.121867195,cv,0
2026-03-20_1477766_U_8,0.20461577,cv,0
2026-03-20_1477766_U_9,0.19046943,cv,0
2026-03-20_1477767_U_10,0.3212013,cv,0
2026-03-20_1477767_U_18,0.19559464,cv,0
2026-03-20_1477767_U_19,0.12748666,cv,0
2026-03-20_1477767_U_20,0.24378133,cv,0
2026-03-20_1477767_U_21,0.26065704,cv,0
2026-03-20_1477767_U_8,0.20267245,cv,0
2026-03-20_1477767_U_9,0.2278696,cv,0
2026-03-20_1477768_U_10,0.30932957,cv,0
2026-03-20_1477768_U_18,0.23321414,cv,0
2026-03-20_1477768_U_19,0.124730274,cv,0
2026-03-20_1477768_U_20,0.23377715,cv,0
2026-03-20_1477768_U_21,0.16950247,cv,0
2026-03-20_1477768_U_22,0.34830818,cv,0
2026-03-20_1477768_U_30,0.21652713,cv,0
2026-03-20_1477768_U_31,0.2447646,cv,0
2026-03-20_1477768_U_32,0.24066696,cv,1
2026-03-20_1477768_U_33,0.22315745,cv,0
2026-03-20_1477768_U_40,0.1828875,cv,0
2026-03-20_1477768_U_41,0.1637266,cv,0
2026-03-20_1477768_U_42,0.23035157,cv,1
2026-03-20_1477768_U_43,0.3622561,cv,0
2026-03-20_1477768_U_44,0.13437657,cv,1
2026-03-20_1477768_U_45,0.19698039,cv,1
2026-03-20_1477768_U_53,0.22984394,cv,0
2026-03-20_1477768_U_54,0.26395804,cv,0
2026-03-20_1477768_U_55,0.25274593,cv,0
2026-03-20_1477768_U_56,0.25601608,cv,0
2026-03-20_1477768_U_57,0.2913397,cv,0
2026-03-20_1477768_U_58,0.3197256,cv,0
2026-03-20_1477768_U_7,0.14055723,cv,0
2026-03-20_1477768_U_8,0.20552072,cv,1
2026-03-20_1477768_U_9,0.20813376,cv,0
2026-03-20_1477769_U_10,0.2036209,cv,0
2026-03-20_1477769_U_11,0.16607569,cv,0
2026-03-20_1477769_U_12,0.13758467,cv,0
2026-03-20_1477769_U_20,0.1278282,cv,0
2026-03-20_1477769_U_21,0.209113,cv,0
2026-03-20_1477769_U_22,0.24608335,cv,0
2026-03-20_1477769_U_23,0.14176616,cv,0
2026-03-20_1477769_U_31,0.21708617,cv,1
2026-03-20_1477769_U_32,0.18597457,cv,1
2026-03-20_1477769_U_34,0.13067001,cv,1
2026-03-20_1477769_U_35,0.21254519,cv,1
2026-03-20_1477769_U_43,0.4224211,cv,0
2026-03-20_1477769_U_44,0.3716231,cv,0
2026-03-20_1477769_U_45,0.32985622,cv,0
2026-03-20_1477769_U_46,0.3657342,cv,0
2026-03-20_1477769_U_47,0.20753989,cv,1
2026-03-20_1477769_U_48,0.2635137,cv,1
2026-03-20_1477769_U_8,0.30082846,cv,0
2026-03-20_1477769_U_9,0.24479859,cv,0
2026-03-20_1477770_U_11,0.3607762,cv,0
2026-03-20_1477770_U_12,0.39017734,cv,0
2026-03-20_1477770_U_13,0.36961603,cv,0
2026-03-20_1477770_U_14,0.50819033,cv,0
2026-03-20_1477770_U_15,1.1315048,cv,0
2026-03-20_1477770_U_17,1.3819398,cv,1
2026-03-20_1481779_U_10,0.13763405,cv,0
2026-03-20_1481779_U_102,0.11067006,cv,0
2026-03-20_1481779_U_104,0.22765645,cv,0
2026-03-20_1481779_U_11,0.18537675,cv,0
2026-03-20_1481779_U_110,0.19437668,cv,1
2026-03-20_1481779_U_111,0.23062289,cv,1
2026-03-20_1481779_U_121,0.17487964,cv,0
2026-03-20_1481779_U_122,0.15851295,cv,0
2026-03-20_1481779_U_124,0.22318868,cv,0
2026-03-20_1481779_U_125,0.15605596,cv,0
2026-03-20_1481779_U_127,0.602226,cv,0
2026-03-20_1481779_U_128,0.19755006,cv,0
2026-03-20_1481779_U_129,0.14003503,cv,0
2026-03-20_1481779_U_130,0.12167077,cv,0
2026-03-20_1481779_U_131,0.1745336,cv,0
2026-03-20_1481779_U_19,0.13641328,cv,0
2026-03-20_1481779_U_26,0.1595597,cv,1
2026-03-20_1481779_U_27,0.24578825,cv,0
2026-03-20_1481779_U_28,0.17493609,cv,0
2026-03-20_1481779_U_35,0.196392,cv,0
2026-03-20_1481779_U_36,0.4109075,cv,0
2026-03-20_1481779_U_37,0.17236066,cv,0
2026-03-20_1481779_U_38,0.12694564,cv,0
2026-03-20_1481779_U_48,0.17600635,cv,0
2026-03-20_1481779_U_49,0.13611929,cv,0
2026-03-20_1481779_U_56,0.16280417,cv,0
2026-03-20_1481779_U_57,0.13468017,cv,0
2026-03-20_1481779_U_7,0.29801485,cv,0
2026-03-20_1481779_U_71,0.0934526,cv,0
2026-03-20_1481779_U_72,0.13418788,cv,0
2026-03-20_1481779_U_73,0.32151562,cv,0
2026-03-20_1481779_U_8,0.2694724,cv,0
2026-03-20_1481779_U_81,0.28157002,cv,0
2026-03-20_1481779_U_86,0.15106812,cv,0
2026-03-20_1481779_U_87,0.16141078,cv,1
2026-03-20_1481779_U_9,0.3089131,cv,0
2026-03-20_1481779_U_93,0.2499381,cv,0
2026-03-20_1481779_U_94,0.19134122,cv,0
2026-03-20_1481779_U_95,0.11122966,cv,0
2026-03-20_1481779_U_96,0.13051276,cv,0
2026-03-20_1493653_U_16,0.25737303,cv,1
2026-03-20_1493653_U_23,0.77387136,cv,0
2026-03-20_1493653_U_25,0.33871537,cv,0
2026-03-20_1493653_U_34,0.312232,cv,1
2026-03-20_1493653_U_35,0.2397598,cv,0
2026-03-20_1493653_U_67,0.25493115,cv,0
2026-03-20_1493653_U_75,0.25280368,cv,0
2026-03-20_1493653_U_8,0.31360233,cv,0
2026-03-20_1493653_U_82,0.5556273,cv,0
2026-03-20_1493653_U_83,0.25218603,cv,0
2026-03-20_1495854_U_11,0.42015463,cv,1
2026-03-20_1495854_U_13,0.5379806,cv,0
2026-03-20_1495854_U_26,0.3862927,cv,0
2026-03-20_1495854_U_27,0.32114518,cv,0
2026-03-20_1495854_U_33,0.2351002,cv,0
2026-03-20_1495854_U_34,0.40936446,cv,0
2026-03-20_1495854_U_35,0.34262604,cv,0
2026-03-20_1495854_U_36,0.36185643,cv,0
2026-03-20_1495854_U_39,0.5420232,cv,0
2026-03-20_1495854_U_41,0.4886145,cv,0
2026-03-20_1495854_U_43,0.47819984,cv,1
2026-03-20_1495854_U_45,0.402708,cv,1
2026-03-20_1495854_U_46,0.3298925,cv,0
2026-03-20_1495855_U_15,0.31969064,cv,0
2026-03-20_1495855_U_42,0.43885252,cv,0
2026-03-20_1495855_U_45,0.81071466,cv,1
2026-03-20_1495856_U_17,0.30443913,cv,0
2026-03-20_1495856_U_18,0.40839946,cv,0
2026-03-20_1495856_U_24,0.41770267,cv,0
2026-03-20_1495856_U_25,0.28908652,cv,0
2026-03-20_1495856_U_26,0.33101445,cv,1
2026-03-20_1495856_U_28,0.22135346,cv,0
2026-03-20_1495856_U_35,0.38136876,cv,0
2026-03-20_1495856_U_36,0.43593714,cv,0
2026-03-20_1495856_U_37,0.2811256,cv,0
2026-03-20_1495856_U_38,0.5243647,cv,1
2026-03-20_1495856_U_43,0.39779422,cv,0
2026-03-20_1496805_U_10,0.37468356,cv,0
2026-03-20_1496805_U_14,0.20961028,cv,1
2026-03-20_1496805_U_15,0.24539022,cv,1
2026-03-20_1496805_U_23,0.26990694,cv,1
2026-03-20_1496805_U_24,0.31683403,cv,1
2026-03-20_1496805_U_32,0.27297375,cv,0
2026-03-20_1496805_U_33,0.22268753,cv,0
2026-03-20_1496805_U_35,0.22458744,cv,0
2026-03-20_1496805_U_48,0.49190968,cv,0
2026-03-20_1496805_U_50,0.29021746,cv,1
2026-03-20_1496805_U_51,0.23678015,cv,1
2026-03-20_1496805_U_56,0.39279056,cv,1
2026-03-20_1496805_U_59,0.20512323,cv,0
2026-03-20_1496805_U_63,0.3549026,cv,1
2026-03-20_1496805_U_70,0.23325273,cv,1
2026-03-20_1496805_U_74,0.5278473,cv,1
2026-03-20_1496806_U_11,0.36981034,cv,0
2026-03-20_1496806_U_12,0.30515417,cv,0
2026-03-20_1496806_U_13,0.2474435,cv,0
2026-03-20_1496806_U_14,0.37014648,cv,0
2026-03-20_1496806_U_15,0.40146858,cv,0
2026-03-20_1496806_U_16,0.28366613,cv,0
2026-03-20_1496806_U_26,0.58135855,cv,0
2026-03-20_1496806_U_27,0.46982712,cv,0
2026-03-20_1496806_U_28,0.32020718,cv,0
2026-03-20_1496806_U_29,0.2007542,cv,0
2026-03-20_1496806_U_30,0.62099385,cv,0
2026-03-20_1496806_U_31,0.35378253,cv,0
2026-03-20_1496806_U_32,0.28949133,cv,0
2026-03-20_1496808_U_15,0.25002545,cv,0
2026-03-20_1496808_U_16,0.23880057,cv,1
2026-03-20_1496808_U_17,0.17765924,cv,1
2026-03-20_1496808_U_24,0.2759775,cv,1
2026-03-20_1496808_U_32,0.32538885,cv,0
2026-03-20_1496808_U_33,0.20416057,cv,1
2026-03-20_1496808_U_41,0.28456032,cv,0
2026-03-20_1496808_U_46,0.23857245,cv,1
2026-03-20_1496808_U_52,0.38635755,cv,0
2026-03-20_1496808_U_53,0.40224028,cv,0
2026-03-20_1496808_U_54,0.27167878,cv,1
2026-03-20_1496808_U_59,0.29657888,cv,1
2026-03-20_1496808_U_62,0.2814445,cv,0
2026-03-20_1496808_U_67,0.21791874,cv,1
2026-03-20_1496808_U_70,0.2978117,cv,1
2026-03-20_1496808_U_75,0.6077099,cv,0
2026-03-20_1496808_U_76,0.19229504,cv,1
2026-03-20_1496808_U_77,0.4513089,cv,0
2026-03-20_1496808_U_78,0.24473467,cv,0
2026-03-20_1496808_U_79,0.2769399,cv,0
2026-03-20_1496808_U_87,0.19856128,cv,0
2026-03-20_1496808_U_9,0.19786412,cv,1
2026-03-20_1496808_U_91,0.22438952,cv,1
2026-03-20_1496808_U_95,0.34045428,cv,0
2026-03-20_1496808_U_96,0.32050398,cv,0
2026-03-20_1496808_U_97,0.4149966,cv,0
2026-03-20_1496811_U_16,0.37067354,cv,0
2026-03-20_1496811_U_24,0.3498745,cv,0
2026-03-20_1496811_U_25,0.2929041,cv,0
2026-03-20_1496811_U_31,0.26093635,cv,1
2026-03-20_1496811_U_32,0.6640833,cv,0
2026-03-20_1496811_U_33,0.5347698,cv,0
2026-03-20_1496811_U_41,0.342633,cv,0
2026-03-20_1496811_U_48,0.5910789,cv,0
2026-03-20_1496811_U_49,0.32233,cv,0
2026-03-20_1496811_U_50,0.42125925,cv,0
2026-03-20_1496811_U_51,0.6365665,cv,0
2026-03-20_1496811_U_61,0.4246778,cv,1
2026-03-20_1496811_U_67,0.4414042,cv,0
2026-03-20_1496811_U_68,0.23203766,cv,0
2026-03-20_1496811_U_69,0.3942823,cv,0
2026-03-20_1496811_U_8,0.27788562,cv,0
2026-03-20_1496811_U_9,0.14527346,cv,0
2026-03-20_1496812_U_102,0.21747963,cv,1
2026-03-20_1496812_U_104,0.18190396,cv,1
2026-03-20_1496812_U_119,0.28426802,cv,1
2026-03-20_1496812_U_130,0.19613588,cv,1
2026-03-20_1496812_U_139,0.29417562,cv,0
2026-03-20_1496812_U_142,0.21754381,cv,0
2026-03-20_1496812_U_143,0.3064911,cv,1
2026-03-20_1496812_U_144,0.4568224,cv,1
2026-03-20_1496812_U_149,0.21413629,cv,1
2026-03-20_1496812_U_151,0.11804341,cv,0
2026-03-20_1496812_U_152,0.26178616,cv,0
2026-03-20_1496812_U_153,0.28878614,cv,0
2026-03-20_1496812_U_154,0.27015895,cv,0
2026-03-20_1496812_U_155,0.37284073,cv,1
2026-03-20_1496812_U_19,0.2777825,cv,1
2026-03-20_1496812_U_48,0.30515325,cv,1
2026-03-20_1496812_U_49,0.16536051,cv,1
2026-03-20_1496812_U_57,0.36933458,cv,1
2026-03-20_1496812_U_72,0.2795313,cv,1
2026-03-20_1496812_U_74,0.43599567,cv,0
2026-03-20_1496812_U_8,0.29935414,cv,1
2026-03-20_1496812_U_82,0.28640318,cv,1
2026-03-20_1496812_U_84,0.18574879,cv,0
2026-03-20_1496812_U_93,0.2537227,cv,1
2026-03-20_1496820_U_10,0.35452673,cv,0
2026-03-20_1496820_U_4,0.25691718,cv,0
2026-03-20_1496820_U_5,0.26431033,cv,0
2026-03-20_1496820_U_8,0.28354532,cv,0
2026-03-20_1496820_U_9,0.1967433,cv,0
2026-03-20_1497250_U_17,0.18715954,cv,0
2026-03-20_1497250_U_18,0.21305782,cv,0
2026-03-20_1497250_U_19,0.18263239,cv,0
2026-03-20_1497250_U_20,0.3421623,cv,0
2026-03-20_1497250_U_21,0.13410345,cv,0
2026-03-20_1497250_U_22,0.13299581,cv,0
2026-03-20_1497250_U_23,0.3375519,cv,0
2026-03-20_1497250_U_24,0.2755701,cv,0
2026-03-20_1497250_U_25,0.142292,cv,0
2026-03-20_1497250_U_26,0.39770016,cv,0
2026-03-20_1497250_U_41,0.40195292,cv,1
2026-03-20_1497250_U_42,4.581072,cv,0
2026-03-20_1497250_U_44,0.13136019,cv,0
2026-03-20_1497250_U_46,3.6467168,cv,0
2026-03-20_1497250_U_47,0.25815982,cv,0
2026-03-20_1497250_U_48,0.30981737,cv,0
2026-03-20_1497250_U_49,0.12438059,cv,0
2026-03-20_1497250_U_50,0.08214869,cv,0
2026-03-20_1497250_U_51,0.2134693,cv,0
2026-03-20_1497250_U_52,0.1446225,cv,0
2026-03-20_1497251_U_15,0.65878105,cv,0
2026-03-20_1497251_U_20,0.5576566,cv,0
2026-03-20_1497251_U_21,0.433035,cv,0
2026-03-20_1497251_U_27,0.36264986,cv,1
2026-03-20_1497251_U_29,0.19332682,cv,0
2026-03-20_1497251_U_35,0.5668019,cv,0
2026-03-20_1497251_U_36,0.7836639,cv,1
2026-03-20_1497251_U_37,0.43707356,cv,1
2026-03-20_1497251_U_41,0.42592788,cv,1
2026-03-20_1497251_U_47,0.713688,cv,0
2026-03-20_1497251_U_48,0.7466966,cv,1
2026-03-20_1497251_U_53,0.5053049,cv,0
2026-03-20_1497251_U_62,0.66781354,cv,0
2026-03-20_1497251_U_63,0.7230014,cv,0
2026-03-20_1497251_U_64,0.4629811,cv,0
2026-03-20_1497251_U_68,0.5795557,cv,0
2026-03-20_1497251_U_7,0.3629356,cv,0
2026-03-20_1497251_U_70,0.5164893,cv,1
2026-03-20_1497251_U_71,0.72090995,cv,0
2026-03-20_1497251_U_73,0.5736365,cv,1
2026-03-20_1497251_U_8,0.46965966,cv,1
2026-03-20_1497252_U_13,0.33316147,cv,1
2026-03-20_1497252_U_14,0.75839806,cv,0
2026-03-20_1497252_U_2,0.45951483,cv,0
2026-03-20_1497252_U_37,0.5451319,cv,1
2026-03-20_1497252_U_38,0.6422159,cv,0
2026-03-20_1497252_U_39,0.60719585,cv,0
2026-03-20_1497252_U_45,0.694883,cv,0
2026-03-20_1497252_U_50,0.39298022,cv,1
2026-03-20_1497252_U_55,0.8806845,cv,1
2026-03-20_1497252_U_58,0.44719812,cv,1
2026-03-20_1497252_U_67,0.6270351,cv,0
2026-03-20_1497252_U_7,0.80832595,cv,0
2026-03-20_1497252_U_72,0.55773175,cv,1
2026-03-20_1497252_U_73,0.6306721,cv,0
2026-03-20_1497252_U_74,0.52948415,cv,1
2026-03-20_1497252_U_8,0.49533975,cv,0
2026-03-20_1497252_U_80,0.5919198,cv,0
2026-03-20_1497253_U_100,0.6898171,cv,0
2026-03-20_1497253_U_35,0.36568046,cv,0
2026-03-20_1497253_U_36,0.6870929,cv,0
2026-03-20_1497253_U_39,1.3129964,cv,1
2026-03-20_1497253_U_45,0.5549719,cv,0
2026-03-20_1497253_U_46,0.5684018,cv,0
2026-03-20_1497253_U_53,0.5522305,cv,0
2026-03-20_1497253_U_54,0.6500784,cv,0
2026-03-20_1497253_U_62,0.47978973,cv,1
2026-03-20_1497253_U_63,0.5958685,cv,1
2026-03-20_1497253_U_67,0.7545289,cv,1
2026-03-20_1497253_U_69,0.7218863,cv,1
2026-03-20_1497253_U_74,0.6801549,cv,1
2026-03-20_1497253_U_80,0.8158631,cv,0
2026-03-20_1497253_U_85,0.3766997,cv,0
2026-03-20_1497253_U_94,0.36820245,cv,0
2026-03-20_1497253_U_95,0.5486003,cv,0
2026-03-20_1497253_U_96,0.7500624,cv,1
2026-03-20_1497255_U_10,0.1986996,cv,0
2026-03-20_1497255_U_101,0.35858688,cv,1
2026-03-20_1497255_U_104,0.34811193,cv,0
2026-03-20_1497255_U_105,0.2965041,cv,0
2026-03-20_1497255_U_11,0.17778538,cv,0
2026-03-20_1497255_U_110,0.3473764,cv,0
2026-03-20_1497255_U_111,0.5082525,cv,0
2026-03-20_1497255_U_118,0.34000713,cv,0
2026-03-20_1497255_U_119,0.40221882,cv,1
2026-03-20_1497255_U_121,0.6273484,cv,0
2026-03-20_1497255_U_122,0.64342964,cv,1
2026-03-20_1497255_U_123,0.827614,cv,1
2026-03-20_1497255_U_129,0.2780783,cv,1
2026-03-20_1497255_U_134,0.21065614,cv,0
2026-03-20_1497255_U_135,0.21005516,cv,0
2026-03-20_1497255_U_147,0.4985722,cv,1
2026-03-20_1497255_U_148,0.258955,cv,0
2026-03-20_1497255_U_22,0.48397204,cv,0
2026-03-20_1497255_U_31,0.2948175,cv,0
2026-03-20_1497255_U_41,0.41955268,cv,0
2026-03-20_1497255_U_42,0.19337058,cv,0
2026-03-20_1497255_U_43,0.54334533,cv,0
2026-03-20_1497255_U_52,0.5161913,cv,0
2026-03-20_1497255_U_53,0.29502654,cv,1
2026-03-20_1497255_U_62,0.2772953,cv,0
2026-03-20_1497255_U_64,0.34239453,cv,0
2026-03-20_1497255_U_72,0.27808607,cv,0
2026-03-20_1497255_U_73,0.2629478,cv,0
2026-03-20_1497255_U_74,0.3490169,cv,0
2026-03-20_1497255_U_75,0.31193715,cv,0
2026-03-20_1497255_U_85,0.29824713,cv,0
2026-03-20_1497255_U_86,0.32259503,cv,0
2026-03-20_1497255_U_9,0.22419648,cv,0
2026-03-20_1497255_U_93,0.26756978,cv,0
2026-03-20_1497256_U_12,0.2545563,cv,0
2026-03-20_1497256_U_18,0.27925742,cv,1
2026-03-20_1497256_U_25,0.32404822,cv,0
2026-03-20_1497256_U_31,0.44557375,cv,1
2026-03-20_1497256_U_32,0.3983489,cv,0
2026-03-20_1497256_U_36,0.4229927,cv,0
2026-03-20_1497256_U_42,0.4332419,cv,0
2026-03-20_1497256_U_43,0.41621065,cv,0
2026-03-20_1497256_U_48,0.26662683,cv,1
2026-03-20_1497256_U_49,0.2594428,cv,1
2026-03-20_1497256_U_5,0.61255753,cv,0
2026-03-20_1497256_U_50,0.29799807,cv,0
2026-03-20_1497256_U_54,0.29256922,cv,0
2026-03-20_1497256_U_58,0.37668264,cv,0
2026-03-20_1497256_U_59,0.2158787,cv,0
2026-03-20_1497256_U_6,0.34054455,cv,0
2026-03-20_1497256_U_64,1.7410872,cv,1
2026-03-20_1497256_U_65,0.36716995,cv,0
2026-03-20_1497256_U_70,0.3150346,cv,1
2026-03-20_1497256_U_72,0.284477,cv,0
2026-03-20_1497256_U_80,0.33142838,cv,0
2026-03-20_1497256_U_81,0.35307813,cv,0
2026-03-20_1497256_U_86,0.4710711,cv,0
2026-03-20_1497256_U_87,0.29561114,cv,0
2026-03-20_1497256_U_88,0.32072037,cv,0
2026-03-20_1497256_U_95,0.37427577,cv,0
2026-03-21_1211316_S_1,0.13018827,cv,0
2026-03-21_1211316_S_11,0.14261605,cv,0
2026-03-21_1211316_S_15,0.21456173,cv,1
2026-03-21_1211316_S_16,0.26320058,cv,0
2026-03-21_1211316_S_17,0.29084176,cv,0
2026-03-21_1211316_S_18,0.17187089,cv,0
2026-03-21_1211316_S_19,0.28693992,cv,0
2026-03-21_1211316_S_20,0.31040043,cv,0
2026-03-21_1211316_S_21,0.36189842,cv,0
2026-03-21_1211316_S_22,0.3149621,cv,0
2026-03-21_1211316_S_23,0.22936462,cv,0
2026-03-21_1211316_S_3,0.21174112,cv,0
2026-03-21_1211316_S_4,0.14776461,cv,0
2026-03-21_1211316_S_5,0.088986956,cv,0
2026-03-21_1211316_S_9,0.32475287,cv,1
2026-03-21_1211318_S_1,0.12432198,cv,0
2026-03-21_1211318_S_10,0.2463951,cv,1
2026-03-21_1211318_S_11,0.08078263,cv,0
2026-03-21_1211318_S_12,0.38453847,cv,1
2026-03-21_1211318_S_13,0.18795083,cv,1
2026-03-21_1211318_S_14,0.18769304,cv,0
2026-03-21_1211318_S_15,0.12779203,cv,0
2026-03-21_1211318_S_16,0.19875275,cv,0
2026-03-21_1211318_S_17,0.21036503,cv,0
2026-03-21_1211318_S_18,0.15340562,cv,1
2026-03-21_1211318_S_19,0.14667104,cv,1
2026-03-21_1211318_S_2,0.22484438,cv,0
2026-03-21_1211318_S_20,0.1638408,cv,0
2026-03-21_1211318_S_21,0.31361982,cv,0
2026-03-21_1211318_S_22,0.29805017,cv,0
2026-03-21_1211318_S_23,0.12083204,cv,0
2026-03-21_1211318_S_24,0.18764949,cv,0
2026-03-21_1211318_S_25,0.17841327,cv,0
2026-03-21_1211318_S_27,0.27708703,cv,1
2026-03-21_1211318_S_28,0.24214894,cv,0
2026-03-21_1211318_S_29,0.22077107,cv,0
2026-03-21_1211318_S_3,0.1469787,cv,0
2026-03-21_1211318_S_30,0.22131585,cv,0
2026-03-21_1211318_S_35,0.17188197,cv,0
2026-03-21_1211318_S_36,0.23844203,cv,0
2026-03-21_1211318_S_37,0.31883642,cv,0
2026-03-21_1211318_S_4,0.17556421,cv,0
2026-03-21_1211318_S_41,0.30741245,cv,1
2026-03-21_1211318_S_42,0.21504882,cv,0
2026-03-21_1211318_S_43,0.42521983,cv,0
2026-03-21_1211318_S_44,0.36089063,cv,1
2026-03-21_1211318_S_5,0.17428112,cv,0
2026-03-21_1211318_S_6,0.22287548,cv,1
2026-03-21_1211318_S_8,0.13018906,cv,1
2026-03-21_1211318_S_9,0.1589984,cv,1
2026-03-21_1219443_S_1,0.41226286,cv,1
2026-03-21_1219443_S_10,0.14254004,cv,0
2026-03-21_1219443_S_11,0.31458563,cv,0
2026-03-21_1219443_S_14,0.21711676,cv,0
2026-03-21_1219443_S_15,0.43263015,cv,0
2026-03-21_1219443_S_2,0.30415624,cv,0
2026-03-21_1219443_S_3,0.24736524,cv,0
2026-03-21_1219443_S_4,0.2688331,cv,0
2026-03-21_1219443_S_5,0.24226269,cv,0
2026-03-21_1219443_S_6,0.30418658,cv,0
2026-03-21_1219443_S_7,0.39069933,cv,0
2026-03-21_1219443_S_8,0.28018183,cv,0
2026-03-21_1219450_S_1,0.29936182,cv,1
2026-03-21_1219450_S_11,0.48163077,cv,0
2026-03-21_1219450_S_12,0.5739416,cv,0
2026-03-21_1219450_S_13,0.25624982,cv,1
2026-03-21_1219450_S_7,0.1917969,cv,0
2026-03-21_1219450_S_9,0.45327267,cv,0
2026-03-21_1220192_S_1,0.15898654,cv,0
2026-03-21_1220192_S_11,0.2282856,cv,0
2026-03-21_1220192_S_14,0.17345697,cv,1
2026-03-21_1220192_S_15,0.1707738,cv,0
2026-03-21_1220192_S_16,0.18703769,cv,0
2026-03-21_1220192_S_17,0.19852528,cv,1
2026-03-21_1220192_S_18,0.27198833,cv,0
2026-03-21_1220192_S_19,0.13225007,cv,1
2026-03-21_1220192_S_2,0.15950355,cv,0
2026-03-21_1220192_S_20,0.18512301,cv,1
2026-03-21_1220192_S_21,0.31497478,cv,0
2026-03-21_1220192_S_22,0.110571615,cv,0
2026-03-21_1220192_S_23,0.14319898,cv,0
2026-03-21_1220192_S_24,0.1865327,cv,0
2026-03-21_1220192_S_26,0.17897181,cv,1
2026-03-21_1220192_S_27,0.1790344,cv,1
2026-03-21_1220192_S_29,0.2552349,cv,1
2026-03-21_1220192_S_3,0.19144177,cv,1
2026-03-21_1220192_S_30,0.14304417,cv,1
2026-03-21_1220192_S_32,0.2716925,cv,1
2026-03-21_1220192_S_33,0.19656031,cv,1
2026-03-21_1220192_S_34,0.39577398,cv,1
2026-03-21_1220192_S_35,0.1344176,cv,1
2026-03-21_1220192_S_40,0.27264935,cv,1
2026-03-21_1220192_S_43,0.11770828,cv,1
2026-03-21_1220192_S_44,0.18057106,cv,1
2026-03-21_1220192_S_47,0.25633362,cv,1
2026-03-21_1220192_S_48,0.36221048,cv,1
2026-03-21_1220192_S_5,0.20026788,cv,0
2026-03-21_1220192_S_51,0.28753015,cv,1
2026-03-21_1220192_S_6,0.16636959,cv,0
2026-03-21_1220192_S_8,0.3014171,cv,0
2026-03-21_1220192_S_9,0.3607559,cv,0
2026-03-21_1235940_S_1,1.0261102,cv,1
2026-03-21_1235940_S_10,0.21746406,cv,0
2026-03-21_1235940_S_11,0.1501455,cv,0
2026-03-21_1235940_S_13,0.16482213,cv,0
2026-03-21_1235940_S_18,0.2718262,cv,1
2026-03-21_1235940_S_2,0.35803193,cv,0
2026-03-21_1235940_S_21,0.726607,cv,0
2026-03-21_1235940_S_22,0.2568361,cv,1
2026-03-21_1235940_S_3,0.4082486,cv,0
2026-03-21_1235940_S_6,0.31929785,cv,1
2026-03-21_1235940_S_7,1.1269021,cv,1
2026-03-21_1235940_S_8,0.122289024,cv,0
2026-03-21_1235940_S_9,0.21439311,cv,0
2026-03-21_1246638_S_1,0.19244723,cv,0
2026-03-21_1246638_S_11,0.28108162,cv,0
2026-03-21_1246638_S_12,0.35522443,cv,1
2026-03-21_1246638_S_13,0.23679629,cv,0
2026-03-21_1246638_S_14,0.24043457,cv,1
2026-03-21_1246638_S_18,0.37871215,cv,0
2026-03-21_1246638_S_19,0.20887618,cv,0
2026-03-21_1246638_S_2,0.22944115,cv,0
2026-03-21_1246638_S_23,0.2448807,cv,1
2026-03-21_1246638_S_26,0.56252086,cv,0
2026-03-21_1246638_S_3,0.25336057,cv,0
2026-03-21_1246638_S_4,0.22179805,cv,0
2026-03-21_1246638_S_5,0.24461745,cv,1
2026-03-21_1246638_S_6,0.2579872,cv,0
2026-03-21_1246638_S_7,0.19835538,cv,0
2026-03-21_1246638_S_8,0.25272462,cv,1
2026-03-21_1246638_S_9,0.3418309,cv,0
2026-03-21_1247857_S_1,0.38767886,cv,0
2026-03-21_1247857_S_10,0.508861,cv,0
2026-03-21_1247857_S_11,0.5467548,cv,0
2026-03-21_1247857_S_12,0.22379427,cv,0
2026-03-21_1247857_S_13,0.26912904,cv,0
2026-03-21_1247857_S_14,0.29808825,cv,0
2026-03-21_1247857_S_15,0.25309208,cv,0
2026-03-21_1247857_S_16,0.27101052,cv,0
2026-03-21_1247857_S_17,0.22312634,cv,1
2026-03-21_1247857_S_2,0.3507592,cv,0
2026-03-21_1247857_S_21,0.7268836,cv,0
2026-03-21_1247857_S_22,0.8355693,cv,0
2026-03-21_1247857_S_23,0.21119325,cv,0
2026-03-21_1247857_S_24,0.19759479,cv,0
2026-03-21_1247857_S_25,0.20803383,cv,0
2026-03-21_1247857_S_26,0.26329535,cv,1
2026-03-21_1247857_S_27,0.2482762,cv,0
2026-03-21_1247857_S_28,0.18260604,cv,1
2026-03-21_1247857_S_29,0.21365444,cv,0
2026-03-21_1247857_S_3,0.25691095,cv,0
2026-03-21_1247857_S_30,0.7842848,cv,0
2026-03-21_1247857_S_31,0.33990872,cv,0
2026-03-21_1247857_S_32,0.452797,cv,0
2026-03-21_1247857_S_33,0.26349077,cv,0
2026-03-21_1247857_S_34,0.2347394,cv,0
2026-03-21_1247857_S_35,0.24102847,cv,0
2026-03-21_1247857_S_36,0.3504197,cv,0
2026-03-21_1247857_S_37,0.20555739,cv,0
2026-03-21_1247857_S_4,0.17156032,cv,0
2026-03-21_1247857_S_40,0.4484809,cv,0
2026-03-21_1247857_S_42,0.939197,cv,1
2026-03-21_1247857_S_43,0.265774,cv,0
2026-03-21_1247857_S_45,0.2201719,cv,0
2026-03-21_1247857_S_46,0.2559501,cv,0
2026-03-21_1247857_S_47,0.20457278,cv,0
2026-03-21_1247857_S_48,0.19497043,cv,0
2026-03-21_1247857_S_49,0.21204214,cv,0
2026-03-21_1247857_S_5,0.26887372,cv,0
2026-03-21_1247857_S_50,0.3601657,cv,0
2026-03-21_1247857_S_51,0.3453793,cv,0
2026-03-21_1247857_S_52,0.32953772,cv,0
2026-03-21_1247857_S_53,0.22980028,cv,1
2026-03-21_1247857_S_54,0.19639573,cv,0
2026-03-21_1247857_S_6,0.2275401,cv,0
2026-03-21_1247857_S_7,0.24313697,cv,0
2026-03-21_1247857_S_8,0.31923294,cv,0
2026-03-21_1247857_S_9,0.1613138,cv,0
2026-03-21_1247859_S_1,0.30491757,cv,0
2026-03-21_1247859_S_10,0.23700957,cv,0
2026-03-21_1247859_S_11,0.18420117,cv,0
2026-03-21_1247859_S_12,0.20550697,cv,0
2026-03-21_1247859_S_16,0.40184844,cv,0
2026-03-21_1247859_S_17,0.3156178,cv,0
2026-03-21_1247859_S_18,0.4373942,cv,0
2026-03-21_1247859_S_19,0.56805396,cv,0
2026-03-21_1247859_S_2,0.3231653,cv,0
2026-03-21_1247859_S_20,0.95446146,cv,0
2026-03-21_1247859_S_21,0.78774476,cv,0
2026-03-21_1247859_S_22,0.4058326,cv,0
2026-03-21_1247859_S_23,0.43261665,cv,0
2026-03-21_1247859_S_3,0.28679508,cv,0
2026-03-21_1247859_S_4,0.36251816,cv,0
2026-03-21_1247859_S_5,0.33077207,cv,0
2026-03-21_1247859_S_6,0.35073158,cv,0
2026-03-21_1247859_S_7,0.21758509,cv,0
2026-03-21_1247859_S_8,0.29147065,cv,0
2026-03-21_1247859_S_9,0.21460807,cv,0
2026-03-21_1247861_S_1,0.23219459,cv,0
2026-03-21_1247861_S_10,0.2217114,cv,0
2026-03-21_1247861_S_100,0.2674719,cv,0
2026-03-21_1247861_S_101,0.39733022,cv,0
2026-03-21_1247861_S_102,0.67014,cv,1
2026-03-21_1247861_S_103,0.23458831,cv,0
2026-03-21_1247861_S_11,0.23331988,cv,0
2026-03-21_1247861_S_12,0.57920855,cv,0
2026-03-21_1247861_S_13,0.21082811,cv,0
2026-03-21_1247861_S_14,0.24009484,cv,0
2026-03-21_1247861_S_15,0.34600115,cv,0
2026-03-21_1247861_S_16,0.1907931,cv,0
2026-03-21_1247861_S_17,0.20026824,cv,0
2026-03-21_1247861_S_18,0.35220647,cv,0
2026-03-21_1247861_S_19,0.27391514,cv,1
2026-03-21_1247861_S_2,0.41404885,cv,0
2026-03-21_1247861_S_20,0.39180097,cv,0
2026-03-21_1247861_S_21,0.2871337,cv,1
2026-03-21_1247861_S_23,0.17603278,cv,0
2026-03-21_1247861_S_24,0.31671587,cv,0
2026-03-21_1247861_S_25,0.31982833,cv,0
2026-03-21_1247861_S_27,0.19018088,cv,0
2026-03-21_1247861_S_28,0.23169017,cv,0
2026-03-21_1247861_S_29,0.26931614,cv,0
2026-03-21_1247861_S_3,0.2621528,cv,0
2026-03-21_1247861_S_30,0.23031835,cv,0
2026-03-21_1247861_S_31,0.20799159,cv,0
2026-03-21_1247861_S_32,0.26592836,cv,1
2026-03-21_1247861_S_33,0.16406211,cv,0
2026-03-21_1247861_S_34,0.30431357,cv,1
2026-03-21_1247861_S_36,0.3572476,cv,0
2026-03-21_1247861_S_37,0.45900938,cv,0
2026-03-21_1247861_S_4,0.28952524,cv,0
2026-03-21_1247861_S_40,0.25715506,cv,0
2026-03-21_1247861_S_41,0.27898353,cv,0
2026-03-21_1247861_S_42,0.26110694,cv,1
2026-03-21_1247861_S_43,0.26336318,cv,0
2026-03-21_1247861_S_46,0.66980714,cv,1
2026-03-21_1247861_S_47,0.41168588,cv,1
2026-03-21_1247861_S_49,0.22722387,cv,0
2026-03-21_1247861_S_5,0.17855142,cv,1
2026-03-21_1247861_S_54,0.3442837,cv,0
2026-03-21_1247861_S_55,0.2612352,cv,1
2026-03-21_1247861_S_56,0.28812587,cv,0
2026-03-21_1247861_S_57,0.21688144,cv,1
2026-03-21_1247861_S_6,0.15468305,cv,1
2026-03-21_1247861_S_60,0.23794948,cv,1
2026-03-21_1247861_S_61,0.360367,cv,1
2026-03-21_1247861_S_62,0.24961415,cv,0
2026-03-21_1247861_S_63,0.2785607,cv,0
2026-03-21_1247861_S_64,0.6570975,cv,0
2026-03-21_1247861_S_65,0.46442646,cv,0
2026-03-21_1247861_S_66,0.63218755,cv,0
2026-03-21_1247861_S_67,0.3465647,cv,0
2026-03-21_1247861_S_68,0.22329369,cv,0
2026-03-21_1247861_S_69,0.29471686,cv,0
2026-03-21_1247861_S_7,0.21253312,cv,0
2026-03-21_1247861_S_70,0.33503956,cv,0
2026-03-21_1247861_S_72,0.1615721,cv,0
2026-03-21_1247861_S_73,0.618634,cv,0
2026-03-21_1247861_S_74,0.34736425,cv,0
2026-03-21_1247861_S_75,0.28284904,cv,0
2026-03-21_1247861_S_76,0.35841796,cv,0
2026-03-21_1247861_S_77,0.48864484,cv,0
2026-03-21_1247861_S_78,0.34206426,cv,1
2026-03-21_1247861_S_79,0.46075973,cv,1
2026-03-21_1247861_S_8,0.23838519,cv,1
2026-03-21_1247861_S_80,0.5950974,cv,1
2026-03-21_1247861_S_81,0.28954658,cv,0
2026-03-21_1247861_S_82,0.26517522,cv,0
2026-03-21_1247861_S_83,0.19461815,cv,0
2026-03-21_1247861_S_84,0.26550338,cv,1
2026-03-21_1247861_S_87,0.23272392,cv,0
2026-03-21_1247861_S_88,0.33856055,cv,1
2026-03-21_1247861_S_89,0.70328367,cv,0
2026-03-21_1247861_S_90,0.38281792,cv,0
2026-03-21_1247861_S_91,0.36605984,cv,0
2026-03-21_1247861_S_93,0.28783357,cv,0
2026-03-21_1247861_S_94,0.2653272,cv,0
2026-03-21_1247861_S_95,0.2547389,cv,0
2026-03-21_1247861_S_96,0.21003267,cv,0
2026-03-21_1247861_S_97,0.25056338,cv,0
2026-03-21_1247861_S_98,0.33085132,cv,1
2026-03-21_1247861_S_99,0.24613135,cv,0
2026-03-21_1247864_S_1,0.510958,cv,0
2026-03-21_1247864_S_12,0.45808792,cv,0
2026-03-21_1247864_S_13,0.42826968,cv,0
2026-03-21_1247864_S_14,0.39629477,cv,0
2026-03-21_1247864_S_15,0.32835796,cv,0
2026-03-21_1247864_S_16,0.30257803,cv,0
2026-03-21_1247864_S_17,0.24894708,cv,0
2026-03-21_1247864_S_18,0.20340626,cv,1
2026-03-21_1247864_S_19,0.31293222,cv,0
2026-03-21_1247864_S_2,0.3144491,cv,0
2026-03-21_1247864_S_20,0.36086315,cv,0
2026-03-21_1247864_S_21,0.28376222,cv,0
2026-03-21_1247864_S_22,0.45324183,cv,0
2026-03-21_1247864_S_23,0.42730933,cv,0
2026-03-21_1247864_S_24,0.5402342,cv,0
2026-03-21_1247864_S_25,0.43697843,cv,0
2026-03-21_1247864_S_26,0.29959017,cv,0
2026-03-21_1247864_S_27,0.22646984,cv,0
2026-03-21_1247864_S_28,0.2904925,cv,1
2026-03-21_1247864_S_3,0.4242918,cv,0
2026-03-21_1247864_S_30,0.31821334,cv,0
2026-03-21_1247864_S_31,0.2908224,cv,1
2026-03-21_1247864_S_32,0.74976206,cv,1
2026-03-21_1247864_S_33,0.77078855,cv,1
2026-03-21_1247864_S_34,0.3159217,cv,0
2026-03-21_1247864_S_35,0.4534551,cv,1
2026-03-21_1247864_S_38,0.2188291,cv,0
2026-03-21_1247864_S_4,0.35676998,cv,0
2026-03-21_1247864_S_45,0.6886894,cv,0
2026-03-21_1247864_S_46,0.34238863,cv,0
2026-03-21_1247864_S_47,0.2673,cv,0
2026-03-21_1247864_S_48,0.46271318,cv,0
2026-03-21_1247864_S_49,0.30805475,cv,1
2026-03-21_1247864_S_5,0.2267878,cv,0
2026-03-21_1247864_S_50,0.33851632,cv,0
2026-03-21_1247864_S_51,0.17795412,cv,0
2026-03-21_1247864_S_52,0.24389815,cv,0
2026-03-21_1247864_S_53,0.3482724,cv,1
2026-03-21_1247864_S_56,0.24943261,cv,0
2026-03-21_1247864_S_58,0.5096433,cv,1
2026-03-21_1247864_S_59,0.44570404,cv,0
2026-03-21_1247864_S_6,0.36950302,cv,0
2026-03-21_1247864_S_60,0.3276856,cv,0
2026-03-21_1247864_S_61,0.30739555,cv,0
2026-03-21_1247864_S_62,0.3296862,cv,0
2026-03-21_1247864_S_63,0.30140132,cv,0
2026-03-21_1247864_S_64,0.3196449,cv,0
2026-03-21_1247864_S_65,0.19864294,cv,0
2026-03-21_1247864_S_66,0.30232486,cv,0
2026-03-21_1247864_S_67,0.22955589,cv,0
2026-03-21_1247864_S_68,0.30599046,cv,0
2026-03-21_1247864_S_69,0.34712946,cv,1
2026-03-21_1247864_S_7,0.25630254,cv,0
2026-03-21_1247864_S_70,0.3019892,cv,0
2026-03-21_1247864_S_71,0.34302408,cv,0
2026-03-21_1247864_S_72,0.26506147,cv,0
2026-03-21_1247864_S_73,0.18813777,cv,0
2026-03-21_1247864_S_74,0.1992228,cv,0
2026-03-21_1247864_S_75,0.2230598,cv,0
2026-03-21_1247864_S_77,0.24774939,cv,0
2026-03-21_1247864_S_78,0.48455942,cv,0
2026-03-21_1247864_S_79,0.39192984,cv,0
2026-03-21_1247864_S_80,0.26277328,cv,0
2026-03-21_1247864_S_81,0.71886075,cv,0
2026-03-21_1247864_S_83,0.37933654,cv,0
2026-03-21_1247864_S_9,0.28172094,cv,0
2026-03-21_1247865_S_1,0.13013528,cv,0
2026-03-21_1247865_S_11,0.11895412,cv,0
2026-03-21_1247865_S_13,0.14273946,cv,0
2026-03-21_1247865_S_14,0.76356494,cv,1
2026-03-21_1247865_S_15,0.15785316,cv,0
2026-03-21_1247865_S_16,0.10953729,cv,0
2026-03-21_1247865_S_17,0.17578909,cv,0
2026-03-21_1247865_S_18,0.6870463,cv,1
2026-03-21_1247865_S_19,0.27330685,cv,0
2026-03-21_1247865_S_2,0.18993846,cv,0
2026-03-21_1247865_S_22,0.75578296,cv,0
2026-03-21_1247865_S_23,0.42262155,cv,0
2026-03-21_1247865_S_24,0.5825714,cv,0
2026-03-21_1247865_S_25,0.46079558,cv,0
2026-03-21_1247865_S_26,0.8151981,cv,0
2026-03-21_1247865_S_27,0.23039584,cv,0
2026-03-21_1247865_S_29,0.11261636,cv,0
2026-03-21_1247865_S_30,0.29172134,cv,0
2026-03-21_1247865_S_31,0.122537546,cv,0
2026-03-21_1247865_S_32,0.37710857,cv,0
2026-03-21_1247865_S_33,0.096282616,cv,0
2026-03-21_1247865_S_35,0.18993294,cv,0
2026-03-21_1247865_S_37,0.13960731,cv,0
2026-03-21_1247865_S_38,0.20190392,cv,0
2026-03-21_1247865_S_39,0.14417313,cv,0
2026-03-21_1247865_S_4,0.11101072,cv,0
2026-03-21_1247865_S_40,2.302231,cv,0
2026-03-21_1247865_S_41,0.20017056,cv,0
2026-03-21_1247865_S_42,0.13423885,cv,0
2026-03-21_1247865_S_43,0.43014786,cv,0
2026-03-21_1247865_S_45,0.8849348,cv,0
2026-03-21_1247865_S_46,0.22054987,cv,0
2026-03-21_1247865_S_47,1.5444186,cv,0
2026-03-21_1247865_S_48,0.35734916,cv,0
2026-03-21_1247865_S_49,1.385988,cv,0
2026-03-21_1247865_S_5,0.08975809,cv,0
2026-03-21_1247865_S_50,0.41024572,cv,0
2026-03-21_1247865_S_51,1.678409,cv,0
2026-03-21_1247865_S_52,0.39120263,cv,0
2026-03-21_1247865_S_7,0.16454548,cv,0
2026-03-21_1247865_S_8,0.122593515,cv,0
2026-03-21_1247865_S_9,0.1632313,cv,0
2026-03-21_1247867_S_1,0.93802464,cv,0
2026-03-21_1247867_S_10,0.4729235,cv,0
2026-03-21_1247867_S_11,0.52864444,cv,0
2026-03-21_1247867_S_12,0.70605373,cv,0
2026-03-21_1247867_S_13,0.6097342,cv,1
2026-03-21_1247867_S_14,0.5650451,cv,0
2026-03-21_1247867_S_15,1.1537026,cv,0
2026-03-21_1247867_S_16,0.52277607,cv,0
2026-03-21_1247867_S_17,0.6868472,cv,0
2026-03-21_1247867_S_18,0.43275416,cv,0
2026-03-21_1247867_S_19,0.62796223,cv,0
2026-03-21_1247867_S_2,0.52162224,cv,0
2026-03-21_1247867_S_20,0.426448,cv,0
2026-03-21_1247867_S_21,0.42498025,cv,0
2026-03-21_1247867_S_22,1.1310093,cv,0
2026-03-21_1247867_S_25,0.5421034,cv,0
2026-03-21_1247867_S_26,0.56723267,cv,0
2026-03-21_1247867_S_27,0.6579424,cv,0
2026-03-21_1247867_S_28,0.64818645,cv,0
2026-03-21_1247867_S_29,0.8461293,cv,0
2026-03-21_1247867_S_3,0.6296003,cv,0
2026-03-21_1247867_S_30,0.42867082,cv,0
2026-03-21_1247867_S_32,0.823061,cv,0
2026-03-21_1247867_S_33,0.43640113,cv,0
2026-03-21_1247867_S_34,0.6989579,cv,0
2026-03-21_1247867_S_35,0.60902655,cv,0
2026-03-21_1247867_S_36,0.47650847,cv,0
2026-03-21_1247867_S_37,0.48827094,cv,0
2026-03-21_1247867_S_38,0.6726376,cv,0
2026-03-21_1247867_S_39,0.63373905,cv,0
2026-03-21_1247867_S_4,0.3265916,cv,0
2026-03-21_1247867_S_40,0.653226,cv,0
2026-03-21_1247867_S_41,0.5926977,cv,0
2026-03-21_1247867_S_42,0.328121,cv,0
2026-03-21_1247867_S_5,0.73222864,cv,0
2026-03-21_1247867_S_6,0.3963604,cv,0
2026-03-21_1247867_S_7,0.91394365,cv,0
2026-03-21_1247867_S_9,0.43111473,cv,0
2026-03-21_1247877_S_1,0.40638646,cv,0
2026-03-21_1247877_S_10,0.2156978,cv,0
2026-03-21_1247877_S_11,0.17265826,cv,0
2026-03-21_1247877_S_12,0.19934557,cv,0
2026-03-21_1247877_S_13,0.22734413,cv,0
2026-03-21_1247877_S_14,0.25795364,cv,0
2026-03-21_1247877_S_16,0.2543897,cv,0
2026-03-21_1247877_S_17,0.15810886,cv,1
2026-03-21_1247877_S_18,0.19378476,cv,1
2026-03-21_1247877_S_2,0.2609682,cv,0
2026-03-21_1247877_S_20,0.13738313,cv,0
2026-03-21_1247877_S_21,0.12134763,cv,0
2026-03-21_1247877_S_22,0.47309083,cv,0
2026-03-21_1247877_S_23,0.21161735,cv,0
2026-03-21_1247877_S_24,0.29662153,cv,0
2026-03-21_1247877_S_25,0.5349988,cv,0
2026-03-21_1247877_S_27,0.32192713,cv,0
2026-03-21_1247877_S_29,0.15557468,cv,0
2026-03-21_1247877_S_3,0.18233564,cv,0
2026-03-21_1247877_S_30,0.14295825,cv,0
2026-03-21_1247877_S_31,0.21213244,cv,0
2026-03-21_1247877_S_32,0.23178881,cv,0
2026-03-21_1247877_S_33,0.29517314,cv,0
2026-03-21_1247877_S_34,0.22682433,cv,0
2026-03-21_1247877_S_35,0.5854138,cv,0
2026-03-21_1247877_S_37,0.41714472,cv,0
2026-03-21_1247877_S_38,0.6611161,cv,0
2026-03-21_1247877_S_39,0.48470744,cv,0
2026-03-21_1247877_S_4,0.18820237,cv,0
2026-03-21_1247877_S_40,0.67468417,cv,0
2026-03-21_1247877_S_41,0.20688793,cv,0
2026-03-21_1247877_S_42,0.15397522,cv,0
2026-03-21_1247877_S_43,0.22485761,cv,0
2026-03-21_1247877_S_44,0.18363869,cv,1
2026-03-21_1247877_S_45,0.15065092,cv,0
2026-03-21_1247877_S_46,0.31056127,cv,0
2026-03-21_1247877_S_47,0.24056533,cv,1
2026-03-21_1247877_S_48,0.22951898,cv,0
2026-03-21_1247877_S_49,0.45419335,cv,0
2026-03-21_1247877_S_5,0.23342398,cv,0
2026-03-21_1247877_S_50,0.39056182,cv,0
2026-03-21_1247877_S_52,0.31656057,cv,0
2026-03-21_1247877_S_7,0.17523764,cv,0
2026-03-21_1247877_S_8,0.69185346,cv,0
2026-03-21_1247877_S_9,0.37703985,cv,0
2026-03-21_1247879_S_1,0.35684943,cv,0
2026-03-21_1247879_S_10,0.23934683,cv,1
2026-03-21_1247879_S_15,0.23511903,cv,1
2026-03-21_1247879_S_17,0.36237228,cv,0
2026-03-21_1247879_S_21,0.46556276,cv,0
2026-03-21_1247879_S_23,0.49174392,cv,0
2026-03-21_1247879_S_28,0.35327348,cv,1
2026-03-21_1247879_S_29,1.1944529,cv,1
2026-03-21_1247879_S_33,0.5608922,cv,0
2026-03-21_1247879_S_34,0.29237208,cv,1
2026-03-21_1247879_S_36,0.4556256,cv,0
2026-03-21_1247879_S_39,0.23992912,cv,0
2026-03-21_1247879_S_4,0.9592869,cv,0
2026-03-21_1247879_S_40,0.7092273,cv,0
2026-03-21_1247879_S_41,0.7451136,cv,0
2026-03-21_1247879_S_42,0.72889346,cv,0
2026-03-21_1247879_S_45,0.38973898,cv,0
2026-03-21_1247879_S_46,0.58348984,cv,0
2026-03-21_1247879_S_48,0.7780575,cv,0
2026-03-21_1247879_S_5,0.48864442,cv,0
2026-03-21_1247879_S_52,0.5555252,cv,0
2026-03-21_1247879_S_54,0.6927413,cv,0
2026-03-21_1247879_S_55,0.2525111,cv,1
2026-03-21_1247879_S_58,0.5122414,cv,0
2026-03-21_1247879_S_6,0.6566744,cv,0
2026-03-21_1247879_S_62,0.74075496,cv,1
2026-03-21_1247879_S_7,0.25595856,cv,0
2026-03-21_1247879_S_9,0.22798823,cv,0
2026-03-21_1247882_S_1,0.33065358,cv,0
2026-03-21_1247882_S_13,0.2868992,cv,0
2026-03-21_1247882_S_14,0.24865286,cv,0
2026-03-21_1247882_S_15,0.19829613,cv,0
2026-03-21_1247882_S_16,0.19263005,cv,0
2026-03-21_1247882_S_18,0.34823728,cv,0
2026-03-21_1247882_S_19,0.4777118,cv,1
2026-03-21_1247882_S_20,0.46926436,cv,0
2026-03-21_1247882_S_22,0.1670715,cv,0
2026-03-21_1247882_S_23,0.19626293,cv,0
2026-03-21_1247882_S_24,0.2264213,cv,0
2026-03-21_1247882_S_25,0.2093551,cv,0
2026-03-21_1247882_S_26,0.23195891,cv,0
2026-03-21_1247882_S_28,0.42759806,cv,0
2026-03-21_1247882_S_30,0.41462597,cv,0
2026-03-21_1247882_S_31,0.23789129,cv,1
2026-03-21_1247882_S_32,0.3901862,cv,0
2026-03-21_1247882_S_33,0.22694576,cv,0
2026-03-21_1247882_S_34,0.2704964,cv,0
2026-03-21_1247882_S_35,0.32014185,cv,1
2026-03-21_1247882_S_36,0.2426093,cv,0
2026-03-21_1247882_S_37,0.30522436,cv,0
2026-03-21_1247882_S_38,0.67863095,cv,1
2026-03-21_1247882_S_39,0.23322275,cv,0
2026-03-21_1247882_S_40,0.1714535,cv,0
2026-03-21_1247882_S_41,0.27631357,cv,0
2026-03-21_1247882_S_42,0.22847855,cv,0
2026-03-21_1247882_S_43,0.22231495,cv,1
2026-03-21_1247882_S_47,0.2713326,cv,0
2026-03-21_1247882_S_48,0.32317775,cv,0
2026-03-21_1247882_S_49,0.23829147,cv,0
2026-03-21_1247882_S_5,0.27203044,cv,0
2026-03-21_1247882_S_50,0.20641664,cv,0
2026-03-21_1247882_S_51,0.33383518,cv,1
2026-03-21_1247882_S_53,0.51831734,cv,0
2026-03-21_1247882_S_54,0.30435738,cv,0
2026-03-21_1247882_S_55,0.24510595,cv,1
2026-03-21_1247882_S_56,0.19332191,cv,0
2026-03-21_1247882_S_57,0.29175064,cv,0
2026-03-21_1247882_S_58,0.20667122,cv,1
2026-03-21_1247882_S_59,0.24339613,cv,1
2026-03-21_1247882_S_6,0.3652359,cv,0
2026-03-21_1247882_S_61,0.30456692,cv,1
2026-03-21_1247882_S_62,0.58656704,cv,1
2026-03-21_1247882_S_63,0.28474364,cv,0
2026-03-21_1247882_S_64,0.20606849,cv,0
2026-03-21_1247882_S_65,0.22163223,cv,0
2026-03-21_1247882_S_66,0.25460652,cv,0
2026-03-21_1247882_S_67,0.22330225,cv,1
2026-03-21_1247882_S_68,0.16363323,cv,0
2026-03-21_1247882_S_7,0.28487444,cv,0
2026-03-21_1247882_S_70,0.3583078,cv,0
2026-03-21_1247882_S_71,0.25496644,cv,0
2026-03-21_1247882_S_72,0.32304007,cv,0
2026-03-21_1247882_S_73,0.25797164,cv,0
2026-03-21_1247882_S_74,0.28782392,cv,0
2026-03-21_1247882_S_75,0.2904032,cv,1
2026-03-21_1247882_S_77,0.39457187,cv,1
2026-03-21_1247882_S_78,0.46664637,cv,0
2026-03-21_1247882_S_8,0.30353367,cv,0
2026-03-21_1247882_S_9,0.24024865,cv,1
2026-03-21_1247883_S_1,0.24816082,cv,0
2026-03-21_1247883_S_10,0.3203113,cv,0
2026-03-21_1247883_S_11,0.17581078,cv,0
2026-03-21_1247883_S_12,0.14268179,cv,0
2026-03-21_1247883_S_13,0.2518813,cv,0
2026-03-21_1247883_S_14,0.20558423,cv,0
2026-03-21_1247883_S_15,0.24255168,cv,1
2026-03-21_1247883_S_16,0.21064863,cv,0
2026-03-21_1247883_S_17,0.21165541,cv,0
2026-03-21_1247883_S_18,0.162535,cv,0
2026-03-21_1247883_S_19,0.46324843,cv,0
2026-03-21_1247883_S_2,0.24739152,cv,0
2026-03-21_1247883_S_20,0.30402744,cv,0
2026-03-21_1247883_S_21,0.33378896,cv,1
2026-03-21_1247883_S_22,0.24034075,cv,0
2026-03-21_1247883_S_23,0.17751253,cv,0
2026-03-21_1247883_S_24,0.31873196,cv,0
2026-03-21_1247883_S_25,0.2456407,cv,0
2026-03-21_1247883_S_26,0.43219098,cv,0
2026-03-21_1247883_S_27,0.1684824,cv,0
2026-03-21_1247883_S_28,0.3293821,cv,0
2026-03-21_1247883_S_29,0.2989539,cv,1
2026-03-21_1247883_S_3,0.22138855,cv,0
2026-03-21_1247883_S_30,0.23182635,cv,0
2026-03-21_1247883_S_31,0.20083025,cv,0
2026-03-21_1247883_S_32,0.24920718,cv,0
2026-03-21_1247883_S_33,0.72751224,cv,1
2026-03-21_1247883_S_35,0.8962876,cv,1
2026-03-21_1247883_S_36,0.24343471,cv,0
2026-03-21_1247883_S_37,0.25028574,cv,0
2026-03-21_1247883_S_38,0.22715549,cv,0
2026-03-21_1247883_S_39,0.23807046,cv,1
2026-03-21_1247883_S_4,0.48870036,cv,0
2026-03-21_1247883_S_42,0.18899576,cv,0
2026-03-21_1247883_S_43,0.19093017,cv,0
2026-03-21_1247883_S_44,0.13647252,cv,0
2026-03-21_1247883_S_45,0.20896724,cv,1
2026-03-21_1247883_S_46,0.19995621,cv,0
2026-03-21_1247883_S_47,0.20693338,cv,1
2026-03-21_1247883_S_49,0.5313992,cv,1
2026-03-21_1247883_S_5,0.5588741,cv,0
2026-03-21_1247883_S_54,0.3562526,cv,0
2026-03-21_1247883_S_56,0.49504828,cv,1
2026-03-21_1247883_S_58,0.23145509,cv,1
2026-03-21_1247883_S_59,0.3707447,cv,1
2026-03-21_1247883_S_6,0.41303492,cv,0
2026-03-21_1247883_S_60,0.23736547,cv,0
2026-03-21_1247883_S_61,0.22150171,cv,0
2026-03-21_1247883_S_62,0.27265707,cv,0
2026-03-21_1247883_S_63,0.33711642,cv,0
2026-03-21_1247883_S_66,0.17405693,cv,0
2026-03-21_1247883_S_67,0.31722015,cv,0
2026-03-21_1247883_S_68,0.18103671,cv,0
2026-03-21_1247883_S_72,0.23904936,cv,0
2026-03-21_1247883_S_73,0.25891477,cv,0
2026-03-21_1247883_S_74,0.3551333,cv,0
2026-03-21_1247883_S_75,0.13390605,cv,1
2026-03-21_1247883_S_76,0.6346197,cv,0
2026-03-21_1247883_S_77,0.41996944,cv,1
2026-03-21_1247883_S_78,0.38524556,cv,1
2026-03-21_1247888_S_1,0.34724712,cv,0
2026-03-21_1247888_S_10,0.29373556,cv,1
2026-03-21_1247888_S_13,0.3489489,cv,0
2026-03-21_1247888_S_14,0.57083523,cv,0
2026-03-21_1247888_S_15,0.36113557,cv,0
2026-03-21_1247888_S_16,0.41306388,cv,0
2026-03-21_1247888_S_17,0.28980014,cv,0
2026-03-21_1247888_S_18,0.17713813,cv,0
2026-03-21_1247888_S_19,0.6914067,cv,1
2026-03-21_1247888_S_2,0.29688758,cv,0
2026-03-21_1247888_S_20,0.3757678,cv,0
2026-03-21_1247888_S_21,0.33703864,cv,1
2026-03-21_1247888_S_22,0.31668955,cv,1
2026-03-21_1247888_S_23,0.3614747,cv,1
2026-03-21_1247888_S_24,0.42706943,cv,1
2026-03-21_1247888_S_25,1.2112491,cv,1
2026-03-21_1247888_S_26,0.49161285,cv,0
2026-03-21_1247888_S_27,0.79858273,cv,0
2026-03-21_1247888_S_28,0.45522273,cv,0
2026-03-21_1247888_S_29,0.35263628,cv,0
2026-03-21_1247888_S_3,0.31515455,cv,0
2026-03-21_1247888_S_30,0.3800289,cv,1
2026-03-21_1247888_S_31,0.44748506,cv,0
2026-03-21_1247888_S_32,0.1482668,cv,0
2026-03-21_1247888_S_33,0.5916753,cv,0
2026-03-21_1247888_S_34,0.51566595,cv,0
2026-03-21_1247888_S_4,0.3468456,cv,0
2026-03-21_1247888_S_5,0.4843018,cv,1
2026-03-21_1247888_S_6,0.4455516,cv,1
2026-03-21_1247888_S_7,0.3487866,cv,0
2026-03-21_1247888_S_8,0.5191331,cv,0
2026-03-21_1247888_S_9,0.35472882,cv,0
2026-03-21_1247889_S_1,0.3878479,cv,0
2026-03-21_1247889_S_12,1.1532731,cv,0
2026-03-21_1247889_S_13,0.97584534,cv,1
2026-03-21_1247889_S_15,0.46715325,cv,1
2026-03-21_1247889_S_17,0.4337709,cv,1
2026-03-21_1247889_S_18,0.34950098,cv,0
2026-03-21_1247889_S_2,0.5512859,cv,0
2026-03-21_1247889_S_20,0.46254396,cv,1
2026-03-21_1247889_S_22,0.49894685,cv,1
2026-03-21_1247889_S_23,0.44414935,cv,1
2026-03-21_1247889_S_24,0.6031957,cv,0
2026-03-21_1247889_S_25,0.40983042,cv,0
2026-03-21_1247889_S_26,0.4661957,cv,1
2026-03-21_1247889_S_27,0.50182176,cv,1
2026-03-21_1247889_S_29,0.5542318,cv,1
2026-03-21_1247889_S_3,0.43932343,cv,0
2026-03-21_1247889_S_30,0.9961133,cv,0
2026-03-21_1247889_S_35,0.4180723,cv,1
2026-03-21_1247889_S_36,0.3212912,cv,1
2026-03-21_1247889_S_39,0.80803084,cv,0
2026-03-21_1247889_S_4,0.39387116,cv,0
2026-03-21_1247889_S_41,0.32607818,cv,0
2026-03-21_1247889_S_42,0.9148797,cv,1
2026-03-21_1247889_S_43,0.5398558,cv,1
2026-03-21_1247889_S_45,0.28854135,cv,0
2026-03-21_1247889_S_46,0.29069132,cv,0
2026-03-21_1247889_S_47,0.36779356,cv,0
2026-03-21_1247889_S_48,0.32246387,cv,1
2026-03-21_1247889_S_49,0.35889873,cv,1
2026-03-21_1247889_S_5,0.5980582,cv,1
2026-03-21_1247889_S_51,0.33429056,cv,0
2026-03-21_1247889_S_53,0.3713933,cv,1
2026-03-21_1247889_S_54,0.46535105,cv,1
2026-03-21_1247889_S_56,0.55265373,cv,0
2026-03-21_1247889_S_57,0.41251713,cv,0
2026-03-21_1247889_S_60,0.29544884,cv,1
2026-03-21_1247889_S_64,0.32712248,cv,0
2026-03-21_1247889_S_65,0.5029031,cv,1
2026-03-21_1247889_S_66,0.38156992,cv,1
2026-03-21_1247889_S_7,0.29689667,cv,0
2026-03-21_1247889_S_70,0.6739713,cv,0
2026-03-21_1247889_S_72,0.43615812,cv,0
2026-03-21_1247889_S_75,0.5835736,cv,1
2026-03-21_1247889_S_77,0.6583115,cv,1
2026-03-21_1247889_S_78,0.4150288,cv,0
2026-03-21_1247889_S_79,0.40289068,cv,1
2026-03-21_1247889_S_8,0.55860305,cv,0
2026-03-21_1247889_S_80,0.3593883,cv,0
2026-03-21_1247889_S_82,0.76427627,cv,1
2026-03-21_1247889_S_83,0.70807457,cv,0
2026-03-21_1247889_S_86,0.52478904,cv,1
2026-03-21_1247889_S_87,0.3473677,cv,1
2026-03-21_1247889_S_9,0.54708946,cv,0
2026-03-21_1247889_S_90,0.38135847,cv,0
2026-03-21_1247889_S_93,0.6663063,cv,0
2026-03-21_1257562_S_1,0.78717345,cv,0
2026-03-21_1257562_S_10,0.3950076,cv,0
2026-03-21_1257562_S_11,0.6327101,cv,0
2026-03-21_1257562_S_12,0.47622937,cv,0
2026-03-21_1257562_S_19,0.37910795,cv,0
2026-03-21_1257562_S_2,0.691874,cv,0
2026-03-21_1257562_S_20,0.6740612,cv,0
2026-03-21_1257562_S_21,0.6262624,cv,0
2026-03-21_1257562_S_22,0.5634079,cv,0
2026-03-21_1257562_S_23,0.6497295,cv,1
2026-03-21_1257562_S_25,0.51367867,cv,0
2026-03-21_1257562_S_26,0.70050585,cv,0
2026-03-21_1257562_S_27,0.5317825,cv,0
2026-03-21_1257562_S_28,0.45881587,cv,1
2026-03-21_1257562_S_3,0.52500814,cv,0
2026-03-21_1257562_S_31,0.4993063,cv,0
2026-03-21_1257562_S_33,0.67459744,cv,0
2026-03-21_1257562_S_34,0.6458117,cv,0
2026-03-21_1257562_S_35,0.5376943,cv,0
2026-03-21_1257562_S_36,0.39343804,cv,1
2026-03-21_1257562_S_38,0.84284914,cv,1
2026-03-21_1257562_S_39,0.4752518,cv,0
2026-03-21_1257562_S_4,0.39098233,cv,1
2026-03-21_1257562_S_40,0.551062,cv,0
2026-03-21_1257562_S_41,0.27913362,cv,1
2026-03-21_1257562_S_42,0.60725796,cv,1
2026-03-21_1257562_S_45,0.57986003,cv,1
2026-03-21_1257562_S_47,0.6827936,cv,1
2026-03-21_1257562_S_48,0.32107538,cv,1
2026-03-21_1257562_S_5,0.64201593,cv,1
2026-03-21_1257562_S_51,1.3334564,cv,1
2026-03-21_1257562_S_52,2.0794692,cv,0
2026-03-21_1257562_S_53,0.42665744,cv,0
2026-03-21_1257562_S_56,0.6931039,cv,1
2026-03-21_1257562_S_57,0.58907175,cv,1
2026-03-21_1257562_S_59,0.3562251,cv,1
2026-03-21_1257562_S_6,0.75284624,cv,0
2026-03-21_1257562_S_7,0.3921094,cv,0
2026-03-21_1257562_S_8,0.7498547,cv,0
2026-03-21_1257562_S_9,0.69991034,cv,0
2026-03-21_1257563_S_1,0.60277784,cv,0
2026-03-21_1257563_S_10,0.53618115,cv,1
2026-03-21_1257563_S_13,0.7708666,cv,0
2026-03-21_1257563_S_14,0.4413266,cv,0
2026-03-21_1257563_S_15,0.6375302,cv,0
2026-03-21_1257563_S_16,0.7629708,cv,1
2026-03-21_1257563_S_17,0.4577417,cv,1
2026-03-21_1257563_S_19,0.4455157,cv,0
2026-03-21_1257563_S_20,0.37916702,cv,0
2026-03-21_1257563_S_21,0.49316022,cv,0
2026-03-21_1257563_S_22,0.5949769,cv,1
2026-03-21_1257563_S_25,0.27579197,cv,0
2026-03-21_1257563_S_26,0.2329208,cv,0
2026-03-21_1257563_S_27,0.34122562,cv,0
2026-03-21_1257563_S_28,0.5082472,cv,0
2026-03-21_1257563_S_29,0.29910088,cv,0
2026-03-21_1257563_S_3,0.61323553,cv,0
2026-03-21_1257563_S_31,0.43621272,cv,0
2026-03-21_1257563_S_32,0.60534686,cv,0
2026-03-21_1257563_S_35,0.6592096,cv,0
2026-03-21_1257563_S_36,0.45988196,cv,0
2026-03-21_1257563_S_37,0.61989,cv,0
2026-03-21_1257563_S_38,0.4337446,cv,0
2026-03-21_1257563_S_39,0.40017375,cv,1
2026-03-21_1257563_S_4,0.35072455,cv,1
2026-03-21_1257563_S_42,0.35642466,cv,0
2026-03-21_1257563_S_43,0.36265534,cv,0
2026-03-21_1257563_S_44,0.43690616,cv,0
2026-03-21_1257563_S_45,0.7650201,cv,0
2026-03-21_1257563_S_47,0.588601,cv,0
2026-03-21_1257563_S_48,0.39464173,cv,0
2026-03-21_1257563_S_49,0.3224966,cv,1
2026-03-21_1257563_S_51,0.37250835,cv,0
2026-03-21_1257563_S_52,0.7330949,cv,0
2026-03-21_1257563_S_53,0.57784235,cv,0
2026-03-21_1257563_S_55,0.64269996,cv,0
2026-03-21_1257563_S_56,0.54774296,cv,0
2026-03-21_1257563_S_7,0.8921317,cv,0
2026-03-21_1257563_S_8,0.63452727,cv,0
2026-03-21_1257563_S_9,0.502002,cv,0
2026-03-21_1284720_S_1,0.15441379,cv,0
2026-03-21_1284720_S_10,0.28281963,cv,1
2026-03-21_1284720_S_11,0.17447707,cv,0
2026-03-21_1284720_S_12,0.21082847,cv,0
2026-03-21_1284720_S_13,0.33323902,cv,0
2026-03-21_1284720_S_14,0.44689137,cv,0
2026-03-21_1284720_S_16,0.55412954,cv,0
2026-03-21_1284720_S_17,0.3576619,cv,0
2026-03-21_1284720_S_2,0.2919975,cv,0
2026-03-21_1284720_S_21,0.4305266,cv,0
2026-03-21_1284720_S_22,0.26404944,cv,1
2026-03-21_1284720_S_23,0.6491456,cv,1
2026-03-21_1284720_S_25,0.46023571,cv,1
2026-03-21_1284720_S_26,0.4297619,cv,0
2026-03-21_1284720_S_27,0.6822605,cv,0
2026-03-21_1284720_S_28,0.37866557,cv,0
2026-03-21_1284720_S_3,0.25417948,cv,0
2026-03-21_1284720_S_4,0.14085826,cv,0
2026-03-21_1284720_S_5,0.32580465,cv,0
2026-03-21_1284720_S_7,0.39516395,cv,0
2026-03-21_1285376_S_41,0.08994728,cv,0
2026-03-21_1285376_S_50,0.18739474,cv,0
2026-03-21_1285376_S_65,0.30543494,cv,0
2026-03-21_1285376_S_79,0.28412896,cv,0
2026-03-21_1286285_S_1,0.32748008,cv,0
2026-03-21_1286285_S_10,0.43397117,cv,0
2026-03-21_1286285_S_11,0.67557544,cv,0
2026-03-21_1286285_S_15,0.4924106,cv,0
2026-03-21_1286285_S_16,0.46510482,cv,0
2026-03-21_1286285_S_17,0.36517924,cv,0
2026-03-21_1286285_S_18,1.1031144,cv,1
2026-03-21_1286285_S_21,0.41464016,cv,0
2026-03-21_1286285_S_3,0.35327238,cv,0
2026-03-21_1286285_S_4,0.29886562,cv,0
2026-03-21_1286285_S_5,0.37127274,cv,1
2026-03-21_1286285_S_6,0.30890542,cv,0
2026-03-21_1286285_S_7,0.4851546,cv,1
2026-03-21_1286285_S_8,0.4214791,cv,0
2026-03-21_1286285_S_9,0.24710308,cv,0
2026-03-21_1286287_S_1,2.42003,cv,0
2026-03-21_1286287_S_10,1.8815291,cv,0
2026-03-21_1286287_S_11,0.43556738,cv,0
2026-03-21_1286287_S_12,0.22981465,cv,0
2026-03-21_1286287_S_14,0.47615537,cv,0
2026-03-21_1286287_S_15,0.3590961,cv,0
2026-03-21_1286287_S_16,0.63655806,cv,0
2026-03-21_1286287_S_2,0.2875343,cv,0
2026-03-21_1286287_S_3,1.4936931,cv,0
2026-03-21_1286287_S_4,2.1216197,cv,0
2026-03-21_1286287_S_5,2.0054395,cv,0
2026-03-21_1286287_S_6,2.2233286,cv,0
2026-03-21_1286287_S_9,1.7475975,cv,0
2026-03-21_1289455_S_1,0.33316395,cv,0
2026-03-21_1289455_S_10,0.1368399,cv,0
2026-03-21_1289455_S_11,0.17788142,cv,0
2026-03-21_1289455_S_12,0.15050827,cv,0
2026-03-21_1289455_S_13,0.13741717,cv,0
2026-03-21_1289455_S_14,0.116136014,cv,0
2026-03-21_1289455_S_15,0.53441334,cv,0
2026-03-21_1289455_S_16,0.120344445,cv,0
2026-03-21_1289455_S_17,0.13208988,cv,0
2026-03-21_1289455_S_19,0.18734108,cv,0
2026-03-21_1289455_S_2,0.11084984,cv,0
2026-03-21_1289455_S_20,0.13922557,cv,0
2026-03-21_1289455_S_21,0.4759127,cv,0
2026-03-21_1289455_S_22,0.55888057,cv,0
2026-03-21_1289455_S_23,0.27969953,cv,0
2026-03-21_1289455_S_24,0.31064215,cv,1
2026-03-21_1289455_S_25,0.24045697,cv,0
2026-03-21_1289455_S_26,0.14314973,cv,0
2026-03-21_1289455_S_27,0.193382,cv,0
2026-03-21_1289455_S_3,0.11483314,cv,0
2026-03-21_1289455_S_30,0.33374524,cv,0
2026-03-21_1289455_S_31,0.3218717,cv,0
2026-03-21_1289455_S_32,0.15294442,cv,0
2026-03-21_1289455_S_33,0.14209856,cv,0
2026-03-21_1289455_S_34,0.16894075,cv,0
2026-03-21_1289455_S_35,0.16993402,cv,0
2026-03-21_1289455_S_36,0.13893184,cv,0
2026-03-21_1289455_S_37,0.24055938,cv,0
2026-03-21_1289455_S_39,0.23656258,cv,0
2026-03-21_1289455_S_4,0.13121027,cv,0
2026-03-21_1289455_S_40,0.12278138,cv,0
2026-03-21_1289455_S_42,0.15673389,cv,0
2026-03-21_1289455_S_43,0.4491086,cv,0
2026-03-21_1289455_S_44,0.49800986,cv,0
2026-03-21_1289455_S_45,0.12343858,cv,0
2026-03-21_1289455_S_46,0.09188732,cv,0
2026-03-21_1289455_S_47,0.12236281,cv,0
2026-03-21_1289455_S_49,0.14497697,cv,0
2026-03-21_1289455_S_50,0.31438252,cv,0
2026-03-21_1289455_S_51,0.09162019,cv,0
2026-03-21_1289455_S_52,0.10070487,cv,0
2026-03-21_1289455_S_53,0.120513126,cv,0
2026-03-21_1289455_S_55,0.15916231,cv,0
2026-03-21_1289455_S_56,0.35335585,cv,0
2026-03-21_1289455_S_57,0.21496522,cv,0
2026-03-21_1289455_S_58,0.21647212,cv,0
2026-03-21_1289455_S_59,0.12730049,cv,0
2026-03-21_1289455_S_6,0.15349954,cv,0
2026-03-21_1289455_S_60,0.16378935,cv,0
2026-03-21_1289455_S_61,0.18797684,cv,0
2026-03-21_1289455_S_62,0.4093336,cv,0
2026-03-21_1289455_S_63,0.3147822,cv,0
2026-03-21_1289455_S_65,0.13372439,cv,0
2026-03-21_1289455_S_66,0.2509155,cv,0
2026-03-21_1289455_S_7,0.4705088,cv,0
2026-03-21_1289455_S_8,0.5611787,cv,0
2026-03-21_1289455_S_9,0.16179764,cv,0
2026-03-21_1289456_S_1,0.27545446,cv,0
2026-03-21_1289456_S_10,0.23329726,cv,0
2026-03-21_1289456_S_12,0.654589,cv,1
2026-03-21_1289456_S_14,0.14210103,cv,0
2026-03-21_1289456_S_15,0.12609218,cv,0
2026-03-21_1289456_S_16,0.2058267,cv,0
2026-03-21_1289456_S_17,0.18226719,cv,0
2026-03-21_1289456_S_18,0.16796637,cv,0
2026-03-21_1289456_S_19,0.15753262,cv,0
2026-03-21_1289456_S_2,0.20758978,cv,0
2026-03-21_1289456_S_20,0.15948796,cv,0
2026-03-21_1289456_S_21,0.1842668,cv,0
2026-03-21_1289456_S_22,0.30497813,cv,0
2026-03-21_1289456_S_23,0.34725273,cv,0
2026-03-21_1289456_S_24,0.47229072,cv,0
2026-03-21_1289456_S_25,0.14941828,cv,0
2026-03-21_1289456_S_26,0.24345088,cv,0
2026-03-21_1289456_S_27,0.22763288,cv,0
2026-03-21_1289456_S_28,0.26240516,cv,0
2026-03-21_1289456_S_29,0.2085197,cv,0
2026-03-21_1289456_S_3,0.20536232,cv,0
2026-03-21_1289456_S_30,0.1374851,cv,0
2026-03-21_1289456_S_31,0.13958687,cv,0
2026-03-21_1289456_S_32,0.15436287,cv,0
2026-03-21_1289456_S_33,0.1685581,cv,1
2026-03-21_1289456_S_34,0.14310686,cv,0
2026-03-21_1289456_S_35,0.43407628,cv,1
2026-03-21_1289456_S_36,0.23605177,cv,0
2026-03-21_1289456_S_37,0.20518479,cv,0
2026-03-21_1289456_S_38,0.20844738,cv,0
2026-03-21_1289456_S_39,0.09769382,cv,0
2026-03-21_1289456_S_4,0.18080854,cv,0
2026-03-21_1289456_S_40,0.16001794,cv,0
2026-03-21_1289456_S_41,0.14169858,cv,0
2026-03-21_1289456_S_42,0.16134146,cv,0
2026-03-21_1289456_S_43,0.124533296,cv,0
2026-03-21_1289456_S_44,0.46941626,cv,0
2026-03-21_1289456_S_45,0.5090772,cv,0
2026-03-21_1289456_S_46,0.19864056,cv,0
2026-03-21_1289456_S_47,0.14908445,cv,0
2026-03-21_1289456_S_48,0.21947584,cv,0
2026-03-21_1289456_S_49,0.13150427,cv,0
2026-03-21_1289456_S_5,0.16070005,cv,0
2026-03-21_1289456_S_50,0.16450515,cv,0
2026-03-21_1289456_S_53,0.28876114,cv,1
2026-03-21_1289456_S_54,0.23005037,cv,0
2026-03-21_1289456_S_55,0.2621398,cv,0
2026-03-21_1289456_S_56,0.21005146,cv,0
2026-03-21_1289456_S_57,0.18038142,cv,0
2026-03-21_1289456_S_58,0.14510162,cv,0
2026-03-21_1289456_S_59,0.15149811,cv,0
2026-03-21_1289456_S_6,0.14606756,cv,1
2026-03-21_1289456_S_60,0.36603928,cv,0
2026-03-21_1289456_S_61,0.12981507,cv,0
2026-03-21_1289456_S_62,0.25087774,cv,0
2026-03-21_1289456_S_63,0.531832,cv,0
2026-03-21_1289456_S_64,0.40786296,cv,0
2026-03-21_1289456_S_65,0.37604898,cv,0
2026-03-21_1289456_S_68,0.0849122,cv,0
2026-03-21_1289456_S_69,0.19763379,cv,0
2026-03-21_1289456_S_7,0.09991809,cv,1
2026-03-21_1289456_S_70,0.13204414,cv,0
2026-03-21_1289456_S_74,0.24489605,cv,0
2026-03-21_1289456_S_75,0.6875002,cv,0
2026-03-21_1289456_S_76,0.091188714,cv,0
2026-03-21_1289456_S_77,0.11051183,cv,0
2026-03-21_1289456_S_78,0.18945836,cv,0
2026-03-21_1289456_S_79,0.20697002,cv,0
2026-03-21_1289456_S_8,0.19082758,cv,0
2026-03-21_1289456_S_81,0.12292683,cv,1
2026-03-21_1289456_S_82,0.19941692,cv,0
2026-03-21_1289456_S_83,0.18422627,cv,0
2026-03-21_1289456_S_84,0.23943448,cv,0
2026-03-21_1289456_S_85,0.4894907,cv,0
2026-03-21_1289456_S_9,0.30803847,cv,0
2026-03-21_1314437_S_1,0.22275947,cv,0
2026-03-21_1314437_S_11,0.53239983,cv,0
2026-03-21_1314437_S_17,0.4558463,cv,0
2026-03-21_1314437_S_18,0.33386275,cv,0
2026-03-21_1314437_S_19,0.3411617,cv,0
2026-03-21_1314437_S_2,0.3027649,cv,0
2026-03-21_1314437_S_3,0.21425042,cv,1
2026-03-21_1314437_S_31,0.2543081,cv,0
2026-03-21_1314437_S_32,0.5281912,cv,0
2026-03-21_1314437_S_38,0.34172136,cv,0
2026-03-21_1314437_S_39,0.17592983,cv,0
2026-03-21_1314437_S_40,0.25052756,cv,0
2026-03-21_1314437_S_42,0.25824767,cv,0
2026-03-21_1314437_S_43,0.1539869,cv,0
2026-03-21_1314437_S_44,0.28449577,cv,0
2026-03-21_1314437_S_46,0.21759228,cv,1
2026-03-21_1314437_S_47,0.20279722,cv,0
2026-03-21_1314437_S_48,0.2250565,cv,0
2026-03-21_1314437_S_49,0.21518406,cv,0
2026-03-21_1314437_S_5,0.12907249,cv,1
2026-03-21_1314437_S_50,0.13450477,cv,0
2026-03-21_1314437_S_51,0.13434947,cv,0
2026-03-21_1314437_S_52,0.25789002,cv,1
2026-03-21_1314437_S_55,0.34954882,cv,0
2026-03-21_1314437_S_56,0.18199718,cv,0
2026-03-21_1314437_S_57,0.26566648,cv,0
2026-03-21_1314437_S_58,0.21039961,cv,0
2026-03-21_1314437_S_59,0.47846064,cv,0
2026-03-21_1314437_S_6,0.18693694,cv,1
2026-03-21_1314437_S_60,0.34501204,cv,1
2026-03-21_1314437_S_61,0.2782445,cv,0
2026-03-21_1314437_S_62,0.24366644,cv,1
2026-03-21_1314437_S_64,0.26997113,cv,0
2026-03-21_1314437_S_65,0.24787295,cv,0
2026-03-21_1314437_S_66,0.19768998,cv,0
2026-03-21_1314437_S_67,0.4678534,cv,0
2026-03-21_1314437_S_68,0.27498323,cv,0
2026-03-21_1314437_S_69,0.2382736,cv,0
2026-03-21_1314437_S_7,0.23940602,cv,1
2026-03-21_1314437_S_70,0.3560745,cv,1
2026-03-21_1314437_S_72,0.21886969,cv,0
2026-03-21_1314437_S_73,0.21768676,cv,0
2026-03-21_1314437_S_74,0.27322158,cv,0
2026-03-21_1314437_S_75,0.520905,cv,0
2026-03-21_1314437_S_8,0.26338378,cv,1
2026-03-21_1314437_S_9,0.5861478,cv,0
2026-03-21_1314438_S_1,0.31634223,cv,0
2026-03-21_1314438_S_11,0.5661822,cv,0
2026-03-21_1314438_S_13,0.29002726,cv,0
2026-03-21_1314438_S_14,0.25760782,cv,0
2026-03-21_1314438_S_15,0.23971283,cv,0
2026-03-21_1314438_S_17,0.15412438,cv,0
2026-03-21_1314438_S_18,0.32428998,cv,1
2026-03-21_1314438_S_19,0.18231313,cv,0
2026-03-21_1314438_S_2,0.52564657,cv,0
2026-03-21_1314438_S_20,0.3041123,cv,0
2026-03-21_1314438_S_21,0.28048867,cv,0
2026-03-21_1314438_S_22,0.34673226,cv,0
2026-03-21_1314438_S_23,0.20001696,cv,0
2026-03-21_1314438_S_24,0.23297644,cv,0
2026-03-21_1314438_S_25,0.20611744,cv,0
2026-03-21_1314438_S_26,0.24874406,cv,0
2026-03-21_1314438_S_27,0.20549732,cv,0
2026-03-21_1314438_S_28,0.28398016,cv,1
2026-03-21_1314438_S_3,0.2235664,cv,0
2026-03-21_1314438_S_30,0.28439215,cv,0
2026-03-21_1314438_S_31,0.59862936,cv,0
2026-03-21_1314438_S_32,0.60978144,cv,1
2026-03-21_1314438_S_33,0.3323289,cv,0
2026-03-21_1314438_S_34,0.2861597,cv,0
2026-03-21_1314438_S_35,0.36808798,cv,0
2026-03-21_1314438_S_36,0.3368654,cv,0
2026-03-21_1314438_S_37,0.4973557,cv,0
2026-03-21_1314438_S_38,0.18332225,cv,0
2026-03-21_1314438_S_39,0.3126198,cv,1
2026-03-21_1314438_S_4,0.3352271,cv,0
2026-03-21_1314438_S_40,0.43098444,cv,0
2026-03-21_1314438_S_41,0.40955585,cv,0
2026-03-21_1314438_S_42,0.7430409,cv,0
2026-03-21_1314438_S_43,0.24090283,cv,0
2026-03-21_1314438_S_44,0.25511414,cv,0
2026-03-21_1314438_S_45,0.2627042,cv,0
2026-03-21_1314438_S_46,0.23320186,cv,0
2026-03-21_1314438_S_47,0.2905105,cv,0
2026-03-21_1314438_S_48,0.27402303,cv,0
2026-03-21_1314438_S_49,0.22248285,cv,0
2026-03-21_1314438_S_5,0.25979555,cv,0
2026-03-21_1314438_S_50,0.28270218,cv,0
2026-03-21_1314438_S_51,0.27898926,cv,0
2026-03-21_1314438_S_52,0.19026582,cv,0
2026-03-21_1314438_S_53,0.4713298,cv,0
2026-03-21_1314438_S_54,0.34116375,cv,0
2026-03-21_1314438_S_55,0.22699718,cv,0
2026-03-21_1314438_S_57,0.37588212,cv,0
2026-03-21_1314438_S_58,1.1646793,cv,0
2026-03-21_1314438_S_59,0.52508855,cv,0
2026-03-21_1314438_S_6,0.16906099,cv,0
2026-03-21_1314438_S_60,0.6414727,cv,0
2026-03-21_1314438_S_61,0.54277813,cv,0
2026-03-21_1314438_S_62,0.24814114,cv,0
2026-03-21_1314438_S_63,0.19178224,cv,0
2026-03-21_1314438_S_64,0.2543252,cv,0
2026-03-21_1314438_S_65,0.22257674,cv,0
2026-03-21_1314438_S_66,0.496384,cv,0
2026-03-21_1314438_S_67,0.374815,cv,0
2026-03-21_1314438_S_7,0.60572505,cv,0
2026-03-21_1365861_S_1,0.13640332,cv,0
2026-03-21_1365861_S_10,0.2354102,cv,0
2026-03-21_1365861_S_102,0.3714982,cv,1
2026-03-21_1365861_S_11,0.1855999,cv,0
2026-03-21_1365861_S_12,0.17799734,cv,1
2026-03-21_1365861_S_13,0.14442278,cv,0
2026-03-21_1365861_S_14,0.29198146,cv,0
2026-03-21_1365861_S_15,0.23015746,cv,0
2026-03-21_1365861_S_16,0.20453766,cv,0
2026-03-21_1365861_S_17,0.19547307,cv,0
2026-03-21_1365861_S_18,0.13379169,cv,0
2026-03-21_1365861_S_19,0.16360155,cv,0
2026-03-21_1365861_S_2,0.205389,cv,0
2026-03-21_1365861_S_20,0.14383206,cv,0
2026-03-21_1365861_S_21,0.21241844,cv,0
2026-03-21_1365861_S_22,0.17529699,cv,0
2026-03-21_1365861_S_23,0.14753294,cv,0
2026-03-21_1365861_S_24,0.13331631,cv,0
2026-03-21_1365861_S_25,0.1638981,cv,0
2026-03-21_1365861_S_26,0.11187625,cv,0
2026-03-21_1365861_S_27,0.28430378,cv,0
2026-03-21_1365861_S_28,0.14806783,cv,0
2026-03-21_1365861_S_29,0.13039464,cv,0
2026-03-21_1365861_S_3,0.23820607,cv,0
2026-03-21_1365861_S_30,0.13522255,cv,0
2026-03-21_1365861_S_31,0.095387064,cv,0
2026-03-21_1365861_S_33,0.22549556,cv,0
2026-03-21_1365861_S_34,0.170781,cv,0
2026-03-21_1365861_S_35,0.12281594,cv,0
2026-03-21_1365861_S_36,0.17707293,cv,0
2026-03-21_1365861_S_37,0.15075916,cv,0
2026-03-21_1365861_S_38,0.1393771,cv,0
2026-03-21_1365861_S_39,0.2285407,cv,0
2026-03-21_1365861_S_4,0.23126104,cv,0
2026-03-21_1365861_S_40,0.1963501,cv,0
2026-03-21_1365861_S_41,0.13711181,cv,0
2026-03-21_1365861_S_42,0.12983625,cv,0
2026-03-21_1365861_S_43,0.11331242,cv,0
2026-03-21_1365861_S_44,0.11042963,cv,0
2026-03-21_1365861_S_45,0.14598876,cv,0
2026-03-21_1365861_S_46,0.1725209,cv,0
2026-03-21_1365861_S_47,0.11508863,cv,0
2026-03-21_1365861_S_48,0.13637055,cv,0
2026-03-21_1365861_S_49,0.12706594,cv,0
2026-03-21_1365861_S_5,0.16072929,cv,0
2026-03-21_1365861_S_50,0.1834427,cv,0
2026-03-21_1365861_S_53,0.15264758,cv,0
2026-03-21_1365861_S_54,0.1472494,cv,1
2026-03-21_1365861_S_55,0.1474377,cv,0
2026-03-21_1365861_S_56,0.16167769,cv,0
2026-03-21_1365861_S_57,0.23486058,cv,1
2026-03-21_1365861_S_58,0.14021987,cv,0
2026-03-21_1365861_S_59,0.22865199,cv,0
2026-03-21_1365861_S_6,0.1403288,cv,0
2026-03-21_1365861_S_64,0.10083129,cv,0
2026-03-21_1365861_S_65,0.181723,cv,0
2026-03-21_1365861_S_66,0.19041517,cv,1
2026-03-21_1365861_S_7,0.14914194,cv,0
2026-03-21_1365861_S_70,0.17630152,cv,0
2026-03-21_1365861_S_76,0.16297774,cv,1
2026-03-21_1365861_S_77,0.1547775,cv,1
2026-03-21_1365861_S_8,0.1743246,cv,0
2026-03-21_1365861_S_82,0.14564574,cv,1
2026-03-21_1365861_S_9,0.15879565,cv,0
2026-03-21_1365861_S_95,0.34477314,cv,0
2026-03-21_1365861_S_96,0.7192924,cv,1
2026-03-21_1402901_S_1,0.18632188,cv,0
2026-03-21_1402901_S_12,0.14927192,cv,0
2026-03-21_1402901_S_13,0.19049291,cv,0
2026-03-21_1402901_S_16,0.28595942,cv,0
2026-03-21_1402901_S_17,0.47171697,cv,0
2026-03-21_1402901_S_18,0.59137386,cv,0
2026-03-21_1402901_S_2,0.18145984,cv,0
2026-03-21_1402901_S_3,0.21721438,cv,0
2026-03-21_1402901_S_4,0.22325036,cv,1
2026-03-21_1402901_S_5,0.14144053,cv,0
2026-03-21_1402901_S_6,0.26744306,cv,1
2026-03-21_1402901_S_7,0.28926402,cv,1
2026-03-21_1402901_S_8,0.19589001,cv,1
2026-03-21_1410627_S_1,0.3625183,cv,0
2026-03-21_1410627_S_11,0.17653784,cv,1
2026-03-21_1410627_S_14,0.20588624,cv,1
2026-03-21_1410627_S_16,0.33907175,cv,1
2026-03-21_1410627_S_18,0.22971755,cv,0
2026-03-21_1410627_S_19,0.55459845,cv,0
2026-03-21_1410627_S_2,0.27024707,cv,1
2026-03-21_1410627_S_24,0.7691051,cv,0
2026-03-21_1410627_S_26,0.73616266,cv,0
2026-03-21_1410627_S_27,0.72689116,cv,0
2026-03-21_1410627_S_28,0.6551784,cv,0
2026-03-21_1410627_S_29,0.41672635,cv,0
2026-03-21_1410627_S_3,0.2039452,cv,0
2026-03-21_1410627_S_4,0.25172076,cv,0
2026-03-21_1410627_S_5,0.25909847,cv,1
2026-03-21_1410627_S_6,0.17713678,cv,0
2026-03-21_1410627_S_7,0.22181904,cv,0
2026-03-21_1410627_S_8,0.21234927,cv,0
2026-03-21_1410627_S_9,0.40093195,cv,0
2026-03-21_1437078_S_1,0.20581186,cv,0
2026-03-21_1437078_S_10,0.27571833,cv,0
2026-03-21_1437078_S_11,0.21398425,cv,0
2026-03-21_1437078_S_12,0.25458148,cv,0
2026-03-21_1437078_S_13,0.32349604,cv,1
2026-03-21_1437078_S_14,0.42273748,cv,0
2026-03-21_1437078_S_15,0.2019648,cv,0
2026-03-21_1437078_S_16,0.1574328,cv,0
2026-03-21_1437078_S_17,0.17462838,cv,0
2026-03-21_1437078_S_18,0.10650784,cv,0
2026-03-21_1437078_S_19,0.11309682,cv,0
2026-03-21_1437078_S_2,0.18159918,cv,0
2026-03-21_1437078_S_20,0.14392474,cv,0
2026-03-21_1437078_S_21,0.18246156,cv,0
2026-03-21_1437078_S_22,0.14731382,cv,0
2026-03-21_1437078_S_23,0.18071082,cv,0
2026-03-21_1437078_S_24,0.11171719,cv,0
2026-03-21_1437078_S_25,0.20090412,cv,0
2026-03-21_1437078_S_26,0.17422363,cv,0
2026-03-21_1437078_S_27,0.39671832,cv,0
2026-03-21_1437078_S_28,0.47281986,cv,1
2026-03-21_1437078_S_29,0.44862795,cv,0
2026-03-21_1437078_S_3,0.21252935,cv,0
2026-03-21_1437078_S_30,0.881847,cv,0
2026-03-21_1437078_S_34,0.17849058,cv,0
2026-03-21_1437078_S_35,0.14781532,cv,0
2026-03-21_1437078_S_36,0.14573094,cv,0
2026-03-21_1437078_S_37,0.16588865,cv,0
2026-03-21_1437078_S_38,0.17879616,cv,0
2026-03-21_1437078_S_4,0.16553503,cv,0
2026-03-21_1437078_S_43,0.19492948,cv,1
2026-03-21_1437078_S_44,0.329346,cv,1
2026-03-21_1437078_S_45,0.29679728,cv,1
2026-03-21_1437078_S_46,0.49760926,cv,1
2026-03-21_1437078_S_5,0.16028136,cv,0
2026-03-21_1437078_S_6,0.16309306,cv,0
2026-03-21_1437078_S_7,0.17982481,cv,0
2026-03-21_1437078_S_8,0.15412232,cv,1
2026-03-21_1437078_S_9,0.15772069,cv,1
2026-03-21_1481779_U_12,0.27358252,cv,1
2026-03-21_1481779_U_39,0.8221439,cv,0
2026-03-21_1481779_U_40,0.15179697,cv,0
2026-03-21_1481779_U_41,0.23578088,cv,0
2026-03-21_1496808_U_100,0.38470745,cv,0
2026-03-21_1496808_U_101,0.31160054,cv,0
2026-03-21_1496808_U_98,0.4124878,cv,0
2026-03-21_1496811_U_70,0.61003137,cv,1
2026-03-21_1496811_U_73,0.3231334,cv,0
2026-03-21_1496812_U_156,0.37673205,cv,0
2026-03-21_1496812_U_157,0.37430608,cv,0
2026-03-21_1496812_U_158,0.25192216,cv,0
2026-03-21_1496812_U_159,0.26463422,cv,0
2026-03-21_1497251_U_75,0.14406773,cv,1
2026-03-21_1497253_U_99,0.5098249,cv,0
2026-03-21_1497255_U_149,0.55579007,cv,0
2026-03-21_1497256_U_96,0.40570468,cv,1
2026-03-22_1211279_D_1,0.3293885,cv,1
2026-03-22_1211279_D_10,0.6239296,cv,0
2026-03-22_1211279_D_12,0.25052062,cv,1
2026-03-22_1211279_D_13,0.1868481,cv,0
2026-03-22_1211279_D_14,0.4567616,cv,1
2026-03-22_1211279_D_15,0.5831903,cv,1
2026-03-22_1211279_D_16,0.38163346,cv,1
2026-03-22_1211279_D_17,0.13724455,cv,0
2026-03-22_1211279_D_18,0.43830523,cv,0
2026-03-22_1211279_D_19,0.3600518,cv,0
2026-03-22_1211279_D_20,0.27363366,cv,0
2026-03-22_1211279_D_21,0.35048562,cv,0
2026-03-22_1211279_D_22,0.5176185,cv,0
2026-03-22_1211279_D_23,0.58060026,cv,0
2026-03-22_1211279_D_24,0.3725723,cv,0
2026-03-22_1211279_D_25,0.6580605,cv,0
2026-03-22_1211279_D_26,0.36561155,cv,1
2026-03-22_1211279_D_29,0.4053516,cv,1
2026-03-22_1211279_D_3,0.8132179,cv,0
2026-03-22_1211279_D_32,0.21536581,cv,0
2026-03-22_1211279_D_4,0.24472108,cv,1
2026-03-22_1211279_D_5,0.9384057,cv,1
2026-03-22_1211279_D_7,0.3627524,cv,0
2026-03-22_1211279_D_8,0.29581052,cv,0
2026-03-22_1211279_D_9,0.34869796,cv,0
2026-03-22_1211280_D_1,0.18824685,cv,0
2026-03-22_1211280_D_10,0.5056406,cv,1
2026-03-22_1211280_D_11,0.36875075,cv,0
2026-03-22_1211280_D_12,0.24482489,cv,0
2026-03-22_1211280_D_13,0.1618273,cv,0
2026-03-22_1211280_D_14,0.20826924,cv,1
2026-03-22_1211280_D_15,0.6968261,cv,0
2026-03-22_1211280_D_16,0.25088194,cv,0
2026-03-22_1211280_D_17,0.60367537,cv,0
2026-03-22_1211280_D_18,0.2680019,cv,0
2026-03-22_1211280_D_19,0.21102725,cv,0
2026-03-22_1211280_D_2,0.54430443,cv,0
2026-03-22_1211280_D_20,0.35469696,cv,0
2026-03-22_1211280_D_21,0.6391539,cv,0
2026-03-22_1211280_D_22,0.39872026,cv,0
2026-03-22_1211280_D_23,0.42230093,cv,0
2026-03-22_1211280_D_24,0.4690902,cv,0
2026-03-22_1211280_D_26,0.5929069,cv,0
2026-03-22_1211280_D_27,0.45775044,cv,0
2026-03-22_1211280_D_28,0.3689435,cv,0
2026-03-22_1211280_D_3,0.20893955,cv,0
2026-03-22_1211280_D_30,0.37906444,cv,1
2026-03-22_1211280_D_31,0.16174436,cv,0
2026-03-22_1211280_D_4,0.6051431,cv,0
2026-03-22_1211280_D_5,0.5610173,cv,0
2026-03-22_1211280_D_6,0.5157714,cv,0
2026-03-22_1211280_D_7,0.3923076,cv,0
2026-03-22_1211280_D_8,0.63310283,cv,0
2026-03-22_1211280_D_9,0.48868644,cv,1
2026-03-22_1211281_D_1,0.39764518,cv,0
2026-03-22_1211281_D_10,0.39313123,cv,0
2026-03-22_1211281_D_11,0.26795238,cv,1
2026-03-22_1211281_D_12,0.15130314,cv,1
2026-03-22_1211281_D_13,0.47821832,cv,0
2026-03-22_1211281_D_14,0.2597602,cv,0
2026-03-22_1211281_D_2,0.33086663,cv,0
2026-03-22_1211281_D_3,0.5697811,cv,1
2026-03-22_1211281_D_4,0.5209962,cv,0
2026-03-22_1211281_D_5,0.5162438,cv,0
2026-03-22_1211281_D_6,0.5987768,cv,0
2026-03-22_1211281_D_7,0.49306986,cv,0
2026-03-22_1211281_D_8,0.951012,cv,1
2026-03-22_1211281_D_9,0.53404593,cv,0
2026-03-22_1219424_D_10,0.28669515,cv,0
2026-03-22_1219424_D_11,0.63668317,cv,0
2026-03-22_1219424_D_2,0.5248117,cv,0
2026-03-22_1219424_D_3,0.83931226,cv,0
2026-03-22_1219424_D_5,0.8443948,cv,0
2026-03-22_1219424_D_6,0.7570077,cv,0
2026-03-22_1219424_D_7,0.37857372,cv,0
2026-03-22_1219424_D_9,0.8088387,cv,0
2026-03-22_1219426_D_1,0.41349646,cv,0
2026-03-22_1219426_D_10,0.42113984,cv,0
2026-03-22_1219426_D_11,0.6699802,cv,0
2026-03-22_1219426_D_13,0.5312309,cv,0
2026-03-22_1219426_D_14,0.3259754,cv,0
2026-03-22_1219426_D_2,0.6477561,cv,1
2026-03-22_1219426_D_3,0.5698842,cv,1
2026-03-22_1219426_D_4,0.62861115,cv,0
2026-03-22_1219426_D_6,0.6955301,cv,0
2026-03-22_1219426_D_7,0.5476377,cv,0
2026-03-22_1219426_D_8,0.46487007,cv,0
2026-03-22_1219426_D_9,0.5617849,cv,1
2026-03-22_1219428_D_1,0.25309813,cv,0
2026-03-22_1219428_D_10,0.54249924,cv,0
2026-03-22_1219428_D_11,0.32644203,cv,0
2026-03-22_1219428_D_2,0.38264322,cv,0
2026-03-22_1219428_D_3,0.29305768,cv,0
2026-03-22_1219428_D_5,0.75190103,cv,1
2026-03-22_1219428_D_6,0.266703,cv,0
2026-03-22_1219428_D_7,0.39315838,cv,1
2026-03-22_1219433_D_1,0.8950443,cv,1
2026-03-22_1219433_D_11,0.7897867,cv,0
2026-03-22_1219433_D_12,0.6589988,cv,0
2026-03-22_1219433_D_13,0.3372593,cv,0
2026-03-22_1219433_D_14,0.5217285,cv,0
2026-03-22_1219433_D_15,0.5131769,cv,0
2026-03-22_1219433_D_16,0.6663188,cv,0
2026-03-22_1219433_D_17,0.4680944,cv,0
2026-03-22_1219433_D_18,0.44602832,cv,0
2026-03-22_1219433_D_2,0.32832772,cv,0
2026-03-22_1219433_D_3,0.5751966,cv,0
2026-03-22_1219433_D_4,0.55339205,cv,0
2026-03-22_1219433_D_5,0.7219777,cv,0
2026-03-22_1219433_D_6,0.607768,cv,1
2026-03-22_1235939_D_1,0.391604,cv,0
2026-03-22_1235939_D_10,0.51203656,cv,0
2026-03-22_1235939_D_11,0.40503773,cv,0
2026-03-22_1235939_D_12,1.3825577,cv,1
2026-03-22_1235939_D_14,0.35797632,cv,0
2026-03-22_1235939_D_15,1.1957606,cv,0
2026-03-22_1235939_D_16,0.36435363,cv,1
2026-03-22_1235939_D_2,0.42485923,cv,0
2026-03-22_1235939_D_3,0.43563598,cv,0
2026-03-22_1235939_D_4,0.5394199,cv,0
2026-03-22_1235939_D_5,0.5587347,cv,1
2026-03-22_1235939_D_6,0.94445443,cv,1
2026-03-22_1235939_D_7,0.35394615,cv,0
2026-03-22_1235939_D_9,0.5465163,cv,0
2026-03-22_1246639_D_10,0.48855853,cv,0
2026-03-22_1246639_D_11,0.624167,cv,1
2026-03-22_1246639_D_12,0.5147363,cv,0
2026-03-22_1246639_D_13,0.3440147,cv,1
2026-03-22_1246639_D_14,0.8992511,cv,1
2026-03-22_1246639_D_15,0.2880167,cv,1
2026-03-22_1246639_D_19,0.333692,cv,0
2026-03-22_1246639_D_3,0.48643118,cv,0
2026-03-22_1246639_D_4,0.5916686,cv,1
2026-03-22_1246639_D_5,0.56766415,cv,1
2026-03-22_1246639_D_6,0.76590365,cv,0
2026-03-22_1246639_D_7,0.5262064,cv,0
2026-03-22_1247861_S_104,1.0012274,cv,0
2026-03-22_1247861_S_105,0.35182053,cv,1
2026-03-22_1247861_S_106,0.63221383,cv,1
2026-03-22_1247861_S_107,0.44716403,cv,0
2026-03-22_1247861_S_108,0.69567394,cv,0
2026-03-22_1247877_S_28,0.34968147,cv,1
2026-03-22_1247879_S_6,0.6339017,cv,0
2026-03-22_1247882_S_2,0.4639926,cv,0
2026-03-22_1247882_S_3,0.35108528,cv,0
2026-03-22_1247882_S_4,0.33877635,cv,0
2026-03-22_1247883_S_80,0.50364494,cv,1
2026-03-22_1247889_S_71,0.44164047,cv,0
2026-03-22_1247889_S_91,0.5706316,cv,1
2026-03-22_1247889_S_92,0.32693243,cv,0
2026-03-22_1247889_S_94,0.35818693,cv,0
2026-03-22_1247889_S_95,0.47915596,cv,0
2026-03-22_1247894_D_1,0.22340044,cv,0
2026-03-22_1247894_D_10,0.30851182,cv,1
2026-03-22_1247894_D_11,0.6706928,cv,0
2026-03-22_1247894_D_12,0.3932261,cv,0
2026-03-22_1247894_D_13,0.23158982,cv,0
2026-03-22_1247894_D_15,0.30534652,cv,0
2026-03-22_1247894_D_17,0.1887089,cv,0
2026-03-22_1247894_D_18,0.44024873,cv,0
2026-03-22_1247894_D_19,0.18810353,cv,0
2026-03-22_1247894_D_2,0.22164619,cv,0
2026-03-22_1247894_D_20,0.40548918,cv,1
2026-03-22_1247894_D_25,0.7109415,cv,0
2026-03-22_1247894_D_26,0.59196603,cv,0
2026-03-22_1247894_D_27,0.28133786,cv,0
2026-03-22_1247894_D_28,0.37382454,cv,0
2026-03-22_1247894_D_29,0.40357074,cv,0
2026-03-22_1247894_D_3,0.5401843,cv,0
2026-03-22_1247894_D_30,0.74853694,cv,0
2026-03-22_1247894_D_31,0.4437059,cv,0
2026-03-22_1247894_D_32,0.4629981,cv,0
2026-03-22_1247894_D_33,0.51851887,cv,0
2026-03-22_1247894_D_34,0.28693253,cv,0
2026-03-22_1247894_D_35,0.23722486,cv,0
2026-03-22_1247894_D_36,0.29084522,cv,0
2026-03-22_1247894_D_37,0.5358181,cv,0
2026-03-22_1247894_D_38,0.39655024,cv,0
2026-03-22_1247894_D_39,0.18259859,cv,0
2026-03-22_1247894_D_4,0.44154876,cv,0
2026-03-22_1247894_D_40,0.44142395,cv,1
2026-03-22_1247894_D_41,0.35471702,cv,0
2026-03-22_1247894_D_42,0.27153596,cv,0
2026-03-22_1247894_D_43,0.27980512,cv,0
2026-03-22_1247894_D_44,0.51337445,cv,0
2026-03-22_1247894_D_45,0.2787206,cv,0
2026-03-22_1247894_D_46,0.2763064,cv,0
2026-03-22_1247894_D_47,0.52548116,cv,0
2026-03-22_1247894_D_48,0.4357005,cv,0
2026-03-22_1247894_D_49,0.3016367,cv,0
2026-03-22_1247894_D_5,0.34155878,cv,0
2026-03-22_1247894_D_50,0.26155084,cv,0
2026-03-22_1247894_D_51,0.25140435,cv,0
2026-03-22_1247894_D_52,0.29389316,cv,0
2026-03-22_1247894_D_53,0.37831625,cv,0
2026-03-22_1247894_D_54,0.27585205,cv,0
2026-03-22_1247894_D_6,0.33472914,cv,0
2026-03-22_1247894_D_7,0.25656483,cv,0
2026-03-22_1247894_D_8,0.35934985,cv,0
2026-03-22_1247894_D_9,0.49295852,cv,0
2026-03-22_1247897_D_1,0.7826869,cv,0
2026-03-22_1247897_D_11,0.7719952,cv,0
2026-03-22_1247897_D_12,0.6044118,cv,1
2026-03-22_1247897_D_13,0.2919254,cv,0
2026-03-22_1247897_D_14,0.25289458,cv,0
2026-03-22_1247897_D_15,0.31129608,cv,0
2026-03-22_1247897_D_16,0.28457555,cv,0
2026-03-22_1247897_D_17,0.47076845,cv,0
2026-03-22_1247897_D_18,0.61247593,cv,0
2026-03-22_1247897_D_19,0.794959,cv,0
2026-03-22_1247897_D_2,0.4969762,cv,0
2026-03-22_1247897_D_20,0.33082026,cv,1
2026-03-22_1247897_D_21,0.5523324,cv,0
2026-03-22_1247897_D_22,0.2788083,cv,1
2026-03-22_1247897_D_23,0.5041479,cv,1
2026-03-22_1247897_D_24,0.23251438,cv,0
2026-03-22_1247897_D_25,0.63977295,cv,0
2026-03-22_1247897_D_26,0.5709978,cv,0
2026-03-22_1247897_D_27,0.46446705,cv,0
2026-03-22_1247897_D_28,0.37934503,cv,0
2026-03-22_1247897_D_29,0.3189836,cv,0
2026-03-22_1247897_D_3,0.7394972,cv,0
2026-03-22_1247897_D_30,0.3793927,cv,0
2026-03-22_1247897_D_31,0.6223711,cv,1
2026-03-22_1247897_D_32,0.4398263,cv,0
2026-03-22_1247897_D_33,0.40596026,cv,0
2026-03-22_1247897_D_34,0.58637613,cv,0
2026-03-22_1247897_D_35,0.2916064,cv,1
2026-03-22_1247897_D_36,0.4555522,cv,0
2026-03-22_1247897_D_38,0.908354,cv,0
2026-03-22_1247897_D_39,0.8167292,cv,0
2026-03-22_1247897_D_4,0.73008746,cv,0
2026-03-22_1247897_D_40,0.35045454,cv,0
2026-03-22_1247897_D_41,0.47931057,cv,0
2026-03-22_1247897_D_42,0.31946737,cv,1
2026-03-22_1247897_D_43,0.5771673,cv,0
2026-03-22_1247897_D_44,0.58048797,cv,0
2026-03-22_1247897_D_45,0.5074059,cv,0
2026-03-22_1247897_D_46,0.5380808,cv,0
2026-03-22_1247897_D_47,0.73322713,cv,0
2026-03-22_1247897_D_48,0.72464675,cv,0
2026-03-22_1247897_D_49,0.70205307,cv,1
2026-03-22_1247897_D_5,0.5191818,cv,0
2026-03-22_1247897_D_51,0.41400003,cv,1
2026-03-22_1247897_D_52,0.5403641,cv,1
2026-03-22_1247897_D_53,0.46243533,cv,0
2026-03-22_1247897_D_54,0.6480784,cv,0
2026-03-22_1247897_D_55,0.6756215,cv,1
2026-03-22_1247897_D_6,0.2985194,cv,0
2026-03-22_1247897_D_7,0.35765657,cv,0
2026-03-22_1247897_D_8,0.53545094,cv,0
2026-03-22_1247897_D_9,0.3134365,cv,0
2026-03-22_1247912_D_1,0.27148932,cv,0
2026-03-22_1247912_D_11,0.6009107,cv,0
2026-03-22_1247912_D_12,0.30908298,cv,0
2026-03-22_1247912_D_13,0.46726686,cv,0
2026-03-22_1247912_D_15,0.33573705,cv,0
2026-03-22_1247912_D_16,0.6293788,cv,0
2026-03-22_1247912_D_17,0.24654362,cv,0
2026-03-22_1247912_D_2,0.74988097,cv,0
2026-03-22_1247912_D_3,0.78369755,cv,0
2026-03-22_1247912_D_4,0.65543306,cv,0
2026-03-22_1247912_D_5,0.64034784,cv,0
2026-03-22_1247912_D_6,0.3382318,cv,0
2026-03-22_1247912_D_7,0.7144451,cv,1
2026-03-22_1247912_D_8,0.34275353,cv,1
2026-03-22_1247914_D_1,0.5879477,cv,0
2026-03-22_1247914_D_10,0.9006595,cv,0
2026-03-22_1247914_D_11,1.0366949,cv,0
2026-03-22_1247914_D_12,0.24321829,cv,0
2026-03-22_1247914_D_13,0.99485064,cv,0
2026-03-22_1247914_D_14,0.5339799,cv,0
2026-03-22_1247914_D_15,0.9237687,cv,0
2026-03-22_1247914_D_16,0.6117203,cv,0
2026-03-22_1247914_D_18,0.6974479,cv,0
2026-03-22_1247914_D_19,0.3674934,cv,0
2026-03-22_1247914_D_2,0.84587836,cv,0
2026-03-22_1247914_D_21,0.5252938,cv,0
2026-03-22_1247914_D_22,0.47541755,cv,0
2026-03-22_1247914_D_23,0.17695817,cv,0
2026-03-22_1247914_D_24,1.094115,cv,0
2026-03-22_1247914_D_3,0.51417464,cv,1
2026-03-22_1247914_D_4,0.53733385,cv,0
2026-03-22_1247914_D_5,0.32480386,cv,0
2026-03-22_1247914_D_6,0.6463177,cv,0
2026-03-22_1247914_D_7,1.2777519,cv,0
2026-03-22_1247914_D_8,0.6580057,cv,0
2026-03-22_1247914_D_9,1.2177393,cv,0
2026-03-22_1247933_D_1,0.5118475,cv,0
2026-03-22_1247933_D_11,0.35885367,cv,0
2026-03-22_1247933_D_12,0.43709165,cv,1
2026-03-22_1247933_D_15,0.69674516,cv,0
2026-03-22_1247933_D_17,0.59018123,cv,0
2026-03-22_1247933_D_18,0.25832683,cv,0
2026-03-22_1247933_D_19,0.312013,cv,0
2026-03-22_1247933_D_2,0.44198745,cv,0
2026-03-22_1247933_D_20,0.5777607,cv,0
2026-03-22_1247933_D_21,0.2934286,cv,0
2026-03-22_1247933_D_22,0.26976025,cv,0
2026-03-22_1247933_D_23,0.3884766,cv,0
2026-03-22_1247933_D_24,0.25946277,cv,0
2026-03-22_1247933_D_25,0.66475314,cv,0
2026-03-22_1247933_D_27,0.6241152,cv,0
2026-03-22_1247933_D_29,0.737515,cv,1
2026-03-22_1247933_D_3,0.7330794,cv,0
2026-03-22_1247933_D_30,0.66532826,cv,0
2026-03-22_1247933_D_33,0.64764297,cv,0
2026-03-22_1247933_D_34,0.4540236,cv,0
2026-03-22_1247933_D_36,0.37583682,cv,0
2026-03-22_1247933_D_37,0.67517084,cv,0
2026-03-22_1247933_D_39,0.27356005,cv,0
2026-03-22_1247933_D_4,0.2857824,cv,0
2026-03-22_1247933_D_40,0.6547648,cv,0
2026-03-22_1247933_D_41,0.45216262,cv,0
2026-03-22_1247933_D_42,0.42990214,cv,0
2026-03-22_1247933_D_43,0.5801067,cv,0
2026-03-22_1247933_D_45,0.24756919,cv,0
2026-03-22_1247933_D_48,0.61223423,cv,0
2026-03-22_1247933_D_5,0.4140465,cv,0
2026-03-22_1247933_D_50,0.3927651,cv,0
2026-03-22_1247933_D_51,0.3501651,cv,0
2026-03-22_1247933_D_53,0.34368628,cv,0
2026-03-22_1247933_D_54,0.61908054,cv,0
2026-03-22_1247933_D_55,0.51585,cv,0
2026-03-22_1247933_D_57,0.6022338,cv,0
2026-03-22_1247933_D_58,0.24244279,cv,0
2026-03-22_1247933_D_59,0.18711293,cv,0
2026-03-22_1247933_D_6,0.33894408,cv,0
2026-03-22_1247933_D_60,0.5413809,cv,0
2026-03-22_1247933_D_62,0.29914507,cv,0
2026-03-22_1247933_D_67,0.7351279,cv,0
2026-03-22_1247933_D_68,0.9443519,cv,1
2026-03-22_1247933_D_69,0.46443424,cv,0
2026-03-22_1247933_D_70,0.58915764,cv,0
2026-03-22_1247933_D_71,0.2734438,cv,0
2026-03-22_1247933_D_72,0.43878442,cv,0
2026-03-22_1247933_D_73,0.5938661,cv,0
2026-03-22_1247933_D_74,0.30849347,cv,0
2026-03-22_1247933_D_75,0.2580959,cv,1
2026-03-22_1247933_D_77,0.37875414,cv,0
2026-03-22_1247933_D_78,0.7370402,cv,0
2026-03-22_1247933_D_79,0.3237916,cv,0
2026-03-22_1247933_D_8,0.25840986,cv,0
2026-03-22_1247933_D_80,0.5231229,cv,0
2026-03-22_1247933_D_81,0.4311034,cv,1
2026-03-22_1247933_D_83,0.33867377,cv,0
2026-03-22_1247933_D_84,0.60143137,cv,0
2026-03-22_1247933_D_85,0.64413285,cv,0
2026-03-22_1247933_D_86,0.61089605,cv,1
2026-03-22_1247933_D_9,0.49564546,cv,1
2026-03-22_1257564_S_1,0.6062672,cv,1
2026-03-22_1257564_S_2,0.5100236,cv,1
2026-03-22_1257564_S_3,0.33595532,cv,0
2026-03-22_1257564_S_4,0.67418444,cv,0
2026-03-22_1257564_S_5,0.31460714,cv,0
2026-03-22_1263243_D_1,0.9206506,cv,0
2026-03-22_1263243_D_10,0.7734196,cv,0
2026-03-22_1263243_D_11,0.64124215,cv,0
2026-03-22_1263243_D_13,0.47273105,cv,0
2026-03-22_1263243_D_14,0.3899988,cv,0
2026-03-22_1263243_D_15,0.709387,cv,0
2026-03-22_1263243_D_16,0.7715653,cv,0
2026-03-22_1263243_D_17,0.8794035,cv,0
2026-03-22_1263243_D_2,0.4288213,cv,1
2026-03-22_1263243_D_3,0.34734306,cv,0
2026-03-22_1263243_D_4,0.38561925,cv,0
2026-03-22_1263243_D_5,0.3291121,cv,0
2026-03-22_1263243_D_7,0.6037521,cv,0
2026-03-22_1263243_D_8,0.8500223,cv,0
2026-03-22_1263243_D_9,0.4478914,cv,1
2026-03-22_1268861_D_1,0.19161376,cv,0
2026-03-22_1268861_D_10,0.45131373,cv,0
2026-03-22_1268861_D_11,0.33968323,cv,0
2026-03-22_1268861_D_12,0.30333015,cv,0
2026-03-22_1268861_D_13,0.6327387,cv,0
2026-03-22_1268861_D_14,0.24439934,cv,0
2026-03-22_1268861_D_15,0.2846889,cv,0
2026-03-22_1268861_D_16,0.4099908,cv,0
2026-03-22_1268861_D_17,0.32588345,cv,0
2026-03-22_1268861_D_18,0.3287002,cv,0
2026-03-22_1268861_D_19,0.3909262,cv,0
2026-03-22_1268861_D_2,0.2745291,cv,0
2026-03-22_1268861_D_21,0.26788613,cv,0
2026-03-22_1268861_D_22,0.43158492,cv,0
2026-03-22_1268861_D_23,0.29708675,cv,0
2026-03-22_1268861_D_24,0.71318245,cv,0
2026-03-22_1268861_D_25,0.38089368,cv,0
2026-03-22_1268861_D_26,0.47935492,cv,0
2026-03-22_1268861_D_27,0.25661987,cv,0
2026-03-22_1268861_D_28,0.9141259,cv,1
2026-03-22_1268861_D_29,0.24371985,cv,1
2026-03-22_1268861_D_3,0.30031112,cv,0
2026-03-22_1268861_D_36,0.45327556,cv,1
2026-03-22_1268861_D_4,0.31737268,cv,0
2026-03-22_1268861_D_47,0.19177765,cv,1
2026-03-22_1268861_D_5,0.30600578,cv,0
2026-03-22_1268861_D_53,0.365642,cv,1
2026-03-22_1268861_D_56,0.36557275,cv,0
2026-03-22_1268861_D_57,0.24607551,cv,0
2026-03-22_1268861_D_59,0.49751472,cv,1
2026-03-22_1268861_D_6,0.3020764,cv,0
2026-03-22_1268861_D_60,0.3383829,cv,0
2026-03-22_1268861_D_61,0.45851094,cv,0
2026-03-22_1268861_D_62,0.3199474,cv,0
2026-03-22_1268861_D_63,0.1823645,cv,0
2026-03-22_1268861_D_7,0.21232831,cv,0
2026-03-22_1268861_D_8,0.404449,cv,0
2026-03-22_1268861_D_9,0.28510445,cv,0
2026-03-22_1285364_D_31,0.43320286,cv,1
2026-03-22_1285364_D_36,0.66496944,cv,1
2026-03-22_1285364_D_6,0.39267072,cv,0
2026-03-22_1285805_D_1,0.1992181,cv,0
2026-03-22_1285805_D_12,0.78017104,cv,0
2026-03-22_1285805_D_13,0.8474697,cv,0
2026-03-22_1285805_D_14,0.6218853,cv,0
2026-03-22_1285805_D_15,0.5771916,cv,0
2026-03-22_1285805_D_2,0.5054083,cv,0
2026-03-22_1285805_D_3,0.75211996,cv,0
2026-03-22_1286287_S_16,0.5119195,cv,1
2026-03-22_1289456_S_88,0.42800093,cv,0
2026-03-22_1289456_S_89,0.42272982,cv,0
2026-03-22_1289456_S_90,0.3335179,cv,0
2026-03-22_1289688_D_1,0.2189286,cv,0
2026-03-22_1289688_D_10,0.39165336,cv,0
2026-03-22_1289688_D_11,0.51646096,cv,0
2026-03-22_1289688_D_13,0.42881584,cv,0
2026-03-22_1289688_D_14,0.5157242,cv,0
2026-03-22_1289688_D_15,0.44526714,cv,0
2026-03-22_1289688_D_16,0.37773496,cv,0
2026-03-22_1289688_D_17,0.3658224,cv,0
2026-03-22_1289688_D_18,0.33643186,cv,0
2026-03-22_1289688_D_19,0.5493461,cv,0
2026-03-22_1289688_D_2,0.39568353,cv,0
2026-03-22_1289688_D_20,0.3700301,cv,0
2026-03-22_1289688_D_21,0.20510302,cv,0
2026-03-22_1289688_D_22,0.23827176,cv,0
2026-03-22_1289688_D_23,0.39260322,cv,0
2026-03-22_1289688_D_24,0.3141788,cv,0
2026-03-22_1289688_D_25,0.1871939,cv,0
2026-03-22_1289688_D_26,0.23711382,cv,0
2026-03-22_1289688_D_27,0.40917152,cv,0
2026-03-22_1289688_D_28,0.68989533,cv,0
2026-03-22_1289688_D_29,0.38351557,cv,0
2026-03-22_1289688_D_3,0.3267086,cv,0
2026-03-22_1289688_D_30,0.17814516,cv,0
2026-03-22_1289688_D_31,0.35011658,cv,0
2026-03-22_1289688_D_32,0.75511694,cv,0
2026-03-22_1289688_D_33,0.43452066,cv,0
2026-03-22_1289688_D_34,0.269245,cv,0
2026-03-22_1289688_D_35,0.19013956,cv,0
2026-03-22_1289688_D_36,0.45639873,cv,0
2026-03-22_1289688_D_37,0.50580704,cv,0
2026-03-22_1289688_D_38,0.6723534,cv,0
2026-03-22_1289688_D_39,0.5695414,cv,0
2026-03-22_1289688_D_4,0.7504641,cv,0
2026-03-22_1289688_D_40,0.24764512,cv,0
2026-03-22_1289688_D_41,0.27029938,cv,0
2026-03-22_1289688_D_42,0.3984394,cv,0
2026-03-22_1289688_D_5,0.5966518,cv,0
2026-03-22_1289688_D_6,0.1639422,cv,0
2026-03-22_1289688_D_7,0.41920528,cv,0
2026-03-22_1289688_D_8,0.7026113,cv,0
2026-03-22_1289688_D_9,0.65323997,cv,0
2026-03-22_1289689_D_1,0.23306315,cv,0
2026-03-22_1289689_D_10,0.52061474,cv,0
2026-03-22_1289689_D_12,0.21745902,cv,0
2026-03-22_1289689_D_13,0.48165497,cv,0
2026-03-22_1289689_D_14,0.40926307,cv,1
2026-03-22_1289689_D_16,0.33545145,cv,1
2026-03-22_1289689_D_17,0.38717628,cv,1
2026-03-22_1289689_D_19,0.49934167,cv,0
2026-03-22_1289689_D_2,0.28576142,cv,0
2026-03-22_1289689_D_20,0.57564044,cv,0
2026-03-22_1289689_D_21,0.44929892,cv,0
2026-03-22_1289689_D_22,0.23462486,cv,0
2026-03-22_1289689_D_23,0.19930969,cv,0
2026-03-22_1289689_D_24,0.43855327,cv,0
2026-03-22_1289689_D_26,0.4701987,cv,0
2026-03-22_1289689_D_3,0.271511,cv,0
2026-03-22_1289689_D_30,0.50113666,cv,0
2026-03-22_1289689_D_31,0.24816583,cv,1
2026-03-22_1289689_D_33,0.40513027,cv,1
2026-03-22_1289689_D_34,0.22547536,cv,0
2026-03-22_1289689_D_36,0.34104285,cv,0
2026-03-22_1289689_D_37,0.23545942,cv,0
2026-03-22_1289689_D_38,0.2533254,cv,0
2026-03-22_1289689_D_39,0.6436207,cv,0
2026-03-22_1289689_D_40,0.21215412,cv,0
2026-03-22_1289689_D_41,0.37014753,cv,1
2026-03-22_1289689_D_43,0.4342862,cv,0
2026-03-22_1289689_D_44,0.39647824,cv,0
2026-03-22_1289689_D_45,0.16130295,cv,1
2026-03-22_1289689_D_46,0.57907504,cv,1
2026-03-22_1289689_D_6,0.20971005,cv,1
2026-03-22_1289689_D_8,0.20251624,cv,0
2026-03-22_1289689_D_9,0.3840694,cv,0
2026-03-22_1314437_S_13,0.5250416,cv,0
2026-03-22_1314437_S_15,0.3423519,cv,0
2026-03-22_1314437_S_16,0.65058714,cv,0
2026-03-22_1314438_S_71,0.38149387,cv,0
2026-03-22_1314438_S_72,0.46618468,cv,0
2026-03-22_1350090_D_1,0.42512745,cv,0
2026-03-22_1350090_D_10,0.51840574,cv,0
2026-03-22_1350090_D_11,0.2230073,cv,0
2026-03-22_1350090_D_2,0.7590599,cv,0
2026-03-22_1350090_D_3,0.5901495,cv,0
2026-03-22_1350090_D_5,0.380488,cv,0
2026-03-22_1350090_D_6,0.65967345,cv,0
2026-03-22_1350090_D_7,1.0160689,cv,1
2026-03-22_1350090_D_8,0.34898484,cv,0
2026-03-22_1350090_D_9,0.44210237,cv,0
2026-03-22_1350091_D_1,0.4109205,cv,0
2026-03-22_1350091_D_10,0.30652064,cv,0
2026-03-22_1350091_D_11,0.4052527,cv,0
2026-03-22_1350091_D_12,0.42456496,cv,0
2026-03-22_1350091_D_13,0.4104503,cv,0
2026-03-22_1350091_D_14,0.5296612,cv,0
2026-03-22_1350091_D_15,0.58199835,cv,0
2026-03-22_1350091_D_16,0.27806136,cv,0
2026-03-22_1350091_D_17,0.5536955,cv,0
2026-03-22_1350091_D_18,0.5692197,cv,0
2026-03-22_1350091_D_19,0.24823707,cv,0
2026-03-22_1350091_D_2,0.5645138,cv,0
2026-03-22_1350091_D_20,0.44362196,cv,0
2026-03-22_1350091_D_21,0.46694732,cv,0
2026-03-22_1350091_D_22,0.42053288,cv,0
2026-03-22_1350091_D_23,0.74052274,cv,0
2026-03-22_1350091_D_24,0.7672951,cv,0
2026-03-22_1350091_D_3,0.5571448,cv,0
2026-03-22_1350091_D_4,0.33352667,cv,0
2026-03-22_1350091_D_5,0.490968,cv,0
2026-03-22_1350091_D_6,0.44410026,cv,1
2026-03-22_1350091_D_7,0.33426183,cv,0
2026-03-22_1350091_D_8,0.4891451,cv,0
2026-03-22_1350091_D_9,0.30745503,cv,0
2026-03-22_1350092_D_1,0.33777237,cv,0
2026-03-22_1350092_D_10,0.22642615,cv,0
2026-03-22_1350092_D_11,0.5736642,cv,0
2026-03-22_1350092_D_12,0.33597335,cv,1
2026-03-22_1350092_D_14,0.6573719,cv,0
2026-03-22_1350092_D_2,0.38807768,cv,1
2026-03-22_1350092_D_20,0.48053432,cv,0
2026-03-22_1350092_D_21,0.40456998,cv,1
2026-03-22_1350092_D_4,0.45354494,cv,0
2026-03-22_1350092_D_40,0.4911911,cv,0
2026-03-22_1350092_D_41,0.18024561,cv,0
2026-03-22_1350092_D_5,0.28998584,cv,0
2026-03-22_1350092_D_60,0.44875103,cv,1
2026-03-22_1350092_D_7,0.7493703,cv,0
2026-03-22_1350092_D_70,0.4511343,cv,0
2026-03-22_1350092_D_71,0.52553916,cv,1
2026-03-22_1350092_D_8,0.75241584,cv,0
2026-03-22_1350092_D_9,0.45870608,cv,0
2026-03-22_1350093_D_1,0.59170544,cv,0
2026-03-22_1350093_D_10,0.36714858,cv,0
2026-03-22_1350093_D_11,0.51601106,cv,1
2026-03-22_1350093_D_13,0.49651963,cv,0
2026-03-22_1350093_D_14,0.49358958,cv,1
2026-03-22_1350093_D_15,0.47538203,cv,0
2026-03-22_1350093_D_16,0.66023886,cv,0
2026-03-22_1350093_D_17,0.43079147,cv,0
2026-03-22_1350093_D_18,0.8756558,cv,0
2026-03-22_1350093_D_19,0.41631258,cv,0
2026-03-22_1350093_D_2,0.39256772,cv,0
2026-03-22_1350093_D_20,0.43808815,cv,0
2026-03-22_1350093_D_3,0.43218833,cv,0
2026-03-22_1350093_D_4,0.68050116,cv,0
2026-03-22_1350093_D_5,0.663649,cv,0
2026-03-22_1350093_D_7,0.58658016,cv,0
2026-03-22_1350093_D_8,0.41088057,cv,0
2026-03-22_1350093_D_9,0.55703413,cv,0
2026-03-22_1350094_D_1,0.41930592,cv,0
2026-03-22_1350094_D_10,0.46722382,cv,0
2026-03-22_1350094_D_11,0.30083525,cv,0
2026-03-22_1350094_D_12,0.6674234,cv,0
2026-03-22_1350094_D_13,0.6616123,cv,0
2026-03-22_1350094_D_14,0.4913053,cv,0
2026-03-22_1350094_D_15,0.63517845,cv,0
2026-03-22_1350094_D_16,0.56770146,cv,0
2026-03-22_1350094_D_17,0.28006983,cv,1
2026-03-22_1350094_D_18,0.5120128,cv,1
2026-03-22_1350094_D_19,0.3960007,cv,0
2026-03-22_1350094_D_2,0.36191082,cv,0
2026-03-22_1350094_D_20,0.41796863,cv,0
2026-03-22_1350094_D_21,0.3829219,cv,1
2026-03-22_1350094_D_22,0.4619444,cv,0
2026-03-22_1350094_D_23,0.45457575,cv,0
2026-03-22_1350094_D_24,0.6062592,cv,0
2026-03-22_1350094_D_25,0.21414952,cv,0
2026-03-22_1350094_D_26,0.25135666,cv,0
2026-03-22_1350094_D_27,0.40508115,cv,0
2026-03-22_1350094_D_28,0.82701343,cv,1
2026-03-22_1350094_D_29,0.26140338,cv,1
2026-03-22_1350094_D_3,0.8374934,cv,0
2026-03-22_1350094_D_30,0.37175244,cv,1
2026-03-22_1350094_D_32,0.57635003,cv,1
2026-03-22_1350094_D_33,0.7710707,cv,0
2026-03-22_1350094_D_4,0.3444825,cv,0
2026-03-22_1350094_D_5,0.26251268,cv,0
2026-03-22_1350094_D_6,0.91932154,cv,0
2026-03-22_1350094_D_7,0.491551,cv,0
2026-03-22_1350094_D_8,0.39828724,cv,0
2026-03-22_1350094_D_9,0.79481936,cv,0
2026-03-22_1350095_D_1,0.17588012,cv,0
2026-03-22_1350095_D_10,0.46074653,cv,0
2026-03-22_1350095_D_11,0.54721653,cv,0
2026-03-22_1350095_D_12,0.30561784,cv,0
2026-03-22_1350095_D_13,0.52617395,cv,0
2026-03-22_1350095_D_14,0.3708722,cv,0
2026-03-22_1350095_D_16,0.52655786,cv,0
2026-03-22_1350095_D_17,0.293099,cv,0
2026-03-22_1350095_D_18,0.4277818,cv,0
2026-03-22_1350095_D_19,0.37087864,cv,0
2026-03-22_1350095_D_2,0.3411252,cv,0
2026-03-22_1350095_D_21,0.30808604,cv,0
2026-03-22_1350095_D_22,0.4677227,cv,0
2026-03-22_1350095_D_23,0.591921,cv,0
2026-03-22_1350095_D_24,0.30462527,cv,0
2026-03-22_1350095_D_25,0.26896143,cv,0
2026-03-22_1350095_D_26,0.37090096,cv,0
2026-03-22_1350095_D_27,0.47666168,cv,0
2026-03-22_1350095_D_28,0.25803223,cv,0
2026-03-22_1350095_D_29,0.21766566,cv,0
2026-03-22_1350095_D_3,0.3248631,cv,0
2026-03-22_1350095_D_30,0.78609383,cv,0
2026-03-22_1350095_D_31,0.86859477,cv,0
2026-03-22_1350095_D_32,0.7167543,cv,0
2026-03-22_1350095_D_33,0.5104697,cv,0
2026-03-22_1350095_D_34,0.4055563,cv,0
2026-03-22_1350095_D_35,0.3416978,cv,0
2026-03-22_1350095_D_36,0.34978032,cv,0
2026-03-22_1350095_D_37,0.41589117,cv,0
2026-03-22_1350095_D_38,0.23508438,cv,0
2026-03-22_1350095_D_39,0.29069346,cv,0
2026-03-22_1350095_D_4,0.2756468,cv,0
2026-03-22_1350095_D_40,0.67625093,cv,0
2026-03-22_1350095_D_41,0.80024624,cv,0
2026-03-22_1350095_D_42,0.13857415,cv,1
2026-03-22_1350095_D_43,0.9450757,cv,0
2026-03-22_1350095_D_44,0.2411463,cv,0
2026-03-22_1350095_D_45,0.3525742,cv,0
2026-03-22_1350095_D_46,0.2564566,cv,1
2026-03-22_1350095_D_47,0.3935208,cv,1
2026-03-22_1350095_D_5,0.3427862,cv,0
2026-03-22_1350095_D_50,0.54145324,cv,0
2026-03-22_1350095_D_51,0.8379688,cv,0
2026-03-22_1350095_D_52,0.34859473,cv,0
2026-03-22_1350095_D_53,0.36496466,cv,0
2026-03-22_1350095_D_54,0.48640594,cv,0
2026-03-22_1350095_D_55,0.6524189,cv,0
2026-03-22_1350095_D_56,0.5173162,cv,0
2026-03-22_1350095_D_57,0.39985067,cv,0
2026-03-22_1350095_D_58,0.65075886,cv,0
2026-03-22_1350095_D_59,0.7124734,cv,0
2026-03-22_1350095_D_6,0.3534857,cv,0
2026-03-22_1350095_D_60,0.33335567,cv,0
2026-03-22_1350095_D_7,0.449545,cv,0
2026-03-22_1350095_D_8,0.55474603,cv,0
2026-03-22_1350095_D_9,0.34529644,cv,0
2026-03-22_1350096_D_1,0.8448206,cv,0
2026-03-22_1350096_D_10,0.51545835,cv,1
2026-03-22_1350096_D_11,0.5714426,cv,0
2026-03-22_1350096_D_13,0.5966208,cv,0
2026-03-22_1350096_D_14,0.7054645,cv,0
2026-03-22_1350096_D_15,0.75757885,cv,0
2026-03-22_1350096_D_16,0.6265693,cv,0
2026-03-22_1350096_D_17,0.5492698,cv,1
2026-03-22_1350096_D_19,0.35610956,cv,0
2026-03-22_1350096_D_2,0.70942754,cv,0
2026-03-22_1350096_D_20,0.6152596,cv,1
2026-03-22_1350096_D_25,0.7826662,cv,1
2026-03-22_1350096_D_26,0.42884073,cv,0
2026-03-22_1350096_D_27,0.5651146,cv,0
2026-03-22_1350096_D_28,0.54804575,cv,0
2026-03-22_1350096_D_29,0.4766837,cv,0
2026-03-22_1350096_D_3,0.75150484,cv,0
2026-03-22_1350096_D_30,0.5177978,cv,0
2026-03-22_1350096_D_31,0.52087855,cv,0
2026-03-22_1350096_D_32,0.35526824,cv,1
2026-03-22_1350096_D_34,0.41264758,cv,0
2026-03-22_1350096_D_35,0.6593567,cv,0
2026-03-22_1350096_D_36,0.5216205,cv,0
2026-03-22_1350096_D_37,0.58134764,cv,0
2026-03-22_1350096_D_38,0.58684784,cv,0
2026-03-22_1350096_D_39,0.39287242,cv,0
2026-03-22_1350096_D_4,0.6176883,cv,0
2026-03-22_1350096_D_40,0.5367655,cv,0
2026-03-22_1350096_D_41,0.8123498,cv,0
2026-03-22_1350096_D_42,0.5922824,cv,1
2026-03-22_1350096_D_44,0.46670017,cv,0
2026-03-22_1350096_D_45,0.377666,cv,0
2026-03-22_1350096_D_46,0.5314667,cv,0
2026-03-22_1350096_D_47,0.6666791,cv,0
2026-03-22_1350096_D_48,0.89888924,cv,0
2026-03-22_1350096_D_49,0.83406675,cv,0
2026-03-22_1350096_D_5,0.6684858,cv,0
2026-03-22_1350096_D_50,0.35919473,cv,0
2026-03-22_1350096_D_51,0.81429243,cv,1
2026-03-22_1350096_D_52,0.2930374,cv,1
2026-03-22_1350096_D_53,0.93209887,cv,1
2026-03-22_1350096_D_54,0.4584059,cv,0
2026-03-22_1350096_D_55,0.8377723,cv,0
2026-03-22_1350096_D_56,1.0689697,cv,1
2026-03-22_1350096_D_57,0.30940354,cv,0
2026-03-22_1350096_D_6,0.3750037,cv,0
2026-03-22_1350096_D_7,1.009865,cv,0
2026-03-22_1350096_D_8,0.39215884,cv,0
2026-03-22_1350096_D_9,0.567819,cv,0
2026-03-22_1350097_D_1,0.50686663,cv,0
2026-03-22_1350097_D_10,0.72120106,cv,0
2026-03-22_1350097_D_11,0.32398042,cv,0
2026-03-22_1350097_D_12,0.71665907,cv,1
2026-03-22_1350097_D_14,0.5300734,cv,0
2026-03-22_1350097_D_15,0.59329945,cv,0
2026-03-22_1350097_D_19,0.88763046,cv,0
2026-03-22_1350097_D_2,0.5037484,cv,1
2026-03-22_1350097_D_21,0.8688981,cv,1
2026-03-22_1350097_D_22,0.5646614,cv,1
2026-03-22_1350097_D_23,0.35476333,cv,0
2026-03-22_1350097_D_24,0.44391245,cv,1
2026-03-22_1350097_D_25,0.46202987,cv,0
2026-03-22_1350097_D_29,0.48608756,cv,1
2026-03-22_1350097_D_3,0.5022032,cv,1
2026-03-22_1350097_D_31,0.7252449,cv,1
2026-03-22_1350097_D_32,0.41270563,cv,1
2026-03-22_1350097_D_33,0.72298926,cv,1
2026-03-22_1350097_D_34,0.49024087,cv,0
2026-03-22_1350097_D_36,0.3596596,cv,0
2026-03-22_1350097_D_37,0.46706423,cv,1
2026-03-22_1350097_D_38,0.51632094,cv,0
2026-03-22_1350097_D_4,0.41829205,cv,1
2026-03-22_1350097_D_41,1.2109103,cv,0
2026-03-22_1350097_D_42,0.30748996,cv,0
2026-03-22_1350097_D_43,0.40281639,cv,0
2026-03-22_1350097_D_6,0.77840436,cv,0
2026-03-22_1350097_D_7,0.67970896,cv,0
2026-03-22_1350099_D_1,0.5577423,cv,0
2026-03-22_1350099_D_11,0.3086434,cv,0
2026-03-22_1350099_D_12,0.55739117,cv,0
2026-03-22_1350099_D_13,0.5243135,cv,0
2026-03-22_1350099_D_14,0.51137316,cv,0
2026-03-22_1350099_D_16,0.7425286,cv,1
2026-03-22_1350099_D_17,0.4164865,cv,1
2026-03-22_1350099_D_19,0.62644166,cv,0
2026-03-22_1350099_D_2,0.439996,cv,0
2026-03-22_1350099_D_20,0.45358312,cv,0
2026-03-22_1350099_D_21,0.61346596,cv,0
2026-03-22_1350099_D_22,0.36517268,cv,0
2026-03-22_1350099_D_23,0.6673218,cv,1
2026-03-22_1350099_D_24,0.53248405,cv,0
2026-03-22_1350099_D_25,0.63926667,cv,0
2026-03-22_1350099_D_26,0.3397714,cv,0
2026-03-22_1350099_D_27,0.6491269,cv,0
2026-03-22_1350099_D_28,0.82276654,cv,1
2026-03-22_1350099_D_3,0.792617,cv,0
2026-03-22_1350099_D_30,0.62559414,cv,0
2026-03-22_1350099_D_31,0.43903002,cv,0
2026-03-22_1350099_D_32,0.35621104,cv,0
2026-03-22_1350099_D_34,0.4122343,cv,1
2026-03-22_1350099_D_43,0.642229,cv,0
2026-03-22_1350099_D_44,0.43223664,cv,0
2026-03-22_1350099_D_45,0.4233536,cv,0
2026-03-22_1350099_D_47,0.80000067,cv,0
2026-03-22_1350099_D_48,0.46969533,cv,0
2026-03-22_1350099_D_50,0.41518712,cv,0
2026-03-22_1350099_D_51,0.31584966,cv,0
2026-03-22_1350099_D_52,0.27093303,cv,0
2026-03-22_1350099_D_53,0.53244185,cv,1
2026-03-22_1350099_D_54,0.4424138,cv,0
2026-03-22_1350099_D_56,0.27344975,cv,0
2026-03-22_1350099_D_58,0.4844807,cv,0
2026-03-22_1350099_D_6,0.3121592,cv,0
2026-03-22_1350099_D_61,0.38577276,cv,0
2026-03-22_1350099_D_7,0.56145406,cv,0
2026-03-22_1350099_D_8,1.335523,cv,0
2026-03-22_1350099_D_9,0.53214383,cv,0
2026-03-22_1350100_D_1,0.71838367,cv,0
2026-03-22_1350100_D_10,0.50813925,cv,1
2026-03-22_1350100_D_12,0.32619765,cv,1
2026-03-22_1350100_D_13,1.1597875,cv,1
2026-03-22_1350100_D_14,0.49731147,cv,1
2026-03-22_1350100_D_15,0.72578037,cv,0
2026-03-22_1350100_D_16,0.17808025,cv,0
2026-03-22_1350100_D_17,0.25480816,cv,0
2026-03-22_1350100_D_18,0.575357,cv,0
2026-03-22_1350100_D_19,0.5079853,cv,1
2026-03-22_1350100_D_2,0.69264627,cv,1
2026-03-22_1350100_D_20,0.43563935,cv,1
2026-03-22_1350100_D_21,0.5073884,cv,0
2026-03-22_1350100_D_22,0.6234864,cv,1
2026-03-22_1350100_D_23,0.75606394,cv,1
2026-03-22_1350100_D_24,0.44894168,cv,0
2026-03-22_1350100_D_3,0.33086485,cv,1
2026-03-22_1350100_D_4,0.34532255,cv,0
2026-03-22_1350100_D_6,0.30810553,cv,0
2026-03-22_1350100_D_7,0.33497578,cv,0
2026-03-22_1350100_D_8,0.6227893,cv,1
2026-03-22_1350100_D_9,0.5446687,cv,0
2026-03-22_1350101_D_1,0.38624096,cv,0
2026-03-22_1350101_D_10,0.58389014,cv,0
2026-03-22_1350101_D_11,0.53563035,cv,0
2026-03-22_1350101_D_12,0.35141462,cv,0
2026-03-22_1350101_D_13,0.27038214,cv,0
2026-03-22_1350101_D_14,0.51236224,cv,1
2026-03-22_1350101_D_16,0.34627447,cv,1
2026-03-22_1350101_D_17,0.2301876,cv,0
2026-03-22_1350101_D_18,0.5141989,cv,0
2026-03-22_1350101_D_19,0.46380818,cv,0
2026-03-22_1350101_D_2,0.4354524,cv,0
2026-03-22_1350101_D_20,0.3698128,cv,0
2026-03-22_1350101_D_21,0.38999817,cv,0
2026-03-22_1350101_D_22,0.32809997,cv,0
2026-03-22_1350101_D_23,0.46315205,cv,1
2026-03-22_1350101_D_24,0.35132775,cv,1
2026-03-22_1350101_D_25,0.4145103,cv,1
2026-03-22_1350101_D_26,0.36769173,cv,0
2026-03-22_1350101_D_27,0.50607514,cv,0
2026-03-22_1350101_D_29,0.26362994,cv,0
2026-03-22_1350101_D_3,0.6494421,cv,0
2026-03-22_1350101_D_30,0.4628403,cv,0
2026-03-22_1350101_D_31,0.74015754,cv,1
2026-03-22_1350101_D_32,0.31878197,cv,0
2026-03-22_1350101_D_33,0.61590433,cv,1
2026-03-22_1350101_D_35,0.33973655,cv,0
2026-03-22_1350101_D_36,0.4753732,cv,0
2026-03-22_1350101_D_37,0.3273918,cv,0
2026-03-22_1350101_D_38,0.52678204,cv,0
2026-03-22_1350101_D_39,0.67187804,cv,0
2026-03-22_1350101_D_40,0.3631112,cv,0
2026-03-22_1350101_D_41,0.3156777,cv,0
2026-03-22_1350101_D_42,0.28883594,cv,0
2026-03-22_1350101_D_43,0.37950724,cv,0
2026-03-22_1350101_D_44,0.3981454,cv,0
2026-03-22_1350101_D_45,0.40041193,cv,0
2026-03-22_1350101_D_46,0.2761682,cv,0
2026-03-22_1350101_D_47,0.30290186,cv,0
2026-03-22_1350101_D_48,0.37045464,cv,0
2026-03-22_1350101_D_49,0.22850975,cv,0
2026-03-22_1350101_D_5,0.22855864,cv,0
2026-03-22_1350101_D_50,0.451281,cv,0
2026-03-22_1350101_D_51,0.30436572,cv,0
2026-03-22_1350101_D_52,0.48791385,cv,0
2026-03-22_1350101_D_53,0.5718853,cv,0
2026-03-22_1350101_D_54,0.3855606,cv,0
2026-03-22_1350101_D_55,0.22669888,cv,1
2026-03-22_1350101_D_56,0.5437317,cv,0
2026-03-22_1350101_D_58,0.65075004,cv,0
2026-03-22_1350101_D_6,0.33050835,cv,0
2026-03-22_1350101_D_60,0.41773188,cv,0
2026-03-22_1350101_D_62,0.50572,cv,0
2026-03-22_1350101_D_7,0.38514608,cv,0
2026-03-22_1350101_D_8,0.37631115,cv,0
2026-03-22_1350101_D_9,0.7157216,cv,0
2026-03-22_1350103_D_1,0.9417161,cv,0
2026-03-22_1350103_D_12,0.4201704,cv,1
2026-03-22_1350103_D_13,0.9096126,cv,0
2026-03-22_1350103_D_15,0.36113665,cv,0
2026-03-22_1350103_D_16,0.35379863,cv,0
2026-03-22_1350103_D_18,0.46563268,cv,0
2026-03-22_1350103_D_2,0.44267353,cv,0
2026-03-22_1350103_D_20,0.8041394,cv,0
2026-03-22_1350103_D_22,0.661449,cv,0
2026-03-22_1350103_D_23,0.70484257,cv,1
2026-03-22_1350103_D_24,0.68228126,cv,0
2026-03-22_1350103_D_25,0.38889632,cv,0
2026-03-22_1350103_D_26,0.6871947,cv,0
2026-03-22_1350103_D_27,0.67085886,cv,1
2026-03-22_1350103_D_28,0.54607266,cv,0
2026-03-22_1350103_D_4,0.57262874,cv,0
2026-03-22_1350103_D_6,0.35448608,cv,0
2026-03-22_1350103_D_7,0.5630528,cv,0
2026-03-22_1350103_D_8,1.0207659,cv,0
2026-03-22_1350104_D_1,0.65790963,cv,0
2026-03-22_1350104_D_10,0.623441,cv,0
2026-03-22_1350104_D_11,0.62618214,cv,0
2026-03-22_1350104_D_12,0.51919925,cv,0
2026-03-22_1350104_D_13,0.33155107,cv,1
2026-03-22_1350104_D_15,0.7197695,cv,0
2026-03-22_1350104_D_17,0.30610538,cv,0
2026-03-22_1350104_D_18,0.48945305,cv,1
2026-03-22_1350104_D_20,0.6668209,cv,0
2026-03-22_1350104_D_21,0.3701633,cv,0
2026-03-22_1350104_D_22,0.49787903,cv,0
2026-03-22_1350104_D_23,0.43174836,cv,0
2026-03-22_1350104_D_24,0.7528541,cv,0
2026-03-22_1350104_D_25,0.91418666,cv,0
2026-03-22_1350104_D_26,0.30402106,cv,0
2026-03-22_1350104_D_27,0.6014986,cv,1
2026-03-22_1350104_D_29,0.8679596,cv,0
2026-03-22_1350104_D_3,0.3046234,cv,0
2026-03-22_1350104_D_30,0.33368188,cv,0
2026-03-22_1350104_D_31,0.32826787,cv,0
2026-03-22_1350104_D_32,0.16298705,cv,1
2026-03-22_1350104_D_34,0.31944484,cv,0
2026-03-22_1350104_D_35,0.707246,cv,0
2026-03-22_1350104_D_36,0.5790509,cv,0
2026-03-22_1350104_D_37,0.45115173,cv,0
2026-03-22_1350104_D_38,0.36423513,cv,0
2026-03-22_1350104_D_39,0.22704779,cv,0
2026-03-22_1350104_D_4,0.570925,cv,0
2026-03-22_1350104_D_40,0.80586183,cv,0
2026-03-22_1350104_D_43,0.37137124,cv,0
2026-03-22_1350104_D_46,0.5021465,cv,0
2026-03-22_1350104_D_47,0.49768385,cv,0
2026-03-22_1350104_D_48,0.97604674,cv,0
2026-03-22_1350104_D_49,0.6429424,cv,0
2026-03-22_1350104_D_5,0.33358264,cv,0
2026-03-22_1350104_D_51,0.17527893,cv,1
2026-03-22_1350104_D_52,0.6077601,cv,0
2026-03-22_1350104_D_53,0.44632488,cv,1
2026-03-22_1350104_D_55,0.65206397,cv,0
2026-03-22_1350104_D_56,0.5602411,cv,0
2026-03-22_1350104_D_57,0.31994003,cv,0
2026-03-22_1350104_D_58,0.5589983,cv,0
2026-03-22_1350104_D_59,0.6415192,cv,0
2026-03-22_1350104_D_6,0.8761406,cv,0
2026-03-22_1350104_D_60,0.40972131,cv,0
2026-03-22_1350104_D_7,0.19019693,cv,0
2026-03-22_1350104_D_8,0.3681097,cv,1
2026-03-22_1350104_D_9,0.40473613,cv,0
2026-03-22_1350107_D_1,0.51648486,cv,0
2026-03-22_1350107_D_10,0.42243594,cv,0
2026-03-22_1350107_D_11,1.1173604,cv,0
2026-03-22_1350107_D_13,0.2951957,cv,1
2026-03-22_1350107_D_14,0.4936551,cv,0
2026-03-22_1350107_D_15,0.36952084,cv,0
2026-03-22_1350107_D_17,1.2769889,cv,1
2026-03-22_1350107_D_18,0.56920636,cv,0
2026-03-22_1350107_D_19,0.6424656,cv,0
2026-03-22_1350107_D_2,0.7506609,cv,0
2026-03-22_1350107_D_20,0.41193375,cv,0
2026-03-22_1350107_D_21,0.64587164,cv,0
2026-03-22_1350107_D_25,0.7793774,cv,0
2026-03-22_1350107_D_26,0.7916931,cv,0
2026-03-22_1350107_D_27,0.36691737,cv,1
2026-03-22_1350107_D_29,0.45938915,cv,0
2026-03-22_1350107_D_3,0.5045718,cv,0
2026-03-22_1350107_D_30,0.48279506,cv,0
2026-03-22_1350107_D_33,0.26502925,cv,0
2026-03-22_1350107_D_35,0.6765789,cv,0
2026-03-22_1350107_D_36,0.43376297,cv,0
2026-03-22_1350107_D_38,1.4423788,cv,1
2026-03-22_1350107_D_39,0.8893845,cv,1
2026-03-22_1350107_D_4,0.5396223,cv,1
2026-03-22_1350107_D_5,0.69462144,cv,0
2026-03-22_1350107_D_6,0.27264106,cv,0
2026-03-22_1350107_D_7,0.527135,cv,0
2026-03-22_1350107_D_8,0.77712035,cv,0
2026-03-22_1350108_D_1,0.57805806,cv,0
2026-03-22_1350108_D_11,0.47402737,cv,1
2026-03-22_1350108_D_12,0.82001245,cv,0
2026-03-22_1350108_D_15,0.6742277,cv,0
2026-03-22_1350108_D_16,0.3732862,cv,0
2026-03-22_1350108_D_17,0.5898805,cv,0
2026-03-22_1350108_D_18,0.42913732,cv,0
2026-03-22_1350108_D_2,0.40357727,cv,0
2026-03-22_1350108_D_22,0.37018663,cv,1
2026-03-22_1350108_D_24,0.2978275,cv,0
2026-03-22_1350108_D_25,0.45315015,cv,0
2026-03-22_1350108_D_26,0.25460953,cv,0
2026-03-22_1350108_D_27,0.24325943,cv,0
2026-03-22_1350108_D_28,0.37434745,cv,0
2026-03-22_1350108_D_31,0.42500386,cv,0
2026-03-22_1350108_D_33,0.3086028,cv,0
2026-03-22_1350108_D_34,0.6538674,cv,0
2026-03-22_1350108_D_35,0.59271526,cv,1
2026-03-22_1350108_D_36,0.74823666,cv,0
2026-03-22_1350108_D_37,1.0811874,cv,0
2026-03-22_1350108_D_38,0.35754246,cv,1
2026-03-22_1350108_D_39,0.29961067,cv,0
2026-03-22_1350108_D_4,0.5400411,cv,0
2026-03-22_1350108_D_40,0.44035205,cv,0
2026-03-22_1350108_D_5,0.6090447,cv,0
2026-03-22_1350108_D_6,0.82706517,cv,1
2026-03-22_1350108_D_9,0.48596525,cv,1
2026-03-22_1363305_D_1,0.55015516,cv,0
2026-03-22_1363305_D_11,0.44226345,cv,0
2026-03-22_1363305_D_13,0.40484267,cv,0
2026-03-22_1363305_D_14,0.5648234,cv,0
2026-03-22_1363305_D_15,0.5168637,cv,0
2026-03-22_1363305_D_16,0.53544986,cv,0
2026-03-22_1363305_D_17,0.49796647,cv,0
2026-03-22_1363305_D_18,0.528875,cv,0
2026-03-22_1363305_D_19,0.5449731,cv,0
2026-03-22_1363305_D_2,0.5846066,cv,0
2026-03-22_1363305_D_20,0.6202229,cv,0
2026-03-22_1363305_D_22,0.4439091,cv,1
2026-03-22_1363305_D_23,0.5106243,cv,0
2026-03-22_1363305_D_24,0.55109346,cv,1
2026-03-22_1363305_D_25,0.40835723,cv,0
2026-03-22_1363305_D_26,0.5657394,cv,1
2026-03-22_1363305_D_27,0.36077607,cv,0
2026-03-22_1363305_D_3,0.44852373,cv,0
2026-03-22_1363305_D_4,0.5201775,cv,0
2026-03-22_1363305_D_5,0.39265847,cv,0
2026-03-22_1363305_D_6,0.8269528,cv,0
2026-03-22_1363305_D_9,0.50847995,cv,1
2026-03-22_1365861_S_100,0.67945516,cv,1
2026-03-22_1381482_D_1,0.37320954,cv,0
2026-03-22_1381482_D_10,0.7100457,cv,0
2026-03-22_1381482_D_11,0.25263605,cv,0
2026-03-22_1381482_D_12,0.3346774,cv,0
2026-03-22_1381482_D_13,0.41067785,cv,0
2026-03-22_1381482_D_14,0.3275241,cv,0
2026-03-22_1381482_D_15,0.6403073,cv,0
2026-03-22_1381482_D_16,0.5059929,cv,0
2026-03-22_1381482_D_17,0.44942755,cv,0
2026-03-22_1381482_D_18,0.49611518,cv,0
2026-03-22_1381482_D_19,0.5047051,cv,1
2026-03-22_1381482_D_2,0.29645693,cv,0
2026-03-22_1381482_D_20,0.5780495,cv,1
2026-03-22_1381482_D_21,0.79857135,cv,1
2026-03-22_1381482_D_23,0.37971184,cv,1
2026-03-22_1381482_D_24,0.5204832,cv,1
2026-03-22_1381482_D_26,0.50541127,cv,1
2026-03-22_1381482_D_27,0.35329947,cv,1
2026-03-22_1381482_D_28,0.3246777,cv,1
2026-03-22_1381482_D_29,0.60429406,cv,1
2026-03-22_1381482_D_3,0.6539401,cv,0
2026-03-22_1381482_D_30,0.89912784,cv,1
2026-03-22_1381482_D_31,0.37176776,cv,1
2026-03-22_1381482_D_32,0.58612597,cv,0
2026-03-22_1381482_D_33,0.6685637,cv,1
2026-03-22_1381482_D_34,0.41840848,cv,1
2026-03-22_1381482_D_35,0.34146327,cv,1
2026-03-22_1381482_D_36,0.357445,cv,1
2026-03-22_1381482_D_38,0.6115828,cv,1
2026-03-22_1381482_D_4,0.64333147,cv,1
2026-03-22_1381482_D_40,0.7921659,cv,1
2026-03-22_1381482_D_5,0.40137762,cv,0
2026-03-22_1381482_D_6,0.60370296,cv,0
2026-03-22_1381482_D_7,0.5211762,cv,0
2026-03-22_1381482_D_8,0.70565593,cv,1
2026-03-22_1381482_D_9,0.34996864,cv,0
2026-03-22_1402902_D_1,0.36958644,cv,1
2026-03-22_1402902_D_10,0.26782125,cv,1
2026-03-22_1402902_D_11,0.6271515,cv,1
2026-03-22_1402902_D_2,0.16616562,cv,0
2026-03-22_1402902_D_3,0.20860234,cv,1
2026-03-22_1402902_D_4,0.14621896,cv,1
2026-03-22_1402902_D_5,0.4701674,cv,1
2026-03-22_1402902_D_6,0.25630137,cv,0
2026-03-22_1402902_D_7,0.59140277,cv,0
2026-03-22_1402902_D_8,0.48643038,cv,0
2026-03-22_1402902_D_9,0.49902233,cv,0
2026-03-23_1247894_D_14,0.25924975,cv,0
2026-03-23_1247897_D_56,0.3551545,cv,1
2026-03-23_1247933_D_87,0.2878034,cv,0
2026-03-23_1247933_D_88,0.2820882,cv,0
2026-03-23_1247933_D_89,0.44096014,cv,0
2026-03-23_1247933_D_90,0.48661882,cv,0
2026-03-23_1247933_D_91,0.35763702,cv,0
2026-03-23_1268861_D_64,0.44954193,cv,0
2026-03-23_1285364_D_48,0.5914796,cv,0
2026-03-23_1289689_D_49,0.26024008,cv,0
2026-03-23_1289689_D_51,0.23238903,cv,0
2026-03-23_1348037_U_15,0.4671354,cv,0
2026-03-23_1348037_U_16,0.49572405,cv,0
2026-03-23_1348037_U_2,0.35824013,cv,0
2026-03-23_1348037_U_21,0.462148,cv,0
2026-03-23_1348037_U_22,0.28003508,cv,0
2026-03-23_1348037_U_23,0.38189432,cv,0
2026-03-23_1348037_U_24,0.32208836,cv,0
2026-03-23_1348037_U_25,0.32239535,cv,0
2026-03-23_1348037_U_26,0.3850661,cv,0
2026-03-23_1348037_U_27,0.3179137,cv,0
2026-03-23_1348037_U_28,0.429626,cv,0
2026-03-23_1348037_U_29,0.63218546,cv,0
2026-03-23_1348037_U_30,10.4956875,cv,0
2026-03-23_1348037_U_31,9.958099,cv,0
2026-03-23_1348037_U_34,0.23185048,cv,0
2026-03-23_1348037_U_35,0.4576437,cv,0
2026-03-23_1348037_U_36,5.3709464,cv,0
2026-03-23_1348037_U_37,18.662777,cv,0
2026-03-23_1348037_U_38,3.868572,cv,0
2026-03-23_1348037_U_40,0.4026581,cv,1
2026-03-23_1348037_U_41,0.4507937,cv,0
2026-03-23_1348037_U_42,0.34753233,cv,0
2026-03-23_1348037_U_43,14.85583,cv,0
2026-03-23_1348037_U_44,0.44413215,cv,0
2026-03-23_1348037_U_45,0.37426734,cv,0
2026-03-23_1348037_U_47,0.48788774,cv,0
2026-03-23_1348037_U_48,0.42336783,cv,0
2026-03-23_1348037_U_49,0.34566092,cv,0
2026-03-23_1348037_U_50,0.51587164,cv,0
2026-03-23_1348037_U_51,0.40421852,cv,0
2026-03-23_1348037_U_52,0.751888,cv,0
2026-03-23_1348037_U_7,0.23042236,cv,0
2026-03-23_1348037_U_8,0.3519377,cv,0
2026-03-23_1348037_U_9,0.9590876,cv,0
2026-03-23_1349260_U_1,0.44559276,cv,0
2026-03-23_1349260_U_14,0.8592472,cv,1
2026-03-23_1349260_U_17,0.1474831,cv,1
2026-03-23_1349260_U_18,0.14671361,cv,0
2026-03-23_1349260_U_19,0.27710912,cv,0
2026-03-23_1349260_U_20,12.96123,cv,0
2026-03-23_1349260_U_21,0.10393466,cv,0
2026-03-23_1349260_U_22,0.25632763,cv,0
2026-03-23_1349260_U_24,5.4528255,cv,0
2026-03-23_1349260_U_25,14.490149,cv,0
2026-03-23_1349260_U_26,1.2273301,cv,0
2026-03-23_1349260_U_27,1.019509,cv,0
2026-03-23_1349260_U_28,1.2196138,cv,0
2026-03-23_1349260_U_3,0.4074359,cv,1
2026-03-23_1349260_U_30,18.40897,cv,1
2026-03-23_1349260_U_35,0.34527516,cv,1
2026-03-23_1349260_U_36,1.8584497,cv,0
2026-03-23_1349260_U_7,0.62145495,cv,1
2026-03-23_1350095_D_61,0.44855642,cv,0
2026-03-23_1350095_D_62,0.27968937,cv,0
2026-03-23_1350095_D_63,0.36786687,cv,0
2026-03-23_1350095_D_64,0.47495645,cv,0
2026-03-23_1350096_D_58,0.44627807,cv,1
2026-03-23_1350099_D_57,0.71699655,cv,1
2026-03-23_1350099_D_59,0.4026463,cv,0
2026-03-23_1350099_D_60,0.33895585,cv,0
2026-03-23_1350099_D_62,0.4897159,cv,1
2026-03-23_1350099_D_63,0.52853346,cv,1
2026-03-23_1350101_D_26,0.28064957,cv,0
2026-03-23_1350101_D_63,0.2438178,cv,0
2026-03-23_1350101_D_64,0.55121243,cv,0
2026-03-23_1350101_D_65,0.37718362,cv,0
2026-03-23_1350104_D_19,0.22186463,cv,1
2026-03-23_1350109_D_1,0.8825368,cv,1
2026-03-23_1350109_D_2,0.7631611,cv,0
2026-03-23_1350109_D_3,0.49490342,cv,1
2026-03-23_1350109_D_4,0.3920002,cv,0
2026-03-23_1350109_D_5,0.39467078,cv,0
2026-03-23_1359254_U_1,0.6437758,cv,0
2026-03-23_1359254_U_10,0.7299042,cv,1
2026-03-23_1359254_U_13,0.52782285,cv,0
2026-03-23_1359254_U_14,15.31292,cv,0
2026-03-23_1359254_U_15,0.18773124,cv,0
2026-03-23_1359254_U_16,0.51115334,cv,0
2026-03-23_1359254_U_17,0.20286898,cv,1
2026-03-23_1359254_U_19,0.5034343,cv,0
2026-03-23_1359254_U_22,0.6268512,cv,0
2026-03-23_1359254_U_23,0.4264339,cv,1
2026-03-23_1359254_U_29,10.62138,cv,0
2026-03-23_1359254_U_3,0.36007422,cv,0
2026-03-23_1359254_U_30,0.25087684,cv,0
2026-03-23_1359254_U_32,0.29869282,cv,0
2026-03-23_1359254_U_35,0.21665935,cv,0
2026-03-23_1359254_U_36,0.174752,cv,0
2026-03-23_1359254_U_38,0.21260619,cv,0
2026-03-23_1359254_U_4,0.39562297,cv,0
2026-03-23_1359254_U_42,0.28984654,cv,1
2026-03-23_1359254_U_44,0.14239466,cv,0
2026-03-23_1359254_U_45,0.1366912,cv,0
2026-03-23_1359254_U_46,0.28272423,cv,0
2026-03-23_1359254_U_49,0.13525891,cv,0
2026-03-23_1359254_U_52,0.18294609,cv,0
2026-03-23_1359254_U_53,0.1663083,cv,1
2026-03-23_1359254_U_58,0.17427501,cv,1
2026-03-23_1359254_U_6,0.17465942,cv,0
2026-03-23_1359254_U_62,0.20192407,cv,1
2026-03-23_1359254_U_64,0.21600984,cv,1
2026-03-23_1359254_U_67,0.23690109,cv,0
2026-03-23_1359254_U_68,10.671452,cv,1
2026-03-23_1359254_U_69,0.6127565,cv,1
2026-03-23_1359254_U_7,0.45623207,cv,0
2026-03-23_1359254_U_70,0.32815576,cv,0
2026-03-23_1359254_U_71,0.1367212,cv,0
2026-03-23_1359254_U_72,0.25513896,cv,0
2026-03-23_1359254_U_73,0.14242718,cv,1
2026-03-23_1359254_U_74,0.29014355,cv,0
2026-03-23_1359254_U_75,0.37253457,cv,0
2026-03-23_1359254_U_76,0.27503115,cv,0
2026-03-23_1359254_U_77,0.1891629,cv,0
2026-03-23_1359254_U_78,0.3350085,cv,0
2026-03-23_1359254_U_8,15.751556,cv,1
2026-03-23_1359254_U_9,0.72641224,cv,0
2026-03-23_1390072_U_1,1.182636,cv,1
2026-03-23_1390072_U_14,0.33322552,cv,1
2026-03-23_1390072_U_15,0.29888886,cv,0
2026-03-23_1390072_U_16,0.2543525,cv,1
2026-03-23_1390072_U_17,0.19707713,cv,1
2026-03-23_1390072_U_21,0.31858802,cv,1
2026-03-23_1390072_U_23,8.481289,cv,1
2026-03-23_1390072_U_27,0.39860082,cv,0
2026-03-23_1390072_U_28,0.3022047,cv,1
2026-03-23_1390072_U_4,0.22246295,cv,1
2026-03-23_1390072_U_6,0.30336678,cv,1
2026-03-23_1390072_U_7,0.43487328,cv,1
2026-03-23_1390072_U_9,10.426581,cv,1
2026-03-23_1407494_U_1,0.24252479,cv,0
2026-03-23_1407494_U_11,0.26043627,cv,0
2026-03-23_1407494_U_14,0.19827811,cv,0
2026-03-23_1407494_U_15,0.33986515,cv,0
2026-03-23_1407494_U_18,0.22971289,cv,0
2026-03-23_1407494_U_19,0.2798078,cv,1
2026-03-23_1407494_U_20,0.28840113,cv,0
2026-03-23_1407494_U_21,16.764267,cv,0
2026-03-23_1407494_U_22,0.1895208,cv,0
2026-03-23_1407494_U_23,0.26129484,cv,1
2026-03-23_1407494_U_25,7.456271,cv,0
2026-03-23_1407494_U_26,11.382952,cv,1
2026-03-23_1407494_U_30,0.3722576,cv,1
2026-03-23_1407494_U_33,0.24725294,cv,1
2026-03-23_1407494_U_35,0.23460315,cv,1
2026-03-23_1407494_U_36,0.26427996,cv,1
2026-03-23_1407494_U_37,0.25441128,cv,0
2026-03-23_1407494_U_7,0.43871212,cv,0
2026-03-23_1407495_U_1,0.55047405,cv,0
2026-03-23_1407495_U_10,11.567005,cv,0
2026-03-23_1407495_U_11,0.45358118,cv,0
2026-03-23_1407495_U_13,0.343329,cv,1
2026-03-23_1407495_U_16,0.19139288,cv,0
2026-03-23_1407495_U_17,0.1984218,cv,0
2026-03-23_1407495_U_18,3.2868347,cv,0
2026-03-23_1407495_U_19,10.146205,cv,0
2026-03-23_1407495_U_20,0.18365636,cv,0
2026-03-23_1407495_U_21,0.20971231,cv,0
2026-03-23_1407495_U_23,0.12441558,cv,0
2026-03-23_1407495_U_24,0.43513608,cv,0
2026-03-23_1407495_U_25,0.30390325,cv,0
2026-03-23_1407495_U_27,0.36539042,cv,1
2026-03-23_1407495_U_4,0.3191349,cv,1
2026-03-23_1407495_U_6,0.25442243,cv,0
2026-03-23_1407495_U_7,0.85298944,cv,1
2026-03-23_1407495_U_9,0.2424744,cv,1
2026-03-23_1429985_U_10,0.17705493,cv,0
2026-03-23_1429985_U_104,0.1755507,cv,1
2026-03-23_1429985_U_11,0.3148892,cv,0
2026-03-23_1429985_U_116,0.1327436,cv,0
2026-03-23_1429985_U_127,0.4723488,cv,0
2026-03-23_1429985_U_14,0.1328626,cv,0
2026-03-23_1429985_U_15,0.20480415,cv,0
2026-03-23_1429985_U_20,0.081406355,cv,1
2026-03-23_1429985_U_21,0.41266835,cv,0
2026-03-23_1429985_U_25,0.13251868,cv,0
2026-03-23_1429985_U_29,0.12626469,cv,0
2026-03-23_1429985_U_30,0.2931593,cv,1
2026-03-23_1429985_U_33,0.2903169,cv,0
2026-03-23_1429985_U_43,0.2105202,cv,0
2026-03-23_1429985_U_44,0.13634849,cv,0
2026-03-23_1429985_U_45,0.11961454,cv,0
2026-03-23_1429985_U_5,0.15173216,cv,0
2026-03-23_1429985_U_54,0.09729788,cv,0
2026-03-23_1429985_U_70,0.061065674,cv,0
2026-03-23_1429985_U_75,0.15627724,cv,0
2026-03-23_1429985_U_9,0.14196646,cv,0
2026-03-23_1429985_U_90,0.09754904,cv,0
2026-03-23_1429985_U_95,0.10819265,cv,0
2026-03-23_1429985_U_99,0.1621432,cv,0
2026-03-23_1431265_U_1,0.45736167,cv,0
2026-03-23_1431265_U_100,4.619703,cv,0
2026-03-23_1431265_U_101,0.13084677,cv,0
2026-03-23_1431265_U_105,16.21517,cv,0
2026-03-23_1431265_U_106,0.17206562,cv,0
2026-03-23_1431265_U_107,0.12266871,cv,0
2026-03-23_1431265_U_108,0.26040545,cv,0
2026-03-23_1431265_U_115,0.17214462,cv,0
2026-03-23_1431265_U_116,0.18943942,cv,0
2026-03-23_1431265_U_117,3.6228604,cv,0
2026-03-23_1431265_U_118,13.463514,cv,0
2026-03-23_1431265_U_119,0.2105866,cv,1
2026-03-23_1431265_U_120,0.13892305,cv,0
2026-03-23_1431265_U_121,0.08479887,cv,0
2026-03-23_1431265_U_122,6.5631914,cv,0
2026-03-23_1431265_U_123,9.58489,cv,0
2026-03-23_1431265_U_125,0.1326444,cv,0
2026-03-23_1431265_U_126,0.090626195,cv,0
2026-03-23_1431265_U_127,0.1740139,cv,0
2026-03-23_1431265_U_128,8.393443,cv,0
2026-03-23_1431265_U_129,6.642473,cv,0
2026-03-23_1431265_U_13,0.52419543,cv,0
2026-03-23_1431265_U_132,0.15540074,cv,0
2026-03-23_1431265_U_133,13.547183,cv,0
2026-03-23_1431265_U_134,0.11944207,cv,0
2026-03-23_1431265_U_135,0.15444137,cv,0
2026-03-23_1431265_U_136,0.17220688,cv,0
2026-03-23_1431265_U_137,0.1201004,cv,0
2026-03-23_1431265_U_138,16.149864,cv,0
2026-03-23_1431265_U_139,0.104381286,cv,0
2026-03-23_1431265_U_140,0.12344577,cv,0
2026-03-23_1431265_U_141,0.1600495,cv,0
2026-03-23_1431265_U_142,1.621675,cv,0
2026-03-23_1431265_U_143,14.062996,cv,0
2026-03-23_1431265_U_144,0.097844645,cv,1
2026-03-23_1431265_U_145,0.14258482,cv,0
2026-03-23_1431265_U_146,17.913788,cv,1
2026-03-23_1431265_U_151,0.11487383,cv,0
2026-03-23_1431265_U_152,0.09974019,cv,0
2026-03-23_1431265_U_157,0.23210046,cv,0
2026-03-23_1431265_U_158,0.1621648,cv,0
2026-03-23_1431265_U_161,0.15286928,cv,0
2026-03-23_1431265_U_162,0.2729807,cv,0
2026-03-23_1431265_U_163,0.26423416,cv,0
2026-03-23_1431265_U_164,0.43143898,cv,0
2026-03-23_1431265_U_165,0.25905213,cv,1
2026-03-23_1431265_U_166,0.4612043,cv,0
2026-03-23_1431265_U_167,0.13613433,cv,1
2026-03-23_1431265_U_19,0.55018663,cv,0
2026-03-23_1431265_U_25,0.36044058,cv,0
2026-03-23_1431265_U_31,0.37853378,cv,0
2026-03-23_1431265_U_37,0.27784884,cv,0
2026-03-23_1431265_U_4,0.37389553,cv,1
2026-03-23_1431265_U_45,0.13836175,cv,0
2026-03-23_1431265_U_46,0.16329479,cv,0
2026-03-23_1431265_U_47,14.562462,cv,0
2026-03-23_1431265_U_58,5.5136166,cv,0
2026-03-23_1431265_U_59,10.438639,cv,0
2026-03-23_1431265_U_6,0.31689572,cv,0
2026-03-23_1431265_U_60,0.20264415,cv,0
2026-03-23_1431265_U_69,0.25239107,cv,0
2026-03-23_1431265_U_7,0.66713667,cv,0
2026-03-23_1431265_U_70,10.219927,cv,0
2026-03-23_1431265_U_71,0.96842563,cv,0
2026-03-23_1431265_U_72,0.41289577,cv,0
2026-03-23_1431265_U_75,0.14166978,cv,0
2026-03-23_1431265_U_76,11.9709015,cv,0
2026-03-23_1431265_U_77,0.20072232,cv,0
2026-03-23_1431265_U_78,0.1515492,cv,0
2026-03-23_1431265_U_81,0.16643965,cv,0
2026-03-23_1431265_U_88,13.3183975,cv,0
2026-03-23_1431265_U_90,0.14630622,cv,0
2026-03-23_1431265_U_92,0.53166646,cv,1
2026-03-23_1431265_U_93,0.16553782,cv,0
2026-03-23_1431265_U_94,16.023499,cv,0
2026-03-23_1431265_U_95,0.13903296,cv,0
2026-03-23_1431265_U_96,0.21644115,cv,0
2026-03-23_1439975_U_1,0.8361205,cv,1
2026-03-23_1439975_U_100,0.17135052,cv,0
2026-03-23_1439975_U_13,0.5239617,cv,0
2026-03-23_1439975_U_16,0.15625326,cv,0
2026-03-23_1439975_U_18,0.18625239,cv,1
2026-03-23_1439975_U_19,15.7160015,cv,1
2026-03-23_1439975_U_23,13.584156,cv,1
2026-03-23_1439975_U_28,0.19425902,cv,0
2026-03-23_1439975_U_35,0.19398676,cv,1
2026-03-23_1439975_U_36,0.14540708,cv,0
2026-03-23_1439975_U_37,0.20381472,cv,0
2026-03-23_1439975_U_38,0.97465914,cv,0
2026-03-23_1439975_U_4,0.15641072,cv,0
2026-03-23_1439975_U_40,16.067738,cv,1
2026-03-23_1439975_U_41,0.15585655,cv,1
2026-03-23_1439975_U_43,0.24253654,cv,1
2026-03-23_1439975_U_44,7.037715,cv,1
2026-03-23_1439975_U_45,0.261795,cv,1
2026-03-23_1439975_U_49,0.15014772,cv,0
2026-03-23_1439975_U_5,0.6645415,cv,0
2026-03-23_1439975_U_52,9.545244,cv,1
2026-03-23_1439975_U_53,0.21148132,cv,1
2026-03-23_1439975_U_56,7.6646338,cv,1
2026-03-23_1439975_U_6,1.0233095,cv,0
2026-03-23_1439975_U_60,11.332033,cv,0
2026-03-23_1439975_U_61,0.1674017,cv,0
2026-03-23_1439975_U_62,0.38114676,cv,1
2026-03-23_1439975_U_66,0.14281681,cv,1
2026-03-23_1439975_U_69,0.3023392,cv,0
2026-03-23_1439975_U_75,0.14496055,cv,1
2026-03-23_1439975_U_79,0.13859868,cv,0
2026-03-23_1439975_U_8,0.13308576,cv,0
2026-03-23_1439975_U_80,7.027155,cv,0
2026-03-23_1439975_U_81,0.22813162,cv,1
2026-03-23_1439975_U_82,0.29779384,cv,1
2026-03-23_1439975_U_83,0.33643827,cv,0
2026-03-23_1439975_U_84,6.2992606,cv,1
2026-03-23_1439975_U_86,0.34020126,cv,0
2026-03-23_1439975_U_88,12.325557,cv,1
2026-03-23_1439975_U_9,0.60662836,cv,0
2026-03-23_1439975_U_92,16.23233,cv,1
2026-03-23_1439975_U_96,0.33981046,cv,0
2026-03-23_1439975_U_97,0.2619178,cv,1
2026-03-23_1439975_U_99,0.23109268,cv,1
2026-03-23_1441389_U_1,0.6113612,cv,0
2026-03-23_1441389_U_10,1.9432456,cv,0
2026-03-23_1441389_U_11,2.1765218,cv,0
2026-03-23_1441389_U_12,2.1415594,cv,0
2026-03-23_1441389_U_13,2.1155715,cv,0
2026-03-23_1441389_U_14,14.610065,cv,0
2026-03-23_1441389_U_16,2.0838344,cv,0
2026-03-23_1441389_U_17,2.1124806,cv,0
2026-03-23_1441389_U_18,11.5504055,cv,0
2026-03-23_1441389_U_19,2.284715,cv,0
2026-03-23_1441389_U_2,0.8996929,cv,0
2026-03-23_1441389_U_20,0.7445187,cv,0
2026-03-23_1441389_U_21,2.1989202,cv,0
2026-03-23_1441389_U_22,2.2141292,cv,0
2026-03-23_1441389_U_4,0.32756266,cv,0
2026-03-23_1441389_U_5,1.968438,cv,0
2026-03-23_1441389_U_6,2.0558014,cv,0
2026-03-23_1441389_U_9,1.9747857,cv,0
2026-03-23_1474792_U_1,0.55258167,cv,0
2026-03-23_1474792_U_11,0.17447901,cv,0
2026-03-23_1474792_U_12,0.22428,cv,1
2026-03-23_1474792_U_15,0.20462118,cv,0
2026-03-23_1474792_U_16,0.13280174,cv,0
2026-03-23_1474792_U_17,0.2414305,cv,0
2026-03-23_1474792_U_18,0.20366488,cv,1
2026-03-23_1474792_U_20,0.25580037,cv,1
2026-03-23_1474792_U_21,0.14259341,cv,0
2026-03-23_1474792_U_22,4.0364513,cv,0
2026-03-23_1474792_U_24,0.20710848,cv,1
2026-03-23_1474792_U_25,0.47563395,cv,0
2026-03-23_1474792_U_28,0.18667243,cv,1
2026-03-23_1474792_U_29,10.096939,cv,0
2026-03-23_1474792_U_30,0.13515456,cv,0
2026-03-23_1474792_U_32,0.26862508,cv,1
2026-03-23_1474792_U_35,0.18863945,cv,0
2026-03-23_1474792_U_36,0.38354617,cv,1
2026-03-23_1474792_U_37,0.121738926,cv,0
2026-03-23_1474792_U_38,0.2744448,cv,0
2026-03-23_1474792_U_39,0.2995277,cv,0
2026-03-23_1474792_U_5,0.24513087,cv,1
2026-03-23_1474792_U_7,0.28858218,cv,1
2026-03-23_1474792_U_9,0.24153732,cv,0
2026-03-23_1474793_U_4,0.1927248,cv,0
2026-03-23_1474793_U_5,0.1501707,cv,0
2026-03-23_1476582_U_1,0.41310167,cv,1
2026-03-23_1476582_U_10,0.356654,cv,0
2026-03-23_1476582_U_11,0.33365476,cv,0
2026-03-23_1476582_U_12,0.61730486,cv,0
2026-03-23_1476582_U_13,0.46279797,cv,1
2026-03-23_1476582_U_14,6.116067,cv,1
2026-03-23_1476582_U_18,0.54966545,cv,0
2026-03-23_1476582_U_19,0.17159867,cv,0
2026-03-23_1476582_U_2,0.31863916,cv,0
2026-03-23_1476582_U_20,0.28887177,cv,0
2026-03-23_1476582_U_21,0.36606488,cv,0
2026-03-23_1476582_U_24,0.2841047,cv,0
2026-03-23_1476582_U_25,0.27441657,cv,1
2026-03-23_1476582_U_28,5.164453,cv,0
2026-03-23_1476582_U_29,10.23587,cv,0
2026-03-23_1476582_U_3,5.903768,cv,0
2026-03-23_1476582_U_30,0.98651093,cv,1
2026-03-23_1476582_U_31,0.38119537,cv,0
2026-03-23_1476582_U_32,0.28531718,cv,0
2026-03-23_1476582_U_33,0.9700079,cv,0
2026-03-23_1476582_U_34,0.36613342,cv,0
2026-03-23_1476582_U_35,0.5177524,cv,0
2026-03-23_1476582_U_36,0.39376062,cv,0
2026-03-23_1476582_U_37,0.36280054,cv,0
2026-03-23_1476582_U_4,0.22999537,cv,1
2026-03-23_1476582_U_5,15.697615,cv,0
2026-03-23_1476582_U_6,1.0085025,cv,0
2026-03-23_1476582_U_7,0.44288808,cv,1
2026-03-23_1476582_U_8,0.3318376,cv,0
2026-03-23_1476582_U_9,16.350004,cv,0
2026-03-23_1476584_U_1,0.43232316,cv,0
2026-03-23_1476584_U_11,0.2810914,cv,1
2026-03-23_1476584_U_12,1.0252433,cv,1
2026-03-23_1476584_U_13,0.18185791,cv,0
2026-03-23_1476584_U_2,0.15759914,cv,0
2026-03-23_1476584_U_3,0.52161247,cv,0
2026-03-23_1476584_U_6,0.14626214,cv,1
2026-03-23_1476584_U_7,13.406367,cv,0
2026-03-23_1477764_U_1,0.56183743,cv,0
2026-03-23_1477764_U_10,0.18183303,cv,1
2026-03-23_1477764_U_11,0.16052398,cv,0
2026-03-23_1477764_U_13,0.52621084,cv,0
2026-03-23_1477764_U_15,0.20555946,cv,0
2026-03-23_1477764_U_16,0.15431137,cv,0
2026-03-23_1477764_U_17,0.12349583,cv,0
2026-03-23_1477764_U_18,0.13173263,cv,0
2026-03-23_1477764_U_19,1.1896489,cv,0
2026-03-23_1477764_U_20,0.4362491,cv,1
2026-03-23_1477764_U_21,0.13413899,cv,0
2026-03-23_1477764_U_23,0.21241257,cv,0
2026-03-23_1477764_U_25,0.77714896,cv,0
2026-03-23_1477764_U_26,0.28104025,cv,0
2026-03-23_1477764_U_27,0.18898615,cv,0
2026-03-23_1477764_U_28,0.14797717,cv,0
2026-03-23_1477764_U_29,4.332849,cv,0
2026-03-23_1477764_U_3,0.25729164,cv,1
2026-03-23_1477764_U_30,0.15994358,cv,0
2026-03-23_1477764_U_32,0.33904773,cv,0
2026-03-23_1477764_U_33,0.17432126,cv,0
2026-03-23_1477764_U_34,0.09828061,cv,0
2026-03-23_1477764_U_35,6.9796386,cv,0
2026-03-23_1477764_U_36,0.13427824,cv,0
2026-03-23_1477764_U_37,0.5649993,cv,0
2026-03-23_1477764_U_39,0.12827049,cv,0
2026-03-23_1477764_U_40,0.1733586,cv,0
2026-03-23_1477764_U_41,10.149096,cv,0
2026-03-23_1477764_U_42,0.13709135,cv,0
2026-03-23_1477764_U_43,0.5457024,cv,0
2026-03-23_1477764_U_44,0.40456188,cv,1
2026-03-23_1477764_U_45,0.16956607,cv,0
2026-03-23_1477764_U_46,0.14006247,cv,0
2026-03-23_1477764_U_47,13.687153,cv,0
2026-03-23_1477764_U_48,0.12396282,cv,0
2026-03-23_1477764_U_5,0.1356923,cv,0
2026-03-23_1477764_U_50,0.2247597,cv,0
2026-03-23_1477764_U_51,0.12737133,cv,0
2026-03-23_1477764_U_52,0.14717826,cv,0
2026-03-23_1477764_U_55,0.3981862,cv,0
2026-03-23_1477764_U_56,0.13120866,cv,0
2026-03-23_1477764_U_57,0.27678478,cv,0
2026-03-23_1477764_U_58,13.104205,cv,0
2026-03-23_1477764_U_6,15.109526,cv,0
2026-03-23_1477764_U_60,0.26019573,cv,0
2026-03-23_1477764_U_61,0.15488599,cv,0
2026-03-23_1477764_U_62,0.14022885,cv,1
2026-03-23_1477764_U_63,6.633297,cv,0
2026-03-23_1477764_U_66,0.18335044,cv,0
2026-03-23_1477764_U_67,0.14209011,cv,0
2026-03-23_1477764_U_68,0.1438247,cv,0
2026-03-23_1477764_U_69,0.17071879,cv,0
2026-03-23_1477764_U_7,0.452574,cv,0
2026-03-23_1477764_U_70,0.13922238,cv,0
2026-03-23_1477764_U_71,0.19079408,cv,0
2026-03-23_1477764_U_73,0.14804858,cv,0
2026-03-23_1477764_U_74,0.13906477,cv,0
2026-03-23_1477764_U_75,5.1259227,cv,0
2026-03-23_1477764_U_76,0.10567294,cv,0
2026-03-23_1477764_U_77,0.14455384,cv,0
2026-03-23_1477764_U_78,0.20757616,cv,0
2026-03-23_1477764_U_80,0.1561714,cv,0
2026-03-23_1477764_U_81,0.111977264,cv,0
2026-03-23_1477764_U_82,16.219511,cv,1
2026-03-23_1477764_U_84,0.13929555,cv,0
2026-03-23_1477764_U_85,0.31374067,cv,1
2026-03-23_1477764_U_86,8.384535,cv,0
2026-03-23_1477764_U_88,0.24206579,cv,0
2026-03-23_1477764_U_89,0.13784215,cv,0
2026-03-23_1477764_U_9,0.32585967,cv,0
2026-03-23_1477764_U_90,0.2055838,cv,0
2026-03-23_1477764_U_91,15.114922,cv,0
2026-03-23_1477764_U_92,0.12050997,cv,0
2026-03-23_1477764_U_93,0.2613029,cv,0
2026-03-23_1477764_U_94,0.23322384,cv,0
2026-03-23_1477766_U_1,0.32295495,cv,0
2026-03-23_1477766_U_10,8.298691,cv,0
2026-03-23_1477766_U_11,0.13375422,cv,0
2026-03-23_1477766_U_12,0.15045881,cv,0
2026-03-23_1477766_U_16,0.20716795,cv,0
2026-03-23_1477766_U_17,0.26737913,cv,0
2026-03-23_1477766_U_18,0.17034209,cv,0
2026-03-23_1477766_U_19,0.08887151,cv,0
2026-03-23_1477766_U_20,0.22985965,cv,0
2026-03-23_1477766_U_21,16.613691,cv,0
2026-03-23_1477766_U_22,0.145953,cv,0
2026-03-23_1477766_U_23,0.17871545,cv,0
2026-03-23_1477766_U_24,0.25643092,cv,0
2026-03-23_1477766_U_26,0.10557472,cv,0
2026-03-23_1477766_U_27,0.13556612,cv,0
2026-03-23_1477766_U_28,11.912943,cv,0
2026-03-23_1477766_U_29,0.16024327,cv,0
2026-03-23_1477766_U_30,0.2640054,cv,0
2026-03-23_1477766_U_31,0.095448434,cv,0
2026-03-23_1477766_U_4,0.47045884,cv,0
2026-03-23_1477766_U_5,0.18910122,cv,0
2026-03-23_1477766_U_6,0.19669305,cv,0
2026-03-23_1477766_U_7,0.18366693,cv,0
2026-03-23_1477766_U_8,0.28297937,cv,0
2026-03-23_1477766_U_9,7.0774627,cv,0
2026-03-23_1477767_U_1,0.4450495,cv,0
2026-03-23_1477767_U_10,0.33068618,cv,0
2026-03-23_1477767_U_15,0.119100295,cv,0
2026-03-23_1477767_U_16,0.13057178,cv,0
2026-03-23_1477767_U_17,0.12692682,cv,0
2026-03-23_1477767_U_18,0.26526716,cv,0
2026-03-23_1477767_U_19,12.73448,cv,0
2026-03-23_1477767_U_20,0.25815874,cv,0
2026-03-23_1477767_U_21,0.34323275,cv,0
2026-03-23_1477767_U_24,0.37561235,cv,0
2026-03-23_1477767_U_25,0.11007317,cv,0
2026-03-23_1477767_U_26,0.19982378,cv,0
2026-03-23_1477767_U_27,0.30480337,cv,0
2026-03-23_1477767_U_28,18.953836,cv,0
2026-03-23_1477767_U_29,4.2451453,cv,0
2026-03-23_1477767_U_30,0.24940626,cv,0
2026-03-23_1477767_U_31,0.24775736,cv,0
2026-03-23_1477767_U_35,0.29759836,cv,0
2026-03-23_1477767_U_38,0.32832408,cv,0
2026-03-23_1477767_U_39,0.26720014,cv,1
2026-03-23_1477767_U_4,0.25969395,cv,0
2026-03-23_1477767_U_40,0.3014401,cv,1
2026-03-23_1477767_U_5,0.3158592,cv,0
2026-03-23_1477767_U_6,0.3550744,cv,0
2026-03-23_1477767_U_7,0.23065607,cv,0
2026-03-23_1477767_U_8,15.348715,cv,0
2026-03-23_1477767_U_9,0.208644,cv,0
2026-03-23_1477768_U_1,0.5275452,cv,0
2026-03-23_1477768_U_10,0.27275255,cv,0
2026-03-23_1477768_U_11,0.33059815,cv,0
2026-03-23_1477768_U_14,0.1906616,cv,0
2026-03-23_1477768_U_15,0.12852207,cv,0
2026-03-23_1477768_U_16,0.20054242,cv,0
2026-03-23_1477768_U_17,0.15147868,cv,0
2026-03-23_1477768_U_18,8.695908,cv,0
2026-03-23_1477768_U_19,3.1719081,cv,0
2026-03-23_1477768_U_20,0.17421965,cv,0
2026-03-23_1477768_U_21,0.27642262,cv,0
2026-03-23_1477768_U_22,0.1373781,cv,0
2026-03-23_1477768_U_23,0.1437687,cv,0
2026-03-23_1477768_U_26,0.1920234,cv,0
2026-03-23_1477768_U_27,0.17621784,cv,0
2026-03-23_1477768_U_28,0.13652816,cv,0
2026-03-23_1477768_U_29,0.18443903,cv,0
2026-03-23_1477768_U_30,13.150269,cv,0
2026-03-23_1477768_U_31,0.15487897,cv,0
2026-03-23_1477768_U_32,0.16215545,cv,0
2026-03-23_1477768_U_33,0.1532575,cv,0
2026-03-23_1477768_U_34,0.545835,cv,0
2026-03-23_1477768_U_37,0.13593332,cv,0
2026-03-23_1477768_U_38,0.25253418,cv,0
2026-03-23_1477768_U_39,0.12784965,cv,0
2026-03-23_1477768_U_4,0.23028588,cv,1
2026-03-23_1477768_U_40,0.29206333,cv,0
2026-03-23_1477768_U_41,15.833556,cv,0
2026-03-23_1477768_U_42,0.14795683,cv,0
2026-03-23_1477768_U_43,0.16352427,cv,0
2026-03-23_1477768_U_44,0.18430094,cv,1
2026-03-23_1477768_U_45,0.19367006,cv,0
2026-03-23_1477768_U_48,0.16014808,cv,0
2026-03-23_1477768_U_49,0.12908739,cv,0
2026-03-23_1477768_U_5,0.18174276,cv,0
2026-03-23_1477768_U_50,0.16564678,cv,0
2026-03-23_1477768_U_51,0.14106135,cv,0
2026-03-23_1477768_U_53,0.2941894,cv,1
2026-03-23_1477768_U_54,0.20093763,cv,0
2026-03-23_1477768_U_55,0.19391166,cv,0
2026-03-23_1477768_U_56,0.17019728,cv,0
2026-03-23_1477768_U_57,0.17838459,cv,0
2026-03-23_1477768_U_6,0.1755799,cv,0
2026-03-23_1477768_U_7,6.9463673,cv,0
2026-03-23_1477768_U_9,0.19469446,cv,0
2026-03-23_1477769_U_1,0.31519246,cv,0
2026-03-23_1477769_U_10,0.14981921,cv,0
2026-03-23_1477769_U_11,0.1956021,cv,0
2026-03-23_1477769_U_12,0.1868703,cv,0
2026-03-23_1477769_U_13,1.0001308,cv,0
2026-03-23_1477769_U_16,0.14658652,cv,0
2026-03-23_1477769_U_17,0.18140404,cv,0
2026-03-23_1477769_U_18,0.14532469,cv,0
2026-03-23_1477769_U_19,0.20402372,cv,0
2026-03-23_1477769_U_2,0.49437237,cv,0
2026-03-23_1477769_U_20,0.39221665,cv,0
2026-03-23_1477769_U_22,0.18739128,cv,0
2026-03-23_1477769_U_23,0.30534217,cv,0
2026-03-23_1477769_U_24,0.45305896,cv,1
2026-03-23_1477769_U_27,0.17853844,cv,0
2026-03-23_1477769_U_28,0.18529314,cv,0
2026-03-23_1477769_U_29,0.17572698,cv,1
2026-03-23_1477769_U_30,0.17089042,cv,0
2026-03-23_1477769_U_31,4.037769,cv,0
2026-03-23_1477769_U_32,0.13602856,cv,0
2026-03-23_1477769_U_33,0.19091931,cv,1
2026-03-23_1477769_U_34,0.109756395,cv,0
2026-03-23_1477769_U_35,0.3679963,cv,0
2026-03-23_1477769_U_38,0.21632841,cv,0
2026-03-23_1477769_U_39,0.18079409,cv,0
2026-03-23_1477769_U_40,0.2643165,cv,0
2026-03-23_1477769_U_41,0.15453646,cv,0
2026-03-23_1477769_U_42,0.27343005,cv,0
2026-03-23_1477769_U_43,13.941482,cv,0
2026-03-23_1477769_U_44,0.28123188,cv,0
2026-03-23_1477769_U_45,0.48494613,cv,0
2026-03-23_1477769_U_46,0.40899915,cv,0
2026-03-23_1477769_U_47,0.47249907,cv,0
2026-03-23_1477769_U_48,0.50552887,cv,1
2026-03-23_1477769_U_5,0.14266436,cv,0
2026-03-23_1477769_U_6,0.11329534,cv,0
2026-03-23_1477769_U_7,0.18360393,cv,0
2026-03-23_1477769_U_8,0.2253652,cv,0
2026-03-23_1477769_U_9,8.744444,cv,0
2026-03-23_1477770_U_10,0.6495489,cv,0
2026-03-23_1477770_U_11,0.45061922,cv,0
2026-03-23_1477770_U_12,0.41738003,cv,0
2026-03-23_1477770_U_13,8.588383,cv,0
2026-03-23_1477770_U_14,19.457758,cv,0
2026-03-23_1477770_U_15,19.937511,cv,0
2026-03-23_1477770_U_16,11.524787,cv,0
2026-03-23_1477770_U_17,0.31950897,cv,0
2026-03-23_1477770_U_18,0.2516551,cv,0
2026-03-23_1477770_U_9,0.93576926,cv,0
2026-03-23_1481779_U_1,0.53189135,cv,0
2026-03-23_1481779_U_10,0.18066208,cv,0
2026-03-23_1481779_U_101,0.23423672,cv,0
2026-03-23_1481779_U_102,15.870758,cv,0
2026-03-23_1481779_U_103,0.22337538,cv,0
2026-03-23_1481779_U_108,0.11051011,cv,0
2026-03-23_1481779_U_109,0.14154392,cv,0
2026-03-23_1481779_U_11,0.21615654,cv,0
2026-03-23_1481779_U_110,11.909964,cv,0
2026-03-23_1481779_U_111,0.18022381,cv,0
2026-03-23_1481779_U_119,0.18909773,cv,1
2026-03-23_1481779_U_120,0.1797938,cv,0
2026-03-23_1481779_U_121,2.704526,cv,0
2026-03-23_1481779_U_125,0.15041745,cv,0
2026-03-23_1481779_U_13,0.30134946,cv,0
2026-03-23_1481779_U_14,0.5100504,cv,0
2026-03-23_1481779_U_16,0.18527353,cv,1
2026-03-23_1481779_U_18,0.08719268,cv,0
2026-03-23_1481779_U_19,6.1661625,cv,0
2026-03-23_1481779_U_2,0.4507534,cv,0
2026-03-23_1481779_U_20,0.21287787,cv,0
2026-03-23_1481779_U_21,0.3437675,cv,0
2026-03-23_1481779_U_25,0.169361,cv,0
2026-03-23_1481779_U_26,0.0886281,cv,0
2026-03-23_1481779_U_27,13.454384,cv,0
2026-03-23_1481779_U_28,0.18806593,cv,0
2026-03-23_1481779_U_29,0.36685,cv,0
2026-03-23_1481779_U_32,0.12809841,cv,1
2026-03-23_1481779_U_33,0.14077543,cv,0
2026-03-23_1481779_U_35,14.8407345,cv,0
2026-03-23_1481779_U_36,0.20198676,cv,0
2026-03-23_1481779_U_37,0.20171297,cv,0
2026-03-23_1481779_U_38,0.25878957,cv,0
2026-03-23_1481779_U_4,0.14145009,cv,1
2026-03-23_1481779_U_42,0.51259255,cv,0
2026-03-23_1481779_U_47,0.14413649,cv,0
2026-03-23_1481779_U_48,16.470592,cv,0
2026-03-23_1481779_U_49,0.13893904,cv,0
2026-03-23_1481779_U_5,0.13521048,cv,0
2026-03-23_1481779_U_50,0.8920771,cv,0
2026-03-23_1481779_U_52,0.22485974,cv,1
2026-03-23_1481779_U_53,0.15306726,cv,1
2026-03-23_1481779_U_54,0.11722597,cv,0
2026-03-23_1481779_U_55,0.14766169,cv,0
2026-03-23_1481779_U_56,10.241886,cv,0
2026-03-23_1481779_U_58,0.58285993,cv,0
2026-03-23_1481779_U_6,0.10230564,cv,0
2026-03-23_1481779_U_60,0.17385416,cv,1
2026-03-23_1481779_U_62,0.23952119,cv,0
2026-03-23_1481779_U_63,0.10271753,cv,0
2026-03-23_1481779_U_64,8.286392,cv,0
2026-03-23_1481779_U_65,0.21800375,cv,0
2026-03-23_1481779_U_66,0.5059548,cv,0
2026-03-23_1481779_U_68,0.27027503,cv,1
2026-03-23_1481779_U_7,0.26330176,cv,0
2026-03-23_1481779_U_70,0.11973097,cv,0
2026-03-23_1481779_U_71,2.434147,cv,0
2026-03-23_1481779_U_72,0.13771,cv,0
2026-03-23_1481779_U_76,0.19520245,cv,1
2026-03-23_1481779_U_77,0.14898382,cv,0
2026-03-23_1481779_U_79,11.719038,cv,1
2026-03-23_1481779_U_8,5.485428,cv,0
2026-03-23_1481779_U_80,0.19873658,cv,0
2026-03-23_1481779_U_81,0.09375443,cv,0
2026-03-23_1481779_U_84,0.13648991,cv,0
2026-03-23_1481779_U_85,0.09641432,cv,0
2026-03-23_1481779_U_87,11.963084,cv,0
2026-03-23_1481779_U_92,0.13876612,cv,0
2026-03-23_1481779_U_93,0.15325992,cv,0
2026-03-23_1481779_U_94,7.9194365,cv,0
2026-03-23_1481779_U_95,0.104137525,cv,0
2026-03-23_1493653_U_1,0.4132346,cv,0
2026-03-23_1493653_U_10,0.5002413,cv,0
2026-03-23_1493653_U_102,0.2904622,cv,0
2026-03-23_1493653_U_103,0.30254954,cv,0
2026-03-23_1493653_U_109,4.3841476,cv,0
2026-03-23_1493653_U_112,0.43019432,cv,1
2026-03-23_1493653_U_113,0.19271046,cv,0
2026-03-23_1493653_U_119,0.44338083,cv,1
2026-03-23_1493653_U_12,0.5699511,cv,0
2026-03-23_1493653_U_120,0.21082774,cv,0
2026-03-23_1493653_U_127,0.38092488,cv,1
2026-03-23_1493653_U_128,0.46058434,cv,0
2026-03-23_1493653_U_131,17.794487,cv,0
2026-03-23_1493653_U_136,0.3047896,cv,0
2026-03-23_1493653_U_14,0.455594,cv,1
2026-03-23_1493653_U_140,0.16565907,cv,1
2026-03-23_1493653_U_143,16.307014,cv,0
2026-03-23_1493653_U_144,0.19482271,cv,0
2026-03-23_1493653_U_147,0.266012,cv,1
2026-03-23_1493653_U_16,0.18902044,cv,0
2026-03-23_1493653_U_163,0.32839182,cv,0
2026-03-23_1493653_U_17,0.5944218,cv,0
2026-03-23_1493653_U_172,0.18700312,cv,1
2026-03-23_1493653_U_2,0.6690339,cv,0
2026-03-23_1493653_U_22,0.31398535,cv,0
2026-03-23_1493653_U_23,7.8625584,cv,0
2026-03-23_1493653_U_26,0.8402905,cv,0
2026-03-23_1493653_U_27,1.081453,cv,0
2026-03-23_1493653_U_29,0.3364188,cv,1
2026-03-23_1493653_U_30,0.17370372,cv,0
2026-03-23_1493653_U_32,16.115822,cv,0
2026-03-23_1493653_U_41,0.18039057,cv,0
2026-03-23_1493653_U_44,0.55803037,cv,0
2026-03-23_1493653_U_48,0.38928318,cv,0
2026-03-23_1493653_U_50,15.372984,cv,0
2026-03-23_1493653_U_52,0.631089,cv,1
2026-03-23_1493653_U_57,3.26127,cv,0
2026-03-23_1493653_U_58,14.931244,cv,0
2026-03-23_1493653_U_60,0.510965,cv,0
2026-03-23_1493653_U_62,0.3667136,cv,1
2026-03-23_1493653_U_63,0.20993201,cv,0
2026-03-23_1493653_U_67,0.13781893,cv,0
2026-03-23_1493653_U_7,4.120647,cv,0
2026-03-23_1493653_U_72,0.18193218,cv,1
2026-03-23_1493653_U_79,0.2601676,cv,1
2026-03-23_1493653_U_80,0.17207223,cv,0
2026-03-23_1493653_U_82,8.381404,cv,0
2026-03-23_1493653_U_9,0.24742705,cv,0
2026-03-23_1493653_U_90,14.0686,cv,0
2026-03-23_1493653_U_92,0.36595663,cv,0
2026-03-23_1493653_U_93,0.4252931,cv,0
2026-03-23_1493653_U_98,0.2258914,cv,0
2026-03-23_1493653_U_99,0.32867244,cv,0
2026-03-23_1495854_U_1,0.42508218,cv,0
2026-03-23_1495854_U_10,0.21150026,cv,1
2026-03-23_1495854_U_11,5.7614517,cv,0
2026-03-23_1495854_U_13,0.25390142,cv,0
2026-03-23_1495854_U_16,0.23281543,cv,0
2026-03-23_1495854_U_17,0.10055898,cv,0
2026-03-23_1495854_U_21,0.23767874,cv,1
2026-03-23_1495854_U_22,0.32525554,cv,0
2026-03-23_1495854_U_23,0.20718977,cv,0
2026-03-23_1495854_U_24,14.561871,cv,0
2026-03-23_1495854_U_25,0.20658788,cv,0
2026-03-23_1495854_U_26,0.32568103,cv,0
2026-03-23_1495854_U_27,0.37077782,cv,0
2026-03-23_1495854_U_29,0.2212954,cv,1
2026-03-23_1495854_U_3,0.15260327,cv,1
2026-03-23_1495854_U_30,0.17059645,cv,0
2026-03-23_1495854_U_31,0.26849115,cv,0
2026-03-23_1495854_U_32,13.873771,cv,0
2026-03-23_1495854_U_33,12.679743,cv,0
2026-03-23_1495854_U_34,0.33727655,cv,0
2026-03-23_1495854_U_35,0.7945835,cv,0
2026-03-23_1495854_U_36,0.3678739,cv,0
2026-03-23_1495854_U_37,0.3475711,cv,1
2026-03-23_1495854_U_39,15.191898,cv,0
2026-03-23_1495854_U_4,0.1931406,cv,0
2026-03-23_1495854_U_42,0.27657783,cv,0
2026-03-23_1495854_U_43,10.034578,cv,0
2026-03-23_1495854_U_44,0.2630599,cv,0
2026-03-23_1495854_U_45,0.2132229,cv,0
2026-03-23_1495854_U_46,0.31066132,cv,0
2026-03-23_1495854_U_6,0.47561562,cv,0
2026-03-23_1495854_U_9,0.24684355,cv,0
2026-03-23_1495855_U_12,0.19926839,cv,0
2026-03-23_1495855_U_16,0.31835175,cv,0
2026-03-23_1495855_U_18,0.28259063,cv,0
2026-03-23_1495855_U_3,1.0143116,cv,0
2026-03-23_1495855_U_36,0.50228983,cv,0
2026-03-23_1495855_U_37,0.4501456,cv,0
2026-03-23_1495855_U_38,0.18535201,cv,0
2026-03-23_1495855_U_4,0.3329081,cv,0
2026-03-23_1495855_U_40,16.813457,cv,0
2026-03-23_1495855_U_43,0.48770028,cv,1
2026-03-23_1495855_U_45,12.358298,cv,0
2026-03-23_1495855_U_46,0.30557495,cv,0
2026-03-23_1495855_U_5,0.5672434,cv,1
2026-03-23_1495855_U_9,0.2900765,cv,0
2026-03-23_1495856_U_1,0.61012083,cv,1
2026-03-23_1495856_U_14,0.27175003,cv,1
2026-03-23_1495856_U_19,0.4817664,cv,0
2026-03-23_1495856_U_23,0.2012063,cv,1
2026-03-23_1495856_U_25,2.347293,cv,0
2026-03-23_1495856_U_26,0.293887,cv,1
2026-03-23_1495856_U_29,0.49631727,cv,0
2026-03-23_1495856_U_31,0.2048764,cv,1
2026-03-23_1495856_U_33,0.15941763,cv,0
2026-03-23_1495856_U_36,0.35601544,cv,0
2026-03-23_1495856_U_38,0.3247078,cv,1
2026-03-23_1495856_U_41,0.21678853,cv,0
2026-03-23_1495856_U_42,0.33908916,cv,0
2026-03-23_1495856_U_43,13.411929,cv,0
2026-03-23_1495856_U_47,0.30632335,cv,0
2026-03-23_1495856_U_48,0.27748936,cv,0
2026-03-23_1495856_U_50,0.28497452,cv,0
2026-03-23_1495856_U_51,15.556224,cv,0
2026-03-23_1495856_U_52,0.25167605,cv,0
2026-03-23_1495856_U_7,8.299972,cv,0
2026-03-23_1495856_U_9,0.2493222,cv,0
2026-03-23_1496805_U_1,0.52289075,cv,0
2026-03-23_1496805_U_10,0.28763777,cv,0
2026-03-23_1496805_U_11,0.7877624,cv,0
2026-03-23_1496805_U_13,0.33884668,cv,0
2026-03-23_1496805_U_14,5.9850273,cv,0
2026-03-23_1496805_U_15,4.2770405,cv,0
2026-03-23_1496805_U_16,0.65027726,cv,0
2026-03-23_1496805_U_17,0.39357966,cv,0
2026-03-23_1496805_U_20,0.1732524,cv,0
2026-03-23_1496805_U_22,0.24385053,cv,0
2026-03-23_1496805_U_23,4.1974115,cv,0
2026-03-23_1496805_U_24,0.5991557,cv,0
2026-03-23_1496805_U_25,0.53122926,cv,0
2026-03-23_1496805_U_26,0.2799983,cv,0
2026-03-23_1496805_U_27,0.8316406,cv,0
2026-03-23_1496805_U_29,0.14827958,cv,0
2026-03-23_1496805_U_30,0.15488791,cv,1
2026-03-23_1496805_U_31,0.29085514,cv,0
2026-03-23_1496805_U_32,13.410849,cv,0
2026-03-23_1496805_U_33,0.3045256,cv,0
2026-03-23_1496805_U_34,0.33284923,cv,0
2026-03-23_1496805_U_35,0.2639538,cv,0
2026-03-23_1496805_U_4,0.1479177,cv,0
2026-03-23_1496805_U_40,0.19414179,cv,1
2026-03-23_1496805_U_41,0.19213516,cv,0
2026-03-23_1496805_U_42,10.743216,cv,0
2026-03-23_1496805_U_44,0.433943,cv,1
2026-03-23_1496805_U_45,0.22254275,cv,0
2026-03-23_1496805_U_47,8.186035,cv,0
2026-03-23_1496805_U_48,0.5064362,cv,0
2026-03-23_1496805_U_49,0.8843886,cv,0
2026-03-23_1496805_U_50,0.27984416,cv,0
2026-03-23_1496805_U_51,0.44560215,cv,0
2026-03-23_1496805_U_54,0.17076579,cv,0
2026-03-23_1496805_U_55,0.28236312,cv,1
2026-03-23_1496805_U_56,6.885633,cv,0
2026-03-23_1496805_U_57,0.38635096,cv,0
2026-03-23_1496805_U_58,0.30628383,cv,0
2026-03-23_1496805_U_59,0.2628976,cv,0
2026-03-23_1496805_U_6,0.63834816,cv,0
2026-03-23_1496805_U_64,0.2805895,cv,0
2026-03-23_1496805_U_66,0.18379526,cv,1
2026-03-23_1496805_U_67,0.12244938,cv,0
2026-03-23_1496805_U_68,0.25344098,cv,0
2026-03-23_1496805_U_69,13.115561,cv,0
2026-03-23_1496805_U_7,0.3075206,cv,0
2026-03-23_1496805_U_70,0.29106325,cv,0
2026-03-23_1496805_U_74,5.741291,cv,0
2026-03-23_1496805_U_77,0.18796718,cv,0
2026-03-23_1496805_U_78,10.846194,cv,0
2026-03-23_1496805_U_79,0.37147737,cv,0
2026-03-23_1496805_U_8,16.331854,cv,0
2026-03-23_1496805_U_9,0.45661902,cv,0
2026-03-23_1496806_U_1,0.64731073,cv,0
2026-03-23_1496806_U_10,8.38431,cv,0
2026-03-23_1496806_U_11,11.587933,cv,0
2026-03-23_1496806_U_12,0.20961168,cv,0
2026-03-23_1496806_U_13,0.37714112,cv,0
2026-03-23_1496806_U_14,0.31305447,cv,0
2026-03-23_1496806_U_15,0.35997853,cv,0
2026-03-23_1496806_U_16,0.23616996,cv,0
2026-03-23_1496806_U_20,0.2643572,cv,0
2026-03-23_1496806_U_21,0.27236265,cv,0
2026-03-23_1496806_U_22,0.2663861,cv,0
2026-03-23_1496806_U_23,0.1588983,cv,0
2026-03-23_1496806_U_24,0.28187233,cv,0
2026-03-23_1496806_U_25,0.6775112,cv,0
2026-03-23_1496806_U_26,18.351234,cv,0
2026-03-23_1496806_U_27,0.3234793,cv,0
2026-03-23_1496806_U_28,0.23428422,cv,0
2026-03-23_1496806_U_29,0.18282935,cv,0
2026-03-23_1496806_U_30,0.31673464,cv,0
2026-03-23_1496806_U_31,0.31954873,cv,0
2026-03-23_1496806_U_32,0.23234597,cv,0
2026-03-23_1496806_U_5,0.31703156,cv,0
2026-03-23_1496806_U_6,0.24209088,cv,0
2026-03-23_1496806_U_7,0.39065656,cv,0
2026-03-23_1496806_U_8,0.14474213,cv,0
2026-03-23_1496806_U_9,0.3184697,cv,0
2026-03-23_1496808_U_1,0.32758436,cv,0
2026-03-23_1496808_U_10,0.5200144,cv,0
2026-03-23_1496808_U_14,0.22628987,cv,1
2026-03-23_1496808_U_15,4.882922,cv,0
2026-03-23_1496808_U_18,0.31156144,cv,0
2026-03-23_1496808_U_19,0.42532945,cv,0
2026-03-23_1496808_U_2,0.3633802,cv,0
2026-03-23_1496808_U_22,0.18765828,cv,1
2026-03-23_1496808_U_23,0.24777538,cv,0
2026-03-23_1496808_U_24,15.322757,cv,1
2026-03-23_1496808_U_25,0.19427036,cv,0
2026-03-23_1496808_U_26,0.69224304,cv,0
2026-03-23_1496808_U_28,0.17155278,cv,1
2026-03-23_1496808_U_31,11.2684555,cv,0
2026-03-23_1496808_U_32,0.14267987,cv,0
2026-03-23_1496808_U_33,0.29139423,cv,0
2026-03-23_1496808_U_34,0.9369428,cv,0
2026-03-23_1496808_U_36,0.16636167,cv,1
2026-03-23_1496808_U_37,0.10458779,cv,0
2026-03-23_1496808_U_38,0.4549908,cv,1
2026-03-23_1496808_U_39,15.847839,cv,0
2026-03-23_1496808_U_40,0.28468475,cv,0
2026-03-23_1496808_U_41,0.5034244,cv,0
2026-03-23_1496808_U_42,0.34340912,cv,0
2026-03-23_1496808_U_45,4.670911,cv,1
2026-03-23_1496808_U_46,12.563467,cv,0
2026-03-23_1496808_U_49,0.31414592,cv,1
2026-03-23_1496808_U_50,0.14034349,cv,0
2026-03-23_1496808_U_52,7.5650177,cv,0
2026-03-23_1496808_U_53,0.18199313,cv,0
2026-03-23_1496808_U_54,0.38943022,cv,0
2026-03-23_1496808_U_59,1.7882929,cv,0
2026-03-23_1496808_U_6,0.18923137,cv,1
2026-03-23_1496808_U_60,0.28548354,cv,1
2026-03-23_1496808_U_62,0.31512964,cv,0
2026-03-23_1496808_U_64,0.23128033,cv,1
2026-03-23_1496808_U_67,12.117381,cv,1
2026-03-23_1496808_U_7,0.24677989,cv,0
2026-03-23_1496808_U_70,0.2463347,cv,0
2026-03-23_1496808_U_72,0.35203397,cv,1
2026-03-23_1496808_U_75,13.627943,cv,0
2026-03-23_1496808_U_76,0.48882923,cv,0
2026-03-23_1496808_U_77,0.3151221,cv,0
2026-03-23_1496808_U_78,0.26832128,cv,0
2026-03-23_1496808_U_79,0.58248955,cv,0
2026-03-23_1496808_U_8,15.91196,cv,0
2026-03-23_1496808_U_85,0.17241481,cv,0
2026-03-23_1496808_U_86,0.3065443,cv,0
2026-03-23_1496808_U_87,6.2957983,cv,0
2026-03-23_1496808_U_89,0.19781286,cv,0
2026-03-23_1496808_U_9,0.21041624,cv,0
2026-03-23_1496808_U_90,14.317527,cv,0
2026-03-23_1496808_U_91,0.24503812,cv,0
2026-03-23_1496808_U_93,0.16683698,cv,0
2026-03-23_1496808_U_96,0.28111884,cv,0
2026-03-23_1496808_U_97,0.39490736,cv,0
2026-03-23_1496811_U_1,1.1803325,cv,0
2026-03-23_1496811_U_10,0.8804413,cv,0
2026-03-23_1496811_U_14,0.37210935,cv,1
2026-03-23_1496811_U_15,0.20162424,cv,1
2026-03-23_1496811_U_16,15.154579,cv,0
2026-03-23_1496811_U_17,0.419307,cv,0
2026-03-23_1496811_U_18,0.58716786,cv,0
2026-03-23_1496811_U_23,3.505609,cv,1
2026-03-23_1496811_U_25,0.20839408,cv,0
2026-03-23_1496811_U_26,0.77838373,cv,0
2026-03-23_1496811_U_29,0.28693607,cv,0
2026-03-23_1496811_U_30,0.27726015,cv,1
2026-03-23_1496811_U_31,9.392805,cv,0
2026-03-23_1496811_U_32,0.3265334,cv,0
2026-03-23_1496811_U_33,0.41971403,cv,0
2026-03-23_1496811_U_34,0.91693157,cv,0
2026-03-23_1496811_U_39,13.010984,cv,0
2026-03-23_1496811_U_40,0.14247426,cv,0
2026-03-23_1496811_U_43,0.23834118,cv,1
2026-03-23_1496811_U_48,11.387558,cv,0
2026-03-23_1496811_U_49,0.2472359,cv,0
2026-03-23_1496811_U_50,0.4940463,cv,0
2026-03-23_1496811_U_55,0.6411773,cv,1
2026-03-23_1496811_U_57,16.37731,cv,0
2026-03-23_1496811_U_58,0.44929156,cv,0
2026-03-23_1496811_U_59,0.39647064,cv,0
2026-03-23_1496811_U_6,0.24062353,cv,0
2026-03-23_1496811_U_60,0.32547617,cv,1
2026-03-23_1496811_U_61,0.39782548,cv,0
2026-03-23_1496811_U_62,0.32763943,cv,0
2026-03-23_1496811_U_66,16.23682,cv,0
2026-03-23_1496811_U_67,0.19076101,cv,0
2026-03-23_1496811_U_68,0.30406567,cv,0
2026-03-23_1496811_U_69,0.2098637,cv,0
2026-03-23_1496811_U_7,0.30102205,cv,0
2026-03-23_1496811_U_8,8.232459,cv,0
2026-03-23_1496811_U_9,0.3284007,cv,0
2026-03-23_1496812_U_1,0.8451497,cv,0
2026-03-23_1496812_U_10,0.27199364,cv,0
2026-03-23_1496812_U_100,0.19949588,cv,0
2026-03-23_1496812_U_101,0.25988042,cv,0
2026-03-23_1496812_U_102,12.989028,cv,0
2026-03-23_1496812_U_103,0.59844637,cv,0
2026-03-23_1496812_U_106,0.28313217,cv,1
2026-03-23_1496812_U_107,0.23507242,cv,0
2026-03-23_1496812_U_109,3.3000083,cv,0
2026-03-23_1496812_U_110,8.648064,cv,0
2026-03-23_1496812_U_111,0.50267065,cv,0
2026-03-23_1496812_U_113,0.50354177,cv,0
2026-03-23_1496812_U_116,0.15431672,cv,1
2026-03-23_1496812_U_117,0.14018476,cv,0
2026-03-23_1496812_U_118,15.880707,cv,0
2026-03-23_1496812_U_119,0.28904957,cv,1
2026-03-23_1496812_U_121,0.46531948,cv,0
2026-03-23_1496812_U_123,0.17233622,cv,0
2026-03-23_1496812_U_128,0.2641859,cv,0
2026-03-23_1496812_U_130,11.304709,cv,0
2026-03-23_1496812_U_131,0.174595,cv,0
2026-03-23_1496812_U_132,0.83946395,cv,0
2026-03-23_1496812_U_133,0.26948938,cv,0
2026-03-23_1496812_U_137,0.17236823,cv,0
2026-03-23_1496812_U_138,0.13778529,cv,1
2026-03-23_1496812_U_139,0.21501993,cv,0
2026-03-23_1496812_U_14,0.1861184,cv,0
2026-03-23_1496812_U_141,0.49047405,cv,0
2026-03-23_1496812_U_142,0.42099255,cv,0
2026-03-23_1496812_U_143,0.2534305,cv,1
2026-03-23_1496812_U_144,0.7621743,cv,1
2026-03-23_1496812_U_146,0.21524024,cv,0
2026-03-23_1496812_U_148,0.19890988,cv,1
2026-03-23_1496812_U_149,13.878581,cv,0
2026-03-23_1496812_U_15,0.23659115,cv,0
2026-03-23_1496812_U_150,0.47238255,cv,0
2026-03-23_1496812_U_151,1.0144283,cv,0
2026-03-23_1496812_U_152,0.6593157,cv,0
2026-03-23_1496812_U_153,0.24100094,cv,0
2026-03-23_1496812_U_154,0.33860326,cv,0
2026-03-23_1496812_U_155,0.27903792,cv,1
2026-03-23_1496812_U_17,13.936454,cv,0
2026-03-23_1496812_U_18,0.30603075,cv,0
2026-03-23_1496812_U_19,0.6257181,cv,0
2026-03-23_1496812_U_2,0.45282805,cv,0
2026-03-23_1496812_U_20,0.6621304,cv,0
2026-03-23_1496812_U_23,0.18842733,cv,0
2026-03-23_1496812_U_24,0.250686,cv,0
2026-03-23_1496812_U_25,0.19724378,cv,1
2026-03-23_1496812_U_26,6.1608133,cv,0
2026-03-23_1496812_U_27,4.9704986,cv,0
2026-03-23_1496812_U_28,0.30694076,cv,0
2026-03-23_1496812_U_29,0.40440544,cv,0
2026-03-23_1496812_U_30,0.6753389,cv,0
2026-03-23_1496812_U_34,0.17454386,cv,1
2026-03-23_1496812_U_35,0.15887474,cv,1
2026-03-23_1496812_U_37,0.36339396,cv,0
2026-03-23_1496812_U_38,15.682478,cv,0
2026-03-23_1496812_U_39,0.24975368,cv,0
2026-03-23_1496812_U_40,0.5089228,cv,0
2026-03-23_1496812_U_43,0.18190025,cv,0
2026-03-23_1496812_U_44,0.12253395,cv,1
2026-03-23_1496812_U_45,0.12896928,cv,1
2026-03-23_1496812_U_46,0.29860985,cv,0
2026-03-23_1496812_U_47,7.6512847,cv,0
2026-03-23_1496812_U_48,4.249662,cv,0
2026-03-23_1496812_U_49,0.6119305,cv,0
2026-03-23_1496812_U_5,0.23557362,cv,0
2026-03-23_1496812_U_50,0.8500952,cv,0
2026-03-23_1496812_U_53,0.22121362,cv,0
2026-03-23_1496812_U_54,0.17841887,cv,0
2026-03-23_1496812_U_55,0.38095602,cv,0
2026-03-23_1496812_U_56,0.24422738,cv,0
2026-03-23_1496812_U_57,7.584444,cv,0
2026-03-23_1496812_U_58,6.990073,cv,0
2026-03-23_1496812_U_59,0.34933063,cv,1
2026-03-23_1496812_U_6,0.3583899,cv,1
2026-03-23_1496812_U_62,0.44722575,cv,0
2026-03-23_1496812_U_67,0.47294813,cv,0
2026-03-23_1496812_U_69,0.17115125,cv,0
2026-03-23_1496812_U_7,0.5044466,cv,0
2026-03-23_1496812_U_70,0.16000006,cv,0
2026-03-23_1496812_U_71,0.30870026,cv,0
2026-03-23_1496812_U_72,10.227649,cv,0
2026-03-23_1496812_U_73,0.19249122,cv,0
2026-03-23_1496812_U_74,0.48960423,cv,1
2026-03-23_1496812_U_78,0.25591013,cv,0
2026-03-23_1496812_U_79,0.15995227,cv,1
2026-03-23_1496812_U_8,8.598114,cv,0
2026-03-23_1496812_U_80,0.16341642,cv,1
2026-03-23_1496812_U_82,13.072506,cv,0
2026-03-23_1496812_U_83,0.28919938,cv,0
2026-03-23_1496812_U_84,0.43697834,cv,0
2026-03-23_1496812_U_87,0.2121045,cv,0
2026-03-23_1496812_U_88,0.23628406,cv,0
2026-03-23_1496812_U_89,15.815009,cv,0
2026-03-23_1496812_U_9,7.2239695,cv,0
2026-03-23_1496812_U_92,0.18809202,cv,0
2026-03-23_1496812_U_93,11.496128,cv,0
2026-03-23_1496812_U_94,0.7105529,cv,0
2026-03-23_1496812_U_97,0.29909,cv,0
2026-03-23_1496812_U_99,0.12015661,cv,1
2026-03-23_1496820_U_1,0.64766854,cv,0
2026-03-23_1496820_U_10,0.21236253,cv,0
2026-03-23_1496820_U_3,4.8842945,cv,0
2026-03-23_1496820_U_4,13.518507,cv,0
2026-03-23_1496820_U_5,0.4287576,cv,0
2026-03-23_1496820_U_7,0.16867726,cv,1
2026-03-23_1496820_U_8,8.590828,cv,0
2026-03-23_1496820_U_9,0.20428166,cv,0
2026-03-23_1497250_U_10,0.11423733,cv,0
2026-03-23_1497250_U_11,0.10572251,cv,0
2026-03-23_1497250_U_12,0.11240898,cv,0
2026-03-23_1497250_U_13,0.10473581,cv,0
2026-03-23_1497250_U_14,0.1397422,cv,0
2026-03-23_1497250_U_15,0.13744566,cv,0
2026-03-23_1497250_U_16,19.478735,cv,0
2026-03-23_1497250_U_17,14.945392,cv,0
2026-03-23_1497250_U_18,0.082247645,cv,0
2026-03-23_1497250_U_19,0.08829706,cv,0
2026-03-23_1497250_U_21,0.115329295,cv,0
2026-03-23_1497250_U_23,0.32521045,cv,0
2026-03-23_1497250_U_24,0.41492105,cv,0
2026-03-23_1497250_U_25,0.08731383,cv,0
2026-03-23_1497250_U_26,0.20963284,cv,0
2026-03-23_1497250_U_31,0.16703871,cv,0
2026-03-23_1497250_U_32,0.13504401,cv,0
2026-03-23_1497250_U_33,0.15107572,cv,0
2026-03-23_1497250_U_34,0.11637281,cv,0
2026-03-23_1497250_U_36,0.1031346,cv,0
2026-03-23_1497250_U_37,0.28754014,cv,0
2026-03-23_1497250_U_38,0.17177168,cv,0
2026-03-23_1497250_U_39,0.11923385,cv,0
2026-03-23_1497250_U_40,10.38774,cv,0
2026-03-23_1497250_U_41,19.536211,cv,0
2026-03-23_1497250_U_42,3.9269302,cv,0
2026-03-23_1497250_U_43,0.16834033,cv,0
2026-03-23_1497250_U_44,0.08156511,cv,0
2026-03-23_1497250_U_45,0.15846694,cv,0
2026-03-23_1497250_U_46,0.3309313,cv,0
2026-03-23_1497250_U_47,0.13712044,cv,0
2026-03-23_1497250_U_48,0.08462429,cv,0
2026-03-23_1497250_U_50,0.15314978,cv,0
2026-03-23_1497250_U_51,0.38211262,cv,0
2026-03-23_1497250_U_52,0.17154512,cv,0
2026-03-23_1497250_U_6,0.21181008,cv,1
2026-03-23_1497250_U_9,0.18855934,cv,0
2026-03-23_1497251_U_1,0.59830904,cv,0
2026-03-23_1497251_U_10,0.50486326,cv,0
2026-03-23_1497251_U_13,0.48212802,cv,0
2026-03-23_1497251_U_14,10.654342,cv,0
2026-03-23_1497251_U_15,0.64082676,cv,0
2026-03-23_1497251_U_16,1.0460594,cv,0
2026-03-23_1497251_U_18,0.32108945,cv,0
2026-03-23_1497251_U_22,0.5876076,cv,0
2026-03-23_1497251_U_24,0.3479035,cv,1
2026-03-23_1497251_U_26,0.6795747,cv,0
2026-03-23_1497251_U_27,13.2303295,cv,0
2026-03-23_1497251_U_28,0.36055684,cv,0
2026-03-23_1497251_U_29,0.40727887,cv,0
2026-03-23_1497251_U_3,0.37252638,cv,0
2026-03-23_1497251_U_30,0.6213533,cv,0
2026-03-23_1497251_U_33,0.37418514,cv,0
2026-03-23_1497251_U_35,9.762392,cv,0
2026-03-23_1497251_U_36,0.53143466,cv,0
2026-03-23_1497251_U_37,0.7946302,cv,0
2026-03-23_1497251_U_38,0.65936214,cv,0
2026-03-23_1497251_U_4,0.7984166,cv,1
2026-03-23_1497251_U_40,0.71422213,cv,0
2026-03-23_1497251_U_41,16.370436,cv,0
2026-03-23_1497251_U_42,0.9416114,cv,0
2026-03-23_1497251_U_44,0.3460191,cv,0
2026-03-23_1497251_U_45,0.4100028,cv,0
2026-03-23_1497251_U_46,0.7157893,cv,1
2026-03-23_1497251_U_47,6.8584385,cv,0
2026-03-23_1497251_U_48,0.5496867,cv,0
2026-03-23_1497251_U_5,0.61521477,cv,1
2026-03-23_1497251_U_51,0.60193557,cv,0
2026-03-23_1497251_U_53,9.500271,cv,1
2026-03-23_1497251_U_56,0.719288,cv,0
2026-03-23_1497251_U_6,0.5571312,cv,0
2026-03-23_1497251_U_61,13.612762,cv,0
2026-03-23_1497251_U_62,0.86613107,cv,0
2026-03-23_1497251_U_63,0.7680327,cv,0
2026-03-23_1497251_U_64,0.73246735,cv,0
2026-03-23_1497251_U_66,0.369762,cv,1
2026-03-23_1497251_U_67,0.6860777,cv,0
2026-03-23_1497251_U_68,2.4654002,cv,0
2026-03-23_1497251_U_7,15.683706,cv,0
2026-03-23_1497251_U_70,17.179218,cv,1
2026-03-23_1497251_U_71,0.3928475,cv,0
2026-03-23_1497251_U_72,0.48367667,cv,0
2026-03-23_1497251_U_74,0.55855227,cv,1
2026-03-23_1497251_U_75,1.3757784,cv,0
2026-03-23_1497251_U_8,0.72212446,cv,0
2026-03-23_1497251_U_9,1.0587227,cv,0
2026-03-23_1497252_U_1,0.4417026,cv,1
2026-03-23_1497252_U_11,0.30294153,cv,0
2026-03-23_1497252_U_12,0.259374,cv,0
2026-03-23_1497252_U_14,0.74432445,cv,1
2026-03-23_1497252_U_15,0.48390338,cv,0
2026-03-23_1497252_U_18,0.26356655,cv,0
2026-03-23_1497252_U_19,0.38656172,cv,1
2026-03-23_1497252_U_2,0.67043245,cv,1
2026-03-23_1497252_U_20,0.45832914,cv,1
2026-03-23_1497252_U_21,0.376732,cv,0
2026-03-23_1497252_U_25,0.57247275,cv,1
2026-03-23_1497252_U_3,1.0512308,cv,0
2026-03-23_1497252_U_31,4.5419197,cv,0
2026-03-23_1497252_U_33,0.21638481,cv,1
2026-03-23_1497252_U_37,0.66490996,cv,0
2026-03-23_1497252_U_38,0.8063222,cv,0
2026-03-23_1497252_U_44,1.2189132,cv,1
2026-03-23_1497252_U_45,6.865867,cv,1
2026-03-23_1497252_U_47,0.83863086,cv,1
2026-03-23_1497252_U_5,0.5357847,cv,1
2026-03-23_1497252_U_50,0.6224625,cv,0
2026-03-23_1497252_U_51,0.62771356,cv,1
2026-03-23_1497252_U_53,0.46181402,cv,1
2026-03-23_1497252_U_57,0.6602136,cv,0
2026-03-23_1497252_U_58,0.5144676,cv,1
2026-03-23_1497252_U_61,3.4092052,cv,0
2026-03-23_1497252_U_62,0.5219279,cv,1
2026-03-23_1497252_U_64,0.43377385,cv,1
2026-03-23_1497252_U_65,0.6022082,cv,0
2026-03-23_1497252_U_66,0.3482216,cv,1
2026-03-23_1497252_U_68,0.6032419,cv,1
2026-03-23_1497252_U_69,0.6134622,cv,1
2026-03-23_1497252_U_7,3.4564056,cv,0
2026-03-23_1497252_U_71,0.5486847,cv,0
2026-03-23_1497252_U_72,0.44563806,cv,0
2026-03-23_1497252_U_73,0.70978534,cv,0
2026-03-23_1497252_U_74,0.42065787,cv,0
2026-03-23_1497252_U_76,0.48743257,cv,1
2026-03-23_1497252_U_8,0.7009184,cv,0
2026-03-23_1497252_U_9,0.43788165,cv,0
2026-03-23_1497253_U_100,0.49102342,cv,0
2026-03-23_1497253_U_11,16.670843,cv,0
2026-03-23_1497253_U_12,0.8056586,cv,0
2026-03-23_1497253_U_15,1.0228646,cv,1
2026-03-23_1497253_U_16,0.3752304,cv,1
2026-03-23_1497253_U_18,0.47300696,cv,1
2026-03-23_1497253_U_19,0.5473411,cv,0
2026-03-23_1497253_U_2,0.6797225,cv,0
2026-03-23_1497253_U_21,0.4508775,cv,1
2026-03-23_1497253_U_22,0.79201317,cv,1
2026-03-23_1497253_U_23,0.58904636,cv,0
2026-03-23_1497253_U_25,0.5420146,cv,0
2026-03-23_1497253_U_27,0.5402143,cv,1
2026-03-23_1497253_U_31,1.3287268,cv,0
2026-03-23_1497253_U_33,0.5260192,cv,0
2026-03-23_1497253_U_34,0.15283234,cv,0
2026-03-23_1497253_U_35,0.41346154,cv,0
2026-03-23_1497253_U_39,0.26018766,cv,0
2026-03-23_1497253_U_40,0.53656197,cv,0
2026-03-23_1497253_U_41,0.59548426,cv,0
2026-03-23_1497253_U_42,0.356488,cv,0
2026-03-23_1497253_U_43,0.4285534,cv,0
2026-03-23_1497253_U_46,0.8424865,cv,0
2026-03-23_1497253_U_47,1.0977851,cv,0
2026-03-23_1497253_U_48,0.74815166,cv,0
2026-03-23_1497253_U_49,0.3308159,cv,1
2026-03-23_1497253_U_54,0.7114692,cv,0
2026-03-23_1497253_U_55,0.63464993,cv,0
2026-03-23_1497253_U_59,0.5265505,cv,1
2026-03-23_1497253_U_60,0.5532751,cv,1
2026-03-23_1497253_U_66,0.53734976,cv,0
2026-03-23_1497253_U_67,0.51413727,cv,0
2026-03-23_1497253_U_68,0.51410055,cv,0
2026-03-23_1497253_U_69,0.5217497,cv,0
2026-03-23_1497253_U_7,0.5474143,cv,0
2026-03-23_1497253_U_71,0.48872083,cv,1
2026-03-23_1497253_U_75,0.36752495,cv,1
2026-03-23_1497253_U_77,0.55006516,cv,0
2026-03-23_1497253_U_80,0.38551867,cv,0
2026-03-23_1497253_U_83,0.43085715,cv,0
2026-03-23_1497253_U_85,0.5418047,cv,0
2026-03-23_1497253_U_86,0.33365223,cv,0
2026-03-23_1497253_U_87,0.6702611,cv,1
2026-03-23_1497253_U_9,0.32848918,cv,0
2026-03-23_1497253_U_93,0.7087331,cv,0
2026-03-23_1497253_U_95,0.57625264,cv,0
2026-03-23_1497253_U_96,0.40355703,cv,0
2026-03-23_1497255_U_1,0.5684753,cv,0
2026-03-23_1497255_U_101,0.119846895,cv,0
2026-03-23_1497255_U_102,0.28084457,cv,0
2026-03-23_1497255_U_103,0.3862732,cv,0
2026-03-23_1497255_U_104,0.3461338,cv,0
2026-03-23_1497255_U_105,0.41137144,cv,0
2026-03-23_1497255_U_108,0.24231641,cv,0
2026-03-23_1497255_U_109,0.25649923,cv,0
2026-03-23_1497255_U_11,0.23588246,cv,0
2026-03-23_1497255_U_110,12.213484,cv,0
2026-03-23_1497255_U_111,0.2947352,cv,0
2026-03-23_1497255_U_116,0.18954727,cv,0
2026-03-23_1497255_U_117,0.1807057,cv,0
2026-03-23_1497255_U_118,9.475431,cv,0
2026-03-23_1497255_U_119,0.36738342,cv,0
2026-03-23_1497255_U_12,0.5761814,cv,0
2026-03-23_1497255_U_120,0.7460413,cv,0
2026-03-23_1497255_U_121,0.42993805,cv,0
2026-03-23_1497255_U_122,0.33468407,cv,0
2026-03-23_1497255_U_123,0.6670584,cv,0
2026-03-23_1497255_U_126,0.2115479,cv,0
2026-03-23_1497255_U_127,0.22814468,cv,0
2026-03-23_1497255_U_128,14.517811,cv,0
2026-03-23_1497255_U_129,0.2619195,cv,0
2026-03-23_1497255_U_13,0.52463585,cv,0
2026-03-23_1497255_U_132,0.18752305,cv,1
2026-03-23_1497255_U_134,12.27651,cv,0
2026-03-23_1497255_U_135,0.28163633,cv,0
2026-03-23_1497255_U_137,0.23674986,cv,1
2026-03-23_1497255_U_138,0.22591047,cv,1
2026-03-23_1497255_U_139,0.29038292,cv,0
2026-03-23_1497255_U_140,10.998728,cv,0
2026-03-23_1497255_U_141,0.45876965,cv,0
2026-03-23_1497255_U_144,0.1915137,cv,0
2026-03-23_1497255_U_145,0.28043872,cv,0
2026-03-23_1497255_U_146,15.537985,cv,0
2026-03-23_1497255_U_147,0.3591501,cv,0
2026-03-23_1497255_U_148,0.19446743,cv,0
2026-03-23_1497255_U_17,0.18825632,cv,0
2026-03-23_1497255_U_18,0.23940629,cv,0
2026-03-23_1497255_U_19,0.20912129,cv,0
2026-03-23_1497255_U_20,13.23229,cv,0
2026-03-23_1497255_U_21,0.18714276,cv,0
2026-03-23_1497255_U_22,0.28887376,cv,0
2026-03-23_1497255_U_26,0.5907581,cv,1
2026-03-23_1497255_U_29,0.20452581,cv,0
2026-03-23_1497255_U_30,0.31849143,cv,0
2026-03-23_1497255_U_31,14.670531,cv,0
2026-03-23_1497255_U_32,0.12762819,cv,0
2026-03-23_1497255_U_36,0.35177392,cv,1
2026-03-23_1497255_U_38,0.23552607,cv,1
2026-03-23_1497255_U_39,0.20046906,cv,0
2026-03-23_1497255_U_40,0.26695412,cv,0
2026-03-23_1497255_U_41,11.6812315,cv,0
2026-03-23_1497255_U_42,0.21048096,cv,0
2026-03-23_1497255_U_43,0.32215214,cv,1
2026-03-23_1497255_U_44,0.6806013,cv,0
2026-03-23_1497255_U_47,0.16925833,cv,1
2026-03-23_1497255_U_49,0.1532192,cv,0
2026-03-23_1497255_U_50,0.28741992,cv,0
2026-03-23_1497255_U_52,7.291276,cv,0
2026-03-23_1497255_U_53,0.36096817,cv,0
2026-03-23_1497255_U_54,0.3056725,cv,0
2026-03-23_1497255_U_57,0.12214121,cv,1
2026-03-23_1497255_U_6,0.25963435,cv,0
2026-03-23_1497255_U_60,0.15314107,cv,0
2026-03-23_1497255_U_63,0.20581767,cv,0
2026-03-23_1497255_U_65,0.33910817,cv,0
2026-03-23_1497255_U_68,0.15212078,cv,1
2026-03-23_1497255_U_7,0.16341601,cv,0
2026-03-23_1497255_U_70,0.27438736,cv,1
2026-03-23_1497255_U_72,9.760342,cv,0
2026-03-23_1497255_U_73,0.27016038,cv,0
2026-03-23_1497255_U_74,0.17094463,cv,0
2026-03-23_1497255_U_75,0.17700392,cv,0
2026-03-23_1497255_U_76,0.52255374,cv,0
2026-03-23_1497255_U_79,0.18106692,cv,1
2026-03-23_1497255_U_8,0.29736242,cv,0
2026-03-23_1497255_U_87,0.27358985,cv,0
2026-03-23_1497255_U_88,0.58634794,cv,0
2026-03-23_1497255_U_9,8.302249,cv,0
2026-03-23_1497255_U_91,0.25896126,cv,0
2026-03-23_1497255_U_92,9.005611,cv,0
2026-03-23_1497255_U_94,0.40523848,cv,0
2026-03-23_1497255_U_99,0.2530854,cv,1
2026-03-23_1497256_U_1,0.61740094,cv,0
2026-03-23_1497256_U_10,0.19321387,cv,0
2026-03-23_1497256_U_11,13.140366,cv,0
2026-03-23_1497256_U_12,0.28474605,cv,0
2026-03-23_1497256_U_13,0.49003065,cv,0
2026-03-23_1497256_U_16,0.16769694,cv,1
2026-03-23_1497256_U_17,0.13988867,cv,1
2026-03-23_1497256_U_20,0.64038545,cv,0
2026-03-23_1497256_U_22,0.23416418,cv,1
2026-03-23_1497256_U_23,0.21717905,cv,1
2026-03-23_1497256_U_25,15.9125595,cv,0
2026-03-23_1497256_U_26,1.0099807,cv,0
2026-03-23_1497256_U_28,0.23041533,cv,1
2026-03-23_1497256_U_30,0.4591157,cv,1
2026-03-23_1497256_U_33,0.42877686,cv,0
2026-03-23_1497256_U_36,11.75123,cv,0
2026-03-23_1497256_U_37,0.5471753,cv,0
2026-03-23_1497256_U_38,0.39513144,cv,1
2026-03-23_1497256_U_40,0.20512377,cv,1
2026-03-23_1497256_U_42,9.5272045,cv,0
2026-03-23_1497256_U_43,0.3008985,cv,0
2026-03-23_1497256_U_44,0.8417878,cv,0
2026-03-23_1497256_U_45,0.39957964,cv,1
2026-03-23_1497256_U_47,0.20403886,cv,1
2026-03-23_1497256_U_5,15.174925,cv,0
2026-03-23_1497256_U_50,0.34376323,cv,0
2026-03-23_1497256_U_53,13.971813,cv,0
2026-03-23_1497256_U_54,5.2049313,cv,0
2026-03-23_1497256_U_57,0.20707855,cv,1
2026-03-23_1497256_U_58,5.3324394,cv,0
2026-03-23_1497256_U_59,0.39027584,cv,0
2026-03-23_1497256_U_6,0.27850682,cv,0
2026-03-23_1497256_U_62,0.49529207,cv,1
2026-03-23_1497256_U_63,0.34204805,cv,1
2026-03-23_1497256_U_64,0.27658054,cv,0
2026-03-23_1497256_U_65,0.36726913,cv,0
2026-03-23_1497256_U_69,0.18588929,cv,0
2026-03-23_1497256_U_7,0.7053069,cv,0
2026-03-23_1497256_U_72,0.28871158,cv,0
2026-03-23_1497256_U_8,0.38574585,cv,1
2026-03-23_1497256_U_80,14.790686,cv,0
2026-03-23_1497256_U_81,0.28114673,cv,0
2026-03-23_1497256_U_82,0.4655286,cv,0
2026-03-23_1497256_U_87,0.28666127,cv,0
2026-03-23_1497256_U_88,0.25542408,cv,0
2026-03-23_1497256_U_89,0.29133955,cv,1
2026-03-23_1497256_U_9,0.37209457,cv,1
2026-03-23_1497256_U_92,0.2572959,cv,1
2026-03-23_1497256_U_94,8.505751,cv,0
2026-03-23_1497256_U_95,0.47543716,cv,1
2026-03-24_1348037_U_10,0.4389444,cv,0
2026-03-24_1348037_U_11,0.23527873,cv,0
2026-03-24_1348037_U_12,0.39410824,cv,1
2026-03-24_1348037_U_13,0.37619612,cv,0
2026-03-24_1348037_U_14,0.40157527,cv,0
2026-03-24_1348037_U_15,0.5080219,cv,0
2026-03-24_1348037_U_16,0.55623305,cv,0
2026-03-24_1348037_U_17,0.4330153,cv,0
2026-03-24_1348037_U_18,0.25982016,cv,0
2026-03-24_1348037_U_19,0.31953382,cv,0
2026-03-24_1348037_U_2,0.40765044,cv,0
2026-03-24_1348037_U_20,0.32811928,cv,0
2026-03-24_1348037_U_21,0.22748145,cv,0
2026-03-24_1348037_U_22,0.35147294,cv,0
2026-03-24_1348037_U_23,0.45976102,cv,0
2026-03-24_1348037_U_24,0.43282962,cv,0
2026-03-24_1348037_U_25,0.29694214,cv,0
2026-03-24_1348037_U_26,0.1808741,cv,1
2026-03-24_1348037_U_27,0.41305518,cv,0
2026-03-24_1348037_U_28,0.3028879,cv,0
2026-03-24_1348037_U_29,0.4315563,cv,0
2026-03-24_1348037_U_3,0.5440554,cv,0
2026-03-24_1348037_U_30,0.28108048,cv,0
2026-03-24_1348037_U_31,0.46749848,cv,0
2026-03-24_1348037_U_33,0.15000746,cv,1
2026-03-24_1348037_U_34,0.32471406,cv,0
2026-03-24_1348037_U_35,0.43455136,cv,0
2026-03-24_1348037_U_36,0.4711654,cv,0
2026-03-24_1348037_U_37,0.44531173,cv,0
2026-03-24_1348037_U_38,0.60936844,cv,0
2026-03-24_1348037_U_4,0.38128337,cv,1
2026-03-24_1348037_U_40,0.19273071,cv,1
2026-03-24_1348037_U_42,0.41380715,cv,0
2026-03-24_1348037_U_44,0.4032874,cv,1
2026-03-24_1348037_U_45,0.4540492,cv,0
2026-03-24_1348037_U_47,0.6491685,cv,0
2026-03-24_1348037_U_48,0.4242422,cv,0
2026-03-24_1348037_U_49,0.5238273,cv,0
2026-03-24_1348037_U_5,0.2749344,cv,0
2026-03-24_1348037_U_50,0.7780861,cv,0
2026-03-24_1348037_U_52,0.33967167,cv,0
2026-03-24_1348037_U_6,0.12891126,cv,0
2026-03-24_1348037_U_9,0.40758094,cv,0
2026-03-24_1349260_U_1,0.2109704,cv,0
2026-03-24_1349260_U_11,1.3264328,cv,1
2026-03-24_1349260_U_12,0.77310485,cv,1
2026-03-24_1349260_U_19,0.114528626,cv,0
2026-03-24_1349260_U_2,0.15261774,cv,1
2026-03-24_1349260_U_20,0.13799767,cv,0
2026-03-24_1349260_U_21,0.122938395,cv,0
2026-03-24_1349260_U_22,0.20050001,cv,0
2026-03-24_1349260_U_24,0.17855255,cv,0
2026-03-24_1349260_U_25,0.4730817,cv,0
2026-03-24_1349260_U_26,1.2696469,cv,0
2026-03-24_1349260_U_27,0.91167736,cv,0
2026-03-24_1349260_U_29,0.15293756,cv,0
2026-03-24_1349260_U_30,0.19527517,cv,0
2026-03-24_1349260_U_31,1.0209157,cv,0
2026-03-24_1349260_U_34,0.17293493,cv,0
2026-03-24_1349260_U_35,0.1590409,cv,0
2026-03-24_1349260_U_4,0.7659819,cv,1
2026-03-24_1349260_U_5,0.74115,cv,1
2026-03-24_1349260_U_6,0.17538092,cv,1
2026-03-24_1349260_U_7,0.23536795,cv,1
2026-03-24_1349260_U_8,1.0551761,cv,1
2026-03-24_1359254_U_1,0.2832908,cv,0
2026-03-24_1359254_U_10,0.4928167,cv,0
2026-03-24_1359254_U_13,0.13774133,cv,0
2026-03-24_1359254_U_14,0.18213676,cv,1
2026-03-24_1359254_U_15,0.17677975,cv,0
2026-03-24_1359254_U_16,0.14281785,cv,0
2026-03-24_1359254_U_19,0.23080604,cv,0
2026-03-24_1359254_U_2,0.15070382,cv,1
2026-03-24_1359254_U_22,0.20218526,cv,0
2026-03-24_1359254_U_23,0.16771808,cv,0
2026-03-24_1359254_U_25,0.18644512,cv,0
2026-03-24_1359254_U_26,0.1326103,cv,0
2026-03-24_1359254_U_28,0.23320276,cv,1
2026-03-24_1359254_U_3,0.2927308,cv,0
2026-03-24_1359254_U_30,0.22758731,cv,0
2026-03-24_1359254_U_31,0.19639926,cv,1
2026-03-24_1359254_U_32,0.15292926,cv,0
2026-03-24_1359254_U_34,0.2443161,cv,1
2026-03-24_1359254_U_35,0.18653882,cv,0
2026-03-24_1359254_U_37,0.13545524,cv,1
2026-03-24_1359254_U_38,0.1908508,cv,0
2026-03-24_1359254_U_4,0.26457778,cv,0
2026-03-24_1359254_U_40,0.13594727,cv,1
2026-03-24_1359254_U_41,0.17494366,cv,0
2026-03-24_1359254_U_42,0.24924305,cv,1
2026-03-24_1359254_U_43,0.15678535,cv,1
2026-03-24_1359254_U_46,0.56257915,cv,1
2026-03-24_1359254_U_47,0.34832472,cv,1
2026-03-24_1359254_U_49,0.20506474,cv,1
2026-03-24_1359254_U_52,0.12781674,cv,0
2026-03-24_1359254_U_53,0.22705016,cv,1
2026-03-24_1359254_U_56,0.11488168,cv,1
2026-03-24_1359254_U_58,0.1363157,cv,1
2026-03-24_1359254_U_6,0.12333679,cv,0
2026-03-24_1359254_U_60,0.21631108,cv,0
2026-03-24_1359254_U_61,0.18258171,cv,1
2026-03-24_1359254_U_62,0.15617232,cv,1
2026-03-24_1359254_U_64,0.2301909,cv,1
2026-03-24_1359254_U_66,0.14972296,cv,0
2026-03-24_1359254_U_67,0.14890444,cv,1
2026-03-24_1359254_U_69,0.1866478,cv,1
2026-03-24_1359254_U_7,0.5274276,cv,0
2026-03-24_1359254_U_70,0.22163117,cv,1
2026-03-24_1359254_U_72,0.2669801,cv,0
2026-03-24_1359254_U_73,0.13099709,cv,0
2026-03-24_1359254_U_74,0.20708501,cv,1
2026-03-24_1359254_U_77,0.25422418,cv,1
2026-03-24_1359254_U_78,0.27677986,cv,0
2026-03-24_1359254_U_79,0.12377851,cv,0
2026-03-24_1359254_U_9,0.21362631,cv,0
2026-03-24_1390072_U_1,0.27455264,cv,1
2026-03-24_1390072_U_12,0.69218624,cv,0
2026-03-24_1390072_U_14,0.21898696,cv,0
2026-03-24_1390072_U_15,0.17514472,cv,0
2026-03-24_1390072_U_16,0.28285503,cv,0
2026-03-24_1390072_U_21,0.12690398,cv,0
2026-03-24_1390072_U_23,0.12837616,cv,1
2026-03-24_1390072_U_25,0.20527844,cv,0
2026-03-24_1390072_U_26,0.1296503,cv,0
2026-03-24_1390072_U_27,0.40177342,cv,0
2026-03-24_1390072_U_4,0.16908991,cv,0
2026-03-24_1390072_U_7,0.17305547,cv,0
2026-03-24_1390072_U_9,0.21455088,cv,1
2026-03-24_1407494_U_1,0.18480246,cv,0
2026-03-24_1407494_U_12,0.19157521,cv,0
2026-03-24_1407494_U_13,0.22385007,cv,1
2026-03-24_1407494_U_15,0.2229479,cv,0
2026-03-24_1407494_U_18,0.2044616,cv,1
2026-03-24_1407494_U_2,0.1774311,cv,0
2026-03-24_1407494_U_25,0.3242033,cv,0
2026-03-24_1407494_U_30,0.27613133,cv,1
2026-03-24_1407494_U_37,0.31869516,cv,0
2026-03-24_1407494_U_5,0.22941414,cv,0
2026-03-24_1407494_U_6,0.22662133,cv,0
2026-03-24_1407494_U_7,0.17944309,cv,0
2026-03-24_1407494_U_8,0.19999811,cv,0
2026-03-24_1407494_U_9,0.20660612,cv,0
2026-03-24_1407495_U_1,0.26098958,cv,0
2026-03-24_1407495_U_11,0.28345445,cv,0
2026-03-24_1407495_U_12,0.1521067,cv,0
2026-03-24_1407495_U_13,0.12841967,cv,1
2026-03-24_1407495_U_16,0.27825058,cv,1
2026-03-24_1407495_U_17,0.12458429,cv,1
2026-03-24_1407495_U_19,0.17360345,cv,0
2026-03-24_1407495_U_2,0.15994191,cv,0
2026-03-24_1407495_U_20,0.18183152,cv,0
2026-03-24_1407495_U_21,0.2357754,cv,1
2026-03-24_1407495_U_22,0.22725356,cv,0
2026-03-24_1407495_U_23,0.19401085,cv,0
2026-03-24_1407495_U_24,0.28647947,cv,0
2026-03-24_1407495_U_25,0.3565155,cv,0
2026-03-24_1407495_U_26,0.42922744,cv,1
2026-03-24_1407495_U_4,0.27337703,cv,0
2026-03-24_1407495_U_5,0.30231616,cv,0
2026-03-24_1407495_U_6,0.111511916,cv,1
2026-03-24_1407495_U_7,0.18005025,cv,1
2026-03-24_1407495_U_8,0.13756752,cv,1
2026-03-24_1407495_U_9,0.26096246,cv,1
2026-03-24_1429985_U_12,0.16414636,cv,1
2026-03-24_1429985_U_17,0.10762218,cv,1
2026-03-24_1429985_U_22,0.0940501,cv,1
2026-03-24_1429985_U_24,0.21751826,cv,0
2026-03-24_1429985_U_3,0.1471199,cv,1
2026-03-24_1429985_U_37,0.13593034,cv,1
2026-03-24_1429985_U_41,0.096448794,cv,1
2026-03-24_1429985_U_42,0.09760281,cv,1
2026-03-24_1429985_U_51,0.11639139,cv,1
2026-03-24_1429985_U_56,0.22242233,cv,1
2026-03-24_1429985_U_58,0.28526735,cv,1
2026-03-24_1429985_U_61,0.10554101,cv,1
2026-03-24_1429985_U_66,0.14254555,cv,1
2026-03-24_1429985_U_71,0.25606266,cv,1
2026-03-24_1431265_U_1,0.15653592,cv,0
2026-03-24_1431265_U_100,0.16738848,cv,0
2026-03-24_1431265_U_101,0.12359673,cv,0
2026-03-24_1431265_U_103,0.11765872,cv,1
2026-03-24_1431265_U_106,0.22248416,cv,0
2026-03-24_1431265_U_109,0.11293641,cv,1
2026-03-24_1431265_U_112,0.37746117,cv,0
2026-03-24_1431265_U_118,0.1448634,cv,0
2026-03-24_1431265_U_119,0.118723385,cv,0
2026-03-24_1431265_U_122,0.12081353,cv,0
2026-03-24_1431265_U_123,0.109856054,cv,0
2026-03-24_1431265_U_124,0.10750125,cv,0
2026-03-24_1431265_U_127,0.1154656,cv,0
2026-03-24_1431265_U_128,0.11503339,cv,0
2026-03-24_1431265_U_129,0.08831968,cv,0
2026-03-24_1431265_U_13,0.15941602,cv,0
2026-03-24_1431265_U_130,0.20390747,cv,0
2026-03-24_1431265_U_133,0.12967901,cv,0
2026-03-24_1431265_U_134,0.15268174,cv,0
2026-03-24_1431265_U_135,0.10133952,cv,0
2026-03-24_1431265_U_137,0.15791886,cv,0
2026-03-24_1431265_U_138,0.17679974,cv,1
2026-03-24_1431265_U_139,0.21859813,cv,0
2026-03-24_1431265_U_14,0.14868936,cv,0
2026-03-24_1431265_U_140,0.14448915,cv,0
2026-03-24_1431265_U_144,0.2129066,cv,0
2026-03-24_1431265_U_145,0.15253071,cv,0
2026-03-24_1431265_U_147,0.11780119,cv,1
2026-03-24_1431265_U_148,0.16818157,cv,0
2026-03-24_1431265_U_149,0.15055634,cv,0
2026-03-24_1431265_U_15,0.110859394,cv,1
2026-03-24_1431265_U_151,0.1197983,cv,0
2026-03-24_1431265_U_152,0.20765698,cv,1
2026-03-24_1431265_U_153,0.1251029,cv,0
2026-03-24_1431265_U_154,0.1439054,cv,0
2026-03-24_1431265_U_156,0.1662753,cv,0
2026-03-24_1431265_U_157,0.13795243,cv,1
2026-03-24_1431265_U_158,0.15236372,cv,0
2026-03-24_1431265_U_161,0.14446801,cv,1
2026-03-24_1431265_U_162,0.17983273,cv,1
2026-03-24_1431265_U_163,0.18120754,cv,0
2026-03-24_1431265_U_164,0.3058743,cv,0
2026-03-24_1431265_U_170,0.20350038,cv,1
2026-03-24_1431265_U_171,0.19284777,cv,0
2026-03-24_1431265_U_173,0.595078,cv,0
2026-03-24_1431265_U_18,0.15507984,cv,0
2026-03-24_1431265_U_19,0.13610406,cv,0
2026-03-24_1431265_U_2,0.14775789,cv,0
2026-03-24_1431265_U_20,0.16011643,cv,1
2026-03-24_1431265_U_25,0.1173587,cv,0
2026-03-24_1431265_U_26,0.09969141,cv,1
2026-03-24_1431265_U_3,0.16583362,cv,1
2026-03-24_1431265_U_30,0.1709404,cv,0
2026-03-24_1431265_U_31,0.15620367,cv,0
2026-03-24_1431265_U_32,0.10834964,cv,1
2026-03-24_1431265_U_36,0.21187305,cv,0
2026-03-24_1431265_U_37,0.16323408,cv,0
2026-03-24_1431265_U_38,0.1264756,cv,1
2026-03-24_1431265_U_40,0.24361587,cv,0
2026-03-24_1431265_U_43,0.15995415,cv,0
2026-03-24_1431265_U_44,0.1320948,cv,1
2026-03-24_1431265_U_45,0.099302284,cv,0
2026-03-24_1431265_U_46,0.1511942,cv,0
2026-03-24_1431265_U_47,0.14337215,cv,0
2026-03-24_1431265_U_49,0.16440222,cv,0
2026-03-24_1431265_U_50,0.10141508,cv,1
2026-03-24_1431265_U_52,0.13088113,cv,0
2026-03-24_1431265_U_55,0.21605073,cv,0
2026-03-24_1431265_U_56,0.09087097,cv,1
2026-03-24_1431265_U_57,0.12781806,cv,1
2026-03-24_1431265_U_58,0.11680188,cv,0
2026-03-24_1431265_U_59,0.13439462,cv,0
2026-03-24_1431265_U_61,0.19143343,cv,1
2026-03-24_1431265_U_62,0.117323145,cv,1
2026-03-24_1431265_U_65,0.1502034,cv,0
2026-03-24_1431265_U_67,0.16090626,cv,0
2026-03-24_1431265_U_68,0.22349799,cv,1
2026-03-24_1431265_U_7,0.12667193,cv,0
2026-03-24_1431265_U_70,0.2125338,cv,0
2026-03-24_1431265_U_71,0.14159267,cv,0
2026-03-24_1431265_U_72,0.24631462,cv,0
2026-03-24_1431265_U_73,0.09693884,cv,1
2026-03-24_1431265_U_76,0.15699014,cv,0
2026-03-24_1431265_U_77,0.11051192,cv,0
2026-03-24_1431265_U_78,0.14015555,cv,0
2026-03-24_1431265_U_79,0.15683553,cv,1
2026-03-24_1431265_U_8,0.13669837,cv,0
2026-03-24_1431265_U_80,0.14296684,cv,1
2026-03-24_1431265_U_85,0.14677733,cv,1
2026-03-24_1431265_U_9,0.11573464,cv,1
2026-03-24_1431265_U_91,0.13310485,cv,1
2026-03-24_1431265_U_94,0.15657204,cv,0
2026-03-24_1431265_U_95,0.12289723,cv,0
2026-03-24_1439975_U_1,0.27206194,cv,1
2026-03-24_1439975_U_10,0.13125068,cv,1
2026-03-24_1439975_U_100,0.28293085,cv,0
2026-03-24_1439975_U_101,0.4153702,cv,0
2026-03-24_1439975_U_11,0.23649287,cv,0
2026-03-24_1439975_U_13,0.1445986,cv,0
2026-03-24_1439975_U_14,0.1349357,cv,1
2026-03-24_1439975_U_17,0.20229721,cv,0
2026-03-24_1439975_U_18,0.12603512,cv,1
2026-03-24_1439975_U_19,0.17408118,cv,1
2026-03-24_1439975_U_2,0.13861081,cv,0
2026-03-24_1439975_U_21,0.32508698,cv,0
2026-03-24_1439975_U_22,0.27795115,cv,0
2026-03-24_1439975_U_23,0.16560589,cv,1
2026-03-24_1439975_U_25,0.14102119,cv,0
2026-03-24_1439975_U_29,0.19832537,cv,0
2026-03-24_1439975_U_30,0.19407547,cv,1
2026-03-24_1439975_U_31,0.51106185,cv,0
2026-03-24_1439975_U_33,0.1612952,cv,0
2026-03-24_1439975_U_34,0.17078458,cv,0
2026-03-24_1439975_U_35,0.29220325,cv,0
2026-03-24_1439975_U_38,0.17144422,cv,0
2026-03-24_1439975_U_40,0.16892473,cv,1
2026-03-24_1439975_U_42,0.18994825,cv,1
2026-03-24_1439975_U_44,0.6154175,cv,1
2026-03-24_1439975_U_46,0.20341693,cv,1
2026-03-24_1439975_U_5,0.18837526,cv,0
2026-03-24_1439975_U_50,0.13205577,cv,1
2026-03-24_1439975_U_52,0.63241464,cv,1
2026-03-24_1439975_U_58,0.1284905,cv,1
2026-03-24_1439975_U_6,0.17072438,cv,0
2026-03-24_1439975_U_61,0.1417585,cv,0
2026-03-24_1439975_U_62,0.12424797,cv,0
2026-03-24_1439975_U_65,0.409429,cv,1
2026-03-24_1439975_U_66,0.2953662,cv,0
2026-03-24_1439975_U_70,0.17625326,cv,1
2026-03-24_1439975_U_75,0.1506773,cv,0
2026-03-24_1439975_U_76,0.1453097,cv,1
2026-03-24_1439975_U_77,0.15753382,cv,1
2026-03-24_1439975_U_78,0.16864471,cv,0
2026-03-24_1439975_U_79,0.20114122,cv,0
2026-03-24_1439975_U_80,0.16020824,cv,1
2026-03-24_1439975_U_84,0.14202464,cv,1
2026-03-24_1439975_U_86,0.14168209,cv,0
2026-03-24_1439975_U_88,0.17945004,cv,1
2026-03-24_1439975_U_89,0.23829904,cv,1
2026-03-24_1439975_U_9,0.18075654,cv,0
2026-03-24_1439975_U_92,0.15048416,cv,1
2026-03-24_1439975_U_97,0.17365503,cv,0
2026-03-24_1441389_U_1,2.7852325,cv,0
2026-03-24_1441389_U_11,2.2647748,cv,0
2026-03-24_1441389_U_12,1.8825014,cv,0
2026-03-24_1441389_U_13,2.393464,cv,0
2026-03-24_1441389_U_14,0.21453695,cv,0
2026-03-24_1441389_U_16,2.444229,cv,0
2026-03-24_1441389_U_17,1.4640311,cv,0
2026-03-24_1441389_U_18,2.046895,cv,0
2026-03-24_1441389_U_19,2.006711,cv,0
2026-03-24_1441389_U_2,0.30787393,cv,0
2026-03-24_1441389_U_20,2.0514555,cv,0
2026-03-24_1441389_U_21,2.2817063,cv,0
2026-03-24_1441389_U_6,1.862869,cv,0
2026-03-24_1441389_U_7,0.1329771,cv,0
2026-03-24_1474792_U_1,0.25333077,cv,0
2026-03-24_1474792_U_10,0.15424874,cv,0
2026-03-24_1474792_U_11,0.29622942,cv,0
2026-03-24_1474792_U_12,0.1302397,cv,1
2026-03-24_1474792_U_13,0.14426234,cv,1
2026-03-24_1474792_U_14,0.16267934,cv,0
2026-03-24_1474792_U_15,0.19326413,cv,0
2026-03-24_1474792_U_16,0.15656225,cv,1
2026-03-24_1474792_U_18,0.1692674,cv,0
2026-03-24_1474792_U_19,0.14565876,cv,0
2026-03-24_1474792_U_2,0.14764461,cv,0
2026-03-24_1474792_U_20,0.120491624,cv,1
2026-03-24_1474792_U_21,0.20771144,cv,1
2026-03-24_1474792_U_22,0.15659073,cv,0
2026-03-24_1474792_U_23,0.1819468,cv,0
2026-03-24_1474792_U_25,0.19859159,cv,0
2026-03-24_1474792_U_28,0.15557316,cv,0
2026-03-24_1474792_U_29,0.16343376,cv,0
2026-03-24_1474792_U_3,0.11283737,cv,0
2026-03-24_1474792_U_32,0.17414652,cv,0
2026-03-24_1474792_U_33,0.2714876,cv,1
2026-03-24_1474792_U_36,0.19091755,cv,0
2026-03-24_1474792_U_37,0.19294214,cv,0
2026-03-24_1474792_U_38,0.21152148,cv,0
2026-03-24_1474792_U_39,0.250648,cv,0
2026-03-24_1474792_U_4,0.20003651,cv,0
2026-03-24_1474792_U_5,0.13918766,cv,0
2026-03-24_1474792_U_6,0.14436328,cv,0
2026-03-24_1474792_U_7,0.15533464,cv,1
2026-03-24_1474792_U_9,0.15586111,cv,1
2026-03-24_1474793_U_1,0.107176766,cv,0
2026-03-24_1474793_U_2,0.14466128,cv,1
2026-03-24_1474793_U_3,0.17253134,cv,0
2026-03-24_1474793_U_4,0.15195209,cv,0
2026-03-24_1476582_U_1,0.261412,cv,1
2026-03-24_1476582_U_10,0.48649547,cv,0
2026-03-24_1476582_U_11,0.3471156,cv,0
2026-03-24_1476582_U_12,0.26861718,cv,0
2026-03-24_1476582_U_13,0.19646981,cv,1
2026-03-24_1476582_U_17,0.3699679,cv,0
2026-03-24_1476582_U_18,0.26971593,cv,1
2026-03-24_1476582_U_19,0.33100936,cv,0
2026-03-24_1476582_U_20,0.33574915,cv,0
2026-03-24_1476582_U_21,0.3539246,cv,0
2026-03-24_1476582_U_22,0.25922677,cv,0
2026-03-24_1476582_U_23,0.27929395,cv,0
2026-03-24_1476582_U_24,0.22433037,cv,1
2026-03-24_1476582_U_25,0.22274224,cv,1
2026-03-24_1476582_U_26,0.16229802,cv,1
2026-03-24_1476582_U_27,0.21144333,cv,0
2026-03-24_1476582_U_28,0.3367208,cv,0
2026-03-24_1476582_U_29,0.31372184,cv,0
2026-03-24_1476582_U_3,0.47524843,cv,0
2026-03-24_1476582_U_30,0.36192426,cv,1
2026-03-24_1476582_U_32,0.2736745,cv,0
2026-03-24_1476582_U_33,0.2789703,cv,1
2026-03-24_1476582_U_34,0.38741332,cv,0
2026-03-24_1476582_U_35,0.29865333,cv,0
2026-03-24_1476582_U_36,0.23343238,cv,0
2026-03-24_1476582_U_37,0.30850857,cv,0
2026-03-24_1476582_U_4,0.3347156,cv,0
2026-03-24_1476582_U_5,0.7629385,cv,0
2026-03-24_1476582_U_6,0.3554725,cv,0
2026-03-24_1476582_U_7,0.4209972,cv,0
2026-03-24_1476582_U_8,0.3434944,cv,0
2026-03-24_1476582_U_9,0.2895217,cv,0
2026-03-24_1476584_U_1,0.26064938,cv,0
2026-03-24_1476584_U_10,0.30877846,cv,0
2026-03-24_1476584_U_11,0.18190452,cv,1
2026-03-24_1476584_U_12,0.8835143,cv,1
2026-03-24_1476584_U_13,0.25845236,cv,0
2026-03-24_1476584_U_2,0.35281825,cv,0
2026-03-24_1476584_U_3,0.46919936,cv,1
2026-03-24_1476584_U_4,0.64166254,cv,1
2026-03-24_1476584_U_7,0.110055506,cv,0
2026-03-24_1476584_U_8,0.2078676,cv,0
2026-03-24_1476584_U_9,0.50173664,cv,1
2026-03-24_1477764_U_10,0.12834027,cv,0
2026-03-24_1477764_U_11,0.15920103,cv,0
2026-03-24_1477764_U_13,0.17594755,cv,0
2026-03-24_1477764_U_14,0.13892934,cv,0
2026-03-24_1477764_U_15,0.11827527,cv,0
2026-03-24_1477764_U_16,0.16878277,cv,0
2026-03-24_1477764_U_17,0.13885756,cv,0
2026-03-24_1477764_U_18,0.21853447,cv,0
2026-03-24_1477764_U_19,0.20004784,cv,0
2026-03-24_1477764_U_2,0.12636536,cv,1
2026-03-24_1477764_U_20,0.22175407,cv,0
2026-03-24_1477764_U_21,0.18290424,cv,0
2026-03-24_1477764_U_22,0.19795422,cv,0
2026-03-24_1477764_U_23,0.19116092,cv,0
2026-03-24_1477764_U_24,0.13152406,cv,0
2026-03-24_1477764_U_25,0.22004938,cv,0
2026-03-24_1477764_U_26,0.1527925,cv,0
2026-03-24_1477764_U_27,0.16658472,cv,0
2026-03-24_1477764_U_28,0.18803445,cv,0
2026-03-24_1477764_U_29,0.16155688,cv,0
2026-03-24_1477764_U_30,0.14473462,cv,0
2026-03-24_1477764_U_31,0.19089511,cv,0
2026-03-24_1477764_U_32,0.14209804,cv,0
2026-03-24_1477764_U_33,0.13767609,cv,0
2026-03-24_1477764_U_34,0.11129656,cv,0
2026-03-24_1477764_U_35,0.15106435,cv,0
2026-03-24_1477764_U_36,0.13521224,cv,1
2026-03-24_1477764_U_37,0.112763464,cv,0
2026-03-24_1477764_U_38,0.1485474,cv,0
2026-03-24_1477764_U_39,0.16687576,cv,0
2026-03-24_1477764_U_4,0.14426187,cv,0
2026-03-24_1477764_U_40,0.13591945,cv,0
2026-03-24_1477764_U_41,0.119083725,cv,0
2026-03-24_1477764_U_42,0.12761495,cv,0
2026-03-24_1477764_U_43,0.13535461,cv,0
2026-03-24_1477764_U_44,0.13778608,cv,0
2026-03-24_1477764_U_45,0.14798948,cv,0
2026-03-24_1477764_U_49,0.15924025,cv,0
2026-03-24_1477764_U_50,0.13783535,cv,0
2026-03-24_1477764_U_51,0.11893811,cv,0
2026-03-24_1477764_U_54,0.16890451,cv,0
2026-03-24_1477764_U_55,0.15806413,cv,0
2026-03-24_1477764_U_56,0.16786745,cv,0
2026-03-24_1477764_U_57,0.22239749,cv,0
2026-03-24_1477764_U_58,0.2685327,cv,0
2026-03-24_1477764_U_6,0.14288223,cv,0
2026-03-24_1477764_U_60,0.10883986,cv,0
2026-03-24_1477764_U_61,0.18956582,cv,0
2026-03-24_1477764_U_62,0.17076825,cv,0
2026-03-24_1477764_U_63,0.19097611,cv,0
2026-03-24_1477764_U_64,0.1258766,cv,0
2026-03-24_1477764_U_65,0.120854676,cv,1
2026-03-24_1477764_U_66,0.21870658,cv,0
2026-03-24_1477764_U_67,0.199131,cv,0
2026-03-24_1477764_U_68,0.11639726,cv,1
2026-03-24_1477764_U_69,0.17699918,cv,0
2026-03-24_1477764_U_7,0.20813927,cv,0
2026-03-24_1477764_U_70,0.120550126,cv,0
2026-03-24_1477764_U_71,0.17353313,cv,0
2026-03-24_1477764_U_72,0.11406244,cv,0
2026-03-24_1477764_U_73,0.43933743,cv,0
2026-03-24_1477764_U_74,0.1595059,cv,0
2026-03-24_1477764_U_75,0.13783,cv,0
2026-03-24_1477764_U_76,0.15738186,cv,0
2026-03-24_1477764_U_77,0.17292154,cv,0
2026-03-24_1477764_U_78,0.22531675,cv,0
2026-03-24_1477764_U_79,0.12984681,cv,0
2026-03-24_1477764_U_8,0.16976285,cv,1
2026-03-24_1477764_U_80,0.12355276,cv,0
2026-03-24_1477764_U_81,0.12070793,cv,0
2026-03-24_1477764_U_86,0.19090413,cv,0
2026-03-24_1477764_U_88,0.14619133,cv,0
2026-03-24_1477764_U_89,0.123210214,cv,0
2026-03-24_1477764_U_9,0.14000678,cv,0
2026-03-24_1477764_U_90,0.14239423,cv,0
2026-03-24_1477764_U_91,0.33714414,cv,0
2026-03-24_1477764_U_92,0.11799606,cv,0
2026-03-24_1477764_U_94,0.22410081,cv,0
2026-03-24_1477766_U_1,0.21316203,cv,0
2026-03-24_1477766_U_10,0.15283714,cv,0
2026-03-24_1477766_U_11,0.41771245,cv,0
2026-03-24_1477766_U_13,0.12503582,cv,0
2026-03-24_1477766_U_14,0.14043581,cv,1
2026-03-24_1477766_U_15,0.17037532,cv,0
2026-03-24_1477766_U_16,0.12647226,cv,0
2026-03-24_1477766_U_17,0.18930262,cv,0
2026-03-24_1477766_U_18,0.1814541,cv,0
2026-03-24_1477766_U_19,0.19673292,cv,0
2026-03-24_1477766_U_2,0.2994654,cv,0
2026-03-24_1477766_U_20,0.13983488,cv,0
2026-03-24_1477766_U_25,0.105471514,cv,0
2026-03-24_1477766_U_26,0.14436492,cv,0
2026-03-24_1477766_U_27,0.18874304,cv,0
2026-03-24_1477766_U_28,0.20988318,cv,0
2026-03-24_1477766_U_30,0.19360575,cv,0
2026-03-24_1477766_U_31,0.22557138,cv,0
2026-03-24_1477766_U_4,0.21092705,cv,0
2026-03-24_1477766_U_5,0.10131855,cv,0
2026-03-24_1477766_U_6,0.2541585,cv,0
2026-03-24_1477766_U_7,0.24492025,cv,0
2026-03-24_1477766_U_8,0.22178161,cv,0
2026-03-24_1477766_U_9,0.18100803,cv,0
2026-03-24_1477767_U_1,0.2674739,cv,0
2026-03-24_1477767_U_10,0.1906836,cv,0
2026-03-24_1477767_U_11,0.35017478,cv,0
2026-03-24_1477767_U_12,0.49338743,cv,0
2026-03-24_1477767_U_14,0.119395465,cv,0
2026-03-24_1477767_U_15,0.17342857,cv,0
2026-03-24_1477767_U_16,0.16796893,cv,0
2026-03-24_1477767_U_18,0.14685409,cv,0
2026-03-24_1477767_U_19,0.12933384,cv,0
2026-03-24_1477767_U_2,0.1633291,cv,0
2026-03-24_1477767_U_20,0.19993743,cv,1
2026-03-24_1477767_U_21,0.17248267,cv,0
2026-03-24_1477767_U_22,0.13402908,cv,0
2026-03-24_1477767_U_23,0.21655166,cv,0
2026-03-24_1477767_U_24,0.22435609,cv,0
2026-03-24_1477767_U_25,0.105424345,cv,0
2026-03-24_1477767_U_26,0.19200353,cv,1
2026-03-24_1477767_U_27,0.21444379,cv,0
2026-03-24_1477767_U_28,0.18035412,cv,0
2026-03-24_1477767_U_3,0.12427759,cv,0
2026-03-24_1477767_U_30,0.173159,cv,0
2026-03-24_1477767_U_31,0.15025368,cv,1
2026-03-24_1477767_U_32,0.3125865,cv,0
2026-03-24_1477767_U_35,0.25565934,cv,0
2026-03-24_1477767_U_36,0.13941392,cv,0
2026-03-24_1477767_U_38,0.15039478,cv,0
2026-03-24_1477767_U_39,0.2583238,cv,0
2026-03-24_1477767_U_4,0.14210911,cv,0
2026-03-24_1477767_U_40,0.14447664,cv,0
2026-03-24_1477767_U_5,0.15479627,cv,0
2026-03-24_1477767_U_6,0.2083306,cv,0
2026-03-24_1477767_U_7,0.19718564,cv,0
2026-03-24_1477767_U_8,0.18347484,cv,0
2026-03-24_1477767_U_9,0.27438757,cv,0
2026-03-24_1477768_U_1,0.15439266,cv,0
2026-03-24_1477768_U_10,0.23676968,cv,0
2026-03-24_1477768_U_11,0.23134468,cv,0
2026-03-24_1477768_U_12,0.24826464,cv,0
2026-03-24_1477768_U_13,0.14153504,cv,0
2026-03-24_1477768_U_14,0.19617908,cv,0
2026-03-24_1477768_U_15,0.11148551,cv,0
2026-03-24_1477768_U_16,0.17858022,cv,0
2026-03-24_1477768_U_17,0.17100076,cv,0
2026-03-24_1477768_U_18,0.18898937,cv,0
2026-03-24_1477768_U_19,0.25808427,cv,0
2026-03-24_1477768_U_2,0.17539994,cv,0
2026-03-24_1477768_U_20,0.21257219,cv,0
2026-03-24_1477768_U_21,0.12005042,cv,0
2026-03-24_1477768_U_22,0.18930754,cv,0
2026-03-24_1477768_U_23,0.09748648,cv,0
2026-03-24_1477768_U_24,0.23956528,cv,0
2026-03-24_1477768_U_25,0.24580571,cv,1
2026-03-24_1477768_U_26,0.17966543,cv,0
2026-03-24_1477768_U_27,0.24827544,cv,0
2026-03-24_1477768_U_28,0.1967246,cv,0
2026-03-24_1477768_U_3,0.23855633,cv,0
2026-03-24_1477768_U_30,0.16529569,cv,0
2026-03-24_1477768_U_31,0.1521036,cv,0
2026-03-24_1477768_U_32,0.1654324,cv,1
2026-03-24_1477768_U_33,0.23191778,cv,0
2026-03-24_1477768_U_34,0.20386486,cv,0
2026-03-24_1477768_U_35,0.16951764,cv,0
2026-03-24_1477768_U_36,0.18624336,cv,0
2026-03-24_1477768_U_37,0.16563621,cv,0
2026-03-24_1477768_U_38,0.20609689,cv,0
2026-03-24_1477768_U_39,0.16435795,cv,0
2026-03-24_1477768_U_4,0.121985815,cv,0
2026-03-24_1477768_U_40,0.20389877,cv,0
2026-03-24_1477768_U_41,0.12466025,cv,0
2026-03-24_1477768_U_42,0.18681085,cv,0
2026-03-24_1477768_U_43,0.25412667,cv,0
2026-03-24_1477768_U_44,0.11399498,cv,0
2026-03-24_1477768_U_46,0.46586204,cv,0
2026-03-24_1477768_U_47,0.123229824,cv,0
2026-03-24_1477768_U_48,0.14163125,cv,0
2026-03-24_1477768_U_49,0.118424915,cv,0
2026-03-24_1477768_U_5,0.1667901,cv,0
2026-03-24_1477768_U_50,0.22288346,cv,0
2026-03-24_1477768_U_51,0.14671409,cv,0
2026-03-24_1477768_U_56,0.17961097,cv,1
2026-03-24_1477768_U_57,0.2191981,cv,1
2026-03-24_1477768_U_8,0.47936684,cv,0
2026-03-24_1477768_U_9,0.26249838,cv,0
2026-03-24_1477769_U_1,0.3073497,cv,0
2026-03-24_1477769_U_10,0.2497928,cv,0
2026-03-24_1477769_U_11,0.101726696,cv,0
2026-03-24_1477769_U_12,0.122248635,cv,0
2026-03-24_1477769_U_15,0.14948443,cv,0
2026-03-24_1477769_U_16,0.18166713,cv,0
2026-03-24_1477769_U_17,0.266073,cv,0
2026-03-24_1477769_U_18,0.21865742,cv,0
2026-03-24_1477769_U_2,0.2064685,cv,0
2026-03-24_1477769_U_20,0.15654325,cv,0
2026-03-24_1477769_U_21,0.1385081,cv,0
2026-03-24_1477769_U_22,0.101540565,cv,0
2026-03-24_1477769_U_23,0.122204535,cv,0
2026-03-24_1477769_U_24,0.19123195,cv,0
2026-03-24_1477769_U_25,0.13599241,cv,0
2026-03-24_1477769_U_26,0.13865487,cv,0
2026-03-24_1477769_U_27,0.100813195,cv,0
2026-03-24_1477769_U_28,0.12861192,cv,0
2026-03-24_1477769_U_29,0.16501236,cv,0
2026-03-24_1477769_U_3,0.125752,cv,0
2026-03-24_1477769_U_30,0.17504224,cv,0
2026-03-24_1477769_U_31,0.2853869,cv,0
2026-03-24_1477769_U_32,0.124678634,cv,0
2026-03-24_1477769_U_33,0.19065666,cv,0
2026-03-24_1477769_U_34,0.18845654,cv,0
2026-03-24_1477769_U_35,0.24291417,cv,1
2026-03-24_1477769_U_36,0.13575771,cv,0
2026-03-24_1477769_U_37,0.14087027,cv,0
2026-03-24_1477769_U_38,0.10646318,cv,0
2026-03-24_1477769_U_39,0.17095809,cv,0
2026-03-24_1477769_U_4,0.18308482,cv,0
2026-03-24_1477769_U_40,0.22810894,cv,0
2026-03-24_1477769_U_41,0.1793507,cv,0
2026-03-24_1477769_U_42,0.39947292,cv,0
2026-03-24_1477769_U_43,0.26586986,cv,0
2026-03-24_1477769_U_44,0.3311569,cv,0
2026-03-24_1477769_U_45,0.24823557,cv,1
2026-03-24_1477769_U_46,0.48166198,cv,0
2026-03-24_1477769_U_47,0.35504597,cv,1
2026-03-24_1477769_U_48,0.34820482,cv,1
2026-03-24_1477769_U_5,0.1766222,cv,0
2026-03-24_1477769_U_6,0.1830129,cv,0
2026-03-24_1477769_U_7,0.16476527,cv,0
2026-03-24_1477769_U_8,0.20165372,cv,0
2026-03-24_1477769_U_9,0.10915701,cv,0
2026-03-24_1477770_U_1,0.6843199,cv,0
2026-03-24_1477770_U_10,0.21876162,cv,0
2026-03-24_1477770_U_11,0.60914546,cv,0
2026-03-24_1477770_U_12,0.27466157,cv,0
2026-03-24_1477770_U_13,0.96461844,cv,0
2026-03-24_1477770_U_14,0.55925167,cv,1
2026-03-24_1477770_U_15,0.42011294,cv,0
2026-03-24_1477770_U_17,0.6215612,cv,1
2026-03-24_1477770_U_18,0.22227035,cv,0
2026-03-24_1477770_U_2,0.46162212,cv,0
2026-03-24_1477770_U_8,0.35172233,cv,0
2026-03-24_1477770_U_9,0.48732838,cv,0
2026-03-24_1481779_U_1,0.2608526,cv,0
2026-03-24_1481779_U_10,0.23044126,cv,0
2026-03-24_1481779_U_100,0.10654694,cv,0
2026-03-24_1481779_U_104,0.16588692,cv,1
2026-03-24_1481779_U_105,0.19120619,cv,0
2026-03-24_1481779_U_108,0.14262465,cv,0
2026-03-24_1481779_U_11,0.23601687,cv,0
2026-03-24_1481779_U_110,0.16050975,cv,1
2026-03-24_1481779_U_113,0.15656039,cv,1
2026-03-24_1481779_U_116,0.3406307,cv,1
2026-03-24_1481779_U_117,0.15548329,cv,1
2026-03-24_1481779_U_118,0.12016385,cv,0
2026-03-24_1481779_U_119,0.17895332,cv,0
2026-03-24_1481779_U_12,0.21282053,cv,1
2026-03-24_1481779_U_120,0.080982484,cv,0
2026-03-24_1481779_U_124,0.18697028,cv,1
2026-03-24_1481779_U_125,0.11371851,cv,0
2026-03-24_1481779_U_126,0.12784456,cv,0
2026-03-24_1481779_U_127,0.21701382,cv,0
2026-03-24_1481779_U_128,0.22720754,cv,0
2026-03-24_1481779_U_129,0.13569993,cv,0
2026-03-24_1481779_U_13,0.16021566,cv,0
2026-03-24_1481779_U_130,0.16262664,cv,0
2026-03-24_1481779_U_131,0.17821765,cv,0
2026-03-24_1481779_U_14,0.18633333,cv,0
2026-03-24_1481779_U_15,0.08326737,cv,1
2026-03-24_1481779_U_16,0.17688315,cv,0
2026-03-24_1481779_U_18,0.24659042,cv,0
2026-03-24_1481779_U_2,0.15693307,cv,0
2026-03-24_1481779_U_20,0.8540408,cv,0
2026-03-24_1481779_U_21,0.16269472,cv,0
2026-03-24_1481779_U_22,0.10883759,cv,0
2026-03-24_1481779_U_23,0.19107184,cv,0
2026-03-24_1481779_U_24,0.16818011,cv,0
2026-03-24_1481779_U_25,0.16571012,cv,0
2026-03-24_1481779_U_26,0.1276725,cv,0
2026-03-24_1481779_U_27,0.18123606,cv,0
2026-03-24_1481779_U_28,0.122996315,cv,0
2026-03-24_1481779_U_29,0.19474754,cv,0
2026-03-24_1481779_U_30,0.132884,cv,0
2026-03-24_1481779_U_31,0.13210861,cv,1
2026-03-24_1481779_U_32,0.11483593,cv,0
2026-03-24_1481779_U_34,0.14628968,cv,0
2026-03-24_1481779_U_36,0.14316224,cv,0
2026-03-24_1481779_U_37,0.14970414,cv,0
2026-03-24_1481779_U_38,0.1872481,cv,0
2026-03-24_1481779_U_39,0.15216841,cv,0
2026-03-24_1481779_U_4,0.13931611,cv,0
2026-03-24_1481779_U_40,0.14573222,cv,0
2026-03-24_1481779_U_41,0.16423641,cv,0
2026-03-24_1481779_U_42,0.13501751,cv,0
2026-03-24_1481779_U_43,0.090515345,cv,1
2026-03-24_1481779_U_45,0.19871452,cv,1
2026-03-24_1481779_U_46,0.14267412,cv,0
2026-03-24_1481779_U_47,0.17047487,cv,0
2026-03-24_1481779_U_48,0.17181408,cv,0
2026-03-24_1481779_U_49,0.16734898,cv,0
2026-03-24_1481779_U_50,0.17524374,cv,0
2026-03-24_1481779_U_51,0.11851008,cv,0
2026-03-24_1481779_U_52,0.13550273,cv,0
2026-03-24_1481779_U_53,0.17534634,cv,1
2026-03-24_1481779_U_55,0.1380279,cv,0
2026-03-24_1481779_U_56,0.106080376,cv,0
2026-03-24_1481779_U_57,0.11046641,cv,0
2026-03-24_1481779_U_58,0.19964242,cv,0
2026-03-24_1481779_U_59,0.07301028,cv,1
2026-03-24_1481779_U_6,0.21846256,cv,0
2026-03-24_1481779_U_60,0.10412129,cv,0
2026-03-24_1481779_U_61,0.16189468,cv,1
2026-03-24_1481779_U_62,0.14508359,cv,0
2026-03-24_1481779_U_63,0.12984131,cv,0
2026-03-24_1481779_U_64,0.13558498,cv,0
2026-03-24_1481779_U_65,0.21312803,cv,0
2026-03-24_1481779_U_66,0.17802922,cv,0
2026-03-24_1481779_U_67,0.10128673,cv,1
2026-03-24_1481779_U_68,0.18658423,cv,0
2026-03-24_1481779_U_69,0.10066166,cv,0
2026-03-24_1481779_U_7,0.113705896,cv,0
2026-03-24_1481779_U_70,0.16768742,cv,0
2026-03-24_1481779_U_71,0.19099867,cv,1
2026-03-24_1481779_U_72,0.11903756,cv,1
2026-03-24_1481779_U_73,0.14454526,cv,1
2026-03-24_1481779_U_74,0.10018879,cv,0
2026-03-24_1481779_U_75,0.13986957,cv,1
2026-03-24_1481779_U_76,0.08922513,cv,0
2026-03-24_1481779_U_77,0.090561055,cv,0
2026-03-24_1481779_U_78,0.20793286,cv,0
2026-03-24_1481779_U_79,0.18531966,cv,0
2026-03-24_1481779_U_8,0.18430388,cv,0
2026-03-24_1481779_U_80,0.10782417,cv,0
2026-03-24_1481779_U_81,0.07280177,cv,0
2026-03-24_1481779_U_82,0.18129957,cv,0
2026-03-24_1481779_U_83,0.08046519,cv,0
2026-03-24_1481779_U_84,0.12271383,cv,0
2026-03-24_1481779_U_85,0.14845344,cv,0
2026-03-24_1481779_U_86,0.0882959,cv,0
2026-03-24_1481779_U_87,0.16085674,cv,0
2026-03-24_1481779_U_88,0.060669333,cv,0
2026-03-24_1481779_U_89,0.12729107,cv,0
2026-03-24_1481779_U_9,0.09038332,cv,0
2026-03-24_1481779_U_90,0.09664314,cv,0
2026-03-24_1481779_U_91,0.093530536,cv,0
2026-03-24_1481779_U_92,0.16637436,cv,0
2026-03-24_1481779_U_93,0.1023766,cv,0
2026-03-24_1481779_U_94,0.12940085,cv,0
2026-03-24_1481779_U_95,0.12434885,cv,0
2026-03-24_1481779_U_96,0.09448664,cv,0
2026-03-24_1481779_U_97,0.14312103,cv,0
2026-03-24_1493653_U_1,0.38466823,cv,0
2026-03-24_1493653_U_10,0.18776727,cv,0
2026-03-24_1493653_U_100,0.30075634,cv,0
2026-03-24_1493653_U_101,0.2967701,cv,0
2026-03-24_1493653_U_102,0.4736114,cv,0
2026-03-24_1493653_U_103,0.24200998,cv,0
2026-03-24_1493653_U_105,0.25108638,cv,1
2026-03-24_1493653_U_106,0.11884989,cv,1
2026-03-24_1493653_U_108,0.17230469,cv,0
2026-03-24_1493653_U_109,0.35019565,cv,0
2026-03-24_1493653_U_111,0.17008047,cv,1
2026-03-24_1493653_U_114,0.6852748,cv,0
2026-03-24_1493653_U_118,0.22971132,cv,1
2026-03-24_1493653_U_119,0.111713395,cv,1
2026-03-24_1493653_U_124,0.19476962,cv,0
2026-03-24_1493653_U_127,0.45011806,cv,0
2026-03-24_1493653_U_128,0.25112116,cv,1
2026-03-24_1493653_U_133,0.31231666,cv,1
2026-03-24_1493653_U_136,0.20010082,cv,0
2026-03-24_1493653_U_137,0.41735715,cv,0
2026-03-24_1493653_U_138,0.37825292,cv,0
2026-03-24_1493653_U_14,0.19206339,cv,0
2026-03-24_1493653_U_143,0.2341491,cv,0
2026-03-24_1493653_U_144,0.39086494,cv,0
2026-03-24_1493653_U_15,0.17354856,cv,0
2026-03-24_1493653_U_153,0.21426758,cv,0
2026-03-24_1493653_U_154,0.21107793,cv,0
2026-03-24_1493653_U_156,0.12686971,cv,1
2026-03-24_1493653_U_162,0.102213226,cv,0
2026-03-24_1493653_U_166,0.2894071,cv,0
2026-03-24_1493653_U_167,0.17890501,cv,0
2026-03-24_1493653_U_168,0.28703737,cv,0
2026-03-24_1493653_U_169,0.3857339,cv,0
2026-03-24_1493653_U_176,0.18250248,cv,0
2026-03-24_1493653_U_180,0.29649878,cv,0
2026-03-24_1493653_U_181,0.31598136,cv,0
2026-03-24_1493653_U_190,0.24202143,cv,0
2026-03-24_1493653_U_2,0.35453582,cv,0
2026-03-24_1493653_U_21,0.10971775,cv,0
2026-03-24_1493653_U_25,0.1943125,cv,0
2026-03-24_1493653_U_27,0.3144874,cv,0
2026-03-24_1493653_U_29,0.28832144,cv,0
2026-03-24_1493653_U_3,0.25059757,cv,0
2026-03-24_1493653_U_30,0.23934333,cv,1
2026-03-24_1493653_U_36,0.35654235,cv,0
2026-03-24_1493653_U_37,0.19941783,cv,1
2026-03-24_1493653_U_38,0.19671851,cv,0
2026-03-24_1493653_U_41,0.31413445,cv,0
2026-03-24_1493653_U_43,0.1490618,cv,0
2026-03-24_1493653_U_45,0.17396049,cv,1
2026-03-24_1493653_U_46,0.15573998,cv,0
2026-03-24_1493653_U_50,0.20033488,cv,0
2026-03-24_1493653_U_53,0.16335863,cv,0
2026-03-24_1493653_U_55,0.1523984,cv,1
2026-03-24_1493653_U_59,0.18067303,cv,0
2026-03-24_1493653_U_60,0.3903551,cv,0
2026-03-24_1493653_U_61,0.37644535,cv,1
2026-03-24_1493653_U_63,1.6546158,cv,1
2026-03-24_1493653_U_66,0.21946532,cv,0
2026-03-24_1493653_U_69,0.23332867,cv,0
2026-03-24_1493653_U_7,0.15546805,cv,0
2026-03-24_1493653_U_75,0.33113366,cv,0
2026-03-24_1493653_U_77,0.19007692,cv,1
2026-03-24_1493653_U_78,0.27314118,cv,1
2026-03-24_1493653_U_83,0.19338529,cv,0
2026-03-24_1493653_U_85,0.23940706,cv,1
2026-03-24_1493653_U_89,0.21648625,cv,0
2026-03-24_1493653_U_93,0.22083816,cv,0
2026-03-24_1493653_U_94,0.52804613,cv,0
2026-03-24_1493653_U_95,0.50678515,cv,0
2026-03-24_1493653_U_96,0.21429527,cv,1
2026-03-24_1493653_U_98,0.25034148,cv,0
2026-03-24_1495854_U_1,0.2236108,cv,0
2026-03-24_1495854_U_10,0.23784709,cv,0
2026-03-24_1495854_U_11,0.26118132,cv,0
2026-03-24_1495854_U_12,0.41921943,cv,0
2026-03-24_1495854_U_14,0.31829092,cv,0
2026-03-24_1495854_U_15,0.19091257,cv,0
2026-03-24_1495854_U_17,0.31722638,cv,1
2026-03-24_1495854_U_19,0.2864724,cv,0
2026-03-24_1495854_U_2,0.18598925,cv,0
2026-03-24_1495854_U_20,0.11463004,cv,1
2026-03-24_1495854_U_22,0.17791328,cv,0
2026-03-24_1495854_U_25,0.44513166,cv,0
2026-03-24_1495854_U_27,0.48081216,cv,0
2026-03-24_1495854_U_28,0.20831686,cv,0
2026-03-24_1495854_U_29,0.24913216,cv,0
2026-03-24_1495854_U_3,0.71148145,cv,0
2026-03-24_1495854_U_30,0.30491823,cv,0
2026-03-24_1495854_U_31,0.19123375,cv,0
2026-03-24_1495854_U_32,0.6518601,cv,0
2026-03-24_1495854_U_33,0.25889236,cv,0
2026-03-24_1495854_U_34,0.29680872,cv,0
2026-03-24_1495854_U_35,0.39632925,cv,0
2026-03-24_1495854_U_36,0.3689053,cv,0
2026-03-24_1495854_U_4,0.2986856,cv,0
2026-03-24_1495854_U_42,0.20926945,cv,0
2026-03-24_1495854_U_43,0.29581717,cv,0
2026-03-24_1495854_U_44,0.23959538,cv,0
2026-03-24_1495854_U_46,0.4179175,cv,0
2026-03-24_1495854_U_5,0.36639005,cv,0
2026-03-24_1495854_U_6,0.3528793,cv,0
2026-03-24_1495854_U_7,0.21073377,cv,0
2026-03-24_1495854_U_9,0.27259165,cv,0
2026-03-24_1495855_U_1,0.26251066,cv,0
2026-03-24_1495855_U_10,0.2050334,cv,0
2026-03-24_1495855_U_14,0.22258815,cv,0
2026-03-24_1495855_U_15,0.14331177,cv,0
2026-03-24_1495855_U_16,0.2521897,cv,0
2026-03-24_1495855_U_17,0.30163515,cv,0
2026-03-24_1495855_U_19,0.17405264,cv,1
2026-03-24_1495855_U_2,0.2315906,cv,0
2026-03-24_1495855_U_22,0.16159594,cv,0
2026-03-24_1495855_U_23,0.34220132,cv,0
2026-03-24_1495855_U_24,0.21391559,cv,0
2026-03-24_1495855_U_25,0.45673388,cv,0
2026-03-24_1495855_U_27,0.24033222,cv,0
2026-03-24_1495855_U_28,0.26339877,cv,0
2026-03-24_1495855_U_29,0.14022063,cv,0
2026-03-24_1495855_U_3,0.18013036,cv,0
2026-03-24_1495855_U_30,0.16494267,cv,0
2026-03-24_1495855_U_31,0.26656353,cv,0
2026-03-24_1495855_U_32,0.20547533,cv,0
2026-03-24_1495855_U_33,0.22004738,cv,0
2026-03-24_1495855_U_34,0.24236344,cv,0
2026-03-24_1495855_U_35,0.26879492,cv,0
2026-03-24_1495855_U_36,0.26949283,cv,0
2026-03-24_1495855_U_37,0.38762164,cv,0
2026-03-24_1495855_U_38,0.4110472,cv,0
2026-03-24_1495855_U_42,0.40770674,cv,0
2026-03-24_1495855_U_8,0.2155345,cv,1
2026-03-24_1495855_U_9,0.40657565,cv,0
2026-03-24_1495856_U_1,0.27173954,cv,0
2026-03-24_1495856_U_10,0.3423353,cv,0
2026-03-24_1495856_U_11,0.19077408,cv,0
2026-03-24_1495856_U_12,0.1972169,cv,1
2026-03-24_1495856_U_13,0.5017183,cv,0
2026-03-24_1495856_U_14,0.27387863,cv,0
2026-03-24_1495856_U_15,0.66580874,cv,0
2026-03-24_1495856_U_16,0.2422671,cv,0
2026-03-24_1495856_U_17,0.19480185,cv,0
2026-03-24_1495856_U_18,0.18682449,cv,0
2026-03-24_1495856_U_19,0.38399798,cv,0
2026-03-24_1495856_U_2,0.27863228,cv,0
2026-03-24_1495856_U_20,0.14336458,cv,1
2026-03-24_1495856_U_22,0.20946869,cv,0
2026-03-24_1495856_U_24,0.21882525,cv,1
2026-03-24_1495856_U_25,0.30645907,cv,1
2026-03-24_1495856_U_27,0.52493805,cv,0
2026-03-24_1495856_U_28,0.29273972,cv,1
2026-03-24_1495856_U_29,0.29762122,cv,0
2026-03-24_1495856_U_3,0.09243277,cv,1
2026-03-24_1495856_U_30,0.121770285,cv,0
2026-03-24_1495856_U_32,0.31941104,cv,0
2026-03-24_1495856_U_33,0.33339572,cv,0
2026-03-24_1495856_U_34,0.15599531,cv,1
2026-03-24_1495856_U_39,0.20610902,cv,0
2026-03-24_1495856_U_40,0.11257045,cv,1
2026-03-24_1495856_U_41,0.31421545,cv,0
2026-03-24_1495856_U_42,0.23653129,cv,0
2026-03-24_1495856_U_43,0.20736644,cv,0
2026-03-24_1495856_U_44,0.118396625,cv,1
2026-03-24_1495856_U_47,0.26770014,cv,0
2026-03-24_1495856_U_48,0.18849961,cv,0
2026-03-24_1495856_U_49,0.15491906,cv,0
2026-03-24_1495856_U_5,0.2543261,cv,0
2026-03-24_1495856_U_50,0.20158604,cv,0
2026-03-24_1495856_U_51,0.20167248,cv,0
2026-03-24_1495856_U_52,0.19275174,cv,0
2026-03-24_1495856_U_6,0.21909156,cv,0
2026-03-24_1495856_U_8,0.2627437,cv,0
2026-03-24_1495856_U_9,0.13335018,cv,0
2026-03-24_1496805_U_1,0.24779403,cv,0
2026-03-24_1496805_U_10,0.30543935,cv,0
2026-03-24_1496805_U_11,0.21128967,cv,0
2026-03-24_1496805_U_12,0.109727286,cv,0
2026-03-24_1496805_U_13,0.14519714,cv,0
2026-03-24_1496805_U_14,0.17793784,cv,0
2026-03-24_1496805_U_15,0.1702963,cv,0
2026-03-24_1496805_U_16,0.5895679,cv,0
2026-03-24_1496805_U_17,0.29075846,cv,0
2026-03-24_1496805_U_18,0.18158597,cv,1
2026-03-24_1496805_U_2,0.15916625,cv,0
2026-03-24_1496805_U_20,0.38224334,cv,0
2026-03-24_1496805_U_22,0.27875993,cv,1
2026-03-24_1496805_U_23,0.24765866,cv,0
2026-03-24_1496805_U_24,0.2870252,cv,0
2026-03-24_1496805_U_27,0.16791984,cv,0
2026-03-24_1496805_U_28,0.09914895,cv,1
2026-03-24_1496805_U_30,0.13258798,cv,0
2026-03-24_1496805_U_31,0.1522524,cv,1
2026-03-24_1496805_U_32,0.25437653,cv,0
2026-03-24_1496805_U_34,0.19415897,cv,1
2026-03-24_1496805_U_36,0.17175339,cv,0
2026-03-24_1496805_U_37,0.19659388,cv,0
2026-03-24_1496805_U_40,0.17273699,cv,1
2026-03-24_1496805_U_41,0.21016942,cv,0
2026-03-24_1496805_U_42,0.1450156,cv,0
2026-03-24_1496805_U_43,0.20609486,cv,0
2026-03-24_1496805_U_45,0.18454584,cv,0
2026-03-24_1496805_U_46,0.28923953,cv,0
2026-03-24_1496805_U_48,0.20399591,cv,0
2026-03-24_1496805_U_49,0.31773818,cv,1
2026-03-24_1496805_U_51,0.37073871,cv,0
2026-03-24_1496805_U_52,0.107198775,cv,0
2026-03-24_1496805_U_53,0.11891523,cv,0
2026-03-24_1496805_U_54,0.16973719,cv,1
2026-03-24_1496805_U_56,0.16475415,cv,0
2026-03-24_1496805_U_6,0.49438632,cv,1
2026-03-24_1496805_U_60,0.19416794,cv,0
2026-03-24_1496805_U_62,0.18808743,cv,0
2026-03-24_1496805_U_65,0.11281738,cv,0
2026-03-24_1496805_U_67,0.3294343,cv,0
2026-03-24_1496805_U_68,0.26820976,cv,0
2026-03-24_1496805_U_69,0.21552938,cv,0
2026-03-24_1496805_U_7,0.26987478,cv,0
2026-03-24_1496805_U_70,0.272954,cv,0
2026-03-24_1496805_U_71,0.11830793,cv,0
2026-03-24_1496805_U_73,0.16925251,cv,0
2026-03-24_1496805_U_74,0.26545158,cv,0
2026-03-24_1496805_U_75,0.27805918,cv,0
2026-03-24_1496805_U_76,0.09914639,cv,0
2026-03-24_1496805_U_77,0.19042425,cv,0
2026-03-24_1496805_U_78,0.15416199,cv,0
2026-03-24_1496805_U_79,0.24922615,cv,0
2026-03-24_1496805_U_8,0.30071065,cv,0
2026-03-24_1496805_U_9,0.2528513,cv,1
2026-03-24_1496806_U_1,0.16260408,cv,0
2026-03-24_1496806_U_10,0.19188815,cv,0
2026-03-24_1496806_U_11,0.19830523,cv,0
2026-03-24_1496806_U_12,0.27335954,cv,0
2026-03-24_1496806_U_13,0.28665543,cv,0
2026-03-24_1496806_U_14,0.17242192,cv,0
2026-03-24_1496806_U_15,0.23122017,cv,0
2026-03-24_1496806_U_16,0.21660954,cv,0
2026-03-24_1496806_U_17,0.3297124,cv,0
2026-03-24_1496806_U_18,0.20078515,cv,0
2026-03-24_1496806_U_19,0.20324574,cv,0
2026-03-24_1496806_U_2,0.18088773,cv,0
2026-03-24_1496806_U_21,0.23739296,cv,0
2026-03-24_1496806_U_22,0.22598599,cv,0
2026-03-24_1496806_U_23,0.1742098,cv,0
2026-03-24_1496806_U_24,0.23387247,cv,0
2026-03-24_1496806_U_25,0.25700778,cv,0
2026-03-24_1496806_U_26,0.25311273,cv,0
2026-03-24_1496806_U_27,0.3075815,cv,0
2026-03-24_1496806_U_28,0.19020955,cv,0
2026-03-24_1496806_U_29,0.19162542,cv,0
2026-03-24_1496806_U_3,0.16333392,cv,0
2026-03-24_1496806_U_30,0.30519822,cv,0
2026-03-24_1496806_U_31,0.39717072,cv,0
2026-03-24_1496806_U_32,0.5054136,cv,0
2026-03-24_1496806_U_6,0.18239032,cv,1
2026-03-24_1496806_U_9,0.16209225,cv,0
2026-03-24_1496808_U_1,0.3246339,cv,0
2026-03-24_1496808_U_10,0.3600213,cv,0
2026-03-24_1496808_U_100,0.42262954,cv,0
2026-03-24_1496808_U_101,0.34721375,cv,0
2026-03-24_1496808_U_11,0.16105402,cv,0
2026-03-24_1496808_U_13,0.21122986,cv,0
2026-03-24_1496808_U_15,0.29654682,cv,0
2026-03-24_1496808_U_16,0.14104891,cv,1
2026-03-24_1496808_U_17,0.12021251,cv,0
2026-03-24_1496808_U_18,0.21233287,cv,0
2026-03-24_1496808_U_19,0.30635828,cv,0
2026-03-24_1496808_U_2,0.22120196,cv,0
2026-03-24_1496808_U_20,0.14604782,cv,1
2026-03-24_1496808_U_26,0.19596106,cv,0
2026-03-24_1496808_U_27,0.37614363,cv,1
2026-03-24_1496808_U_29,0.17905733,cv,1
2026-03-24_1496808_U_30,0.15050638,cv,1
2026-03-24_1496808_U_31,0.22907218,cv,0
2026-03-24_1496808_U_32,0.23338255,cv,0
2026-03-24_1496808_U_33,0.13968676,cv,1
2026-03-24_1496808_U_34,0.13698776,cv,0
2026-03-24_1496808_U_35,0.11203091,cv,1
2026-03-24_1496808_U_36,0.23104203,cv,0
2026-03-24_1496808_U_38,0.19763961,cv,1
2026-03-24_1496808_U_39,0.23272526,cv,0
2026-03-24_1496808_U_40,0.2111917,cv,1
2026-03-24_1496808_U_41,0.40848804,cv,0
2026-03-24_1496808_U_42,0.17602664,cv,0
2026-03-24_1496808_U_43,0.16197683,cv,0
2026-03-24_1496808_U_46,0.21326813,cv,0
2026-03-24_1496808_U_47,0.30348074,cv,0
2026-03-24_1496808_U_49,0.26616699,cv,0
2026-03-24_1496808_U_51,0.1560987,cv,1
2026-03-24_1496808_U_54,0.2874656,cv,0
2026-03-24_1496808_U_56,0.23304954,cv,0
2026-03-24_1496808_U_57,0.18903117,cv,0
2026-03-24_1496808_U_59,0.22893381,cv,0
2026-03-24_1496808_U_6,0.1479863,cv,1
2026-03-24_1496808_U_60,0.22018175,cv,0
2026-03-24_1496808_U_62,0.25690645,cv,0
2026-03-24_1496808_U_65,0.1661117,cv,0
2026-03-24_1496808_U_68,0.15754576,cv,1
2026-03-24_1496808_U_7,0.17408594,cv,1
2026-03-24_1496808_U_70,0.23650709,cv,0
2026-03-24_1496808_U_71,0.118791066,cv,0
2026-03-24_1496808_U_73,0.12232904,cv,0
2026-03-24_1496808_U_75,0.22515725,cv,0
2026-03-24_1496808_U_76,0.14330697,cv,0
2026-03-24_1496808_U_78,0.5453719,cv,0
2026-03-24_1496808_U_80,0.23277366,cv,1
2026-03-24_1496808_U_82,0.19443946,cv,1
2026-03-24_1496808_U_83,0.23923722,cv,0
2026-03-24_1496808_U_84,0.12484082,cv,0
2026-03-24_1496808_U_85,0.18587403,cv,0
2026-03-24_1496808_U_87,0.19601369,cv,0
2026-03-24_1496808_U_88,0.12438562,cv,0
2026-03-24_1496808_U_90,0.16282742,cv,0
2026-03-24_1496808_U_91,0.22031248,cv,1
2026-03-24_1496808_U_92,0.11413364,cv,0
2026-03-24_1496808_U_94,0.19905698,cv,0
2026-03-24_1496808_U_95,0.25851387,cv,0
2026-03-24_1496808_U_96,0.38171315,cv,0
2026-03-24_1496808_U_97,0.5883227,cv,0
2026-03-24_1496808_U_98,0.37625867,cv,0
2026-03-24_1496808_U_99,0.32057995,cv,0
2026-03-24_1496811_U_1,0.4634815,cv,0
2026-03-24_1496811_U_10,0.48726815,cv,0
2026-03-24_1496811_U_14,0.28068992,cv,0
2026-03-24_1496811_U_15,0.20809554,cv,0
2026-03-24_1496811_U_16,0.35993537,cv,0
2026-03-24_1496811_U_18,0.29211503,cv,0
2026-03-24_1496811_U_19,0.11286765,cv,0
2026-03-24_1496811_U_2,0.22739892,cv,0
2026-03-24_1496811_U_21,0.21693894,cv,0
2026-03-24_1496811_U_22,0.25001705,cv,1
2026-03-24_1496811_U_23,0.30158532,cv,0
2026-03-24_1496811_U_24,0.25001585,cv,0
2026-03-24_1496811_U_26,0.20008436,cv,0
2026-03-24_1496811_U_27,0.07978366,cv,1
2026-03-24_1496811_U_28,0.17995787,cv,0
2026-03-24_1496811_U_29,0.36167023,cv,0
2026-03-24_1496811_U_3,0.13712507,cv,0
2026-03-24_1496811_U_30,0.22301665,cv,0
2026-03-24_1496811_U_31,0.21158415,cv,0
2026-03-24_1496811_U_34,0.22610578,cv,0
2026-03-24_1496811_U_40,0.14982687,cv,1
2026-03-24_1496811_U_41,0.28431398,cv,0
2026-03-24_1496811_U_42,0.16790661,cv,0
2026-03-24_1496811_U_45,0.45935458,cv,1
2026-03-24_1496811_U_46,0.17128307,cv,0
2026-03-24_1496811_U_48,0.25423118,cv,0
2026-03-24_1496811_U_52,0.11292904,cv,0
2026-03-24_1496811_U_55,0.21728532,cv,1
2026-03-24_1496811_U_56,0.18779865,cv,0
2026-03-24_1496811_U_57,0.19499373,cv,0
2026-03-24_1496811_U_58,0.26135188,cv,0
2026-03-24_1496811_U_59,0.21493384,cv,1
2026-03-24_1496811_U_6,0.25405687,cv,0
2026-03-24_1496811_U_60,0.4462696,cv,1
2026-03-24_1496811_U_61,0.59184945,cv,0
2026-03-24_1496811_U_63,0.22746277,cv,1
2026-03-24_1496811_U_66,0.23947665,cv,0
2026-03-24_1496811_U_68,0.29434392,cv,0
2026-03-24_1496811_U_69,0.57644224,cv,0
2026-03-24_1496811_U_7,0.22728181,cv,0
2026-03-24_1496811_U_70,0.262713,cv,1
2026-03-24_1496811_U_71,0.31948557,cv,0
2026-03-24_1496811_U_72,0.27513772,cv,0
2026-03-24_1496811_U_73,0.31371942,cv,0
2026-03-24_1496811_U_8,0.19470493,cv,0
2026-03-24_1496811_U_9,0.31253394,cv,1
2026-03-24_1496812_U_1,0.23446338,cv,0
2026-03-24_1496812_U_10,1.5940841,cv,0
2026-03-24_1496812_U_100,0.19538319,cv,1
2026-03-24_1496812_U_101,0.22491205,cv,1
2026-03-24_1496812_U_104,0.07754755,cv,0
2026-03-24_1496812_U_105,0.18450098,cv,0
2026-03-24_1496812_U_108,0.27914393,cv,0
2026-03-24_1496812_U_109,0.13708842,cv,1
2026-03-24_1496812_U_11,1.0940951,cv,0
2026-03-24_1496812_U_112,0.2736404,cv,0
2026-03-24_1496812_U_114,0.09155588,cv,0
2026-03-24_1496812_U_115,0.12469884,cv,0
2026-03-24_1496812_U_116,0.109550975,cv,1
2026-03-24_1496812_U_117,0.18199424,cv,1
2026-03-24_1496812_U_119,0.16798005,cv,1
2026-03-24_1496812_U_12,0.1766961,cv,0
2026-03-24_1496812_U_120,0.14431497,cv,0
2026-03-24_1496812_U_121,0.2312135,cv,0
2026-03-24_1496812_U_122,0.20457755,cv,1
2026-03-24_1496812_U_123,0.2455666,cv,1
2026-03-24_1496812_U_126,0.08208072,cv,1
2026-03-24_1496812_U_127,0.18143806,cv,0
2026-03-24_1496812_U_13,0.25756478,cv,0
2026-03-24_1496812_U_130,0.28869328,cv,0
2026-03-24_1496812_U_133,0.23926097,cv,1
2026-03-24_1496812_U_134,0.1252085,cv,0
2026-03-24_1496812_U_136,0.20677793,cv,0
2026-03-24_1496812_U_137,0.19823626,cv,0
2026-03-24_1496812_U_138,0.09748467,cv,0
2026-03-24_1496812_U_139,0.14412713,cv,0
2026-03-24_1496812_U_14,0.23510346,cv,0
2026-03-24_1496812_U_142,0.34139368,cv,1
2026-03-24_1496812_U_143,0.29766476,cv,0
2026-03-24_1496812_U_144,0.48820233,cv,0
2026-03-24_1496812_U_145,0.11601617,cv,1
2026-03-24_1496812_U_147,0.19732504,cv,0
2026-03-24_1496812_U_148,0.15782765,cv,1
2026-03-24_1496812_U_15,0.27412215,cv,1
2026-03-24_1496812_U_151,0.1936346,cv,0
2026-03-24_1496812_U_152,0.16170016,cv,1
2026-03-24_1496812_U_155,0.47044596,cv,1
2026-03-24_1496812_U_156,0.3543498,cv,0
2026-03-24_1496812_U_157,0.25255558,cv,0
2026-03-24_1496812_U_158,0.38284624,cv,0
2026-03-24_1496812_U_159,0.32025343,cv,0
2026-03-24_1496812_U_160,0.39488015,cv,0
2026-03-24_1496812_U_19,0.1984447,cv,1
2026-03-24_1496812_U_2,0.21330671,cv,0
2026-03-24_1496812_U_20,0.28437108,cv,0
2026-03-24_1496812_U_21,0.18886515,cv,1
2026-03-24_1496812_U_23,0.16357858,cv,0
2026-03-24_1496812_U_25,0.23232388,cv,1
2026-03-24_1496812_U_27,0.19004397,cv,1
2026-03-24_1496812_U_3,0.13180086,cv,0
2026-03-24_1496812_U_30,0.26300538,cv,0
2026-03-24_1496812_U_31,0.22956875,cv,0
2026-03-24_1496812_U_34,0.1963675,cv,0
2026-03-24_1496812_U_35,0.13420421,cv,0
2026-03-24_1496812_U_36,0.16436113,cv,1
2026-03-24_1496812_U_37,0.23049276,cv,1
2026-03-24_1496812_U_38,0.20922446,cv,1
2026-03-24_1496812_U_4,0.18561491,cv,0
2026-03-24_1496812_U_40,0.24476635,cv,0
2026-03-24_1496812_U_41,0.12452747,cv,0
2026-03-24_1496812_U_42,0.16757385,cv,0
2026-03-24_1496812_U_44,0.17123908,cv,0
2026-03-24_1496812_U_45,0.3774036,cv,0
2026-03-24_1496812_U_46,0.21466291,cv,1
2026-03-24_1496812_U_48,0.19964,cv,0
2026-03-24_1496812_U_49,0.21359798,cv,0
2026-03-24_1496812_U_5,0.2590695,cv,1
2026-03-24_1496812_U_50,0.26456994,cv,0
2026-03-24_1496812_U_51,0.11973429,cv,0
2026-03-24_1496812_U_52,0.19704854,cv,0
2026-03-24_1496812_U_54,0.2692029,cv,0
2026-03-24_1496812_U_55,0.26436716,cv,1
2026-03-24_1496812_U_58,0.15042035,cv,1
2026-03-24_1496812_U_59,0.17721348,cv,1
2026-03-24_1496812_U_6,0.26687258,cv,0
2026-03-24_1496812_U_60,0.2518196,cv,0
2026-03-24_1496812_U_62,0.18921322,cv,0
2026-03-24_1496812_U_65,0.23109286,cv,0
2026-03-24_1496812_U_66,0.1663211,cv,0
2026-03-24_1496812_U_68,0.19009256,cv,0
2026-03-24_1496812_U_69,0.24127468,cv,0
2026-03-24_1496812_U_7,0.1099561,cv,0
2026-03-24_1496812_U_75,0.22729054,cv,0
2026-03-24_1496812_U_77,0.17215268,cv,0
2026-03-24_1496812_U_78,0.29291058,cv,0
2026-03-24_1496812_U_79,0.1460358,cv,0
2026-03-24_1496812_U_81,0.12937275,cv,0
2026-03-24_1496812_U_82,0.24986014,cv,0
2026-03-24_1496812_U_83,0.1538139,cv,0
2026-03-24_1496812_U_84,0.102276735,cv,0
2026-03-24_1496812_U_85,0.2355642,cv,0
2026-03-24_1496812_U_86,0.10747608,cv,0
2026-03-24_1496812_U_87,0.20649141,cv,1
2026-03-24_1496812_U_89,0.1137694,cv,1
2026-03-24_1496812_U_9,0.12449166,cv,1
2026-03-24_1496812_U_90,0.15948948,cv,0
2026-03-24_1496812_U_93,0.14716728,cv,1
2026-03-24_1496812_U_95,0.11971353,cv,0
2026-03-24_1496812_U_98,0.20503621,cv,0
2026-03-24_1496812_U_99,0.17481905,cv,1
2026-03-24_1496820_U_1,0.23544118,cv,0
2026-03-24_1496820_U_10,0.23094031,cv,0
2026-03-24_1496820_U_2,0.19558644,cv,0
2026-03-24_1496820_U_3,0.18608084,cv,0
2026-03-24_1496820_U_4,0.26423538,cv,0
2026-03-24_1496820_U_5,0.1942951,cv,0
2026-03-24_1496820_U_6,0.15665896,cv,1
2026-03-24_1496820_U_7,0.17780033,cv,1
2026-03-24_1496820_U_8,0.1827341,cv,0
2026-03-24_1496820_U_9,0.21250992,cv,0
2026-03-24_1497250_U_1,0.15073456,cv,0
2026-03-24_1497250_U_10,0.10478389,cv,0
2026-03-24_1497250_U_11,0.07867429,cv,0
2026-03-24_1497250_U_13,0.15928376,cv,0
2026-03-24_1497250_U_15,0.26735148,cv,0
2026-03-24_1497250_U_17,0.2558092,cv,0
2026-03-24_1497250_U_2,0.10917645,cv,0
2026-03-24_1497250_U_20,3.7442174,cv,0
2026-03-24_1497250_U_22,0.09104729,cv,0
2026-03-24_1497250_U_23,0.093802065,cv,0
2026-03-24_1497250_U_24,0.08926629,cv,0
2026-03-24_1497250_U_25,0.10328035,cv,0
2026-03-24_1497250_U_26,0.18198654,cv,0
2026-03-24_1497250_U_27,0.16893783,cv,0
2026-03-24_1497250_U_28,0.15563095,cv,0
2026-03-24_1497250_U_29,0.20087217,cv,0
2026-03-24_1497250_U_3,0.06327605,cv,0
2026-03-24_1497250_U_30,0.09372579,cv,0
2026-03-24_1497250_U_31,0.11161445,cv,0
2026-03-24_1497250_U_33,0.2096434,cv,0
2026-03-24_1497250_U_34,1.9368122,cv,0
2026-03-24_1497250_U_35,0.119186744,cv,0
2026-03-24_1497250_U_36,0.0799633,cv,0
2026-03-24_1497250_U_37,0.10465156,cv,0
2026-03-24_1497250_U_38,0.14212643,cv,0
2026-03-24_1497250_U_39,0.090929806,cv,0
2026-03-24_1497250_U_4,0.1238524,cv,0
2026-03-24_1497250_U_40,0.20309089,cv,0
2026-03-24_1497250_U_41,0.22107765,cv,0
2026-03-24_1497250_U_42,0.09922391,cv,0
2026-03-24_1497250_U_43,0.119315416,cv,0
2026-03-24_1497250_U_44,0.55947423,cv,0
2026-03-24_1497250_U_46,0.19872954,cv,0
2026-03-24_1497250_U_47,0.097883694,cv,0
2026-03-24_1497250_U_48,0.21632276,cv,1
2026-03-24_1497250_U_49,0.33764765,cv,0
2026-03-24_1497250_U_5,0.1443741,cv,0
2026-03-24_1497250_U_51,0.13656129,cv,0
2026-03-24_1497250_U_52,0.18093291,cv,0
2026-03-24_1497250_U_6,0.11162117,cv,0
2026-03-24_1497250_U_7,0.10092639,cv,0
2026-03-24_1497250_U_8,0.1031111,cv,0
2026-03-24_1497250_U_9,0.13151982,cv,0
2026-03-24_1497251_U_1,0.79529285,cv,0
2026-03-24_1497251_U_10,0.40629524,cv,0
2026-03-24_1497251_U_13,0.59147733,cv,0
2026-03-24_1497251_U_16,0.48747274,cv,0
2026-03-24_1497251_U_17,0.18591452,cv,0
2026-03-24_1497251_U_18,0.68507195,cv,1
2026-03-24_1497251_U_19,0.4231152,cv,0
2026-03-24_1497251_U_2,0.5767372,cv,0
2026-03-24_1497251_U_20,0.42726192,cv,0
2026-03-24_1497251_U_21,0.56000364,cv,0
2026-03-24_1497251_U_22,0.5918807,cv,0
2026-03-24_1497251_U_23,0.5561501,cv,0
2026-03-24_1497251_U_25,0.095746875,cv,0
2026-03-24_1497251_U_26,0.64529306,cv,0
2026-03-24_1497251_U_28,0.72178113,cv,0
2026-03-24_1497251_U_29,0.37382373,cv,0
2026-03-24_1497251_U_3,0.30633873,cv,1
2026-03-24_1497251_U_30,0.49728298,cv,0
2026-03-24_1497251_U_31,0.51217425,cv,0
2026-03-24_1497251_U_33,0.34440207,cv,0
2026-03-24_1497251_U_35,0.6169713,cv,0
2026-03-24_1497251_U_36,0.67027783,cv,0
2026-03-24_1497251_U_38,0.65547514,cv,0
2026-03-24_1497251_U_4,0.7040973,cv,1
2026-03-24_1497251_U_40,0.67963,cv,1
2026-03-24_1497251_U_41,0.33611673,cv,0
2026-03-24_1497251_U_42,0.36171803,cv,0
2026-03-24_1497251_U_43,0.5680871,cv,0
2026-03-24_1497251_U_44,0.63415545,cv,1
2026-03-24_1497251_U_49,0.60122323,cv,1
2026-03-24_1497251_U_51,0.15915874,cv,0
2026-03-24_1497251_U_53,0.3981111,cv,0
2026-03-24_1497251_U_57,0.43234485,cv,1
2026-03-24_1497251_U_59,0.293054,cv,1
2026-03-24_1497251_U_6,0.6805682,cv,0
2026-03-24_1497251_U_61,0.50338686,cv,0
2026-03-24_1497251_U_62,0.5966994,cv,0
2026-03-24_1497251_U_63,0.33501142,cv,0
2026-03-24_1497251_U_64,0.40703833,cv,0
2026-03-24_1497251_U_67,0.3757485,cv,0
2026-03-24_1497251_U_68,0.40243834,cv,0
2026-03-24_1497251_U_69,0.23339531,cv,1
2026-03-24_1497251_U_7,0.56601965,cv,0
2026-03-24_1497251_U_8,0.5529982,cv,0
2026-03-24_1497251_U_9,0.7780761,cv,0
2026-03-24_1497252_U_1,0.30092585,cv,1
2026-03-24_1497252_U_12,0.6898426,cv,0
2026-03-24_1497252_U_14,0.6083465,cv,1
2026-03-24_1497252_U_15,0.5247036,cv,0
2026-03-24_1497252_U_16,0.48754343,cv,0
2026-03-24_1497252_U_2,0.4837484,cv,0
2026-03-24_1497252_U_21,0.38364512,cv,0
2026-03-24_1497252_U_22,0.31918555,cv,0
2026-03-24_1497252_U_23,0.87282,cv,1
2026-03-24_1497252_U_24,0.44673008,cv,1
2026-03-24_1497252_U_28,0.53268194,cv,0
2026-03-24_1497252_U_3,0.6838314,cv,0
2026-03-24_1497252_U_31,0.6846029,cv,1
2026-03-24_1497252_U_32,0.385154,cv,1
2026-03-24_1497252_U_34,0.57328945,cv,0
2026-03-24_1497252_U_36,0.4449746,cv,0
2026-03-24_1497252_U_37,0.85525984,cv,0
2026-03-24_1497252_U_39,0.35629553,cv,0
2026-03-24_1497252_U_4,0.40633368,cv,0
2026-03-24_1497252_U_40,0.5327759,cv,0
2026-03-24_1497252_U_41,0.5985603,cv,0
2026-03-24_1497252_U_43,0.7138297,cv,0
2026-03-24_1497252_U_44,0.5970716,cv,1
2026-03-24_1497252_U_45,0.4610538,cv,1
2026-03-24_1497252_U_46,0.7994751,cv,0
2026-03-24_1497252_U_49,0.4287976,cv,1
2026-03-24_1497252_U_52,0.6976103,cv,0
2026-03-24_1497252_U_55,0.59327644,cv,0
2026-03-24_1497252_U_56,0.46291468,cv,0
2026-03-24_1497252_U_58,0.53276575,cv,1
2026-03-24_1497252_U_59,1.0633473,cv,0
2026-03-24_1497252_U_6,0.7493295,cv,1
2026-03-24_1497252_U_62,0.53993464,cv,1
2026-03-24_1497252_U_66,0.39005703,cv,0
2026-03-24_1497252_U_67,0.39275572,cv,1
2026-03-24_1497252_U_68,0.9606089,cv,1
2026-03-24_1497252_U_69,0.4833781,cv,0
2026-03-24_1497252_U_75,0.62598497,cv,1
2026-03-24_1497252_U_78,0.8823182,cv,0
2026-03-24_1497252_U_79,0.617566,cv,0
2026-03-24_1497252_U_8,0.32367074,cv,1
2026-03-24_1497252_U_80,0.46996975,cv,0
2026-03-24_1497252_U_9,0.66987133,cv,0
2026-03-24_1497253_U_1,0.57662094,cv,0
2026-03-24_1497253_U_100,0.6663581,cv,0
2026-03-24_1497253_U_11,0.54655576,cv,0
2026-03-24_1497253_U_13,0.5129964,cv,0
2026-03-24_1497253_U_19,0.71750224,cv,0
2026-03-24_1497253_U_2,0.71821916,cv,0
2026-03-24_1497253_U_20,0.3698743,cv,0
2026-03-24_1497253_U_25,0.60649747,cv,0
2026-03-24_1497253_U_27,0.5559786,cv,1
2026-03-24_1497253_U_31,0.4452487,cv,0
2026-03-24_1497253_U_33,1.1494315,cv,1
2026-03-24_1497253_U_35,0.69281316,cv,0
2026-03-24_1497253_U_39,0.41789302,cv,1
2026-03-24_1497253_U_40,0.64165795,cv,1
2026-03-24_1497253_U_41,0.6364753,cv,0
2026-03-24_1497253_U_44,0.30082628,cv,1
2026-03-24_1497253_U_45,0.43451458,cv,0
2026-03-24_1497253_U_46,0.5566907,cv,0
2026-03-24_1497253_U_47,0.5239718,cv,0
2026-03-24_1497253_U_48,0.17721108,cv,0
2026-03-24_1497253_U_49,0.51902366,cv,1
2026-03-24_1497253_U_54,0.50204825,cv,0
2026-03-24_1497253_U_56,0.7081655,cv,1
2026-03-24_1497253_U_57,0.22846508,cv,1
2026-03-24_1497253_U_58,1.2062628,cv,0
2026-03-24_1497253_U_60,1.2995389,cv,1
2026-03-24_1497253_U_62,0.42620656,cv,0
2026-03-24_1497253_U_64,0.52071106,cv,0
2026-03-24_1497253_U_68,0.63785136,cv,0
2026-03-24_1497253_U_69,0.5250168,cv,0
2026-03-24_1497253_U_7,0.4838246,cv,0
2026-03-24_1497253_U_70,0.43894857,cv,0
2026-03-24_1497253_U_71,0.72221726,cv,0
2026-03-24_1497253_U_73,0.5029491,cv,1
2026-03-24_1497253_U_76,0.7624514,cv,1
2026-03-24_1497253_U_77,0.30251893,cv,1
2026-03-24_1497253_U_8,0.6439872,cv,0
2026-03-24_1497253_U_80,0.3540069,cv,0
2026-03-24_1497253_U_81,0.57689816,cv,0
2026-03-24_1497253_U_85,0.40970367,cv,0
2026-03-24_1497253_U_86,0.6514356,cv,0
2026-03-24_1497253_U_89,0.4407162,cv,0
2026-03-24_1497253_U_9,0.6315298,cv,1
2026-03-24_1497253_U_90,0.34680414,cv,0
2026-03-24_1497253_U_95,0.6804719,cv,0
2026-03-24_1497253_U_96,0.64929855,cv,0
2026-03-24_1497253_U_97,0.17084734,cv,0
2026-03-24_1497253_U_98,0.5979979,cv,0
2026-03-24_1497255_U_1,0.37076265,cv,0
2026-03-24_1497255_U_101,0.17676198,cv,0
2026-03-24_1497255_U_102,0.2508311,cv,0
2026-03-24_1497255_U_103,0.3525319,cv,0
2026-03-24_1497255_U_104,0.4545141,cv,0
2026-03-24_1497255_U_105,0.37665522,cv,0
2026-03-24_1497255_U_106,0.2276061,cv,0
2026-03-24_1497255_U_109,0.27274042,cv,0
2026-03-24_1497255_U_11,0.24785542,cv,1
2026-03-24_1497255_U_110,0.225505,cv,0
2026-03-24_1497255_U_112,0.64296156,cv,0
2026-03-24_1497255_U_113,0.32171652,cv,0
2026-03-24_1497255_U_114,0.27277052,cv,1
2026-03-24_1497255_U_117,0.38606915,cv,1
2026-03-24_1497255_U_119,0.20863718,cv,1
2026-03-24_1497255_U_12,0.64706564,cv,0
2026-03-24_1497255_U_120,0.26106375,cv,0
2026-03-24_1497255_U_121,0.49610955,cv,0
2026-03-24_1497255_U_122,0.8021428,cv,1
2026-03-24_1497255_U_123,0.42118156,cv,0
2026-03-24_1497255_U_124,0.1295008,cv,1
2026-03-24_1497255_U_126,0.17987137,cv,0
2026-03-24_1497255_U_127,0.27564642,cv,0
2026-03-24_1497255_U_128,0.27777457,cv,0
2026-03-24_1497255_U_129,0.22422111,cv,0
2026-03-24_1497255_U_13,0.22001368,cv,0
2026-03-24_1497255_U_130,0.32864013,cv,1
2026-03-24_1497255_U_131,0.15202227,cv,1
2026-03-24_1497255_U_133,0.15889743,cv,0
2026-03-24_1497255_U_135,0.21746397,cv,0
2026-03-24_1497255_U_136,0.13571051,cv,1
2026-03-24_1497255_U_138,0.26386777,cv,1
2026-03-24_1497255_U_140,0.4636858,cv,0
2026-03-24_1497255_U_142,0.123128556,cv,1
2026-03-24_1497255_U_144,0.2239136,cv,1
2026-03-24_1497255_U_145,0.2430785,cv,0
2026-03-24_1497255_U_146,0.20492755,cv,0
2026-03-24_1497255_U_147,0.17293012,cv,0
2026-03-24_1497255_U_149,0.26158082,cv,0
2026-03-24_1497255_U_15,0.18111913,cv,0
2026-03-24_1497255_U_16,0.18055391,cv,0
2026-03-24_1497255_U_17,0.42653376,cv,0
2026-03-24_1497255_U_18,0.30146036,cv,0
2026-03-24_1497255_U_19,0.23691122,cv,0
2026-03-24_1497255_U_2,0.25552753,cv,0
2026-03-24_1497255_U_20,0.14942113,cv,0
2026-03-24_1497255_U_21,0.20944844,cv,0
2026-03-24_1497255_U_22,0.23591864,cv,1
2026-03-24_1497255_U_23,0.39605713,cv,0
2026-03-24_1497255_U_24,0.26039168,cv,0
2026-03-24_1497255_U_25,0.23050837,cv,1
2026-03-24_1497255_U_27,0.16003288,cv,0
2026-03-24_1497255_U_29,0.179624,cv,0
2026-03-24_1497255_U_3,0.26277575,cv,0
2026-03-24_1497255_U_30,0.18477342,cv,0
2026-03-24_1497255_U_31,0.25207436,cv,0
2026-03-24_1497255_U_32,0.13199751,cv,0
2026-03-24_1497255_U_33,0.60286534,cv,0
2026-03-24_1497255_U_34,0.3715111,cv,0
2026-03-24_1497255_U_35,0.117078625,cv,1
2026-03-24_1497255_U_39,0.17636594,cv,0
2026-03-24_1497255_U_4,0.1657383,cv,1
2026-03-24_1497255_U_40,0.19358706,cv,0
2026-03-24_1497255_U_41,0.23360166,cv,0
2026-03-24_1497255_U_42,0.18652093,cv,0
2026-03-24_1497255_U_43,0.27635872,cv,0
2026-03-24_1497255_U_44,0.37123024,cv,0
2026-03-24_1497255_U_45,0.3554239,cv,0
2026-03-24_1497255_U_46,0.15150519,cv,1
2026-03-24_1497255_U_50,0.15376908,cv,0
2026-03-24_1497255_U_51,0.23994148,cv,0
2026-03-24_1497255_U_52,0.18957448,cv,0
2026-03-24_1497255_U_53,0.21218559,cv,1
2026-03-24_1497255_U_54,0.42460006,cv,0
2026-03-24_1497255_U_55,0.24383855,cv,0
2026-03-24_1497255_U_56,0.13972986,cv,1
2026-03-24_1497255_U_58,0.24132346,cv,0
2026-03-24_1497255_U_59,0.20977108,cv,0
2026-03-24_1497255_U_6,0.20598617,cv,0
2026-03-24_1497255_U_60,0.113568746,cv,0
2026-03-24_1497255_U_61,0.15951824,cv,0
2026-03-24_1497255_U_65,0.367181,cv,0
2026-03-24_1497255_U_66,0.30352932,cv,0
2026-03-24_1497255_U_67,0.12750983,cv,1
2026-03-24_1497255_U_68,0.16345386,cv,0
2026-03-24_1497255_U_69,0.166156,cv,0
2026-03-24_1497255_U_7,0.2114939,cv,0
2026-03-24_1497255_U_70,0.28674144,cv,0
2026-03-24_1497255_U_71,0.3070676,cv,0
2026-03-24_1497255_U_72,0.20092928,cv,0
2026-03-24_1497255_U_73,0.22632353,cv,0
2026-03-24_1497255_U_74,0.2029934,cv,0
2026-03-24_1497255_U_75,0.26872188,cv,0
2026-03-24_1497255_U_76,0.32645282,cv,0
2026-03-24_1497255_U_77,0.18363678,cv,0
2026-03-24_1497255_U_78,0.10658538,cv,1
2026-03-24_1497255_U_8,0.28588945,cv,0
2026-03-24_1497255_U_80,0.21342006,cv,0
2026-03-24_1497255_U_82,0.23958048,cv,0
2026-03-24_1497255_U_83,0.23463486,cv,0
2026-03-24_1497255_U_84,0.24582271,cv,0
2026-03-24_1497255_U_85,0.20450315,cv,0
2026-03-24_1497255_U_86,0.19153681,cv,0
2026-03-24_1497255_U_88,0.32714254,cv,0
2026-03-24_1497255_U_89,0.26296854,cv,0
2026-03-24_1497255_U_9,0.295834,cv,0
2026-03-24_1497255_U_90,0.19001031,cv,1
2026-03-24_1497255_U_91,0.33023188,cv,0
2026-03-24_1497255_U_92,0.21795647,cv,0
2026-03-24_1497255_U_94,0.2587558,cv,0
2026-03-24_1497255_U_96,0.5240396,cv,1
2026-03-24_1497255_U_97,0.39877117,cv,0
2026-03-24_1497255_U_98,0.34937224,cv,1
2026-03-24_1497255_U_99,0.16828713,cv,0
2026-03-24_1497256_U_1,0.3202119,cv,0
2026-03-24_1497256_U_10,0.22615975,cv,0
2026-03-24_1497256_U_11,0.21380554,cv,0
2026-03-24_1497256_U_12,0.28109938,cv,0
2026-03-24_1497256_U_13,0.21562433,cv,0
2026-03-24_1497256_U_14,0.17134243,cv,0
2026-03-24_1497256_U_15,0.1400882,cv,1
2026-03-24_1497256_U_16,0.5714209,cv,1
2026-03-24_1497256_U_17,0.23230223,cv,1
2026-03-24_1497256_U_19,0.29288167,cv,1
2026-03-24_1497256_U_2,0.21214545,cv,0
2026-03-24_1497256_U_20,0.19520275,cv,0
2026-03-24_1497256_U_21,0.22249137,cv,0
2026-03-24_1497256_U_22,0.15095285,cv,1
2026-03-24_1497256_U_23,0.2709297,cv,1
2026-03-24_1497256_U_25,0.26377064,cv,0
2026-03-24_1497256_U_26,0.35636127,cv,0
2026-03-24_1497256_U_27,0.22090136,cv,0
2026-03-24_1497256_U_29,0.85207045,cv,1
2026-03-24_1497256_U_30,0.17072546,cv,1
2026-03-24_1497256_U_33,0.2332513,cv,0
2026-03-24_1497256_U_34,0.23019543,cv,1
2026-03-24_1497256_U_35,0.19995897,cv,1
2026-03-24_1497256_U_36,0.5283247,cv,0
2026-03-24_1497256_U_37,0.28216666,cv,0
2026-03-24_1497256_U_38,0.20588236,cv,0
2026-03-24_1497256_U_4,0.21282208,cv,1
2026-03-24_1497256_U_40,0.67011756,cv,1
2026-03-24_1497256_U_41,0.33365977,cv,1
2026-03-24_1497256_U_42,0.28024104,cv,0
2026-03-24_1497256_U_43,0.51419723,cv,1
2026-03-24_1497256_U_44,0.23999844,cv,0
2026-03-24_1497256_U_45,0.16144316,cv,0
2026-03-24_1497256_U_47,0.18761072,cv,1
2026-03-24_1497256_U_5,0.27776873,cv,0
2026-03-24_1497256_U_51,0.15841405,cv,0
2026-03-24_1497256_U_52,0.17787807,cv,1
2026-03-24_1497256_U_53,0.34954292,cv,1
2026-03-24_1497256_U_54,0.27496296,cv,0
2026-03-24_1497256_U_55,0.46745056,cv,1
2026-03-24_1497256_U_56,0.21016046,cv,1
2026-03-24_1497256_U_57,0.2522701,cv,0
2026-03-24_1497256_U_59,0.18611667,cv,1
2026-03-24_1497256_U_6,0.32476285,cv,0
2026-03-24_1497256_U_60,0.24497277,cv,0
2026-03-24_1497256_U_62,0.26774973,cv,1
2026-03-24_1497256_U_65,0.3579514,cv,0
2026-03-24_1497256_U_66,0.33885178,cv,0
2026-03-24_1497256_U_67,0.21872656,cv,0
2026-03-24_1497256_U_68,0.2005512,cv,0
2026-03-24_1497256_U_69,0.20237899,cv,1
2026-03-24_1497256_U_7,0.24644619,cv,0
2026-03-24_1497256_U_70,0.23746705,cv,1
2026-03-24_1497256_U_72,0.2619708,cv,1
2026-03-24_1497256_U_74,0.36753362,cv,0
2026-03-24_1497256_U_75,0.51399887,cv,1
2026-03-24_1497256_U_76,0.26136342,cv,1
2026-03-24_1497256_U_77,0.21833822,cv,1
2026-03-24_1497256_U_78,0.19371653,cv,0
2026-03-24_1497256_U_8,0.24110405,cv,0
2026-03-24_1497256_U_81,0.27723098,cv,1
2026-03-24_1497256_U_83,0.33667022,cv,1
2026-03-24_1497256_U_84,0.19280134,cv,0
2026-03-24_1497256_U_85,0.39858133,cv,1
2026-03-24_1497256_U_89,0.13435425,cv,1
2026-03-24_1497256_U_9,0.2537388,cv,1
2026-03-24_1497256_U_91,0.19739304,cv,1
2026-03-24_1497256_U_92,0.20462859,cv,1
2026-03-24_1497256_U_93,0.27055693,cv,0
2026-03-24_1497256_U_94,0.1890021,cv,0
2026-03-24_1497256_U_95,0.36094567,cv,0
2026-03-24_1497256_U_96,0.39639533,cv,1
2026-03-24_1497256_U_97,0.21388172,cv,0
2026-03-24_1497256_U_98,0.15839927,cv,0
2026-03-25_1348037_U_1,0.39615196,cv,0
2026-03-25_1348037_U_10,0.52104175,cv,1
2026-03-25_1348037_U_15,0.24530786,cv,0
2026-03-25_1348037_U_16,0.35368723,cv,0
2026-03-25_1348037_U_17,0.36171135,cv,1
2026-03-25_1348037_U_19,0.24855159,cv,1
2026-03-25_1348037_U_2,0.44773263,cv,0
2026-03-25_1348037_U_20,0.23283271,cv,1
2026-03-25_1348037_U_21,0.26455423,cv,1
2026-03-25_1348037_U_23,0.27719152,cv,0
2026-03-25_1348037_U_26,0.39243346,cv,1
2026-03-25_1348037_U_27,0.29376063,cv,1
2026-03-25_1348037_U_28,0.53029144,cv,0
2026-03-25_1348037_U_3,0.26506776,cv,1
2026-03-25_1348037_U_31,0.23535168,cv,1
2026-03-25_1348037_U_35,0.3613075,cv,0
2026-03-25_1348037_U_37,0.30117685,cv,0
2026-03-25_1348037_U_39,0.19589691,cv,1
2026-03-25_1348037_U_40,0.28831267,cv,0
2026-03-25_1348037_U_41,0.2645129,cv,1
2026-03-25_1348037_U_42,0.21639085,cv,1
2026-03-25_1348037_U_43,0.7406444,cv,0
2026-03-25_1348037_U_44,0.27570087,cv,0
2026-03-25_1348037_U_46,0.2089307,cv,1
2026-03-25_1348037_U_47,0.44650373,cv,0
2026-03-25_1348037_U_49,0.57526577,cv,0
2026-03-25_1348037_U_5,0.5073285,cv,1
2026-03-25_1348037_U_50,0.2967485,cv,0
2026-03-25_1348037_U_51,0.3965523,cv,0
2026-03-25_1348037_U_52,0.24413946,cv,0
2026-03-25_1348037_U_8,0.35570118,cv,0
2026-03-25_1348037_U_9,0.87460655,cv,1
2026-03-25_1349260_U_1,0.73105043,cv,0
2026-03-25_1349260_U_11,1.101122,cv,1
2026-03-25_1349260_U_12,0.7186758,cv,0
2026-03-25_1349260_U_13,0.24570656,cv,1
2026-03-25_1349260_U_17,0.10979821,cv,1
2026-03-25_1349260_U_19,0.15183774,cv,0
2026-03-25_1349260_U_2,0.19677141,cv,0
2026-03-25_1349260_U_20,0.12783791,cv,0
2026-03-25_1349260_U_21,0.15621805,cv,0
2026-03-25_1349260_U_22,0.21239981,cv,0
2026-03-25_1349260_U_24,0.17873704,cv,0
2026-03-25_1349260_U_25,0.2860676,cv,0
2026-03-25_1349260_U_26,1.1410487,cv,0
2026-03-25_1349260_U_27,0.99612874,cv,0
2026-03-25_1349260_U_30,0.14777961,cv,0
2026-03-25_1349260_U_31,1.0368294,cv,1
2026-03-25_1349260_U_33,0.27056724,cv,0
2026-03-25_1349260_U_35,1.4306982,cv,1
2026-03-25_1349260_U_6,0.24404417,cv,1
2026-03-25_1349260_U_7,1.1301324,cv,0
2026-03-25_1349260_U_8,0.6252465,cv,0
2026-03-25_1359254_U_1,0.1985881,cv,0
2026-03-25_1359254_U_10,0.4285648,cv,1
2026-03-25_1359254_U_12,0.44768548,cv,1
2026-03-25_1359254_U_13,0.14104955,cv,0
2026-03-25_1359254_U_14,0.10271986,cv,1
2026-03-25_1359254_U_15,0.20879905,cv,0
2026-03-25_1359254_U_16,0.16128819,cv,0
2026-03-25_1359254_U_19,0.1445838,cv,0
2026-03-25_1359254_U_2,0.09548499,cv,1
2026-03-25_1359254_U_21,0.29840493,cv,1
2026-03-25_1359254_U_22,0.13904965,cv,0
2026-03-25_1359254_U_23,0.1980601,cv,1
2026-03-25_1359254_U_24,0.183758,cv,1
2026-03-25_1359254_U_25,0.106099784,cv,1
2026-03-25_1359254_U_28,0.17567301,cv,1
2026-03-25_1359254_U_30,0.28961524,cv,1
2026-03-25_1359254_U_31,0.17657387,cv,1
2026-03-25_1359254_U_33,0.14567022,cv,1
2026-03-25_1359254_U_34,0.17919037,cv,1
2026-03-25_1359254_U_37,0.12707067,cv,1
2026-03-25_1359254_U_39,0.1268529,cv,1
2026-03-25_1359254_U_4,0.25304508,cv,0
2026-03-25_1359254_U_40,0.19674979,cv,1
2026-03-25_1359254_U_42,0.14943774,cv,1
2026-03-25_1359254_U_43,0.09244542,cv,1
2026-03-25_1359254_U_46,0.23708507,cv,0
2026-03-25_1359254_U_47,0.19469595,cv,0
2026-03-25_1359254_U_49,0.19529174,cv,0
2026-03-25_1359254_U_5,0.108395115,cv,1
2026-03-25_1359254_U_50,0.10945046,cv,1
2026-03-25_1359254_U_52,0.2068347,cv,0
2026-03-25_1359254_U_53,0.14499696,cv,1
2026-03-25_1359254_U_55,0.16794884,cv,0
2026-03-25_1359254_U_56,0.20004681,cv,1
2026-03-25_1359254_U_58,0.25865903,cv,1
2026-03-25_1359254_U_61,0.16986369,cv,0
2026-03-25_1359254_U_62,0.16701841,cv,1
2026-03-25_1359254_U_64,0.31679225,cv,1
2026-03-25_1359254_U_66,0.3098247,cv,0
2026-03-25_1359254_U_67,0.22343582,cv,1
2026-03-25_1359254_U_68,0.16650854,cv,1
2026-03-25_1359254_U_69,0.17668007,cv,1
2026-03-25_1359254_U_7,0.8134689,cv,0
2026-03-25_1359254_U_70,0.2319902,cv,0
2026-03-25_1359254_U_71,0.18604939,cv,0
2026-03-25_1359254_U_72,0.19979052,cv,1
2026-03-25_1359254_U_73,0.22468004,cv,0
2026-03-25_1359254_U_74,0.19301586,cv,0
2026-03-25_1359254_U_75,0.24612609,cv,0
2026-03-25_1359254_U_76,0.35671914,cv,0
2026-03-25_1359254_U_77,0.19591407,cv,0
2026-03-25_1359254_U_78,0.18855521,cv,0
2026-03-25_1359254_U_8,0.20730595,cv,1
2026-03-25_1390072_U_1,0.18037014,cv,0
2026-03-25_1390072_U_12,0.42422318,cv,1
2026-03-25_1390072_U_15,0.30221462,cv,0
2026-03-25_1390072_U_16,0.35362703,cv,1
2026-03-25_1390072_U_19,0.1983088,cv,0
2026-03-25_1390072_U_20,0.14734554,cv,0
2026-03-25_1390072_U_21,0.51802206,cv,0
2026-03-25_1390072_U_22,0.4993345,cv,0
2026-03-25_1390072_U_25,0.1456702,cv,1
2026-03-25_1390072_U_26,0.13966069,cv,0
2026-03-25_1390072_U_27,0.38838693,cv,0
2026-03-25_1390072_U_6,0.32171762,cv,1
2026-03-25_1390072_U_7,0.308596,cv,0
2026-03-25_1390072_U_8,0.38338813,cv,0
2026-03-25_1390072_U_9,0.17320333,cv,1
2026-03-25_1407494_U_1,0.32077596,cv,0
2026-03-25_1407494_U_10,0.2469759,cv,0
2026-03-25_1407494_U_11,0.24827743,cv,0
2026-03-25_1407494_U_12,0.17541754,cv,0
2026-03-25_1407494_U_13,0.18125635,cv,1
2026-03-25_1407494_U_14,0.2596376,cv,1
2026-03-25_1407494_U_15,0.27126798,cv,0
2026-03-25_1407494_U_16,0.23381084,cv,0
2026-03-25_1407494_U_17,0.22175756,cv,1
2026-03-25_1407494_U_18,0.25811553,cv,1
2026-03-25_1407494_U_19,0.36790496,cv,1
2026-03-25_1407494_U_2,0.19871858,cv,0
2026-03-25_1407494_U_20,0.31180918,cv,1
2026-03-25_1407494_U_21,0.2391788,cv,0
2026-03-25_1407494_U_22,0.24013534,cv,0
2026-03-25_1407494_U_29,0.33723277,cv,1
2026-03-25_1407494_U_3,0.2024076,cv,0
2026-03-25_1407494_U_31,0.46370444,cv,0
2026-03-25_1407494_U_32,0.513354,cv,1
2026-03-25_1407494_U_33,0.30923036,cv,0
2026-03-25_1407494_U_34,0.36807346,cv,1
2026-03-25_1407494_U_35,0.1989098,cv,0
2026-03-25_1407494_U_36,0.38756523,cv,0
2026-03-25_1407494_U_4,0.3352906,cv,0
2026-03-25_1407494_U_6,0.38685417,cv,0
2026-03-25_1407494_U_7,0.23359965,cv,0
2026-03-25_1407494_U_8,0.19166684,cv,0
2026-03-25_1407494_U_9,0.16011305,cv,0
2026-03-25_1407495_U_1,0.2251465,cv,0
2026-03-25_1407495_U_10,0.31032404,cv,0
2026-03-25_1407495_U_11,0.16556801,cv,0
2026-03-25_1407495_U_12,0.18281457,cv,0
2026-03-25_1407495_U_13,0.215695,cv,1
2026-03-25_1407495_U_14,0.18939309,cv,0
2026-03-25_1407495_U_15,0.22549808,cv,0
2026-03-25_1407495_U_16,0.18838462,cv,0
2026-03-25_1407495_U_17,0.26415315,cv,0
2026-03-25_1407495_U_18,0.18991566,cv,0
2026-03-25_1407495_U_19,0.13811271,cv,0
2026-03-25_1407495_U_2,0.21012574,cv,0
2026-03-25_1407495_U_20,0.54130507,cv,0
2026-03-25_1407495_U_21,0.1574691,cv,0
2026-03-25_1407495_U_22,0.20300949,cv,0
2026-03-25_1407495_U_23,0.9237108,cv,0
2026-03-25_1407495_U_24,0.26040813,cv,1
2026-03-25_1407495_U_25,0.27324075,cv,0
2026-03-25_1407495_U_27,0.36077696,cv,1
2026-03-25_1407495_U_3,0.20183407,cv,1
2026-03-25_1407495_U_4,0.22170499,cv,0
2026-03-25_1407495_U_5,0.21828815,cv,0
2026-03-25_1407495_U_6,0.16098377,cv,0
2026-03-25_1407495_U_7,0.18884683,cv,1
2026-03-25_1407495_U_8,0.13911483,cv,0
2026-03-25_1429985_U_112,0.2232545,cv,0
2026-03-25_1429985_U_17,0.091062635,cv,1
2026-03-25_1429985_U_22,0.10409753,cv,1
2026-03-25_1429985_U_32,0.10033099,cv,1
2026-03-25_1429985_U_33,0.17721382,cv,0
2026-03-25_1429985_U_38,0.31270874,cv,1
2026-03-25_1429985_U_61,0.23636699,cv,1
2026-03-25_1429985_U_66,0.07003595,cv,1
2026-03-25_1429985_U_71,0.16426253,cv,1
2026-03-25_1429985_U_99,0.09910722,cv,0
2026-03-25_1431265_U_1,0.23336199,cv,0
2026-03-25_1431265_U_100,0.16115485,cv,0
2026-03-25_1431265_U_101,0.1966582,cv,1
2026-03-25_1431265_U_103,0.18825305,cv,1
2026-03-25_1431265_U_105,0.17451558,cv,0
2026-03-25_1431265_U_106,0.18036054,cv,1
2026-03-25_1431265_U_109,0.16503416,cv,1
2026-03-25_1431265_U_113,0.15328293,cv,0
2026-03-25_1431265_U_114,0.15725905,cv,0
2026-03-25_1431265_U_115,0.19007139,cv,0
2026-03-25_1431265_U_116,0.12948832,cv,0
2026-03-25_1431265_U_117,0.1744865,cv,0
2026-03-25_1431265_U_118,0.20540178,cv,0
2026-03-25_1431265_U_119,0.13490579,cv,1
2026-03-25_1431265_U_120,0.20028916,cv,0
2026-03-25_1431265_U_121,0.3161162,cv,1
2026-03-25_1431265_U_125,0.64647824,cv,0
2026-03-25_1431265_U_126,0.16874002,cv,0
2026-03-25_1431265_U_127,0.15668759,cv,0
2026-03-25_1431265_U_128,0.16629803,cv,0
2026-03-25_1431265_U_129,0.19747278,cv,0
2026-03-25_1431265_U_13,0.15618539,cv,0
2026-03-25_1431265_U_130,0.16211344,cv,0
2026-03-25_1431265_U_131,0.14951631,cv,0
2026-03-25_1431265_U_132,0.17741439,cv,0
2026-03-25_1431265_U_133,0.13731872,cv,0
2026-03-25_1431265_U_134,0.15493642,cv,0
2026-03-25_1431265_U_135,0.1267925,cv,1
2026-03-25_1431265_U_136,0.15785271,cv,0
2026-03-25_1431265_U_137,0.12053685,cv,0
2026-03-25_1431265_U_138,0.17713265,cv,0
2026-03-25_1431265_U_139,0.14187062,cv,0
2026-03-25_1431265_U_14,0.18798572,cv,0
2026-03-25_1431265_U_140,0.099787146,cv,1
2026-03-25_1431265_U_141,0.16168249,cv,0
2026-03-25_1431265_U_142,0.15964156,cv,0
2026-03-25_1431265_U_143,0.17154562,cv,0
2026-03-25_1431265_U_144,0.1505365,cv,1
2026-03-25_1431265_U_145,0.1254592,cv,0
2026-03-25_1431265_U_147,0.16168702,cv,0
2026-03-25_1431265_U_148,0.14792672,cv,1
2026-03-25_1431265_U_149,0.1929864,cv,0
2026-03-25_1431265_U_15,0.14206119,cv,1
2026-03-25_1431265_U_150,0.18228178,cv,0
2026-03-25_1431265_U_151,0.15039816,cv,0
2026-03-25_1431265_U_152,0.15977971,cv,1
2026-03-25_1431265_U_155,0.231718,cv,0
2026-03-25_1431265_U_156,0.1522626,cv,1
2026-03-25_1431265_U_158,0.2094323,cv,0
2026-03-25_1431265_U_160,0.15550834,cv,0
2026-03-25_1431265_U_161,0.13910714,cv,1
2026-03-25_1431265_U_162,0.147113,cv,0
2026-03-25_1431265_U_163,0.23613805,cv,0
2026-03-25_1431265_U_164,0.37161642,cv,0
2026-03-25_1431265_U_165,0.32064804,cv,0
2026-03-25_1431265_U_166,0.37076408,cv,0
2026-03-25_1431265_U_167,0.12018441,cv,0
2026-03-25_1431265_U_168,0.12845215,cv,1
2026-03-25_1431265_U_170,0.12559095,cv,0
2026-03-25_1431265_U_171,0.14867243,cv,0
2026-03-25_1431265_U_172,0.32516405,cv,0
2026-03-25_1431265_U_19,0.1598056,cv,0
2026-03-25_1431265_U_2,0.21883903,cv,0
2026-03-25_1431265_U_20,0.10506376,cv,0
2026-03-25_1431265_U_21,0.13117959,cv,1
2026-03-25_1431265_U_24,0.15481868,cv,0
2026-03-25_1431265_U_25,0.106846675,cv,0
2026-03-25_1431265_U_26,0.098357365,cv,0
2026-03-25_1431265_U_27,0.115098104,cv,1
2026-03-25_1431265_U_29,0.09909021,cv,1
2026-03-25_1431265_U_3,0.114435196,cv,1
2026-03-25_1431265_U_30,0.0921772,cv,1
2026-03-25_1431265_U_31,0.16546896,cv,0
2026-03-25_1431265_U_32,0.12129158,cv,1
2026-03-25_1431265_U_36,0.12169026,cv,0
2026-03-25_1431265_U_37,0.18047911,cv,0
2026-03-25_1431265_U_38,0.09497525,cv,1
2026-03-25_1431265_U_42,0.11725992,cv,0
2026-03-25_1431265_U_43,0.18650793,cv,0
2026-03-25_1431265_U_44,0.14680965,cv,1
2026-03-25_1431265_U_45,0.16350487,cv,0
2026-03-25_1431265_U_46,0.3177467,cv,0
2026-03-25_1431265_U_48,0.14334568,cv,1
2026-03-25_1431265_U_49,0.113763794,cv,0
2026-03-25_1431265_U_50,0.1367549,cv,1
2026-03-25_1431265_U_54,0.1956368,cv,0
2026-03-25_1431265_U_55,0.11438348,cv,0
2026-03-25_1431265_U_56,0.1697273,cv,1
2026-03-25_1431265_U_57,0.13335964,cv,0
2026-03-25_1431265_U_58,0.16623272,cv,0
2026-03-25_1431265_U_59,0.111632824,cv,0
2026-03-25_1431265_U_60,0.1600875,cv,1
2026-03-25_1431265_U_61,0.2008157,cv,0
2026-03-25_1431265_U_62,0.24516432,cv,1
2026-03-25_1431265_U_66,0.2918695,cv,0
2026-03-25_1431265_U_67,0.24265978,cv,0
2026-03-25_1431265_U_68,0.2559179,cv,1
2026-03-25_1431265_U_7,0.13998985,cv,0
2026-03-25_1431265_U_70,0.15484178,cv,0
2026-03-25_1431265_U_72,0.13923347,cv,0
2026-03-25_1431265_U_73,0.11809693,cv,0
2026-03-25_1431265_U_74,0.15880829,cv,1
2026-03-25_1431265_U_76,0.30212036,cv,0
2026-03-25_1431265_U_77,0.22818848,cv,0
2026-03-25_1431265_U_78,0.20227498,cv,0
2026-03-25_1431265_U_79,0.19986796,cv,0
2026-03-25_1431265_U_8,0.116963744,cv,0
2026-03-25_1431265_U_80,0.20745659,cv,1
2026-03-25_1431265_U_83,0.13284694,cv,0
2026-03-25_1431265_U_84,0.12270149,cv,0
2026-03-25_1431265_U_85,0.1425747,cv,1
2026-03-25_1431265_U_88,0.15450576,cv,0
2026-03-25_1431265_U_89,0.14706431,cv,0
2026-03-25_1431265_U_9,0.15146713,cv,1
2026-03-25_1431265_U_91,0.1470868,cv,1
2026-03-25_1431265_U_94,0.2635212,cv,0
2026-03-25_1431265_U_95,0.21673095,cv,1
2026-03-25_1431265_U_96,0.20173559,cv,1
2026-03-25_1431265_U_97,0.114650264,cv,1
2026-03-25_1439975_U_1,0.23698804,cv,1
2026-03-25_1439975_U_10,0.24631155,cv,1
2026-03-25_1439975_U_100,0.3315309,cv,0
2026-03-25_1439975_U_101,0.5799118,cv,0
2026-03-25_1439975_U_13,0.2314496,cv,0
2026-03-25_1439975_U_14,0.15759093,cv,1
2026-03-25_1439975_U_15,0.20958471,cv,1
2026-03-25_1439975_U_17,0.18995361,cv,0
2026-03-25_1439975_U_18,0.1403139,cv,1
2026-03-25_1439975_U_19,0.182432,cv,1
2026-03-25_1439975_U_2,0.20616692,cv,0
2026-03-25_1439975_U_21,0.2934699,cv,0
2026-03-25_1439975_U_22,0.1903691,cv,0
2026-03-25_1439975_U_23,0.18528292,cv,1
2026-03-25_1439975_U_25,0.21976659,cv,0
2026-03-25_1439975_U_26,0.15368381,cv,1
2026-03-25_1439975_U_29,0.30161834,cv,0
2026-03-25_1439975_U_30,0.27380762,cv,0
2026-03-25_1439975_U_33,0.33622605,cv,0
2026-03-25_1439975_U_34,0.14318025,cv,1
2026-03-25_1439975_U_38,0.22560029,cv,0
2026-03-25_1439975_U_40,0.17343555,cv,1
2026-03-25_1439975_U_41,0.1687194,cv,1
2026-03-25_1439975_U_42,0.13203013,cv,0
2026-03-25_1439975_U_46,0.25542796,cv,1
2026-03-25_1439975_U_5,0.27204916,cv,0
2026-03-25_1439975_U_52,0.18028657,cv,1
2026-03-25_1439975_U_53,0.17867818,cv,1
2026-03-25_1439975_U_54,0.25725836,cv,1
2026-03-25_1439975_U_6,0.18816225,cv,1
2026-03-25_1439975_U_60,0.28950205,cv,1
2026-03-25_1439975_U_62,0.16669342,cv,1
2026-03-25_1439975_U_64,0.1671761,cv,1
2026-03-25_1439975_U_66,0.27051437,cv,1
2026-03-25_1439975_U_67,0.23351622,cv,0
2026-03-25_1439975_U_68,0.27462548,cv,1
2026-03-25_1439975_U_69,0.23281157,cv,0
2026-03-25_1439975_U_70,0.20713422,cv,1
2026-03-25_1439975_U_72,0.25534993,cv,1
2026-03-25_1439975_U_75,0.1414127,cv,0
2026-03-25_1439975_U_76,0.20528448,cv,0
2026-03-25_1439975_U_77,0.19415009,cv,1
2026-03-25_1439975_U_79,0.2587538,cv,1
2026-03-25_1439975_U_84,0.19435659,cv,1
2026-03-25_1439975_U_88,0.16624972,cv,1
2026-03-25_1439975_U_9,0.20429859,cv,0
2026-03-25_1439975_U_91,0.21848959,cv,1
2026-03-25_1439975_U_92,0.17775154,cv,1
2026-03-25_1439975_U_96,0.31880125,cv,0
2026-03-25_1439975_U_97,0.22700536,cv,0
2026-03-25_1439975_U_98,0.19192511,cv,0
2026-03-25_1439975_U_99,0.25000823,cv,1
2026-03-25_1441389_U_1,2.6968212,cv,0
2026-03-25_1441389_U_11,2.0180905,cv,0
2026-03-25_1441389_U_12,1.7772478,cv,0
2026-03-25_1441389_U_13,2.087728,cv,0
2026-03-25_1441389_U_14,0.16012543,cv,0
2026-03-25_1441389_U_16,1.7786831,cv,0
2026-03-25_1441389_U_17,2.3165555,cv,0
2026-03-25_1441389_U_18,0.18253323,cv,0
2026-03-25_1441389_U_19,2.0823817,cv,1
2026-03-25_1441389_U_21,2.124208,cv,0
2026-03-25_1441389_U_22,0.3484602,cv,0
2026-03-25_1441389_U_3,1.5587485,cv,0
2026-03-25_1441389_U_7,2.214448,cv,0
2026-03-25_1474792_U_1,0.1954678,cv,0
2026-03-25_1474792_U_10,0.18749827,cv,1
2026-03-25_1474792_U_11,0.17147557,cv,0
2026-03-25_1474792_U_12,0.32229146,cv,1
2026-03-25_1474792_U_13,0.14582746,cv,1
2026-03-25_1474792_U_15,0.1975399,cv,0
2026-03-25_1474792_U_16,0.4027139,cv,0
2026-03-25_1474792_U_19,0.21986681,cv,1
2026-03-25_1474792_U_2,0.11704785,cv,1
2026-03-25_1474792_U_21,0.15785506,cv,0
2026-03-25_1474792_U_22,0.17340702,cv,0
2026-03-25_1474792_U_23,0.25930133,cv,0
2026-03-25_1474792_U_24,0.21251671,cv,1
2026-03-25_1474792_U_27,0.18147016,cv,0
2026-03-25_1474792_U_29,0.16488531,cv,0
2026-03-25_1474792_U_3,0.14599735,cv,0
2026-03-25_1474792_U_30,0.19506627,cv,0
2026-03-25_1474792_U_33,0.16764383,cv,0
2026-03-25_1474792_U_34,0.31293428,cv,0
2026-03-25_1474792_U_35,0.25474647,cv,1
2026-03-25_1474792_U_38,0.19646966,cv,0
2026-03-25_1474792_U_39,0.25159937,cv,1
2026-03-25_1474792_U_5,0.107805125,cv,0
2026-03-25_1474792_U_6,0.15759686,cv,0
2026-03-25_1474792_U_7,0.15483889,cv,1
2026-03-25_1474793_U_1,0.17260644,cv,0
2026-03-25_1474793_U_2,0.22026491,cv,0
2026-03-25_1474793_U_3,0.18866622,cv,0
2026-03-25_1474793_U_4,0.16992472,cv,1
2026-03-25_1476582_U_1,0.28650457,cv,1
2026-03-25_1476582_U_10,0.38299632,cv,0
2026-03-25_1476582_U_11,0.37752518,cv,0
2026-03-25_1476582_U_12,0.3343411,cv,0
2026-03-25_1476582_U_13,0.54535425,cv,0
2026-03-25_1476582_U_15,0.6396047,cv,0
2026-03-25_1476582_U_16,0.5548569,cv,0
2026-03-25_1476582_U_17,0.36540753,cv,0
2026-03-25_1476582_U_18,0.27802706,cv,0
2026-03-25_1476582_U_19,0.3052339,cv,0
2026-03-25_1476582_U_2,0.27303526,cv,0
2026-03-25_1476582_U_20,0.299296,cv,0
2026-03-25_1476582_U_21,0.5873899,cv,0
2026-03-25_1476582_U_22,0.3494891,cv,0
2026-03-25_1476582_U_23,0.3548078,cv,1
2026-03-25_1476582_U_24,0.3173748,cv,1
2026-03-25_1476582_U_25,0.30435967,cv,1
2026-03-25_1476582_U_27,0.20799154,cv,1
2026-03-25_1476582_U_28,0.34541184,cv,1
2026-03-25_1476582_U_30,0.4110126,cv,1
2026-03-25_1476582_U_32,0.4254349,cv,0
2026-03-25_1476582_U_33,0.21209827,cv,0
2026-03-25_1476582_U_34,0.2561961,cv,0
2026-03-25_1476582_U_35,0.35965008,cv,0
2026-03-25_1476582_U_36,0.3028931,cv,0
2026-03-25_1476582_U_37,0.38621396,cv,0
2026-03-25_1476582_U_38,0.22837624,cv,1
2026-03-25_1476582_U_4,0.449463,cv,0
2026-03-25_1476582_U_5,1.1073451,cv,0
2026-03-25_1476582_U_6,0.32202333,cv,0
2026-03-25_1476582_U_7,0.2518102,cv,0
2026-03-25_1476582_U_8,0.41176018,cv,0
2026-03-25_1476582_U_9,0.25645322,cv,0
2026-03-25_1476584_U_1,0.5044961,cv,0
2026-03-25_1476584_U_10,0.5117073,cv,0
2026-03-25_1476584_U_11,0.2539612,cv,0
2026-03-25_1476584_U_12,0.54403496,cv,0
2026-03-25_1476584_U_13,0.22793083,cv,0
2026-03-25_1476584_U_14,0.23832439,cv,0
2026-03-25_1476584_U_2,0.31416205,cv,0
2026-03-25_1476584_U_4,0.7354599,cv,0
2026-03-25_1476584_U_5,0.34855935,cv,0
2026-03-25_1476584_U_6,0.5697662,cv,1
2026-03-25_1476584_U_7,0.2474187,cv,0
2026-03-25_1476584_U_8,0.35095358,cv,0
2026-03-25_1476584_U_9,0.5601732,cv,0
2026-03-25_1477766_U_1,0.13368703,cv,0
2026-03-25_1477766_U_10,0.1264386,cv,0
2026-03-25_1477766_U_11,0.14686975,cv,0
2026-03-25_1477766_U_12,0.16008027,cv,0
2026-03-25_1477766_U_13,0.15242738,cv,0
2026-03-25_1477766_U_14,0.07498383,cv,0
2026-03-25_1477766_U_15,0.16060439,cv,0
2026-03-25_1477766_U_16,0.20926332,cv,0
2026-03-25_1477766_U_17,0.1536699,cv,0
2026-03-25_1477766_U_18,0.1195704,cv,0
2026-03-25_1477766_U_19,0.19406174,cv,0
2026-03-25_1477766_U_2,0.11793848,cv,0
2026-03-25_1477766_U_20,0.31621337,cv,0
2026-03-25_1477766_U_21,0.19142985,cv,1
2026-03-25_1477766_U_22,0.18802463,cv,0
2026-03-25_1477766_U_23,0.21761608,cv,0
2026-03-25_1477766_U_24,0.13421491,cv,0
2026-03-25_1477766_U_25,0.24616025,cv,1
2026-03-25_1477766_U_26,0.23973382,cv,0
2026-03-25_1477766_U_27,0.11286996,cv,0
2026-03-25_1477766_U_28,0.18485062,cv,0
2026-03-25_1477766_U_29,0.17289078,cv,0
2026-03-25_1477766_U_3,0.3151139,cv,1
2026-03-25_1477766_U_30,0.2061842,cv,0
2026-03-25_1477766_U_31,0.24756014,cv,0
2026-03-25_1477766_U_4,0.35055575,cv,0
2026-03-25_1477766_U_5,0.18114923,cv,0
2026-03-25_1477766_U_6,0.254525,cv,0
2026-03-25_1477766_U_7,0.28935197,cv,0
2026-03-25_1477766_U_8,0.19545689,cv,0
2026-03-25_1477766_U_9,0.24447086,cv,0
2026-03-25_1477767_U_1,0.1660749,cv,0
2026-03-25_1477767_U_10,0.15910333,cv,1
2026-03-25_1477767_U_12,0.46615422,cv,0
2026-03-25_1477767_U_14,0.18221347,cv,0
2026-03-25_1477767_U_15,0.14392596,cv,0
2026-03-25_1477767_U_16,0.2906608,cv,0
2026-03-25_1477767_U_17,0.17092621,cv,0
2026-03-25_1477767_U_18,0.1530259,cv,0
2026-03-25_1477767_U_19,0.20422971,cv,0
2026-03-25_1477767_U_2,0.21930097,cv,0
2026-03-25_1477767_U_20,0.12871465,cv,0
2026-03-25_1477767_U_21,0.20262246,cv,0
2026-03-25_1477767_U_22,0.29826307,cv,0
2026-03-25_1477767_U_25,0.115331426,cv,0
2026-03-25_1477767_U_26,0.21728379,cv,0
2026-03-25_1477767_U_27,0.31169674,cv,0
2026-03-25_1477767_U_28,0.23096871,cv,0
2026-03-25_1477767_U_3,0.21963054,cv,0
2026-03-25_1477767_U_31,0.15851226,cv,1
2026-03-25_1477767_U_35,0.33813,cv,0
2026-03-25_1477767_U_36,0.21651709,cv,0
2026-03-25_1477767_U_37,0.13017802,cv,1
2026-03-25_1477767_U_38,0.1641682,cv,0
2026-03-25_1477767_U_39,0.15495422,cv,1
2026-03-25_1477767_U_4,0.29949382,cv,0
2026-03-25_1477767_U_40,0.16578835,cv,0
2026-03-25_1477767_U_5,0.18663952,cv,0
2026-03-25_1477767_U_6,0.17719845,cv,0
2026-03-25_1477767_U_7,0.21731131,cv,0
2026-03-25_1477767_U_8,0.3726701,cv,0
2026-03-25_1477767_U_9,0.23153262,cv,0
2026-03-25_1477768_U_1,0.17506509,cv,0
2026-03-25_1477768_U_11,0.1624581,cv,0
2026-03-25_1477768_U_12,0.20324594,cv,0
2026-03-25_1477768_U_13,0.24649012,cv,0
2026-03-25_1477768_U_14,0.2267996,cv,0
2026-03-25_1477768_U_15,0.1699343,cv,0
2026-03-25_1477768_U_16,0.22146064,cv,0
2026-03-25_1477768_U_17,0.33484912,cv,0
2026-03-25_1477768_U_18,0.3742363,cv,0
2026-03-25_1477768_U_19,0.24795923,cv,0
2026-03-25_1477768_U_2,0.18747012,cv,0
2026-03-25_1477768_U_20,0.199108,cv,0
2026-03-25_1477768_U_21,0.15718451,cv,0
2026-03-25_1477768_U_22,0.18435463,cv,0
2026-03-25_1477768_U_23,0.15532963,cv,0
2026-03-25_1477768_U_24,0.11030553,cv,0
2026-03-25_1477768_U_26,0.12020923,cv,0
2026-03-25_1477768_U_27,0.1965991,cv,0
2026-03-25_1477768_U_28,0.18146853,cv,0
2026-03-25_1477768_U_29,0.11277198,cv,0
2026-03-25_1477768_U_3,0.20695904,cv,0
2026-03-25_1477768_U_30,0.11673745,cv,0
2026-03-25_1477768_U_31,0.20256549,cv,1
2026-03-25_1477768_U_32,0.17932382,cv,0
2026-03-25_1477768_U_33,0.15213391,cv,0
2026-03-25_1477768_U_36,0.34126627,cv,0
2026-03-25_1477768_U_37,0.24090108,cv,1
2026-03-25_1477768_U_38,0.18888813,cv,0
2026-03-25_1477768_U_39,0.25100455,cv,0
2026-03-25_1477768_U_4,0.110724494,cv,0
2026-03-25_1477768_U_41,0.29697704,cv,0
2026-03-25_1477768_U_42,0.24307792,cv,0
2026-03-25_1477768_U_43,0.110711634,cv,0
2026-03-25_1477768_U_44,0.19628136,cv,0
2026-03-25_1477768_U_45,0.1463541,cv,0
2026-03-25_1477768_U_47,0.13008867,cv,0
2026-03-25_1477768_U_48,0.0845595,cv,0
2026-03-25_1477768_U_49,0.19663195,cv,0
2026-03-25_1477768_U_5,0.284606,cv,0
2026-03-25_1477768_U_50,0.19779953,cv,0
2026-03-25_1477768_U_51,0.19277382,cv,0
2026-03-25_1477768_U_52,0.27916712,cv,1
2026-03-25_1477768_U_55,0.1792084,cv,1
2026-03-25_1477768_U_56,0.139689,cv,0
2026-03-25_1477768_U_57,0.323847,cv,0
2026-03-25_1477768_U_58,0.3522094,cv,1
2026-03-25_1477768_U_6,0.20610511,cv,0
2026-03-25_1477768_U_8,0.21788093,cv,0
2026-03-25_1477769_U_1,0.21823919,cv,0
2026-03-25_1477769_U_10,0.19295345,cv,0
2026-03-25_1477769_U_11,0.16368207,cv,0
2026-03-25_1477769_U_12,0.32897058,cv,0
2026-03-25_1477769_U_13,0.13889651,cv,0
2026-03-25_1477769_U_14,0.24691145,cv,0
2026-03-25_1477769_U_15,0.17752874,cv,0
2026-03-25_1477769_U_16,0.19449458,cv,0
2026-03-25_1477769_U_17,0.17121515,cv,0
2026-03-25_1477769_U_18,0.21593349,cv,0
2026-03-25_1477769_U_19,0.24337868,cv,0
2026-03-25_1477769_U_2,0.11516169,cv,0
2026-03-25_1477769_U_20,0.1412752,cv,0
2026-03-25_1477769_U_21,0.14570382,cv,0
2026-03-25_1477769_U_22,0.13107973,cv,0
2026-03-25_1477769_U_23,0.17959046,cv,0
2026-03-25_1477769_U_24,0.20018756,cv,0
2026-03-25_1477769_U_25,0.15974373,cv,0
2026-03-25_1477769_U_26,0.17032918,cv,0
2026-03-25_1477769_U_27,0.11195806,cv,0
2026-03-25_1477769_U_28,0.13017142,cv,0
2026-03-25_1477769_U_29,0.13142109,cv,1
2026-03-25_1477769_U_3,0.18181252,cv,0
2026-03-25_1477769_U_30,0.26019827,cv,0
2026-03-25_1477769_U_31,0.1882432,cv,0
2026-03-25_1477769_U_32,0.32428607,cv,0
2026-03-25_1477769_U_33,0.25647503,cv,0
2026-03-25_1477769_U_34,0.17728285,cv,0
2026-03-25_1477769_U_35,0.16996285,cv,0
2026-03-25_1477769_U_36,0.17061976,cv,0
2026-03-25_1477769_U_37,0.10275495,cv,0
2026-03-25_1477769_U_38,0.19458263,cv,0
2026-03-25_1477769_U_39,0.13022783,cv,0
2026-03-25_1477769_U_4,0.34653077,cv,0
2026-03-25_1477769_U_40,0.21003866,cv,0
2026-03-25_1477769_U_41,0.19404303,cv,0
2026-03-25_1477769_U_42,0.17274636,cv,0
2026-03-25_1477769_U_43,0.2590748,cv,0
2026-03-25_1477769_U_44,0.25695902,cv,0
2026-03-25_1477769_U_45,0.13753922,cv,1
2026-03-25_1477769_U_46,0.14478295,cv,0
2026-03-25_1477769_U_47,0.1419658,cv,0
2026-03-25_1477769_U_48,0.14277276,cv,0
2026-03-25_1477769_U_5,0.15426843,cv,0
2026-03-25_1477769_U_6,0.10259198,cv,0
2026-03-25_1477769_U_7,0.2111942,cv,0
2026-03-25_1477769_U_8,0.14708716,cv,0
2026-03-25_1477769_U_9,0.13001195,cv,0
2026-03-25_1477770_U_1,0.6640045,cv,0
2026-03-25_1477770_U_11,0.5007271,cv,0
2026-03-25_1477770_U_12,0.2838311,cv,0
2026-03-25_1477770_U_13,0.7662344,cv,0
2026-03-25_1477770_U_14,0.41071874,cv,0
2026-03-25_1477770_U_15,0.56900513,cv,0
2026-03-25_1477770_U_16,0.7079415,cv,0
2026-03-25_1477770_U_17,0.39159703,cv,0
2026-03-25_1477770_U_18,0.5778249,cv,0
2026-03-25_1477770_U_2,0.5098361,cv,0
2026-03-25_1477770_U_3,0.45913002,cv,0
2026-03-25_1477770_U_6,0.1769809,cv,0
2026-03-25_1477770_U_9,0.7942135,cv,1
2026-03-25_1481779_U_1,0.22455978,cv,0
2026-03-25_1481779_U_10,0.17388573,cv,0
2026-03-25_1481779_U_100,0.106864415,cv,0
2026-03-25_1481779_U_101,0.19337861,cv,0
2026-03-25_1481779_U_102,0.22219163,cv,0
2026-03-25_1481779_U_103,0.18721263,cv,0
2026-03-25_1481779_U_104,0.15981212,cv,0
2026-03-25_1481779_U_105,0.18053626,cv,0
2026-03-25_1481779_U_106,0.12043524,cv,0
2026-03-25_1481779_U_107,0.090643,cv,0
2026-03-25_1481779_U_108,0.13685583,cv,0
2026-03-25_1481779_U_109,0.19898371,cv,0
2026-03-25_1481779_U_11,0.2025756,cv,0
2026-03-25_1481779_U_110,0.14340991,cv,0
2026-03-25_1481779_U_111,0.15507849,cv,0
2026-03-25_1481779_U_112,0.1320567,cv,0
2026-03-25_1481779_U_113,0.11519979,cv,0
2026-03-25_1481779_U_114,0.09350541,cv,0
2026-03-25_1481779_U_115,0.21459645,cv,0
2026-03-25_1481779_U_116,0.13459417,cv,0
2026-03-25_1481779_U_117,0.09157699,cv,0
2026-03-25_1481779_U_118,0.12888743,cv,0
2026-03-25_1481779_U_119,0.16209576,cv,0
2026-03-25_1481779_U_12,0.202806,cv,1
2026-03-25_1481779_U_120,0.2494165,cv,0
2026-03-25_1481779_U_121,0.18646261,cv,0
2026-03-25_1481779_U_122,0.3867603,cv,0
2026-03-25_1481779_U_123,0.15384084,cv,0
2026-03-25_1481779_U_124,0.16870068,cv,0
2026-03-25_1481779_U_126,0.19381085,cv,0
2026-03-25_1481779_U_127,0.18782532,cv,0
2026-03-25_1481779_U_128,0.1860491,cv,0
2026-03-25_1481779_U_129,0.08455416,cv,0
2026-03-25_1481779_U_13,0.14825201,cv,0
2026-03-25_1481779_U_130,0.08434297,cv,0
2026-03-25_1481779_U_131,0.14902014,cv,0
2026-03-25_1481779_U_14,0.10468458,cv,0
2026-03-25_1481779_U_15,0.11845283,cv,0
2026-03-25_1481779_U_16,0.28942358,cv,0
2026-03-25_1481779_U_17,0.20261848,cv,0
2026-03-25_1481779_U_18,0.21198969,cv,0
2026-03-25_1481779_U_19,0.3034819,cv,0
2026-03-25_1481779_U_2,0.23724169,cv,0
2026-03-25_1481779_U_20,0.39653286,cv,0
2026-03-25_1481779_U_21,0.15958832,cv,0
2026-03-25_1481779_U_22,0.14414251,cv,0
2026-03-25_1481779_U_23,0.08221635,cv,0
2026-03-25_1481779_U_24,0.29616687,cv,0
2026-03-25_1481779_U_25,0.12866406,cv,0
2026-03-25_1481779_U_26,0.22834134,cv,0
2026-03-25_1481779_U_27,0.1435858,cv,0
2026-03-25_1481779_U_28,0.08567427,cv,0
2026-03-25_1481779_U_29,0.20226073,cv,0
2026-03-25_1481779_U_3,0.097018674,cv,0
2026-03-25_1481779_U_30,0.14435959,cv,0
2026-03-25_1481779_U_31,0.29008746,cv,0
2026-03-25_1481779_U_32,0.201267,cv,0
2026-03-25_1481779_U_33,0.25485036,cv,0
2026-03-25_1481779_U_34,0.1635369,cv,0
2026-03-25_1481779_U_35,0.24786168,cv,0
2026-03-25_1481779_U_36,0.11120106,cv,0
2026-03-25_1481779_U_37,0.15809676,cv,0
2026-03-25_1481779_U_38,0.17982851,cv,0
2026-03-25_1481779_U_39,0.1746925,cv,0
2026-03-25_1481779_U_4,0.23243773,cv,0
2026-03-25_1481779_U_40,0.15474448,cv,0
2026-03-25_1481779_U_41,0.18317187,cv,0
2026-03-25_1481779_U_42,0.14330578,cv,0
2026-03-25_1481779_U_43,0.107148215,cv,0
2026-03-25_1481779_U_44,0.085930035,cv,0
2026-03-25_1481779_U_45,0.10263443,cv,0
2026-03-25_1481779_U_46,0.14647233,cv,0
2026-03-25_1481779_U_47,0.1875457,cv,0
2026-03-25_1481779_U_48,0.18854086,cv,0
2026-03-25_1481779_U_49,0.12135448,cv,0
2026-03-25_1481779_U_5,0.09827022,cv,0
2026-03-25_1481779_U_50,0.14489898,cv,0
2026-03-25_1481779_U_51,0.099368654,cv,0
2026-03-25_1481779_U_52,0.35322797,cv,0
2026-03-25_1481779_U_53,0.14070123,cv,0
2026-03-25_1481779_U_54,0.13648194,cv,0
2026-03-25_1481779_U_55,0.104963675,cv,0
2026-03-25_1481779_U_56,0.154308,cv,0
2026-03-25_1481779_U_57,0.14132214,cv,0
2026-03-25_1481779_U_58,0.19240277,cv,0
2026-03-25_1481779_U_59,0.10273254,cv,0
2026-03-25_1481779_U_6,0.2880182,cv,0
2026-03-25_1481779_U_60,0.08025035,cv,0
2026-03-25_1481779_U_61,0.11525825,cv,0
2026-03-25_1481779_U_62,0.16956696,cv,0
2026-03-25_1481779_U_63,0.08921741,cv,0
2026-03-25_1481779_U_64,0.2301848,cv,0
2026-03-25_1481779_U_65,0.10636544,cv,0
2026-03-25_1481779_U_66,0.11978217,cv,0
2026-03-25_1481779_U_67,0.12566946,cv,0
2026-03-25_1481779_U_68,0.15937877,cv,0
2026-03-25_1481779_U_69,0.10593905,cv,0
2026-03-25_1481779_U_7,0.14085968,cv,0
2026-03-25_1481779_U_70,0.09043678,cv,0
2026-03-25_1481779_U_71,0.18754368,cv,0
2026-03-25_1481779_U_72,0.20676222,cv,0
2026-03-25_1481779_U_73,0.1263681,cv,0
2026-03-25_1481779_U_74,0.15054259,cv,0
2026-03-25_1481779_U_75,0.112396315,cv,0
2026-03-25_1481779_U_76,0.10545288,cv,0
2026-03-25_1481779_U_77,0.15149719,cv,0
2026-03-25_1481779_U_78,0.14819708,cv,0
2026-03-25_1481779_U_79,0.13325267,cv,0
2026-03-25_1481779_U_8,0.16569676,cv,0
2026-03-25_1481779_U_80,0.095662855,cv,0
2026-03-25_1481779_U_81,0.18648121,cv,0
2026-03-25_1481779_U_82,0.10276893,cv,0
2026-03-25_1481779_U_83,0.1819284,cv,0
2026-03-25_1481779_U_84,0.10518684,cv,0
2026-03-25_1481779_U_85,0.089857176,cv,0
2026-03-25_1481779_U_87,0.19550054,cv,0
2026-03-25_1481779_U_88,0.34866282,cv,0
2026-03-25_1481779_U_89,0.10533391,cv,0
2026-03-25_1481779_U_90,0.076977,cv,0
2026-03-25_1481779_U_91,0.1773789,cv,0
2026-03-25_1481779_U_92,0.15750235,cv,0
2026-03-25_1481779_U_93,0.049580183,cv,0
2026-03-25_1481779_U_94,0.1416168,cv,0
2026-03-25_1481779_U_95,0.113467716,cv,0
2026-03-25_1481779_U_96,0.13962999,cv,0
2026-03-25_1481779_U_97,0.1668934,cv,0
2026-03-25_1481779_U_98,0.08567074,cv,0
2026-03-25_1481779_U_99,0.1927577,cv,0
2026-03-25_1495854_U_1,0.3114521,cv,0
2026-03-25_1495854_U_10,0.18069556,cv,1
2026-03-25_1495854_U_12,0.27134824,cv,1
2026-03-25_1495854_U_14,0.3144853,cv,0
2026-03-25_1495854_U_15,0.15158889,cv,0
2026-03-25_1495854_U_18,0.16972408,cv,0
2026-03-25_1495854_U_19,0.2766099,cv,0
2026-03-25_1495854_U_2,0.18821137,cv,0
2026-03-25_1495854_U_20,0.25854504,cv,0
2026-03-25_1495854_U_21,0.196529,cv,1
2026-03-25_1495854_U_26,0.25283784,cv,1
2026-03-25_1495854_U_27,0.31691965,cv,0
2026-03-25_1495854_U_28,0.2686686,cv,0
2026-03-25_1495854_U_29,0.22779983,cv,0
2026-03-25_1495854_U_30,0.2680018,cv,0
2026-03-25_1495854_U_32,0.14664306,cv,0
2026-03-25_1495854_U_33,0.36782846,cv,0
2026-03-25_1495854_U_34,0.29868075,cv,0
2026-03-25_1495854_U_35,0.32419756,cv,0
2026-03-25_1495854_U_36,0.8345496,cv,0
2026-03-25_1495854_U_37,0.23772737,cv,0
2026-03-25_1495854_U_38,0.22312497,cv,0
2026-03-25_1495854_U_39,0.20615634,cv,0
2026-03-25_1495854_U_40,0.29586065,cv,0
2026-03-25_1495854_U_41,0.2687734,cv,0
2026-03-25_1495854_U_42,0.22419369,cv,0
2026-03-25_1495854_U_43,0.20218478,cv,0
2026-03-25_1495854_U_44,0.2261034,cv,0
2026-03-25_1495854_U_46,0.34496304,cv,0
2026-03-25_1495854_U_6,0.23455772,cv,0
2026-03-25_1495854_U_7,0.2892955,cv,0
2026-03-25_1495855_U_10,0.22292745,cv,0
2026-03-25_1495855_U_11,0.3925706,cv,0
2026-03-25_1495855_U_12,0.4352911,cv,0
2026-03-25_1495855_U_13,0.48751503,cv,0
2026-03-25_1495855_U_14,0.23734294,cv,0
2026-03-25_1495855_U_15,0.25263548,cv,0
2026-03-25_1495855_U_16,0.24274683,cv,0
2026-03-25_1495855_U_17,0.40132722,cv,0
2026-03-25_1495855_U_18,0.43033713,cv,0
2026-03-25_1495855_U_19,0.16349836,cv,1
2026-03-25_1495855_U_20,0.15680784,cv,0
2026-03-25_1495855_U_21,0.18234907,cv,1
2026-03-25_1495855_U_22,0.5010006,cv,0
2026-03-25_1495855_U_23,0.26373827,cv,0
2026-03-25_1495855_U_24,0.16946399,cv,0
2026-03-25_1495855_U_25,0.7587129,cv,0
2026-03-25_1495855_U_29,0.13750629,cv,0
2026-03-25_1495855_U_30,0.25028026,cv,0
2026-03-25_1495855_U_31,0.2443534,cv,0
2026-03-25_1495855_U_33,0.35290062,cv,0
2026-03-25_1495855_U_34,0.2748546,cv,0
2026-03-25_1495855_U_35,0.48197708,cv,0
2026-03-25_1495855_U_36,0.42950577,cv,0
2026-03-25_1495855_U_37,0.44710538,cv,0
2026-03-25_1495855_U_38,0.2939312,cv,0
2026-03-25_1495855_U_39,0.2904739,cv,0
2026-03-25_1495855_U_40,0.40363097,cv,0
2026-03-25_1495855_U_42,0.34390187,cv,0
2026-03-25_1495855_U_43,0.4098024,cv,0
2026-03-25_1495855_U_44,0.34931692,cv,0
2026-03-25_1495855_U_45,0.33606744,cv,0
2026-03-25_1495855_U_46,0.30751818,cv,0
2026-03-25_1495855_U_5,0.2532115,cv,1
2026-03-25_1496805_U_1,0.42324495,cv,0
2026-03-25_1496805_U_11,0.2517726,cv,0
2026-03-25_1496805_U_12,0.10988097,cv,0
2026-03-25_1496805_U_13,0.2952766,cv,0
2026-03-25_1496805_U_14,0.2312342,cv,0
2026-03-25_1496805_U_15,0.17176259,cv,0
2026-03-25_1496805_U_16,0.734347,cv,0
2026-03-25_1496805_U_17,0.28878185,cv,0
2026-03-25_1496805_U_18,0.19219485,cv,1
2026-03-25_1496805_U_19,0.2441787,cv,1
2026-03-25_1496805_U_2,0.1632541,cv,0
2026-03-25_1496805_U_20,0.1982468,cv,1
2026-03-25_1496805_U_21,0.50898445,cv,0
2026-03-25_1496805_U_22,0.2650317,cv,0
2026-03-25_1496805_U_23,0.26273915,cv,0
2026-03-25_1496805_U_24,0.19237028,cv,1
2026-03-25_1496805_U_27,0.22366118,cv,0
2026-03-25_1496805_U_29,0.11775725,cv,0
2026-03-25_1496805_U_30,0.26607144,cv,0
2026-03-25_1496805_U_31,0.2152164,cv,0
2026-03-25_1496805_U_32,0.2424215,cv,0
2026-03-25_1496805_U_33,0.15179676,cv,0
2026-03-25_1496805_U_35,0.2741826,cv,0
2026-03-25_1496805_U_36,0.18269071,cv,0
2026-03-25_1496805_U_37,0.1851387,cv,0
2026-03-25_1496805_U_38,0.1672822,cv,1
2026-03-25_1496805_U_4,0.12177554,cv,0
2026-03-25_1496805_U_40,0.16877657,cv,0
2026-03-25_1496805_U_41,0.13632296,cv,0
2026-03-25_1496805_U_42,0.17591241,cv,0
2026-03-25_1496805_U_43,0.3343823,cv,0
2026-03-25_1496805_U_46,0.43745142,cv,0
2026-03-25_1496805_U_48,0.202335,cv,0
2026-03-25_1496805_U_49,0.3138957,cv,1
2026-03-25_1496805_U_5,0.29234564,cv,0
2026-03-25_1496805_U_50,0.4283719,cv,1
2026-03-25_1496805_U_51,0.3680436,cv,1
2026-03-25_1496805_U_52,0.15130156,cv,0
2026-03-25_1496805_U_53,0.44322404,cv,0
2026-03-25_1496805_U_57,0.17506099,cv,0
2026-03-25_1496805_U_58,0.34221658,cv,0
2026-03-25_1496805_U_59,0.22633955,cv,0
2026-03-25_1496805_U_6,0.30122706,cv,0
2026-03-25_1496805_U_60,0.14123379,cv,0
2026-03-25_1496805_U_62,0.1790176,cv,1
2026-03-25_1496805_U_64,0.13216537,cv,0
2026-03-25_1496805_U_65,0.1531173,cv,1
2026-03-25_1496805_U_66,0.09962892,cv,1
2026-03-25_1496805_U_67,0.17204943,cv,1
2026-03-25_1496805_U_69,0.1638158,cv,0
2026-03-25_1496805_U_7,0.34450158,cv,0
2026-03-25_1496805_U_70,0.16385753,cv,0
2026-03-25_1496805_U_71,0.10577409,cv,1
2026-03-25_1496805_U_72,0.14377967,cv,0
2026-03-25_1496805_U_73,0.23228519,cv,0
2026-03-25_1496805_U_74,0.24852139,cv,0
2026-03-25_1496805_U_75,0.13579892,cv,0
2026-03-25_1496805_U_78,0.3509475,cv,0
2026-03-25_1496805_U_79,0.25645667,cv,0
2026-03-25_1496805_U_8,0.35116932,cv,0
2026-03-25_1496805_U_9,0.2539928,cv,0
2026-03-25_1496806_U_1,0.26445508,cv,0
2026-03-25_1496806_U_10,0.17738536,cv,0
2026-03-25_1496806_U_11,0.2700143,cv,0
2026-03-25_1496806_U_12,0.27913055,cv,0
2026-03-25_1496806_U_13,0.268868,cv,0
2026-03-25_1496806_U_14,0.41718298,cv,0
2026-03-25_1496806_U_15,0.25586906,cv,0
2026-03-25_1496806_U_16,0.25071657,cv,0
2026-03-25_1496806_U_17,0.23044607,cv,0
2026-03-25_1496806_U_18,0.24657914,cv,0
2026-03-25_1496806_U_19,0.14423202,cv,0
2026-03-25_1496806_U_2,0.13246854,cv,0
2026-03-25_1496806_U_20,0.36943528,cv,0
2026-03-25_1496806_U_21,0.26708466,cv,0
2026-03-25_1496806_U_22,0.15360281,cv,0
2026-03-25_1496806_U_23,0.16548827,cv,0
2026-03-25_1496806_U_24,0.16849586,cv,0
2026-03-25_1496806_U_25,0.27807805,cv,0
2026-03-25_1496806_U_26,0.30069327,cv,0
2026-03-25_1496806_U_27,0.25971016,cv,0
2026-03-25_1496806_U_28,0.31145045,cv,0
2026-03-25_1496806_U_29,0.30825773,cv,0
2026-03-25_1496806_U_3,0.17862573,cv,0
2026-03-25_1496806_U_30,0.27533445,cv,0
2026-03-25_1496806_U_31,0.2943574,cv,0
2026-03-25_1496806_U_32,0.63528836,cv,0
2026-03-25_1496806_U_4,0.2337564,cv,0
2026-03-25_1496806_U_5,0.16032174,cv,0
2026-03-25_1496806_U_6,0.23527968,cv,0
2026-03-25_1496806_U_7,0.2785828,cv,0
2026-03-25_1496806_U_8,0.23156606,cv,0
2026-03-25_1496806_U_9,0.231536,cv,0
2026-03-25_1496808_U_1,0.22723937,cv,0
2026-03-25_1496808_U_10,0.29525873,cv,0
2026-03-25_1496808_U_100,0.40366155,cv,0
2026-03-25_1496808_U_101,0.41037488,cv,0
2026-03-25_1496808_U_11,0.11583723,cv,0
2026-03-25_1496808_U_13,0.1930196,cv,1
2026-03-25_1496808_U_14,0.20553303,cv,1
2026-03-25_1496808_U_15,0.19222,cv,0
2026-03-25_1496808_U_16,0.15656787,cv,1
2026-03-25_1496808_U_18,0.47906277,cv,0
2026-03-25_1496808_U_19,0.31514242,cv,0
2026-03-25_1496808_U_2,0.17781165,cv,0
2026-03-25_1496808_U_20,0.1512999,cv,0
2026-03-25_1496808_U_23,0.2814277,cv,1
2026-03-25_1496808_U_24,0.17315505,cv,0
2026-03-25_1496808_U_25,0.22853069,cv,0
2026-03-25_1496808_U_26,0.3514846,cv,0
2026-03-25_1496808_U_27,0.09786802,cv,0
2026-03-25_1496808_U_29,0.14905918,cv,0
2026-03-25_1496808_U_31,0.21211402,cv,1
2026-03-25_1496808_U_32,0.22153553,cv,0
2026-03-25_1496808_U_33,0.3526698,cv,0
2026-03-25_1496808_U_34,0.29040954,cv,0
2026-03-25_1496808_U_35,0.11433204,cv,0
2026-03-25_1496808_U_36,0.18881023,cv,1
2026-03-25_1496808_U_39,0.14351514,cv,1
2026-03-25_1496808_U_4,0.13384452,cv,1
2026-03-25_1496808_U_40,0.20851426,cv,1
2026-03-25_1496808_U_41,0.25089118,cv,1
2026-03-25_1496808_U_42,0.2234596,cv,0
2026-03-25_1496808_U_43,0.3639389,cv,0
2026-03-25_1496808_U_45,0.18958752,cv,0
2026-03-25_1496808_U_46,0.2116091,cv,0
2026-03-25_1496808_U_47,0.35442647,cv,0
2026-03-25_1496808_U_50,0.26410615,cv,1
2026-03-25_1496808_U_52,0.2695435,cv,0
2026-03-25_1496808_U_53,0.24215364,cv,0
2026-03-25_1496808_U_54,0.30725694,cv,0
2026-03-25_1496808_U_55,0.2882209,cv,0
2026-03-25_1496808_U_56,0.17580912,cv,0
2026-03-25_1496808_U_57,0.24251279,cv,1
2026-03-25_1496808_U_58,0.21638477,cv,1
2026-03-25_1496808_U_59,0.0978508,cv,0
2026-03-25_1496808_U_6,0.1860743,cv,0
2026-03-25_1496808_U_60,0.21093665,cv,0
2026-03-25_1496808_U_62,0.27585846,cv,0
2026-03-25_1496808_U_63,0.19146013,cv,0
2026-03-25_1496808_U_65,0.25482744,cv,0
2026-03-25_1496808_U_67,0.16073969,cv,0
2026-03-25_1496808_U_70,0.31638765,cv,0
2026-03-25_1496808_U_71,0.16953051,cv,0
2026-03-25_1496808_U_73,0.1972631,cv,1
2026-03-25_1496808_U_75,0.24458371,cv,0
2026-03-25_1496808_U_76,0.17331384,cv,1
2026-03-25_1496808_U_77,0.3997552,cv,1
2026-03-25_1496808_U_78,0.3350571,cv,0
2026-03-25_1496808_U_8,0.17757109,cv,0
2026-03-25_1496808_U_80,0.08872996,cv,0
2026-03-25_1496808_U_82,0.14810371,cv,0
2026-03-25_1496808_U_83,0.14687422,cv,1
2026-03-25_1496808_U_84,0.11523004,cv,0
2026-03-25_1496808_U_85,0.26820064,cv,0
2026-03-25_1496808_U_86,0.21015285,cv,0
2026-03-25_1496808_U_87,0.2620684,cv,0
2026-03-25_1496808_U_88,0.11967339,cv,1
2026-03-25_1496808_U_9,0.30466944,cv,1
2026-03-25_1496808_U_90,0.23760705,cv,0
2026-03-25_1496808_U_91,0.2441989,cv,0
2026-03-25_1496808_U_92,0.109811425,cv,0
2026-03-25_1496808_U_93,0.22964421,cv,1
2026-03-25_1496808_U_94,0.20135114,cv,0
2026-03-25_1496808_U_95,0.19059734,cv,1
2026-03-25_1496808_U_96,0.7599429,cv,0
2026-03-25_1496808_U_97,0.38233754,cv,0
2026-03-25_1496808_U_98,0.29158822,cv,0
2026-03-25_1496808_U_99,0.40588674,cv,0
2026-03-25_1496811_U_1,0.3265187,cv,0
2026-03-25_1496811_U_10,0.44549173,cv,0
2026-03-25_1496811_U_11,0.3579079,cv,0
2026-03-25_1496811_U_12,0.24641518,cv,0
2026-03-25_1496811_U_13,0.23321454,cv,0
2026-03-25_1496811_U_15,0.16215774,cv,0
2026-03-25_1496811_U_16,0.24414198,cv,0
2026-03-25_1496811_U_17,0.25021437,cv,0
2026-03-25_1496811_U_18,0.33224046,cv,0
2026-03-25_1496811_U_19,0.11808628,cv,0
2026-03-25_1496811_U_2,0.27948493,cv,0
2026-03-25_1496811_U_21,0.30424505,cv,0
2026-03-25_1496811_U_22,0.16020958,cv,0
2026-03-25_1496811_U_23,0.22169422,cv,0
2026-03-25_1496811_U_24,0.21870872,cv,0
2026-03-25_1496811_U_26,0.26865095,cv,0
2026-03-25_1496811_U_27,0.10908886,cv,0
2026-03-25_1496811_U_3,0.12435954,cv,0
2026-03-25_1496811_U_30,0.17685013,cv,0
2026-03-25_1496811_U_31,0.22272515,cv,0
2026-03-25_1496811_U_32,0.22810382,cv,0
2026-03-25_1496811_U_33,0.28906935,cv,0
2026-03-25_1496811_U_34,0.19206142,cv,0
2026-03-25_1496811_U_35,0.1646592,cv,1
2026-03-25_1496811_U_36,0.17017387,cv,0
2026-03-25_1496811_U_37,0.1990045,cv,0
2026-03-25_1496811_U_38,0.20193295,cv,0
2026-03-25_1496811_U_41,0.21167913,cv,0
2026-03-25_1496811_U_42,0.24618596,cv,0
2026-03-25_1496811_U_43,0.24261257,cv,1
2026-03-25_1496811_U_44,0.16868815,cv,0
2026-03-25_1496811_U_45,0.22598015,cv,0
2026-03-25_1496811_U_46,0.25462592,cv,0
2026-03-25_1496811_U_47,0.1807288,cv,0
2026-03-25_1496811_U_48,0.40478286,cv,0
2026-03-25_1496811_U_49,0.23738274,cv,0
2026-03-25_1496811_U_5,0.2014316,cv,0
2026-03-25_1496811_U_50,0.33109885,cv,0
2026-03-25_1496811_U_52,0.12503415,cv,0
2026-03-25_1496811_U_54,0.18844454,cv,0
2026-03-25_1496811_U_55,0.17032298,cv,0
2026-03-25_1496811_U_56,0.14289476,cv,0
2026-03-25_1496811_U_57,0.2716707,cv,0
2026-03-25_1496811_U_59,0.21903859,cv,0
2026-03-25_1496811_U_6,0.12617956,cv,0
2026-03-25_1496811_U_63,0.27974364,cv,0
2026-03-25_1496811_U_65,0.3767436,cv,0
2026-03-25_1496811_U_66,0.39477512,cv,0
2026-03-25_1496811_U_67,0.38792747,cv,0
2026-03-25_1496811_U_68,0.5221236,cv,0
2026-03-25_1496811_U_69,0.36734256,cv,0
2026-03-25_1496811_U_7,0.21175623,cv,0
2026-03-25_1496811_U_70,0.22346982,cv,1
2026-03-25_1496811_U_71,0.3484481,cv,0
2026-03-25_1496811_U_72,0.29470974,cv,0
2026-03-25_1496811_U_73,0.30816716,cv,0
2026-03-25_1496811_U_8,0.23002362,cv,0
2026-03-25_1496811_U_9,0.38775158,cv,0
2026-03-25_1496812_U_1,0.32613617,cv,0
2026-03-25_1496812_U_10,0.30918717,cv,0
2026-03-25_1496812_U_100,0.16236152,cv,0
2026-03-25_1496812_U_101,0.21273443,cv,1
2026-03-25_1496812_U_102,0.20490782,cv,0
2026-03-25_1496812_U_103,0.13690531,cv,0
2026-03-25_1496812_U_105,0.16044383,cv,0
2026-03-25_1496812_U_107,0.13939223,cv,0
2026-03-25_1496812_U_108,0.19058353,cv,0
2026-03-25_1496812_U_109,0.12289097,cv,0
2026-03-25_1496812_U_11,0.25866327,cv,1
2026-03-25_1496812_U_110,0.24086666,cv,0
2026-03-25_1496812_U_112,0.11964845,cv,1
2026-03-25_1496812_U_113,0.5352771,cv,0
2026-03-25_1496812_U_114,0.1269242,cv,0
2026-03-25_1496812_U_115,0.2673226,cv,0
2026-03-25_1496812_U_117,0.24510017,cv,0
2026-03-25_1496812_U_118,0.30045375,cv,0
2026-03-25_1496812_U_119,0.20623843,cv,0
2026-03-25_1496812_U_120,0.11727818,cv,0
2026-03-25_1496812_U_123,0.21390383,cv,0
2026-03-25_1496812_U_124,0.22918324,cv,0
2026-03-25_1496812_U_126,0.1298292,cv,0
2026-03-25_1496812_U_128,0.2795934,cv,0
2026-03-25_1496812_U_129,0.17035955,cv,0
2026-03-25_1496812_U_13,0.18128197,cv,0
2026-03-25_1496812_U_131,0.19596814,cv,1
2026-03-25_1496812_U_134,0.16542953,cv,1
2026-03-25_1496812_U_136,0.2415499,cv,0
2026-03-25_1496812_U_137,0.18973124,cv,0
2026-03-25_1496812_U_139,0.1959117,cv,0
2026-03-25_1496812_U_14,0.22406256,cv,0
2026-03-25_1496812_U_141,0.3746619,cv,0
2026-03-25_1496812_U_142,0.43780288,cv,0
2026-03-25_1496812_U_143,0.29785472,cv,1
2026-03-25_1496812_U_144,0.5437845,cv,0
2026-03-25_1496812_U_145,0.21624808,cv,0
2026-03-25_1496812_U_146,0.17455614,cv,0
2026-03-25_1496812_U_147,0.22701061,cv,0
2026-03-25_1496812_U_148,0.2789174,cv,0
2026-03-25_1496812_U_149,0.23558371,cv,0
2026-03-25_1496812_U_15,0.24677041,cv,0
2026-03-25_1496812_U_150,0.18130997,cv,1
2026-03-25_1496812_U_151,0.25579867,cv,0
2026-03-25_1496812_U_153,0.23169026,cv,0
2026-03-25_1496812_U_154,0.22478282,cv,0
2026-03-25_1496812_U_155,0.2788062,cv,0
2026-03-25_1496812_U_156,0.25864422,cv,0
2026-03-25_1496812_U_157,0.28462392,cv,0
2026-03-25_1496812_U_158,0.24001633,cv,0
2026-03-25_1496812_U_159,0.42227364,cv,0
2026-03-25_1496812_U_160,0.6848342,cv,0
2026-03-25_1496812_U_17,0.21684611,cv,0
2026-03-25_1496812_U_18,0.19217245,cv,1
2026-03-25_1496812_U_19,0.5299653,cv,0
2026-03-25_1496812_U_2,0.18795526,cv,0
2026-03-25_1496812_U_20,0.23582053,cv,0
2026-03-25_1496812_U_21,0.18051869,cv,1
2026-03-25_1496812_U_24,0.18912056,cv,0
2026-03-25_1496812_U_26,0.22608694,cv,0
2026-03-25_1496812_U_27,0.26860124,cv,0
2026-03-25_1496812_U_28,0.16938895,cv,1
2026-03-25_1496812_U_30,0.23663342,cv,0
2026-03-25_1496812_U_31,0.24428932,cv,0
2026-03-25_1496812_U_33,0.15486625,cv,0
2026-03-25_1496812_U_34,0.15175974,cv,0
2026-03-25_1496812_U_35,0.13679118,cv,1
2026-03-25_1496812_U_36,0.21653852,cv,0
2026-03-25_1496812_U_38,0.21202068,cv,0
2026-03-25_1496812_U_39,0.12452754,cv,0
2026-03-25_1496812_U_4,0.2653612,cv,0
2026-03-25_1496812_U_40,0.31664103,cv,0
2026-03-25_1496812_U_41,0.16385494,cv,0
2026-03-25_1496812_U_43,0.2451328,cv,0
2026-03-25_1496812_U_44,0.21043001,cv,0
2026-03-25_1496812_U_46,0.30529988,cv,0
2026-03-25_1496812_U_47,0.2832528,cv,0
2026-03-25_1496812_U_48,0.3411042,cv,0
2026-03-25_1496812_U_49,0.20853703,cv,0
2026-03-25_1496812_U_5,0.14845967,cv,0
2026-03-25_1496812_U_50,0.40848002,cv,0
2026-03-25_1496812_U_51,0.28025278,cv,0
2026-03-25_1496812_U_52,0.27209005,cv,0
2026-03-25_1496812_U_53,0.34135115,cv,0
2026-03-25_1496812_U_54,0.23702216,cv,0
2026-03-25_1496812_U_56,0.24592105,cv,1
2026-03-25_1496812_U_57,0.40400803,cv,0
2026-03-25_1496812_U_58,0.2302643,cv,0
2026-03-25_1496812_U_6,0.2042987,cv,1
2026-03-25_1496812_U_60,0.39232916,cv,0
2026-03-25_1496812_U_61,0.13292196,cv,0
2026-03-25_1496812_U_63,0.25286314,cv,0
2026-03-25_1496812_U_64,0.17294888,cv,0
2026-03-25_1496812_U_65,0.26613566,cv,0
2026-03-25_1496812_U_66,0.14400843,cv,0
2026-03-25_1496812_U_68,0.21851432,cv,0
2026-03-25_1496812_U_69,0.26811832,cv,0
2026-03-25_1496812_U_7,0.27365994,cv,0
2026-03-25_1496812_U_70,0.2489495,cv,0
2026-03-25_1496812_U_71,0.49770337,cv,0
2026-03-25_1496812_U_72,0.20569186,cv,0
2026-03-25_1496812_U_73,0.34509477,cv,0
2026-03-25_1496812_U_75,0.24446653,cv,0
2026-03-25_1496812_U_76,0.0741693,cv,0
2026-03-25_1496812_U_77,0.14819966,cv,0
2026-03-25_1496812_U_78,0.24523014,cv,0
2026-03-25_1496812_U_79,0.13743064,cv,1
2026-03-25_1496812_U_8,0.22105281,cv,0
2026-03-25_1496812_U_80,0.15533122,cv,1
2026-03-25_1496812_U_81,0.2471259,cv,0
2026-03-25_1496812_U_82,0.17339182,cv,1
2026-03-25_1496812_U_85,0.20484333,cv,1
2026-03-25_1496812_U_88,0.21640114,cv,0
2026-03-25_1496812_U_89,0.18028829,cv,0
2026-03-25_1496812_U_9,0.30696744,cv,0
2026-03-25_1496812_U_90,0.18323837,cv,0
2026-03-25_1496812_U_91,0.25938186,cv,1
2026-03-25_1496812_U_92,0.10946375,cv,0
2026-03-25_1496812_U_93,0.25598162,cv,0
2026-03-25_1496812_U_94,0.14715543,cv,0
2026-03-25_1496812_U_95,0.12899563,cv,0
2026-03-25_1496812_U_97,0.14484227,cv,0
2026-03-25_1496812_U_98,0.2621311,cv,0
2026-03-25_1496812_U_99,0.24748895,cv,1
2026-03-25_1496820_U_1,0.24180423,cv,0
2026-03-25_1496820_U_10,0.18098253,cv,0
2026-03-25_1496820_U_2,0.17651308,cv,1
2026-03-25_1496820_U_3,0.15142626,cv,0
2026-03-25_1496820_U_4,0.2255982,cv,0
2026-03-25_1496820_U_5,0.1662674,cv,0
2026-03-25_1496820_U_6,0.18692559,cv,0
2026-03-25_1496820_U_7,0.19191447,cv,1
2026-03-25_1496820_U_8,0.2602942,cv,0
2026-03-25_1496820_U_9,0.1892532,cv,0
2026-03-25_1497250_U_1,0.17621177,cv,0
2026-03-25_1497250_U_10,0.24017307,cv,0
2026-03-25_1497250_U_11,0.08725327,cv,0
2026-03-25_1497250_U_12,0.12433173,cv,0
2026-03-25_1497250_U_13,0.19134168,cv,0
2026-03-25_1497250_U_14,0.17517164,cv,0
2026-03-25_1497250_U_16,0.102544114,cv,0
2026-03-25_1497250_U_19,0.18792497,cv,0
2026-03-25_1497250_U_2,0.12818408,cv,0
2026-03-25_1497250_U_20,0.08557905,cv,0
2026-03-25_1497250_U_21,0.08268361,cv,0
2026-03-25_1497250_U_22,0.14722815,cv,0
2026-03-25_1497250_U_23,0.11084225,cv,0
2026-03-25_1497250_U_24,0.13831955,cv,0
2026-03-25_1497250_U_25,0.1407486,cv,0
2026-03-25_1497250_U_26,0.42408034,cv,0
2026-03-25_1497250_U_27,0.26158774,cv,0
2026-03-25_1497250_U_28,0.08067286,cv,0
2026-03-25_1497250_U_29,0.10875851,cv,0
2026-03-25_1497250_U_3,0.16010126,cv,0
2026-03-25_1497250_U_30,0.13471624,cv,0
2026-03-25_1497250_U_31,0.24138892,cv,1
2026-03-25_1497250_U_32,0.11862002,cv,0
2026-03-25_1497250_U_33,0.10185096,cv,0
2026-03-25_1497250_U_35,0.87468636,cv,0
2026-03-25_1497250_U_36,0.08686706,cv,0
2026-03-25_1497250_U_37,0.12437802,cv,0
2026-03-25_1497250_U_38,0.08383533,cv,0
2026-03-25_1497250_U_39,0.12360232,cv,0
2026-03-25_1497250_U_4,0.106299326,cv,0
2026-03-25_1497250_U_40,0.3490243,cv,0
2026-03-25_1497250_U_41,0.0910592,cv,0
2026-03-25_1497250_U_42,0.120648146,cv,0
2026-03-25_1497250_U_43,0.14729199,cv,0
2026-03-25_1497250_U_45,0.1482045,cv,0
2026-03-25_1497250_U_46,0.1536043,cv,0
2026-03-25_1497250_U_47,0.11570892,cv,0
2026-03-25_1497250_U_48,0.32437646,cv,0
2026-03-25_1497250_U_49,0.09748238,cv,0
2026-03-25_1497250_U_5,0.23869732,cv,1
2026-03-25_1497250_U_51,0.13951755,cv,0
2026-03-25_1497250_U_52,0.46260986,cv,0
2026-03-25_1497250_U_6,0.21930717,cv,0
2026-03-25_1497250_U_7,0.08034833,cv,0
2026-03-25_1497250_U_8,0.11300862,cv,0
2026-03-25_1497250_U_9,0.11310749,cv,0
2026-03-25_1497251_U_1,0.44864362,cv,0
2026-03-25_1497251_U_10,0.45072564,cv,0
2026-03-25_1497251_U_12,0.28327298,cv,0
2026-03-25_1497251_U_13,0.618013,cv,0
2026-03-25_1497251_U_14,0.5300577,cv,1
2026-03-25_1497251_U_15,0.38780424,cv,0
2026-03-25_1497251_U_16,0.66713727,cv,0
2026-03-25_1497251_U_17,0.56977475,cv,0
2026-03-25_1497251_U_18,0.605341,cv,0
2026-03-25_1497251_U_19,0.61837125,cv,0
2026-03-25_1497251_U_2,0.43528348,cv,0
2026-03-25_1497251_U_20,0.50962204,cv,0
2026-03-25_1497251_U_21,0.34927747,cv,0
2026-03-25_1497251_U_22,0.42531416,cv,0
2026-03-25_1497251_U_23,0.46667668,cv,0
2026-03-25_1497251_U_25,0.5115238,cv,0
2026-03-25_1497251_U_26,0.5054481,cv,0
2026-03-25_1497251_U_27,0.36869544,cv,0
2026-03-25_1497251_U_28,0.3361027,cv,0
2026-03-25_1497251_U_29,0.66236883,cv,0
2026-03-25_1497251_U_30,0.5328207,cv,1
2026-03-25_1497251_U_33,0.6303095,cv,0
2026-03-25_1497251_U_35,0.39101738,cv,0
2026-03-25_1497251_U_36,0.47793,cv,1
2026-03-25_1497251_U_37,0.6240081,cv,1
2026-03-25_1497251_U_38,0.52470344,cv,0
2026-03-25_1497251_U_4,0.6831881,cv,0
2026-03-25_1497251_U_41,0.4954915,cv,1
2026-03-25_1497251_U_42,0.5995009,cv,0
2026-03-25_1497251_U_43,0.5862271,cv,0
2026-03-25_1497251_U_44,0.6010786,cv,0
2026-03-25_1497251_U_45,0.6581727,cv,0
2026-03-25_1497251_U_46,0.45612118,cv,0
2026-03-25_1497251_U_47,0.36797962,cv,0
2026-03-25_1497251_U_48,0.6154794,cv,1
2026-03-25_1497251_U_49,0.6262678,cv,0
2026-03-25_1497251_U_5,0.6281929,cv,0
2026-03-25_1497251_U_51,0.42999253,cv,0
2026-03-25_1497251_U_52,0.7238997,cv,0
2026-03-25_1497251_U_54,0.6443582,cv,0
2026-03-25_1497251_U_55,0.72132826,cv,0
2026-03-25_1497251_U_56,0.71003115,cv,0
2026-03-25_1497251_U_57,0.32606515,cv,0
2026-03-25_1497251_U_58,0.4796192,cv,0
2026-03-25_1497251_U_59,0.27654713,cv,0
2026-03-25_1497251_U_60,0.5483517,cv,0
2026-03-25_1497251_U_61,0.39595532,cv,1
2026-03-25_1497251_U_63,0.21277569,cv,0
2026-03-25_1497251_U_65,1.3215444,cv,1
2026-03-25_1497251_U_68,0.6554979,cv,0
2026-03-25_1497251_U_69,0.36681247,cv,0
2026-03-25_1497251_U_70,0.62243813,cv,0
2026-03-25_1497251_U_71,0.3839806,cv,0
2026-03-25_1497251_U_72,0.708233,cv,0
2026-03-25_1497251_U_73,0.4261454,cv,0
2026-03-25_1497251_U_8,0.51695585,cv,0
2026-03-25_1497251_U_9,0.52258134,cv,0
2026-03-25_1497252_U_10,0.3369851,cv,0
2026-03-25_1497252_U_11,0.55724233,cv,0
2026-03-25_1497252_U_12,0.5174524,cv,0
2026-03-25_1497252_U_16,0.962383,cv,1
2026-03-25_1497252_U_18,0.48574752,cv,0
2026-03-25_1497252_U_19,0.5944325,cv,1
2026-03-25_1497252_U_21,0.54567844,cv,0
2026-03-25_1497252_U_22,0.3931651,cv,0
2026-03-25_1497252_U_24,0.4567898,cv,1
2026-03-25_1497252_U_26,0.47820854,cv,0
2026-03-25_1497252_U_27,0.65454954,cv,0
2026-03-25_1497252_U_28,0.52916044,cv,0
2026-03-25_1497252_U_29,0.4641148,cv,1
2026-03-25_1497252_U_3,0.5392864,cv,0
2026-03-25_1497252_U_32,0.7735269,cv,0
2026-03-25_1497252_U_35,0.6976683,cv,0
2026-03-25_1497252_U_36,0.6427518,cv,0
2026-03-25_1497252_U_37,1.0915471,cv,0
2026-03-25_1497252_U_38,0.8741316,cv,0
2026-03-25_1497252_U_39,0.58488333,cv,0
2026-03-25_1497252_U_4,0.55985135,cv,0
2026-03-25_1497252_U_40,0.5708376,cv,0
2026-03-25_1497252_U_41,0.65365183,cv,0
2026-03-25_1497252_U_42,0.38228554,cv,0
2026-03-25_1497252_U_43,0.6521983,cv,0
2026-03-25_1497252_U_44,0.51282686,cv,1
2026-03-25_1497252_U_45,0.40012798,cv,0
2026-03-25_1497252_U_46,0.7523006,cv,0
2026-03-25_1497252_U_48,1.9598258,cv,1
2026-03-25_1497252_U_49,1.152301,cv,1
2026-03-25_1497252_U_51,0.52926445,cv,1
2026-03-25_1497252_U_52,0.59582424,cv,0
2026-03-25_1497252_U_55,0.57001764,cv,0
2026-03-25_1497252_U_56,0.5581572,cv,0
2026-03-25_1497252_U_58,0.473605,cv,0
2026-03-25_1497252_U_59,0.40788898,cv,0
2026-03-25_1497252_U_60,0.6488588,cv,1
2026-03-25_1497252_U_62,0.5980921,cv,0
2026-03-25_1497252_U_63,0.39970428,cv,1
2026-03-25_1497252_U_65,0.8109844,cv,1
2026-03-25_1497252_U_66,0.55345,cv,0
2026-03-25_1497252_U_67,0.48286146,cv,0
2026-03-25_1497252_U_70,0.94682235,cv,0
2026-03-25_1497252_U_72,0.49374485,cv,0
2026-03-25_1497252_U_73,1.0247164,cv,0
2026-03-25_1497252_U_74,0.5218096,cv,1
2026-03-25_1497252_U_75,0.49468207,cv,1
2026-03-25_1497252_U_78,0.6832875,cv,0
2026-03-25_1497252_U_79,0.46516603,cv,0
2026-03-25_1497252_U_8,0.4994186,cv,0
2026-03-25_1497252_U_80,0.644747,cv,0
2026-03-25_1497252_U_9,0.5889195,cv,0
2026-03-25_1497253_U_1,0.8122953,cv,0
2026-03-25_1497253_U_100,0.43359387,cv,0
2026-03-25_1497253_U_11,0.3950219,cv,0
2026-03-25_1497253_U_12,0.569862,cv,1
2026-03-25_1497253_U_13,0.6827414,cv,0
2026-03-25_1497253_U_15,0.6109122,cv,0
2026-03-25_1497253_U_16,0.220835,cv,0
2026-03-25_1497253_U_19,0.65066266,cv,0
2026-03-25_1497253_U_2,0.54808027,cv,0
2026-03-25_1497253_U_21,0.51094073,cv,0
2026-03-25_1497253_U_22,0.6769452,cv,0
2026-03-25_1497253_U_23,0.6127107,cv,0
2026-03-25_1497253_U_25,0.655372,cv,0
2026-03-25_1497253_U_27,0.6531915,cv,0
2026-03-25_1497253_U_28,0.31302723,cv,0
2026-03-25_1497253_U_31,0.5141581,cv,0
2026-03-25_1497253_U_33,0.5909556,cv,0
2026-03-25_1497253_U_34,0.4160877,cv,0
2026-03-25_1497253_U_35,0.5305643,cv,0
2026-03-25_1497253_U_39,0.36697063,cv,1
2026-03-25_1497253_U_4,0.46810687,cv,0
2026-03-25_1497253_U_40,0.43322414,cv,0
2026-03-25_1497253_U_41,0.38981575,cv,0
2026-03-25_1497253_U_43,0.41669983,cv,0
2026-03-25_1497253_U_44,0.36790603,cv,1
2026-03-25_1497253_U_45,0.38545084,cv,0
2026-03-25_1497253_U_46,0.48019296,cv,0
2026-03-25_1497253_U_47,0.5430159,cv,0
2026-03-25_1497253_U_48,0.5727986,cv,0
2026-03-25_1497253_U_49,0.44270453,cv,0
2026-03-25_1497253_U_50,0.57504743,cv,0
2026-03-25_1497253_U_52,0.67789245,cv,0
2026-03-25_1497253_U_53,0.53824675,cv,0
2026-03-25_1497253_U_54,0.5996033,cv,0
2026-03-25_1497253_U_56,0.40319192,cv,0
2026-03-25_1497253_U_57,0.541864,cv,0
2026-03-25_1497253_U_58,0.5784944,cv,0
2026-03-25_1497253_U_6,0.6822028,cv,1
2026-03-25_1497253_U_60,0.783256,cv,0
2026-03-25_1497253_U_61,0.51057976,cv,1
2026-03-25_1497253_U_63,0.92276514,cv,1
2026-03-25_1497253_U_64,0.53135604,cv,0
2026-03-25_1497253_U_66,0.6879338,cv,0
2026-03-25_1497253_U_67,0.38861594,cv,0
2026-03-25_1497253_U_69,0.73754376,cv,0
2026-03-25_1497253_U_7,0.62715065,cv,0
2026-03-25_1497253_U_71,0.51377994,cv,0
2026-03-25_1497253_U_72,0.3506839,cv,0
2026-03-25_1497253_U_73,0.630657,cv,0
2026-03-25_1497253_U_74,0.2676967,cv,1
2026-03-25_1497253_U_77,0.44511932,cv,0
2026-03-25_1497253_U_79,0.56707156,cv,0
2026-03-25_1497253_U_80,0.42791057,cv,0
2026-03-25_1497253_U_81,0.65729475,cv,0
2026-03-25_1497253_U_83,0.5224673,cv,0
2026-03-25_1497253_U_85,0.58678406,cv,0
2026-03-25_1497253_U_86,0.624648,cv,0
2026-03-25_1497253_U_89,0.5505847,cv,0
2026-03-25_1497253_U_9,0.77353907,cv,0
2026-03-25_1497253_U_90,0.6204096,cv,0
2026-03-25_1497253_U_92,0.33039504,cv,0
2026-03-25_1497253_U_93,0.3897819,cv,0
2026-03-25_1497253_U_94,0.39078078,cv,1
2026-03-25_1497253_U_97,0.5844983,cv,0
2026-03-25_1497253_U_98,0.6791041,cv,0
2026-03-25_1497253_U_99,0.47499043,cv,0
2026-03-25_1497255_U_1,0.40950227,cv,0
2026-03-25_1497255_U_10,0.27508447,cv,0
2026-03-25_1497255_U_100,0.20836096,cv,0
2026-03-25_1497255_U_101,0.2562005,cv,0
2026-03-25_1497255_U_102,0.3389361,cv,0
2026-03-25_1497255_U_103,0.28918096,cv,0
2026-03-25_1497255_U_104,0.55663705,cv,0
2026-03-25_1497255_U_105,0.326301,cv,0
2026-03-25_1497255_U_106,0.3518448,cv,0
2026-03-25_1497255_U_107,0.13381013,cv,1
2026-03-25_1497255_U_108,0.25024328,cv,0
2026-03-25_1497255_U_109,0.27804303,cv,0
2026-03-25_1497255_U_11,0.22392565,cv,0
2026-03-25_1497255_U_110,0.2922717,cv,0
2026-03-25_1497255_U_111,0.40906852,cv,0
2026-03-25_1497255_U_112,0.7300312,cv,0
2026-03-25_1497255_U_113,0.4268311,cv,0
2026-03-25_1497255_U_114,0.26876408,cv,0
2026-03-25_1497255_U_115,0.36615485,cv,1
2026-03-25_1497255_U_117,0.22307788,cv,1
2026-03-25_1497255_U_119,0.17011261,cv,0
2026-03-25_1497255_U_12,0.30890033,cv,0
2026-03-25_1497255_U_120,0.39595303,cv,0
2026-03-25_1497255_U_121,0.35789856,cv,0
2026-03-25_1497255_U_122,0.35717487,cv,0
2026-03-25_1497255_U_123,0.43215144,cv,0
2026-03-25_1497255_U_124,0.15501428,cv,0
2026-03-25_1497255_U_125,0.18814932,cv,0
2026-03-25_1497255_U_126,0.1932778,cv,0
2026-03-25_1497255_U_127,0.25691193,cv,0
2026-03-25_1497255_U_128,0.23892967,cv,0
2026-03-25_1497255_U_129,0.43178925,cv,0
2026-03-25_1497255_U_13,0.4963259,cv,0
2026-03-25_1497255_U_130,0.43341815,cv,0
2026-03-25_1497255_U_131,0.14424798,cv,1
2026-03-25_1497255_U_132,0.1233048,cv,1
2026-03-25_1497255_U_133,0.34042725,cv,0
2026-03-25_1497255_U_134,0.2234394,cv,0
2026-03-25_1497255_U_135,0.31213433,cv,0
2026-03-25_1497255_U_136,0.11078781,cv,1
2026-03-25_1497255_U_137,0.2636466,cv,1
2026-03-25_1497255_U_138,0.2554909,cv,1
2026-03-25_1497255_U_139,0.29451245,cv,0
2026-03-25_1497255_U_14,0.20436808,cv,0
2026-03-25_1497255_U_141,0.19576672,cv,0
2026-03-25_1497255_U_142,0.20939939,cv,0
2026-03-25_1497255_U_143,0.14198625,cv,1
2026-03-25_1497255_U_144,0.28080428,cv,0
2026-03-25_1497255_U_145,0.25752103,cv,0
2026-03-25_1497255_U_146,0.23619698,cv,0
2026-03-25_1497255_U_147,0.16387767,cv,1
2026-03-25_1497255_U_149,0.4688062,cv,0
2026-03-25_1497255_U_15,0.27810076,cv,0
2026-03-25_1497255_U_18,0.23499706,cv,1
2026-03-25_1497255_U_19,0.27100706,cv,0
2026-03-25_1497255_U_2,0.42495692,cv,0
2026-03-25_1497255_U_20,0.28943747,cv,0
2026-03-25_1497255_U_21,0.2472168,cv,0
2026-03-25_1497255_U_22,0.25317144,cv,0
2026-03-25_1497255_U_23,0.78037,cv,0
2026-03-25_1497255_U_24,0.2654636,cv,0
2026-03-25_1497255_U_25,0.24460605,cv,0
2026-03-25_1497255_U_26,0.22412965,cv,0
2026-03-25_1497255_U_28,0.44355327,cv,1
2026-03-25_1497255_U_29,0.20734078,cv,0
2026-03-25_1497255_U_3,0.28963286,cv,0
2026-03-25_1497255_U_30,0.24457717,cv,0
2026-03-25_1497255_U_31,0.256396,cv,0
2026-03-25_1497255_U_32,0.2134533,cv,0
2026-03-25_1497255_U_33,0.24463284,cv,1
2026-03-25_1497255_U_35,0.14049019,cv,1
2026-03-25_1497255_U_37,0.24055666,cv,1
2026-03-25_1497255_U_38,0.2435703,cv,0
2026-03-25_1497255_U_39,0.25007212,cv,0
2026-03-25_1497255_U_4,0.16107395,cv,0
2026-03-25_1497255_U_40,0.28812808,cv,0
2026-03-25_1497255_U_41,0.19573268,cv,0
2026-03-25_1497255_U_42,0.23759374,cv,0
2026-03-25_1497255_U_43,0.296802,cv,0
2026-03-25_1497255_U_44,0.5089879,cv,0
2026-03-25_1497255_U_45,0.33071434,cv,0
2026-03-25_1497255_U_46,0.19377825,cv,0
2026-03-25_1497255_U_47,0.18976764,cv,1
2026-03-25_1497255_U_50,0.3078382,cv,0
2026-03-25_1497255_U_51,0.20222497,cv,0
2026-03-25_1497255_U_52,0.17550825,cv,0
2026-03-25_1497255_U_53,0.21934502,cv,0
2026-03-25_1497255_U_54,0.3848016,cv,0
2026-03-25_1497255_U_55,0.32599068,cv,0
2026-03-25_1497255_U_56,0.20052406,cv,1
2026-03-25_1497255_U_57,0.25831646,cv,1
2026-03-25_1497255_U_59,0.27136868,cv,1
2026-03-25_1497255_U_6,0.20861058,cv,1
2026-03-25_1497255_U_60,0.26947594,cv,0
2026-03-25_1497255_U_63,0.18368387,cv,0
2026-03-25_1497255_U_65,0.3389635,cv,0
2026-03-25_1497255_U_66,0.24851821,cv,0
2026-03-25_1497255_U_67,0.18384199,cv,1
2026-03-25_1497255_U_7,0.2038889,cv,0
2026-03-25_1497255_U_70,0.2964691,cv,1
2026-03-25_1497255_U_72,0.24842858,cv,1
2026-03-25_1497255_U_73,0.26658663,cv,0
2026-03-25_1497255_U_74,0.201096,cv,0
2026-03-25_1497255_U_75,0.3037231,cv,0
2026-03-25_1497255_U_76,0.28816366,cv,0
2026-03-25_1497255_U_77,0.23650065,cv,0
2026-03-25_1497255_U_78,0.16645075,cv,1
2026-03-25_1497255_U_8,0.19518754,cv,0
2026-03-25_1497255_U_81,0.21820018,cv,1
2026-03-25_1497255_U_83,0.22032484,cv,0
2026-03-25_1497255_U_84,0.50564116,cv,0
2026-03-25_1497255_U_86,0.32746568,cv,0
2026-03-25_1497255_U_87,0.4355573,cv,0
2026-03-25_1497255_U_88,0.38865447,cv,0
2026-03-25_1497255_U_89,0.19908528,cv,0
2026-03-25_1497255_U_9,0.22193658,cv,0
2026-03-25_1497255_U_90,0.21160728,cv,0
2026-03-25_1497255_U_91,0.24185991,cv,0
2026-03-25_1497255_U_92,0.25129116,cv,0
2026-03-25_1497255_U_93,0.19928221,cv,0
2026-03-25_1497255_U_94,0.27525017,cv,0
2026-03-25_1497255_U_96,0.180498,cv,0
2026-03-25_1497255_U_99,0.4868321,cv,0
2026-03-25_1497256_U_1,0.40081412,cv,0
2026-03-25_1497256_U_10,0.2753616,cv,0
2026-03-25_1497256_U_11,0.39458746,cv,0
2026-03-25_1497256_U_12,0.21635222,cv,0
2026-03-25_1497256_U_13,0.19958459,cv,0
2026-03-25_1497256_U_14,0.21796596,cv,0
2026-03-25_1497256_U_15,0.19023207,cv,0
2026-03-25_1497256_U_16,0.24200575,cv,0
2026-03-25_1497256_U_17,0.21946876,cv,1
2026-03-25_1497256_U_18,0.20555799,cv,0
2026-03-25_1497256_U_2,0.238193,cv,0
2026-03-25_1497256_U_20,0.1929718,cv,0
2026-03-25_1497256_U_21,0.23419753,cv,0
2026-03-25_1497256_U_22,0.15934327,cv,0
2026-03-25_1497256_U_23,0.16228484,cv,1
2026-03-25_1497256_U_24,0.2030198,cv,0
2026-03-25_1497256_U_25,0.16984503,cv,0
2026-03-25_1497256_U_26,0.28529972,cv,0
2026-03-25_1497256_U_27,0.1677447,cv,0
2026-03-25_1497256_U_29,0.2649519,cv,0
2026-03-25_1497256_U_3,0.28217924,cv,0
2026-03-25_1497256_U_30,0.16720574,cv,1
2026-03-25_1497256_U_33,0.30328256,cv,0
2026-03-25_1497256_U_34,0.2103697,cv,0
2026-03-25_1497256_U_36,0.2011749,cv,0
2026-03-25_1497256_U_37,0.22252128,cv,0
2026-03-25_1497256_U_38,0.17013454,cv,0
2026-03-25_1497256_U_4,0.5393353,cv,0
2026-03-25_1497256_U_40,0.16694443,cv,0
2026-03-25_1497256_U_42,0.16400689,cv,0
2026-03-25_1497256_U_43,0.17724428,cv,0
2026-03-25_1497256_U_44,0.45427555,cv,0
2026-03-25_1497256_U_45,0.22575754,cv,0
2026-03-25_1497256_U_46,0.17119253,cv,0
2026-03-25_1497256_U_47,0.24994588,cv,0
2026-03-25_1497256_U_49,0.23146692,cv,1
2026-03-25_1497256_U_5,0.37176582,cv,0
2026-03-25_1497256_U_50,0.29157656,cv,0
2026-03-25_1497256_U_51,0.30875295,cv,0
2026-03-25_1497256_U_52,0.24887197,cv,0
2026-03-25_1497256_U_53,0.5723809,cv,0
2026-03-25_1497256_U_55,0.18809669,cv,0
2026-03-25_1497256_U_56,0.14769678,cv,0
2026-03-25_1497256_U_57,0.26635447,cv,0
2026-03-25_1497256_U_59,0.22648828,cv,1
2026-03-25_1497256_U_6,0.59208614,cv,0
2026-03-25_1497256_U_60,0.3810044,cv,0
2026-03-25_1497256_U_62,0.30152494,cv,0
2026-03-25_1497256_U_63,0.40590984,cv,1
2026-03-25_1497256_U_64,0.54039955,cv,0
2026-03-25_1497256_U_65,0.231207,cv,0
2026-03-25_1497256_U_66,0.22942555,cv,0
2026-03-25_1497256_U_67,0.18520312,cv,0
2026-03-25_1497256_U_68,0.21029255,cv,0
2026-03-25_1497256_U_7,0.28340453,cv,0
2026-03-25_1497256_U_70,0.16843304,cv,1
2026-03-25_1497256_U_71,0.19199777,cv,0
2026-03-25_1497256_U_72,0.46139178,cv,0
2026-03-25_1497256_U_74,0.21394396,cv,0
2026-03-25_1497256_U_75,0.35665482,cv,0
2026-03-25_1497256_U_76,0.26341993,cv,0
2026-03-25_1497256_U_77,0.28405523,cv,1
2026-03-25_1497256_U_78,0.36894435,cv,0
2026-03-25_1497256_U_79,0.21946524,cv,0
2026-03-25_1497256_U_8,0.19684975,cv,0
2026-03-25_1497256_U_80,0.2251057,cv,0
2026-03-25_1497256_U_84,0.23651788,cv,0
2026-03-25_1497256_U_85,0.16423714,cv,0
2026-03-25_1497256_U_86,0.20671949,cv,0
2026-03-25_1497256_U_87,0.18925938,cv,1
2026-03-25_1497256_U_89,0.22779033,cv,0
2026-03-25_1497256_U_9,0.24349622,cv,0
2026-03-25_1497256_U_92,0.26648298,cv,1
2026-03-25_1497256_U_94,0.17525285,cv,1
2026-03-25_1497256_U_95,0.26032108,cv,0
2026-03-25_1497256_U_96,0.3432908,cv,0
2026-03-25_1497256_U_98,0.3507784,cv,0
2026-03-26_1348037_U_1,0.6455411,cv,0
2026-03-26_1348037_U_10,0.2453361,cv,1
2026-03-26_1348037_U_13,0.17560762,cv,0
2026-03-26_1348037_U_14,0.21295401,cv,1
2026-03-26_1348037_U_16,0.5822396,cv,0
2026-03-26_1348037_U_17,0.33268598,cv,0
2026-03-26_1348037_U_18,0.44981933,cv,1
2026-03-26_1348037_U_2,0.30445424,cv,0
2026-03-26_1348037_U_22,0.39233816,cv,1
2026-03-26_1348037_U_23,0.18282554,cv,0
2026-03-26_1348037_U_24,0.26544172,cv,0
2026-03-26_1348037_U_25,0.26355875,cv,0
2026-03-26_1348037_U_26,0.3761257,cv,1
2026-03-26_1348037_U_3,0.35619116,cv,0
2026-03-26_1348037_U_30,0.39499852,cv,1
2026-03-26_1348037_U_31,0.35707498,cv,0
2026-03-26_1348037_U_32,0.27081186,cv,0
2026-03-26_1348037_U_33,0.26607624,cv,1
2026-03-26_1348037_U_37,0.4803968,cv,0
2026-03-26_1348037_U_38,0.2889648,cv,0
2026-03-26_1348037_U_4,0.44401377,cv,1
2026-03-26_1348037_U_42,0.29210305,cv,0
2026-03-26_1348037_U_43,0.38009077,cv,0
2026-03-26_1348037_U_44,0.1608118,cv,0
2026-03-26_1348037_U_45,0.1959648,cv,1
2026-03-26_1348037_U_48,0.37096965,cv,0
2026-03-26_1348037_U_49,0.28284925,cv,0
2026-03-26_1348037_U_50,0.6857388,cv,0
2026-03-26_1348037_U_52,0.38746795,cv,0
2026-03-26_1348037_U_7,0.12863395,cv,1
2026-03-26_1348037_U_8,0.2028215,cv,0
2026-03-26_1348037_U_9,0.58372766,cv,0
2026-03-26_1349260_U_11,0.5803758,cv,1
2026-03-26_1349260_U_12,1.1264014,cv,0
2026-03-26_1349260_U_19,0.22589171,cv,0
2026-03-26_1349260_U_2,0.31156275,cv,0
2026-03-26_1349260_U_20,0.21472183,cv,0
2026-03-26_1349260_U_21,0.18070994,cv,0
2026-03-26_1349260_U_22,0.5173441,cv,0
2026-03-26_1349260_U_24,0.17816254,cv,0
2026-03-26_1349260_U_26,0.07677772,cv,0
2026-03-26_1349260_U_27,0.3249328,cv,0
2026-03-26_1349260_U_29,0.979912,cv,0
2026-03-26_1349260_U_3,0.1957137,cv,1
2026-03-26_1349260_U_31,0.12266686,cv,0
2026-03-26_1349260_U_33,0.9511098,cv,0
2026-03-26_1349260_U_34,1.0774366,cv,0
2026-03-26_1349260_U_35,1.0008489,cv,0
2026-03-26_1349260_U_7,0.9589197,cv,0
2026-03-26_1349260_U_8,0.18053877,cv,1
2026-03-26_1359254_U_1,0.5780504,cv,0
2026-03-26_1359254_U_10,0.4442018,cv,0
2026-03-26_1359254_U_12,0.3792636,cv,1
2026-03-26_1359254_U_13,0.17225745,cv,0
2026-03-26_1359254_U_14,0.16483438,cv,1
2026-03-26_1359254_U_16,0.27981818,cv,0
2026-03-26_1359254_U_18,0.19121298,cv,1
2026-03-26_1359254_U_19,0.15325579,cv,1
2026-03-26_1359254_U_2,0.15878527,cv,0
2026-03-26_1359254_U_21,0.1963185,cv,1
2026-03-26_1359254_U_22,0.1993078,cv,0
2026-03-26_1359254_U_23,0.15349789,cv,1
2026-03-26_1359254_U_24,0.2263374,cv,1
2026-03-26_1359254_U_25,0.34540647,cv,1
2026-03-26_1359254_U_28,0.14047591,cv,1
2026-03-26_1359254_U_30,0.20269918,cv,1
2026-03-26_1359254_U_31,0.12137827,cv,0
2026-03-26_1359254_U_34,0.23194969,cv,1
2026-03-26_1359254_U_37,0.24224643,cv,1
2026-03-26_1359254_U_39,0.16714048,cv,1
2026-03-26_1359254_U_40,0.18150994,cv,1
2026-03-26_1359254_U_42,0.15432933,cv,0
2026-03-26_1359254_U_43,0.11334711,cv,1
2026-03-26_1359254_U_48,0.1372978,cv,0
2026-03-26_1359254_U_5,0.22079402,cv,1
2026-03-26_1359254_U_51,0.14753494,cv,0
2026-03-26_1359254_U_52,0.23733845,cv,0
2026-03-26_1359254_U_53,0.124633506,cv,1
2026-03-26_1359254_U_55,0.178419,cv,1
2026-03-26_1359254_U_56,0.16041154,cv,1
2026-03-26_1359254_U_57,0.17482457,cv,0
2026-03-26_1359254_U_58,0.20486669,cv,1
2026-03-26_1359254_U_59,0.21146695,cv,0
2026-03-26_1359254_U_60,0.18014336,cv,0
2026-03-26_1359254_U_61,0.32706589,cv,1
2026-03-26_1359254_U_62,0.30559427,cv,1
2026-03-26_1359254_U_63,0.31918165,cv,0
2026-03-26_1359254_U_66,0.1754487,cv,0
2026-03-26_1359254_U_7,0.32508162,cv,0
2026-03-26_1359254_U_70,0.3602057,cv,1
2026-03-26_1359254_U_73,0.14358285,cv,0
2026-03-26_1359254_U_74,0.23033309,cv,1
2026-03-26_1359254_U_75,0.23773345,cv,0
2026-03-26_1359254_U_77,0.17807186,cv,1
2026-03-26_1359254_U_8,0.2008311,cv,1
2026-03-26_1390072_U_1,0.3794108,cv,1
2026-03-26_1390072_U_11,0.216789,cv,0
2026-03-26_1390072_U_12,0.2170552,cv,1
2026-03-26_1390072_U_14,0.1747705,cv,0
2026-03-26_1390072_U_16,0.33932316,cv,0
2026-03-26_1390072_U_17,0.15702285,cv,0
2026-03-26_1390072_U_19,0.2160419,cv,0
2026-03-26_1390072_U_20,0.15869397,cv,0
2026-03-26_1390072_U_21,0.23735712,cv,0
2026-03-26_1390072_U_22,0.44091105,cv,0
2026-03-26_1390072_U_23,0.12133324,cv,1
2026-03-26_1390072_U_25,0.21752165,cv,1
2026-03-26_1390072_U_26,0.23794095,cv,0
2026-03-26_1390072_U_27,0.8528422,cv,0
2026-03-26_1390072_U_28,0.27503046,cv,1
2026-03-26_1390072_U_4,0.15864462,cv,0
2026-03-26_1390072_U_5,0.15458378,cv,0
2026-03-26_1390072_U_7,0.2446748,cv,0
2026-03-26_1390072_U_8,0.19158033,cv,1
2026-03-26_1407494_U_10,0.19846193,cv,1
2026-03-26_1407494_U_12,0.16030914,cv,0
2026-03-26_1407494_U_13,0.17077844,cv,1
2026-03-26_1407494_U_14,0.12998292,cv,0
2026-03-26_1407494_U_15,0.23862734,cv,0
2026-03-26_1407494_U_16,0.30244395,cv,0
2026-03-26_1407494_U_17,0.1704627,cv,0
2026-03-26_1407494_U_18,0.18615347,cv,1
2026-03-26_1407494_U_2,0.17393862,cv,0
2026-03-26_1407494_U_21,0.30569437,cv,1
2026-03-26_1407494_U_24,0.29375798,cv,1
2026-03-26_1407494_U_29,0.5842343,cv,0
2026-03-26_1407494_U_3,0.23905192,cv,0
2026-03-26_1407494_U_31,0.22982293,cv,1
2026-03-26_1407494_U_32,0.22653562,cv,1
2026-03-26_1407494_U_34,0.22566764,cv,1
2026-03-26_1407494_U_37,0.26731163,cv,0
2026-03-26_1407494_U_4,0.22094409,cv,0
2026-03-26_1407494_U_5,0.2436356,cv,0
2026-03-26_1407494_U_6,0.20691828,cv,1
2026-03-26_1407494_U_7,0.21481733,cv,0
2026-03-26_1407494_U_8,0.36480683,cv,0
2026-03-26_1407494_U_9,0.1848517,cv,0
2026-03-26_1407495_U_10,0.17169946,cv,0
2026-03-26_1407495_U_11,0.25889736,cv,0
2026-03-26_1407495_U_12,0.12911361,cv,0
2026-03-26_1407495_U_13,0.16326053,cv,1
2026-03-26_1407495_U_15,0.2901315,cv,0
2026-03-26_1407495_U_16,0.16341907,cv,0
2026-03-26_1407495_U_17,0.14791036,cv,1
2026-03-26_1407495_U_19,0.20353147,cv,0
2026-03-26_1407495_U_2,0.22656713,cv,0
2026-03-26_1407495_U_20,0.59829825,cv,0
2026-03-26_1407495_U_22,0.2666067,cv,0
2026-03-26_1407495_U_23,0.2710374,cv,0
2026-03-26_1407495_U_24,0.31004408,cv,0
2026-03-26_1407495_U_25,0.4391114,cv,0
2026-03-26_1407495_U_26,0.42120743,cv,1
2026-03-26_1407495_U_3,0.15426385,cv,0
2026-03-26_1407495_U_5,0.1880505,cv,0
2026-03-26_1407495_U_6,0.26606742,cv,0
2026-03-26_1407495_U_7,0.25880885,cv,0
2026-03-26_1407495_U_8,0.19841644,cv,0
2026-03-26_1429985_U_12,0.17604584,cv,1
2026-03-26_1429985_U_126,0.27559245,cv,0
2026-03-26_1429985_U_17,0.07604312,cv,0
2026-03-26_1429985_U_2,0.13939905,cv,1
2026-03-26_1429985_U_22,0.12120371,cv,1
2026-03-26_1429985_U_26,0.12986268,cv,0
2026-03-26_1429985_U_27,0.10044834,cv,1
2026-03-26_1429985_U_61,0.1369726,cv,1
2026-03-26_1429985_U_66,0.10055437,cv,1
2026-03-26_1429985_U_68,0.08499573,cv,0
2026-03-26_1429985_U_76,0.16851541,cv,1
2026-03-26_1431265_U_1,0.2498242,cv,0
2026-03-26_1431265_U_100,0.21524176,cv,0
2026-03-26_1431265_U_101,0.1460979,cv,0
2026-03-26_1431265_U_103,0.14400636,cv,1
2026-03-26_1431265_U_105,0.19692048,cv,0
2026-03-26_1431265_U_106,0.13087517,cv,0
2026-03-26_1431265_U_109,0.08210425,cv,1
2026-03-26_1431265_U_113,0.17875247,cv,1
2026-03-26_1431265_U_117,0.3116763,cv,0
2026-03-26_1431265_U_118,0.22079623,cv,0
2026-03-26_1431265_U_119,0.2644933,cv,0
2026-03-26_1431265_U_122,0.18584548,cv,0
2026-03-26_1431265_U_123,0.1965797,cv,0
2026-03-26_1431265_U_124,0.117846064,cv,0
2026-03-26_1431265_U_126,0.1656438,cv,1
2026-03-26_1431265_U_128,0.22709899,cv,0
2026-03-26_1431265_U_129,0.15173575,cv,0
2026-03-26_1431265_U_13,0.17797868,cv,0
2026-03-26_1431265_U_130,0.18225335,cv,0
2026-03-26_1431265_U_131,0.12340455,cv,1
2026-03-26_1431265_U_133,0.122637235,cv,0
2026-03-26_1431265_U_136,0.14359522,cv,1
2026-03-26_1431265_U_137,0.10388748,cv,0
2026-03-26_1431265_U_138,0.17192851,cv,0
2026-03-26_1431265_U_14,0.23990849,cv,0
2026-03-26_1431265_U_141,0.11031898,cv,1
2026-03-26_1431265_U_142,0.14902958,cv,0
2026-03-26_1431265_U_143,0.12967858,cv,0
2026-03-26_1431265_U_144,0.13803726,cv,1
2026-03-26_1431265_U_145,0.12856825,cv,0
2026-03-26_1431265_U_146,0.11966348,cv,0
2026-03-26_1431265_U_147,0.14399278,cv,0
2026-03-26_1431265_U_149,0.26443553,cv,0
2026-03-26_1431265_U_15,0.15200448,cv,1
2026-03-26_1431265_U_150,0.1272311,cv,0
2026-03-26_1431265_U_151,0.15864795,cv,1
2026-03-26_1431265_U_153,0.15490706,cv,0
2026-03-26_1431265_U_154,0.23390928,cv,0
2026-03-26_1431265_U_155,0.251443,cv,0
2026-03-26_1431265_U_156,0.18760411,cv,1
2026-03-26_1431265_U_157,0.17055756,cv,0
2026-03-26_1431265_U_158,0.21081989,cv,0
2026-03-26_1431265_U_159,0.22866939,cv,1
2026-03-26_1431265_U_160,0.16839513,cv,0
2026-03-26_1431265_U_162,0.10053154,cv,0
2026-03-26_1431265_U_163,0.15070093,cv,0
2026-03-26_1431265_U_164,0.28375822,cv,0
2026-03-26_1431265_U_166,0.32757983,cv,0
2026-03-26_1431265_U_167,0.16573161,cv,1
2026-03-26_1431265_U_170,0.15485536,cv,0
2026-03-26_1431265_U_171,0.25234067,cv,0
2026-03-26_1431265_U_172,0.34109128,cv,0
2026-03-26_1431265_U_173,0.23222207,cv,1
2026-03-26_1431265_U_19,0.14990711,cv,0
2026-03-26_1431265_U_2,0.22697519,cv,0
2026-03-26_1431265_U_20,0.11102949,cv,0
2026-03-26_1431265_U_21,0.09561568,cv,1
2026-03-26_1431265_U_24,0.103688404,cv,1
2026-03-26_1431265_U_25,0.1417945,cv,0
2026-03-26_1431265_U_26,0.165027,cv,0
2026-03-26_1431265_U_27,0.12338694,cv,1
2026-03-26_1431265_U_29,0.3273108,cv,0
2026-03-26_1431265_U_3,0.17870139,cv,1
2026-03-26_1431265_U_30,0.14875925,cv,1
2026-03-26_1431265_U_31,0.1764757,cv,0
2026-03-26_1431265_U_32,0.10750728,cv,1
2026-03-26_1431265_U_35,0.38885832,cv,0
2026-03-26_1431265_U_36,0.12181705,cv,1
2026-03-26_1431265_U_37,0.1371619,cv,0
2026-03-26_1431265_U_38,0.11806994,cv,1
2026-03-26_1431265_U_43,0.13849103,cv,0
2026-03-26_1431265_U_44,0.16073681,cv,1
2026-03-26_1431265_U_45,0.24344799,cv,0
2026-03-26_1431265_U_46,0.13888198,cv,0
2026-03-26_1431265_U_47,0.24684939,cv,0
2026-03-26_1431265_U_49,0.13711569,cv,0
2026-03-26_1431265_U_50,0.192556,cv,1
2026-03-26_1431265_U_53,0.3575493,cv,0
2026-03-26_1431265_U_54,0.15871412,cv,1
2026-03-26_1431265_U_55,0.11636653,cv,0
2026-03-26_1431265_U_56,0.12326949,cv,1
2026-03-26_1431265_U_57,0.12411602,cv,1
2026-03-26_1431265_U_58,0.15134226,cv,0
2026-03-26_1431265_U_59,0.21385527,cv,0
2026-03-26_1431265_U_61,0.13627891,cv,0
2026-03-26_1431265_U_62,0.09306427,cv,1
2026-03-26_1431265_U_66,0.11185759,cv,1
2026-03-26_1431265_U_67,0.19213276,cv,0
2026-03-26_1431265_U_68,0.16259432,cv,1
2026-03-26_1431265_U_69,0.32253957,cv,0
2026-03-26_1431265_U_7,0.147195,cv,0
2026-03-26_1431265_U_70,0.19583325,cv,0
2026-03-26_1431265_U_71,0.20550083,cv,0
2026-03-26_1431265_U_73,0.1027258,cv,0
2026-03-26_1431265_U_74,0.11320832,cv,1
2026-03-26_1431265_U_75,0.16739327,cv,0
2026-03-26_1431265_U_76,0.22089998,cv,0
2026-03-26_1431265_U_77,0.18930851,cv,0
2026-03-26_1431265_U_79,0.13232964,cv,0
2026-03-26_1431265_U_8,0.18924074,cv,0
2026-03-26_1431265_U_80,0.12892815,cv,1
2026-03-26_1431265_U_83,0.1647432,cv,1
2026-03-26_1431265_U_84,0.18588674,cv,1
2026-03-26_1431265_U_85,0.17547536,cv,0
2026-03-26_1431265_U_86,0.14240593,cv,1
2026-03-26_1431265_U_88,0.11177977,cv,0
2026-03-26_1431265_U_89,0.14407653,cv,1
2026-03-26_1431265_U_9,0.11054638,cv,1
2026-03-26_1431265_U_90,0.21887442,cv,0
2026-03-26_1431265_U_91,0.13444617,cv,1
2026-03-26_1431265_U_93,0.16262403,cv,0
2026-03-26_1431265_U_94,0.13586657,cv,0
2026-03-26_1431265_U_95,0.15415561,cv,1
2026-03-26_1431265_U_96,0.25060984,cv,1
2026-03-26_1431265_U_97,0.16521929,cv,1
2026-03-26_1431265_U_99,0.1252229,cv,0
2026-03-26_1439975_U_1,0.22886312,cv,0
2026-03-26_1439975_U_10,0.23080516,cv,1
2026-03-26_1439975_U_100,0.5173013,cv,1
2026-03-26_1439975_U_101,0.5947087,cv,0
2026-03-26_1439975_U_11,0.097603045,cv,0
2026-03-26_1439975_U_12,0.15683563,cv,0
2026-03-26_1439975_U_13,0.1960418,cv,0
2026-03-26_1439975_U_14,0.13912965,cv,1
2026-03-26_1439975_U_15,0.22676325,cv,0
2026-03-26_1439975_U_16,0.14264733,cv,0
2026-03-26_1439975_U_17,0.15750769,cv,0
2026-03-26_1439975_U_18,0.10831066,cv,0
2026-03-26_1439975_U_19,0.15900205,cv,1
2026-03-26_1439975_U_2,0.12719604,cv,0
2026-03-26_1439975_U_21,0.31834203,cv,0
2026-03-26_1439975_U_22,0.19947289,cv,0
2026-03-26_1439975_U_23,0.14970532,cv,1
2026-03-26_1439975_U_24,0.21938556,cv,1
2026-03-26_1439975_U_25,0.23296241,cv,0
2026-03-26_1439975_U_27,0.16315655,cv,0
2026-03-26_1439975_U_29,0.2827654,cv,0
2026-03-26_1439975_U_30,0.26925975,cv,1
2026-03-26_1439975_U_31,0.27908108,cv,1
2026-03-26_1439975_U_32,0.2578836,cv,1
2026-03-26_1439975_U_33,0.3138262,cv,1
2026-03-26_1439975_U_34,0.27037758,cv,0
2026-03-26_1439975_U_36,0.26630583,cv,0
2026-03-26_1439975_U_37,0.23541228,cv,0
2026-03-26_1439975_U_38,0.19824395,cv,0
2026-03-26_1439975_U_4,0.1640869,cv,1
2026-03-26_1439975_U_40,0.1543512,cv,1
2026-03-26_1439975_U_41,0.21864936,cv,1
2026-03-26_1439975_U_42,0.15623924,cv,1
2026-03-26_1439975_U_43,0.18111455,cv,1
2026-03-26_1439975_U_44,0.15749538,cv,1
2026-03-26_1439975_U_46,0.14482005,cv,0
2026-03-26_1439975_U_48,0.16208772,cv,1
2026-03-26_1439975_U_49,0.18817072,cv,0
2026-03-26_1439975_U_5,0.23333691,cv,0
2026-03-26_1439975_U_50,0.17417859,cv,1
2026-03-26_1439975_U_51,0.14786255,cv,0
2026-03-26_1439975_U_52,0.16897552,cv,1
2026-03-26_1439975_U_53,0.17803258,cv,1
2026-03-26_1439975_U_54,0.23999596,cv,0
2026-03-26_1439975_U_56,0.17291951,cv,0
2026-03-26_1439975_U_57,0.20335583,cv,1
2026-03-26_1439975_U_58,0.19097666,cv,0
2026-03-26_1439975_U_6,0.14768985,cv,0
2026-03-26_1439975_U_60,0.2103273,cv,1
2026-03-26_1439975_U_62,0.14096887,cv,0
2026-03-26_1439975_U_66,0.16721676,cv,1
2026-03-26_1439975_U_67,0.16554007,cv,1
2026-03-26_1439975_U_70,0.35280222,cv,1
2026-03-26_1439975_U_72,0.20496264,cv,1
2026-03-26_1439975_U_76,0.16042772,cv,0
2026-03-26_1439975_U_77,0.260753,cv,1
2026-03-26_1439975_U_79,0.2019848,cv,1
2026-03-26_1439975_U_8,0.18813245,cv,1
2026-03-26_1439975_U_80,0.29442137,cv,1
2026-03-26_1439975_U_82,0.28634226,cv,1
2026-03-26_1439975_U_84,0.14542678,cv,1
2026-03-26_1439975_U_88,0.14136705,cv,1
2026-03-26_1439975_U_9,0.18686986,cv,0
2026-03-26_1439975_U_90,0.28038263,cv,1
2026-03-26_1439975_U_91,0.24255145,cv,1
2026-03-26_1439975_U_92,0.20611855,cv,1
2026-03-26_1439975_U_94,0.37524197,cv,1
2026-03-26_1439975_U_96,0.6025547,cv,1
2026-03-26_1439975_U_97,0.18554662,cv,0
2026-03-26_1439975_U_98,0.17390732,cv,0
2026-03-26_1439975_U_99,0.29152516,cv,0
2026-03-26_1441389_U_1,2.8272414,cv,0
2026-03-26_1441389_U_12,1.8986568,cv,0
2026-03-26_1441389_U_13,0.155671,cv,1
2026-03-26_1441389_U_17,2.2010298,cv,1
2026-03-26_1441389_U_19,2.3567328,cv,0
2026-03-26_1441389_U_2,2.857304,cv,0
2026-03-26_1441389_U_21,2.4529798,cv,0
2026-03-26_1441389_U_22,2.2808273,cv,0
2026-03-26_1441389_U_3,1.5106974,cv,0
2026-03-26_1441389_U_6,2.2278578,cv,0
2026-03-26_1441389_U_7,1.7048014,cv,0
2026-03-26_1474792_U_1,0.13384192,cv,0
2026-03-26_1474792_U_10,0.12405591,cv,0
2026-03-26_1474792_U_11,0.1686394,cv,0
2026-03-26_1474792_U_12,0.16896304,cv,0
2026-03-26_1474792_U_13,0.18322104,cv,1
2026-03-26_1474792_U_15,0.17692357,cv,1
2026-03-26_1474792_U_16,0.18587467,cv,0
2026-03-26_1474792_U_17,0.17977664,cv,0
2026-03-26_1474792_U_18,0.18752122,cv,1
2026-03-26_1474792_U_2,0.12689078,cv,1
2026-03-26_1474792_U_20,0.13235387,cv,1
2026-03-26_1474792_U_21,0.23050849,cv,0
2026-03-26_1474792_U_22,0.27406144,cv,0
2026-03-26_1474792_U_23,0.22840594,cv,1
2026-03-26_1474792_U_26,0.18143076,cv,1
2026-03-26_1474792_U_29,0.18461286,cv,0
2026-03-26_1474792_U_3,0.15306488,cv,0
2026-03-26_1474792_U_30,0.3039165,cv,0
2026-03-26_1474792_U_34,0.107876584,cv,0
2026-03-26_1474792_U_35,0.16279049,cv,0
2026-03-26_1474792_U_36,0.19750278,cv,0
2026-03-26_1474792_U_38,0.39974755,cv,0
2026-03-26_1474792_U_39,0.4083645,cv,0
2026-03-26_1474792_U_5,0.16978185,cv,0
2026-03-26_1474792_U_7,0.22121084,cv,1
2026-03-26_1474793_U_1,0.1312152,cv,0
2026-03-26_1474793_U_2,0.19144726,cv,0
2026-03-26_1474793_U_3,0.16607204,cv,0
2026-03-26_1474793_U_4,0.34312844,cv,0
2026-03-26_1476582_U_1,0.34990638,cv,0
2026-03-26_1476582_U_10,0.3208604,cv,0
2026-03-26_1476582_U_11,0.26336202,cv,0
2026-03-26_1476582_U_12,0.3644784,cv,0
2026-03-26_1476582_U_13,0.33999178,cv,1
2026-03-26_1476582_U_16,0.23750153,cv,0
2026-03-26_1476582_U_17,0.3884284,cv,0
2026-03-26_1476582_U_18,0.42217797,cv,0
2026-03-26_1476582_U_19,0.39981747,cv,0
2026-03-26_1476582_U_2,0.29643387,cv,1
2026-03-26_1476582_U_20,0.27314028,cv,0
2026-03-26_1476582_U_21,0.52704424,cv,0
2026-03-26_1476582_U_22,0.48969635,cv,0
2026-03-26_1476582_U_23,0.1790493,cv,1
2026-03-26_1476582_U_24,0.31686696,cv,1
2026-03-26_1476582_U_25,0.32292727,cv,0
2026-03-26_1476582_U_26,0.4933792,cv,1
2026-03-26_1476582_U_27,0.20376039,cv,1
2026-03-26_1476582_U_29,0.2756262,cv,1
2026-03-26_1476582_U_3,0.44577533,cv,1
2026-03-26_1476582_U_30,0.3610203,cv,0
2026-03-26_1476582_U_31,0.31776866,cv,1
2026-03-26_1476582_U_32,0.4463266,cv,0
2026-03-26_1476582_U_33,0.27947038,cv,0
2026-03-26_1476582_U_34,0.38483286,cv,0
2026-03-26_1476582_U_35,0.40592822,cv,0
2026-03-26_1476582_U_36,0.4393286,cv,0
2026-03-26_1476582_U_37,0.4122226,cv,0
2026-03-26_1476582_U_38,0.48653302,cv,0
2026-03-26_1476582_U_4,0.3044597,cv,0
2026-03-26_1476582_U_5,0.6984843,cv,0
2026-03-26_1476582_U_6,0.3611734,cv,0
2026-03-26_1476582_U_7,0.37776732,cv,0
2026-03-26_1476582_U_8,0.2216272,cv,0
2026-03-26_1476582_U_9,0.33231258,cv,0
2026-03-26_1476584_U_1,0.349402,cv,0
2026-03-26_1476584_U_10,0.41135377,cv,0
2026-03-26_1476584_U_11,0.516133,cv,0
2026-03-26_1476584_U_12,0.33937806,cv,0
2026-03-26_1476584_U_13,0.20048557,cv,0
2026-03-26_1476584_U_14,0.4157266,cv,0
2026-03-26_1476584_U_2,0.57999957,cv,1
2026-03-26_1476584_U_3,1.3425287,cv,1
2026-03-26_1476584_U_4,0.35460955,cv,0
2026-03-26_1476584_U_5,0.71691054,cv,1
2026-03-26_1476584_U_6,0.34800276,cv,1
2026-03-26_1476584_U_7,0.18896501,cv,0
2026-03-26_1476584_U_8,0.5879583,cv,0
2026-03-26_1476584_U_9,0.3010777,cv,0
2026-03-26_1477764_U_1,0.1350114,cv,0
2026-03-26_1477764_U_10,0.12622166,cv,0
2026-03-26_1477764_U_11,0.16691487,cv,0
2026-03-26_1477764_U_13,0.17268078,cv,0
2026-03-26_1477764_U_14,0.12788683,cv,0
2026-03-26_1477764_U_15,0.12439607,cv,0
2026-03-26_1477764_U_16,0.19319008,cv,0
2026-03-26_1477764_U_17,0.1877087,cv,0
2026-03-26_1477764_U_18,0.098539874,cv,0
2026-03-26_1477764_U_19,0.20878153,cv,0
2026-03-26_1477764_U_2,0.103788875,cv,0
2026-03-26_1477764_U_20,0.17451416,cv,0
2026-03-26_1477764_U_21,0.10907259,cv,0
2026-03-26_1477764_U_22,0.17805701,cv,0
2026-03-26_1477764_U_23,0.1416462,cv,0
2026-03-26_1477764_U_24,0.10784587,cv,0
2026-03-26_1477764_U_25,0.17331305,cv,1
2026-03-26_1477764_U_26,0.114874214,cv,0
2026-03-26_1477764_U_27,0.23985463,cv,0
2026-03-26_1477764_U_28,0.11905044,cv,0
2026-03-26_1477764_U_29,0.11090221,cv,0
2026-03-26_1477764_U_3,0.1810466,cv,0
2026-03-26_1477764_U_30,0.120067075,cv,0
2026-03-26_1477764_U_31,0.15189184,cv,0
2026-03-26_1477764_U_32,0.086139664,cv,0
2026-03-26_1477764_U_33,0.15957789,cv,0
2026-03-26_1477764_U_34,0.14852455,cv,1
2026-03-26_1477764_U_35,0.15534821,cv,0
2026-03-26_1477764_U_36,0.12939012,cv,1
2026-03-26_1477764_U_37,0.13922407,cv,0
2026-03-26_1477764_U_38,0.12786278,cv,0
2026-03-26_1477764_U_39,0.13718477,cv,0
2026-03-26_1477764_U_4,0.17921913,cv,0
2026-03-26_1477764_U_40,0.18729752,cv,0
2026-03-26_1477764_U_41,0.18129514,cv,0
2026-03-26_1477764_U_42,0.17155355,cv,0
2026-03-26_1477764_U_43,0.14634196,cv,0
2026-03-26_1477764_U_44,0.18607748,cv,0
2026-03-26_1477764_U_45,0.17839265,cv,0
2026-03-26_1477764_U_46,0.13851625,cv,0
2026-03-26_1477764_U_47,0.12780814,cv,0
2026-03-26_1477764_U_48,0.14098155,cv,1
2026-03-26_1477764_U_49,0.102527395,cv,0
2026-03-26_1477764_U_5,0.14962383,cv,0
2026-03-26_1477764_U_50,0.108013265,cv,0
2026-03-26_1477764_U_51,0.24245887,cv,0
2026-03-26_1477764_U_54,0.1572684,cv,0
2026-03-26_1477764_U_55,0.17219922,cv,0
2026-03-26_1477764_U_56,0.11781251,cv,0
2026-03-26_1477764_U_57,0.1082377,cv,0
2026-03-26_1477764_U_58,0.13300698,cv,0
2026-03-26_1477764_U_59,0.38841277,cv,1
2026-03-26_1477764_U_6,0.1977716,cv,0
2026-03-26_1477764_U_60,0.1468218,cv,0
2026-03-26_1477764_U_61,0.17688715,cv,0
2026-03-26_1477764_U_62,0.13864768,cv,0
2026-03-26_1477764_U_63,0.12964843,cv,0
2026-03-26_1477764_U_64,0.1332078,cv,0
2026-03-26_1477764_U_65,0.11924714,cv,0
2026-03-26_1477764_U_66,0.1359744,cv,0
2026-03-26_1477764_U_67,0.17814665,cv,0
2026-03-26_1477764_U_68,0.15172708,cv,0
2026-03-26_1477764_U_69,0.10188069,cv,0
2026-03-26_1477764_U_7,0.22156721,cv,0
2026-03-26_1477764_U_70,0.16702557,cv,0
2026-03-26_1477764_U_71,0.18010168,cv,0
2026-03-26_1477764_U_72,0.11946708,cv,0
2026-03-26_1477764_U_73,0.2512046,cv,0
2026-03-26_1477764_U_74,0.16164452,cv,0
2026-03-26_1477764_U_75,0.13603307,cv,0
2026-03-26_1477764_U_76,0.1033438,cv,0
2026-03-26_1477764_U_77,0.123405695,cv,0
2026-03-26_1477764_U_78,0.21098816,cv,0
2026-03-26_1477764_U_79,0.1460107,cv,1
2026-03-26_1477764_U_8,0.2200681,cv,0
2026-03-26_1477764_U_80,0.17198692,cv,0
2026-03-26_1477764_U_81,0.15055278,cv,0
2026-03-26_1477764_U_82,0.14070994,cv,0
2026-03-26_1477764_U_83,0.14020258,cv,1
2026-03-26_1477764_U_84,0.14724818,cv,0
2026-03-26_1477764_U_85,0.103751734,cv,0
2026-03-26_1477764_U_86,0.117265046,cv,0
2026-03-26_1477764_U_88,0.1134361,cv,0
2026-03-26_1477764_U_89,0.18179224,cv,0
2026-03-26_1477764_U_9,0.14982054,cv,0
2026-03-26_1477764_U_90,0.18427412,cv,0
2026-03-26_1477764_U_91,0.11341884,cv,1
2026-03-26_1477764_U_92,0.17096448,cv,0
2026-03-26_1477764_U_93,0.1983686,cv,0
2026-03-26_1477764_U_94,0.26047394,cv,0
2026-03-26_1477766_U_1,0.15538757,cv,0
2026-03-26_1477766_U_10,0.17444727,cv,0
2026-03-26_1477766_U_11,0.10331769,cv,0
2026-03-26_1477766_U_12,0.18195778,cv,0
2026-03-26_1477766_U_13,0.13740192,cv,0
2026-03-26_1477766_U_14,0.106308185,cv,1
2026-03-26_1477766_U_16,0.1778549,cv,0
2026-03-26_1477766_U_17,0.107707076,cv,0
2026-03-26_1477766_U_18,0.13622567,cv,0
2026-03-26_1477766_U_19,0.16801167,cv,0
2026-03-26_1477766_U_2,0.17149386,cv,0
2026-03-26_1477766_U_20,0.13097249,cv,0
2026-03-26_1477766_U_21,0.13108641,cv,0
2026-03-26_1477766_U_23,0.16442794,cv,0
2026-03-26_1477766_U_24,0.1805464,cv,0
2026-03-26_1477766_U_28,0.10903048,cv,0
2026-03-26_1477766_U_3,0.14731006,cv,1
2026-03-26_1477766_U_30,0.25692174,cv,0
2026-03-26_1477766_U_31,0.0844537,cv,0
2026-03-26_1477766_U_4,0.18334675,cv,0
2026-03-26_1477766_U_5,0.109325856,cv,0
2026-03-26_1477766_U_6,0.2422918,cv,0
2026-03-26_1477766_U_7,0.24696267,cv,0
2026-03-26_1477766_U_8,0.12699412,cv,0
2026-03-26_1477766_U_9,0.16356334,cv,0
2026-03-26_1477767_U_1,0.23435709,cv,0
2026-03-26_1477767_U_10,0.2612093,cv,0
2026-03-26_1477767_U_11,0.5402863,cv,0
2026-03-26_1477767_U_12,0.4531704,cv,0
2026-03-26_1477767_U_14,0.10954979,cv,0
2026-03-26_1477767_U_15,0.2343955,cv,0
2026-03-26_1477767_U_16,0.18740046,cv,0
2026-03-26_1477767_U_17,0.18659791,cv,0
2026-03-26_1477767_U_18,0.22001064,cv,0
2026-03-26_1477767_U_19,0.12963712,cv,0
2026-03-26_1477767_U_2,0.15762715,cv,0
2026-03-26_1477767_U_20,0.12280359,cv,0
2026-03-26_1477767_U_21,0.16736118,cv,0
2026-03-26_1477767_U_22,0.15637112,cv,0
2026-03-26_1477767_U_23,0.14310175,cv,0
2026-03-26_1477767_U_24,0.10237698,cv,0
2026-03-26_1477767_U_25,0.13937819,cv,0
2026-03-26_1477767_U_26,0.12418869,cv,0
2026-03-26_1477767_U_27,0.20264307,cv,0
2026-03-26_1477767_U_28,0.14749566,cv,0
2026-03-26_1477767_U_3,0.15243296,cv,0
2026-03-26_1477767_U_31,0.12561548,cv,1
2026-03-26_1477767_U_33,0.5676133,cv,1
2026-03-26_1477767_U_35,0.1391691,cv,0
2026-03-26_1477767_U_36,0.20664911,cv,0
2026-03-26_1477767_U_38,0.14477931,cv,0
2026-03-26_1477767_U_39,0.14946711,cv,0
2026-03-26_1477767_U_4,0.18094765,cv,0
2026-03-26_1477767_U_40,0.24759406,cv,0
2026-03-26_1477767_U_5,0.21333246,cv,0
2026-03-26_1477767_U_6,0.22256577,cv,0
2026-03-26_1477767_U_7,0.22436458,cv,0
2026-03-26_1477767_U_8,0.24881122,cv,0
2026-03-26_1477767_U_9,0.23980436,cv,0
2026-03-26_1477768_U_1,0.13255492,cv,0
2026-03-26_1477768_U_10,0.2271032,cv,0
2026-03-26_1477768_U_11,0.20661852,cv,0
2026-03-26_1477768_U_12,0.2154607,cv,0
2026-03-26_1477768_U_13,0.12156781,cv,0
2026-03-26_1477768_U_14,0.32261622,cv,0
2026-03-26_1477768_U_15,0.21426539,cv,0
2026-03-26_1477768_U_16,0.31725353,cv,0
2026-03-26_1477768_U_17,0.18673125,cv,1
2026-03-26_1477768_U_18,0.24992704,cv,0
2026-03-26_1477768_U_19,0.22014248,cv,0
2026-03-26_1477768_U_2,0.36514974,cv,0
2026-03-26_1477768_U_20,0.21210687,cv,0
2026-03-26_1477768_U_21,0.16404036,cv,0
2026-03-26_1477768_U_22,0.18859784,cv,0
2026-03-26_1477768_U_23,0.20078349,cv,0
2026-03-26_1477768_U_24,0.19987297,cv,0
2026-03-26_1477768_U_25,0.13279985,cv,0
2026-03-26_1477768_U_26,0.22726065,cv,0
2026-03-26_1477768_U_27,0.12890115,cv,0
2026-03-26_1477768_U_28,0.14124203,cv,0
2026-03-26_1477768_U_3,0.16128547,cv,0
2026-03-26_1477768_U_30,0.16192476,cv,0
2026-03-26_1477768_U_31,0.19797234,cv,0
2026-03-26_1477768_U_32,0.2440064,cv,0
2026-03-26_1477768_U_33,0.17674403,cv,0
2026-03-26_1477768_U_34,0.2603691,cv,0
2026-03-26_1477768_U_35,0.25203076,cv,0
2026-03-26_1477768_U_36,0.22784317,cv,0
2026-03-26_1477768_U_37,0.12817386,cv,0
2026-03-26_1477768_U_38,0.1868833,cv,0
2026-03-26_1477768_U_39,0.11945218,cv,0
2026-03-26_1477768_U_4,0.17047565,cv,0
2026-03-26_1477768_U_40,0.18686478,cv,0
2026-03-26_1477768_U_41,0.1063526,cv,0
2026-03-26_1477768_U_42,0.17193782,cv,0
2026-03-26_1477768_U_43,0.17371294,cv,0
2026-03-26_1477768_U_44,0.17634033,cv,1
2026-03-26_1477768_U_45,0.14111847,cv,0
2026-03-26_1477768_U_46,0.19721548,cv,0
2026-03-26_1477768_U_47,0.14678453,cv,0
2026-03-26_1477768_U_48,0.25686786,cv,0
2026-03-26_1477768_U_49,0.14305353,cv,0
2026-03-26_1477768_U_5,0.20727259,cv,0
2026-03-26_1477768_U_50,0.27793866,cv,0
2026-03-26_1477768_U_51,0.17583965,cv,0
2026-03-26_1477768_U_52,0.21460621,cv,0
2026-03-26_1477768_U_53,0.15906858,cv,0
2026-03-26_1477768_U_54,0.12832925,cv,1
2026-03-26_1477768_U_55,0.26458645,cv,1
2026-03-26_1477768_U_56,0.26316392,cv,0
2026-03-26_1477768_U_57,0.1647002,cv,1
2026-03-26_1477768_U_6,0.2769075,cv,0
2026-03-26_1477768_U_7,0.15173642,cv,0
2026-03-26_1477768_U_8,0.15050429,cv,0
2026-03-26_1477768_U_9,0.15381092,cv,0
2026-03-26_1477769_U_1,0.123460464,cv,0
2026-03-26_1477769_U_10,0.15730691,cv,0
2026-03-26_1477769_U_11,0.16320768,cv,0
2026-03-26_1477769_U_12,0.16676283,cv,0
2026-03-26_1477769_U_13,0.12252613,cv,0
2026-03-26_1477769_U_14,0.31150395,cv,0
2026-03-26_1477769_U_15,0.07825796,cv,0
2026-03-26_1477769_U_16,0.14144638,cv,0
2026-03-26_1477769_U_17,0.08135851,cv,0
2026-03-26_1477769_U_18,0.1451082,cv,0
2026-03-26_1477769_U_19,0.18581855,cv,0
2026-03-26_1477769_U_2,0.11317186,cv,0
2026-03-26_1477769_U_20,0.1645605,cv,0
2026-03-26_1477769_U_21,0.1085819,cv,0
2026-03-26_1477769_U_22,0.12271028,cv,0
2026-03-26_1477769_U_23,0.16892587,cv,0
2026-03-26_1477769_U_24,0.25329298,cv,0
2026-03-26_1477769_U_25,0.112329125,cv,0
2026-03-26_1477769_U_26,0.078420945,cv,0
2026-03-26_1477769_U_27,0.1238215,cv,0
2026-03-26_1477769_U_28,0.20008975,cv,0
2026-03-26_1477769_U_29,0.22610304,cv,0
2026-03-26_1477769_U_3,0.15677124,cv,0
2026-03-26_1477769_U_30,0.11158466,cv,0
2026-03-26_1477769_U_31,0.15660523,cv,0
2026-03-26_1477769_U_32,0.16201535,cv,0
2026-03-26_1477769_U_33,0.19102418,cv,0
2026-03-26_1477769_U_34,0.21049452,cv,0
2026-03-26_1477769_U_35,0.23716387,cv,1
2026-03-26_1477769_U_36,0.28679353,cv,0
2026-03-26_1477769_U_37,0.28322276,cv,0
2026-03-26_1477769_U_38,0.36210722,cv,0
2026-03-26_1477769_U_39,0.37908325,cv,0
2026-03-26_1477769_U_4,0.11716073,cv,0
2026-03-26_1477769_U_40,0.47907472,cv,0
2026-03-26_1477769_U_41,0.2126628,cv,0
2026-03-26_1477769_U_42,0.32421368,cv,0
2026-03-26_1477769_U_43,0.28323597,cv,0
2026-03-26_1477769_U_44,0.3418104,cv,0
2026-03-26_1477769_U_45,0.24012038,cv,0
2026-03-26_1477769_U_46,0.3355007,cv,0
2026-03-26_1477769_U_47,0.2414572,cv,0
2026-03-26_1477769_U_48,0.37191185,cv,0
2026-03-26_1477769_U_5,0.14215392,cv,0
2026-03-26_1477769_U_6,0.14998277,cv,0
2026-03-26_1477769_U_8,0.15685794,cv,0
2026-03-26_1477769_U_9,0.1884667,cv,0
2026-03-26_1477770_U_1,1.0739106,cv,0
2026-03-26_1477770_U_10,0.7037928,cv,0
2026-03-26_1477770_U_11,0.6641223,cv,0
2026-03-26_1477770_U_12,0.30537945,cv,0
2026-03-26_1477770_U_13,0.36914718,cv,0
2026-03-26_1477770_U_14,0.67374754,cv,0
2026-03-26_1477770_U_15,0.29894722,cv,0
2026-03-26_1477770_U_17,0.3250837,cv,0
2026-03-26_1477770_U_18,0.65253496,cv,0
2026-03-26_1477770_U_3,0.41585132,cv,0
2026-03-26_1477770_U_4,0.63345736,cv,0
2026-03-26_1477770_U_7,0.54045856,cv,0
2026-03-26_1477770_U_8,0.5463754,cv,0
2026-03-26_1477770_U_9,0.8034674,cv,1
2026-03-26_1481779_U_1,0.19761565,cv,0
2026-03-26_1481779_U_10,0.14559756,cv,0
2026-03-26_1481779_U_100,0.11270791,cv,0
2026-03-26_1481779_U_101,0.13899006,cv,0
2026-03-26_1481779_U_102,0.18149637,cv,0
2026-03-26_1481779_U_103,0.08488433,cv,0
2026-03-26_1481779_U_104,0.14042823,cv,0
2026-03-26_1481779_U_105,0.16132925,cv,0
2026-03-26_1481779_U_106,0.07809673,cv,0
2026-03-26_1481779_U_107,0.25055847,cv,0
2026-03-26_1481779_U_108,0.13334242,cv,0
2026-03-26_1481779_U_109,0.13247387,cv,0
2026-03-26_1481779_U_11,0.14119391,cv,0
2026-03-26_1481779_U_110,0.11508821,cv,0
2026-03-26_1481779_U_111,0.12791365,cv,0
2026-03-26_1481779_U_112,0.1447691,cv,0
2026-03-26_1481779_U_113,0.08810994,cv,0
2026-03-26_1481779_U_114,0.09582119,cv,0
2026-03-26_1481779_U_115,0.30481333,cv,0
2026-03-26_1481779_U_116,0.17505512,cv,0
2026-03-26_1481779_U_117,0.09884316,cv,0
2026-03-26_1481779_U_118,0.09438243,cv,0
2026-03-26_1481779_U_119,0.1782923,cv,0
2026-03-26_1481779_U_12,0.20872593,cv,1
2026-03-26_1481779_U_120,0.26883775,cv,0
2026-03-26_1481779_U_121,0.237999,cv,0
2026-03-26_1481779_U_122,0.13321415,cv,0
2026-03-26_1481779_U_123,0.15420744,cv,0
2026-03-26_1481779_U_124,0.15059072,cv,0
2026-03-26_1481779_U_126,0.39558154,cv,0
2026-03-26_1481779_U_127,0.22892773,cv,0
2026-03-26_1481779_U_128,0.2775815,cv,0
2026-03-26_1481779_U_13,0.19026339,cv,0
2026-03-26_1481779_U_130,0.20635045,cv,0
2026-03-26_1481779_U_131,0.20688951,cv,0
2026-03-26_1481779_U_14,0.22477758,cv,0
2026-03-26_1481779_U_15,0.21209395,cv,0
2026-03-26_1481779_U_16,0.18480098,cv,0
2026-03-26_1481779_U_17,0.19484872,cv,0
2026-03-26_1481779_U_18,0.15939319,cv,0
2026-03-26_1481779_U_19,0.19777751,cv,0
2026-03-26_1481779_U_2,0.27508023,cv,0
2026-03-26_1481779_U_20,0.18305652,cv,0
2026-03-26_1481779_U_21,0.17922775,cv,0
2026-03-26_1481779_U_22,0.1789614,cv,0
2026-03-26_1481779_U_23,0.08062215,cv,0
2026-03-26_1481779_U_24,0.17962496,cv,0
2026-03-26_1481779_U_25,0.11809753,cv,0
2026-03-26_1481779_U_27,0.20893809,cv,1
2026-03-26_1481779_U_28,0.12521234,cv,0
2026-03-26_1481779_U_29,0.18039212,cv,0
2026-03-26_1481779_U_3,0.13722263,cv,0
2026-03-26_1481779_U_30,0.12300371,cv,0
2026-03-26_1481779_U_31,0.1269185,cv,0
2026-03-26_1481779_U_32,0.14966398,cv,0
2026-03-26_1481779_U_33,0.18093485,cv,0
2026-03-26_1481779_U_34,0.12452748,cv,0
2026-03-26_1481779_U_35,0.20826975,cv,0
2026-03-26_1481779_U_36,0.1186585,cv,0
2026-03-26_1481779_U_37,0.15683816,cv,0
2026-03-26_1481779_U_38,0.17269224,cv,0
2026-03-26_1481779_U_39,0.11128831,cv,0
2026-03-26_1481779_U_4,0.13418388,cv,0
2026-03-26_1481779_U_40,0.2079057,cv,0
2026-03-26_1481779_U_41,0.121221825,cv,0
2026-03-26_1481779_U_42,0.15833162,cv,0
2026-03-26_1481779_U_43,0.1097255,cv,0
2026-03-26_1481779_U_44,0.082349084,cv,0
2026-03-26_1481779_U_45,0.17638671,cv,0
2026-03-26_1481779_U_46,0.09463078,cv,0
2026-03-26_1481779_U_47,0.08148268,cv,0
2026-03-26_1481779_U_48,0.08892249,cv,0
2026-03-26_1481779_U_49,0.38598144,cv,0
2026-03-26_1481779_U_5,0.20108628,cv,0
2026-03-26_1481779_U_50,0.1853963,cv,0
2026-03-26_1481779_U_51,0.09814057,cv,0
2026-03-26_1481779_U_52,0.13508765,cv,0
2026-03-26_1481779_U_53,0.12024667,cv,0
2026-03-26_1481779_U_54,0.1552158,cv,0
2026-03-26_1481779_U_55,0.16882038,cv,0
2026-03-26_1481779_U_56,0.0790451,cv,0
2026-03-26_1481779_U_57,0.11409568,cv,0
2026-03-26_1481779_U_58,0.1697772,cv,0
2026-03-26_1481779_U_59,0.11690666,cv,0
2026-03-26_1481779_U_6,0.12483579,cv,0
2026-03-26_1481779_U_60,0.16171232,cv,0
2026-03-26_1481779_U_61,0.20918576,cv,0
2026-03-26_1481779_U_66,0.13640222,cv,0
2026-03-26_1481779_U_68,0.14076656,cv,0
2026-03-26_1481779_U_69,0.1967774,cv,0
2026-03-26_1481779_U_7,0.11861231,cv,0
2026-03-26_1481779_U_70,0.21904902,cv,0
2026-03-26_1481779_U_71,0.16839549,cv,0
2026-03-26_1481779_U_72,0.10946381,cv,0
2026-03-26_1481779_U_73,0.106030434,cv,0
2026-03-26_1481779_U_74,0.18210956,cv,0
2026-03-26_1481779_U_75,0.10299209,cv,1
2026-03-26_1481779_U_76,0.1398972,cv,0
2026-03-26_1481779_U_77,0.10817035,cv,1
2026-03-26_1481779_U_79,0.123665705,cv,0
2026-03-26_1481779_U_8,0.08154535,cv,0
2026-03-26_1481779_U_80,0.078774884,cv,0
2026-03-26_1481779_U_81,0.09645416,cv,0
2026-03-26_1481779_U_82,0.10561068,cv,0
2026-03-26_1481779_U_83,0.10697098,cv,1
2026-03-26_1481779_U_84,0.15812092,cv,0
2026-03-26_1481779_U_86,0.14705789,cv,0
2026-03-26_1481779_U_87,0.17201756,cv,0
2026-03-26_1481779_U_88,0.17792116,cv,0
2026-03-26_1481779_U_89,0.15209936,cv,0
2026-03-26_1481779_U_9,0.10472581,cv,0
2026-03-26_1481779_U_91,0.4057026,cv,0
2026-03-26_1481779_U_92,0.1120238,cv,0
2026-03-26_1481779_U_93,0.121239245,cv,0
2026-03-26_1481779_U_94,0.17997348,cv,0
2026-03-26_1481779_U_95,0.13970165,cv,0
2026-03-26_1481779_U_96,0.11385608,cv,0
2026-03-26_1481779_U_97,0.20923083,cv,0
2026-03-26_1481779_U_98,0.09874044,cv,0
2026-03-26_1481779_U_99,0.15490733,cv,0
2026-03-26_1495854_U_1,0.29379463,cv,0
2026-03-26_1495854_U_11,0.18566172,cv,1
2026-03-26_1495854_U_12,0.53734636,cv,0
2026-03-26_1495854_U_13,0.25435388,cv,1
2026-03-26_1495854_U_14,0.30941722,cv,0
2026-03-26_1495854_U_15,0.23331869,cv,0
2026-03-26_1495854_U_16,0.27743062,cv,0
2026-03-26_1495854_U_17,0.2870115,cv,0
2026-03-26_1495854_U_18,0.21211955,cv,0
2026-03-26_1495854_U_19,0.24934226,cv,0
2026-03-26_1495854_U_2,0.33589226,cv,0
2026-03-26_1495854_U_20,0.17007911,cv,0
2026-03-26_1495854_U_21,0.2448771,cv,0
2026-03-26_1495854_U_22,0.2390198,cv,0
2026-03-26_1495854_U_23,0.40079495,cv,1
2026-03-26_1495854_U_25,0.23250501,cv,0
2026-03-26_1495854_U_26,0.34484085,cv,0
2026-03-26_1495854_U_27,0.31129646,cv,0
2026-03-26_1495854_U_28,0.26762816,cv,0
2026-03-26_1495854_U_29,0.31896588,cv,0
2026-03-26_1495854_U_3,0.22297251,cv,0
2026-03-26_1495854_U_32,0.32075956,cv,0
2026-03-26_1495854_U_33,0.31587568,cv,0
2026-03-26_1495854_U_34,0.2661487,cv,0
2026-03-26_1495854_U_35,0.48387092,cv,0
2026-03-26_1495854_U_36,0.48862296,cv,0
2026-03-26_1495854_U_37,0.25834572,cv,0
2026-03-26_1495854_U_38,0.19032025,cv,0
2026-03-26_1495854_U_4,0.19927144,cv,0
2026-03-26_1495854_U_42,0.21651605,cv,0
2026-03-26_1495854_U_43,0.21600352,cv,0
2026-03-26_1495854_U_45,0.27279586,cv,0
2026-03-26_1495854_U_5,0.18926615,cv,0
2026-03-26_1495854_U_6,0.45049655,cv,0
2026-03-26_1495854_U_7,0.14110184,cv,0
2026-03-26_1495854_U_9,0.14836627,cv,0
2026-03-26_1496805_U_1,0.30726787,cv,0
2026-03-26_1496805_U_10,0.29872096,cv,0
2026-03-26_1496805_U_11,0.26905105,cv,0
2026-03-26_1496805_U_12,0.1626164,cv,0
2026-03-26_1496805_U_13,0.26343566,cv,0
2026-03-26_1496805_U_14,0.23769306,cv,0
2026-03-26_1496805_U_15,0.20016819,cv,0
2026-03-26_1496805_U_16,0.575382,cv,0
2026-03-26_1496805_U_17,0.29715776,cv,0
2026-03-26_1496805_U_18,0.14764109,cv,0
2026-03-26_1496805_U_2,0.17071025,cv,0
2026-03-26_1496805_U_20,0.25374368,cv,0
2026-03-26_1496805_U_21,0.16348095,cv,1
2026-03-26_1496805_U_22,0.27024013,cv,0
2026-03-26_1496805_U_23,0.23738486,cv,0
2026-03-26_1496805_U_24,0.21339357,cv,0
2026-03-26_1496805_U_27,0.2122806,cv,0
2026-03-26_1496805_U_28,0.16565028,cv,0
2026-03-26_1496805_U_29,0.117675714,cv,0
2026-03-26_1496805_U_30,0.21144533,cv,0
2026-03-26_1496805_U_31,0.14033516,cv,0
2026-03-26_1496805_U_32,0.13537107,cv,0
2026-03-26_1496805_U_36,0.159241,cv,0
2026-03-26_1496805_U_37,0.21239907,cv,0
2026-03-26_1496805_U_39,0.10735705,cv,1
2026-03-26_1496805_U_4,0.20299987,cv,0
2026-03-26_1496805_U_40,0.15519086,cv,0
2026-03-26_1496805_U_41,0.23738389,cv,0
2026-03-26_1496805_U_42,0.23511326,cv,1
2026-03-26_1496805_U_43,0.41426444,cv,0
2026-03-26_1496805_U_44,0.17171165,cv,0
2026-03-26_1496805_U_46,0.24159849,cv,0
2026-03-26_1496805_U_47,0.17434166,cv,1
2026-03-26_1496805_U_48,0.4919891,cv,1
2026-03-26_1496805_U_5,0.23986405,cv,0
2026-03-26_1496805_U_52,0.14753667,cv,0
2026-03-26_1496805_U_54,0.25128204,cv,0
2026-03-26_1496805_U_55,0.26571995,cv,0
2026-03-26_1496805_U_57,0.24929619,cv,1
2026-03-26_1496805_U_58,0.5402585,cv,0
2026-03-26_1496805_U_59,0.30812618,cv,0
2026-03-26_1496805_U_6,0.30016068,cv,1
2026-03-26_1496805_U_60,0.078806594,cv,0
2026-03-26_1496805_U_63,0.19667137,cv,0
2026-03-26_1496805_U_64,0.18063483,cv,1
2026-03-26_1496805_U_66,0.17088854,cv,1
2026-03-26_1496805_U_67,0.21026115,cv,0
2026-03-26_1496805_U_68,0.23522119,cv,0
2026-03-26_1496805_U_69,0.22560403,cv,0
2026-03-26_1496805_U_71,0.12885725,cv,0
2026-03-26_1496805_U_72,0.16263956,cv,1
2026-03-26_1496805_U_73,0.15769453,cv,0
2026-03-26_1496805_U_74,0.25742513,cv,0
2026-03-26_1496805_U_75,0.28768015,cv,1
2026-03-26_1496805_U_76,0.11522468,cv,1
2026-03-26_1496805_U_77,0.15663855,cv,0
2026-03-26_1496805_U_78,0.1814825,cv,0
2026-03-26_1496806_U_11,0.17406341,cv,0
2026-03-26_1496806_U_12,0.19515246,cv,0
2026-03-26_1496806_U_13,0.25660974,cv,0
2026-03-26_1496806_U_14,0.36675012,cv,0
2026-03-26_1496806_U_15,0.25686604,cv,0
2026-03-26_1496806_U_16,0.2843125,cv,0
2026-03-26_1496806_U_17,0.2693531,cv,0
2026-03-26_1496806_U_18,0.2412158,cv,0
2026-03-26_1496806_U_19,0.18897125,cv,0
2026-03-26_1496806_U_2,0.17344806,cv,0
2026-03-26_1496806_U_21,0.16132557,cv,0
2026-03-26_1496806_U_22,0.24836169,cv,0
2026-03-26_1496806_U_23,0.1261425,cv,0
2026-03-26_1496806_U_24,0.16329403,cv,0
2026-03-26_1496806_U_25,0.31139717,cv,0
2026-03-26_1496806_U_26,0.18658273,cv,0
2026-03-26_1496806_U_27,0.22647667,cv,0
2026-03-26_1496806_U_28,0.19808197,cv,0
2026-03-26_1496806_U_29,0.19142239,cv,0
2026-03-26_1496806_U_3,0.14382389,cv,0
2026-03-26_1496806_U_30,0.31638858,cv,0
2026-03-26_1496806_U_31,0.19742821,cv,0
2026-03-26_1496806_U_32,0.18548673,cv,0
2026-03-26_1496806_U_4,0.13841406,cv,1
2026-03-26_1496806_U_5,0.20826778,cv,0
2026-03-26_1496806_U_6,0.1585848,cv,0
2026-03-26_1496806_U_7,0.16486111,cv,0
2026-03-26_1496806_U_8,0.26906756,cv,0
2026-03-26_1496808_U_1,0.3554977,cv,0
2026-03-26_1496808_U_10,0.30182147,cv,0
2026-03-26_1496808_U_100,0.38794598,cv,0
2026-03-26_1496808_U_101,0.35083312,cv,0
2026-03-26_1496808_U_11,0.14710367,cv,0
2026-03-26_1496808_U_14,0.13552354,cv,0
2026-03-26_1496808_U_15,0.20902362,cv,0
2026-03-26_1496808_U_16,0.1607977,cv,0
2026-03-26_1496808_U_17,0.18257642,cv,1
2026-03-26_1496808_U_18,0.23982567,cv,0
2026-03-26_1496808_U_19,0.2891352,cv,0
2026-03-26_1496808_U_2,0.47011802,cv,0
2026-03-26_1496808_U_20,0.17782943,cv,0
2026-03-26_1496808_U_23,0.24683976,cv,0
2026-03-26_1496808_U_24,0.15645765,cv,1
2026-03-26_1496808_U_26,0.30039534,cv,0
2026-03-26_1496808_U_27,0.13230473,cv,0
2026-03-26_1496808_U_28,0.195997,cv,1
2026-03-26_1496808_U_3,0.17378914,cv,0
2026-03-26_1496808_U_30,0.20332778,cv,0
2026-03-26_1496808_U_31,0.13147855,cv,1
2026-03-26_1496808_U_33,0.21358725,cv,0
2026-03-26_1496808_U_34,0.3267039,cv,0
2026-03-26_1496808_U_35,0.19073403,cv,1
2026-03-26_1496808_U_38,0.17243624,cv,0
2026-03-26_1496808_U_39,0.1661138,cv,0
2026-03-26_1496808_U_4,0.22687452,cv,0
2026-03-26_1496808_U_40,0.22904424,cv,0
2026-03-26_1496808_U_41,0.31471664,cv,0
2026-03-26_1496808_U_42,0.20151268,cv,0
2026-03-26_1496808_U_43,0.27069053,cv,0
2026-03-26_1496808_U_45,0.31910744,cv,0
2026-03-26_1496808_U_46,0.19666263,cv,0
2026-03-26_1496808_U_47,0.34203538,cv,0
2026-03-26_1496808_U_48,0.15095568,cv,1
2026-03-26_1496808_U_50,0.20009232,cv,0
2026-03-26_1496808_U_52,0.20630924,cv,0
2026-03-26_1496808_U_53,0.26895905,cv,1
2026-03-26_1496808_U_54,0.4027471,cv,1
2026-03-26_1496808_U_55,0.28174597,cv,0
2026-03-26_1496808_U_56,0.20712098,cv,1
2026-03-26_1496808_U_57,0.17305538,cv,1
2026-03-26_1496808_U_6,0.12065126,cv,1
2026-03-26_1496808_U_60,0.33524865,cv,0
2026-03-26_1496808_U_62,0.4734928,cv,0
2026-03-26_1496808_U_63,0.1818206,cv,0
2026-03-26_1496808_U_66,0.1188948,cv,0
2026-03-26_1496808_U_67,0.1457144,cv,1
2026-03-26_1496808_U_7,0.17193222,cv,0
2026-03-26_1496808_U_70,0.35045165,cv,1
2026-03-26_1496808_U_71,0.17356496,cv,0
2026-03-26_1496808_U_75,0.15124178,cv,0
2026-03-26_1496808_U_76,0.1681163,cv,0
2026-03-26_1496808_U_77,0.224096,cv,0
2026-03-26_1496808_U_78,0.33900377,cv,0
2026-03-26_1496808_U_8,0.15870422,cv,0
2026-03-26_1496808_U_80,0.12605298,cv,0
2026-03-26_1496808_U_81,0.22351788,cv,1
2026-03-26_1496808_U_82,0.22138362,cv,1
2026-03-26_1496808_U_83,0.17040782,cv,0
2026-03-26_1496808_U_85,0.14084056,cv,1
2026-03-26_1496808_U_86,0.22380409,cv,0
2026-03-26_1496808_U_88,0.11285001,cv,1
2026-03-26_1496808_U_9,0.14750868,cv,1
2026-03-26_1496808_U_90,0.13992527,cv,0
2026-03-26_1496808_U_91,0.26711464,cv,0
2026-03-26_1496808_U_94,0.2144272,cv,0
2026-03-26_1496808_U_95,0.18995307,cv,0
2026-03-26_1496808_U_96,0.2866764,cv,1
2026-03-26_1496808_U_98,0.39836133,cv,1
2026-03-26_1496811_U_1,0.26867616,cv,0
2026-03-26_1496811_U_10,0.2653318,cv,0
2026-03-26_1496811_U_11,0.29151067,cv,1
2026-03-26_1496811_U_12,0.30196816,cv,0
2026-03-26_1496811_U_13,0.18050909,cv,1
2026-03-26_1496811_U_14,0.22477162,cv,0
2026-03-26_1496811_U_15,0.25233033,cv,0
2026-03-26_1496811_U_16,0.21161346,cv,0
2026-03-26_1496811_U_18,0.30488768,cv,0
2026-03-26_1496811_U_19,0.11975055,cv,0
2026-03-26_1496811_U_2,0.43893135,cv,0
2026-03-26_1496811_U_21,0.15468627,cv,0
2026-03-26_1496811_U_23,0.21102834,cv,0
2026-03-26_1496811_U_24,0.144234,cv,0
2026-03-26_1496811_U_25,0.23780313,cv,1
2026-03-26_1496811_U_26,0.2799503,cv,0
2026-03-26_1496811_U_27,0.1579299,cv,1
2026-03-26_1496811_U_29,0.12926492,cv,0
2026-03-26_1496811_U_3,0.1647401,cv,0
2026-03-26_1496811_U_30,0.24318647,cv,0
2026-03-26_1496811_U_31,0.19288412,cv,0
2026-03-26_1496811_U_33,0.29835048,cv,1
2026-03-26_1496811_U_34,0.21350329,cv,0
2026-03-26_1496811_U_35,0.118331574,cv,1
2026-03-26_1496811_U_36,0.1627497,cv,1
2026-03-26_1496811_U_38,0.21848135,cv,0
2026-03-26_1496811_U_39,0.2048955,cv,0
2026-03-26_1496811_U_4,0.10377564,cv,1
2026-03-26_1496811_U_41,0.6635021,cv,0
2026-03-26_1496811_U_42,0.20579064,cv,0
2026-03-26_1496811_U_43,0.15243596,cv,1
2026-03-26_1496811_U_46,0.18217371,cv,1
2026-03-26_1496811_U_47,0.55702245,cv,1
2026-03-26_1496811_U_5,0.15746894,cv,1
2026-03-26_1496811_U_51,0.40724373,cv,0
2026-03-26_1496811_U_52,0.12971494,cv,0
2026-03-26_1496811_U_55,0.19484971,cv,1
2026-03-26_1496811_U_56,0.18236941,cv,0
2026-03-26_1496811_U_57,0.31602138,cv,0
2026-03-26_1496811_U_6,0.24633524,cv,0
2026-03-26_1496811_U_63,0.22582035,cv,0
2026-03-26_1496811_U_66,0.31017548,cv,0
2026-03-26_1496811_U_67,0.42285776,cv,1
2026-03-26_1496811_U_68,0.3684628,cv,0
2026-03-26_1496811_U_69,0.38485253,cv,0
2026-03-26_1496811_U_7,0.28761238,cv,0
2026-03-26_1496811_U_70,0.24919105,cv,1
2026-03-26_1496811_U_71,0.47098714,cv,0
2026-03-26_1496811_U_72,0.4497367,cv,0
2026-03-26_1496811_U_73,0.3229022,cv,0
2026-03-26_1496812_U_1,0.3126832,cv,0
2026-03-26_1496812_U_10,0.39010787,cv,0
2026-03-26_1496812_U_101,0.19546688,cv,0
2026-03-26_1496812_U_102,0.17020154,cv,0
2026-03-26_1496812_U_104,0.21352778,cv,0
2026-03-26_1496812_U_105,0.19289486,cv,0
2026-03-26_1496812_U_106,0.19408076,cv,0
2026-03-26_1496812_U_108,0.20089027,cv,0
2026-03-26_1496812_U_109,0.28762406,cv,0
2026-03-26_1496812_U_11,0.3822814,cv,0
2026-03-26_1496812_U_110,0.23607731,cv,0
2026-03-26_1496812_U_113,0.27912232,cv,0
2026-03-26_1496812_U_114,0.1284486,cv,0
2026-03-26_1496812_U_115,0.26738894,cv,0
2026-03-26_1496812_U_116,0.1432642,cv,0
2026-03-26_1496812_U_117,0.16603754,cv,1
2026-03-26_1496812_U_12,0.112258375,cv,0
2026-03-26_1496812_U_120,0.21883306,cv,0
2026-03-26_1496812_U_121,0.32027224,cv,0
2026-03-26_1496812_U_122,0.18093196,cv,0
2026-03-26_1496812_U_123,0.26378846,cv,0
2026-03-26_1496812_U_126,0.102019906,cv,0
2026-03-26_1496812_U_128,0.16984594,cv,0
2026-03-26_1496812_U_129,0.18897128,cv,0
2026-03-26_1496812_U_131,0.18108231,cv,0
2026-03-26_1496812_U_134,0.3681965,cv,0
2026-03-26_1496812_U_135,0.16170418,cv,0
2026-03-26_1496812_U_136,0.26428115,cv,0
2026-03-26_1496812_U_137,0.3303202,cv,0
2026-03-26_1496812_U_138,0.2320563,cv,0
2026-03-26_1496812_U_139,0.09292567,cv,0
2026-03-26_1496812_U_14,0.24806337,cv,0
2026-03-26_1496812_U_142,0.32428727,cv,0
2026-03-26_1496812_U_143,0.24653465,cv,0
2026-03-26_1496812_U_144,0.51845366,cv,1
2026-03-26_1496812_U_145,0.13583615,cv,1
2026-03-26_1496812_U_146,0.20326392,cv,0
2026-03-26_1496812_U_147,0.21279576,cv,0
2026-03-26_1496812_U_149,0.16880357,cv,0
2026-03-26_1496812_U_15,0.12832092,cv,0
2026-03-26_1496812_U_153,0.17802674,cv,0
2026-03-26_1496812_U_154,0.46417397,cv,0
2026-03-26_1496812_U_155,0.2917189,cv,0
2026-03-26_1496812_U_156,0.3035817,cv,0
2026-03-26_1496812_U_157,0.22650808,cv,0
2026-03-26_1496812_U_158,0.23525801,cv,0
2026-03-26_1496812_U_159,0.33902538,cv,0
2026-03-26_1496812_U_160,0.27355656,cv,0
2026-03-26_1496812_U_19,0.21650341,cv,0
2026-03-26_1496812_U_2,0.37725133,cv,0
2026-03-26_1496812_U_20,0.3984645,cv,0
2026-03-26_1496812_U_21,0.2745904,cv,1
2026-03-26_1496812_U_23,0.23227656,cv,0
2026-03-26_1496812_U_26,0.16773641,cv,0
2026-03-26_1496812_U_29,0.17321867,cv,1
2026-03-26_1496812_U_30,0.3857871,cv,0
2026-03-26_1496812_U_31,0.15671767,cv,0
2026-03-26_1496812_U_33,0.28543404,cv,0
2026-03-26_1496812_U_34,0.25749153,cv,0
2026-03-26_1496812_U_35,0.15155423,cv,0
2026-03-26_1496812_U_36,0.1258199,cv,0
2026-03-26_1496812_U_37,0.22448733,cv,0
2026-03-26_1496812_U_40,0.27551335,cv,0
2026-03-26_1496812_U_42,0.23554997,cv,0
2026-03-26_1496812_U_44,0.12231606,cv,0
2026-03-26_1496812_U_45,0.14322299,cv,0
2026-03-26_1496812_U_5,0.2489702,cv,0
2026-03-26_1496812_U_50,0.37061104,cv,0
2026-03-26_1496812_U_51,0.30496198,cv,0
2026-03-26_1496812_U_53,0.11066093,cv,0
2026-03-26_1496812_U_54,0.20530364,cv,1
2026-03-26_1496812_U_55,0.18208548,cv,1
2026-03-26_1496812_U_56,0.21866882,cv,1
2026-03-26_1496812_U_57,0.17975245,cv,0
2026-03-26_1496812_U_6,0.29078075,cv,0
2026-03-26_1496812_U_60,0.32834467,cv,0
2026-03-26_1496812_U_61,0.12320416,cv,0
2026-03-26_1496812_U_63,0.1894424,cv,0
2026-03-26_1496812_U_65,0.17353487,cv,0
2026-03-26_1496812_U_66,0.17138354,cv,0
2026-03-26_1496812_U_67,0.19755141,cv,0
2026-03-26_1496812_U_68,0.22575867,cv,0
2026-03-26_1496812_U_69,0.24407576,cv,0
2026-03-26_1496812_U_70,0.23066792,cv,0
2026-03-26_1496812_U_71,0.2253178,cv,0
2026-03-26_1496812_U_75,0.28766063,cv,0
2026-03-26_1496812_U_76,0.10835223,cv,0
2026-03-26_1496812_U_77,0.17867622,cv,0
2026-03-26_1496812_U_78,0.12595,cv,0
2026-03-26_1496812_U_79,0.14527117,cv,1
2026-03-26_1496812_U_80,0.19424169,cv,1
2026-03-26_1496812_U_82,0.12809238,cv,1
2026-03-26_1496812_U_83,0.10988279,cv,1
2026-03-26_1496812_U_84,0.24967471,cv,0
2026-03-26_1496812_U_85,0.2511268,cv,0
2026-03-26_1496812_U_87,0.2700523,cv,0
2026-03-26_1496812_U_88,0.24423638,cv,0
2026-03-26_1496812_U_89,0.18066773,cv,0
2026-03-26_1496812_U_90,0.28435427,cv,0
2026-03-26_1496812_U_91,0.13438645,cv,1
2026-03-26_1496812_U_92,0.14789629,cv,0
2026-03-26_1496812_U_95,0.14369784,cv,0
2026-03-26_1496812_U_97,0.25592014,cv,0
2026-03-26_1496812_U_98,0.22296798,cv,0
2026-03-26_1496812_U_99,0.13095163,cv,0
2026-03-26_1496820_U_1,0.1637213,cv,0
2026-03-26_1496820_U_10,0.17942086,cv,0
2026-03-26_1496820_U_2,0.14702985,cv,1
2026-03-26_1496820_U_3,0.29537767,cv,0
2026-03-26_1496820_U_4,0.25726777,cv,0
2026-03-26_1496820_U_5,0.2564983,cv,0
2026-03-26_1496820_U_6,0.1656351,cv,0
2026-03-26_1496820_U_7,0.16059512,cv,0
2026-03-26_1496820_U_8,0.17006579,cv,0
2026-03-26_1496820_U_9,0.14162692,cv,0
2026-03-26_1497250_U_1,0.21144311,cv,0
2026-03-26_1497250_U_10,0.31413415,cv,0
2026-03-26_1497250_U_11,0.22430891,cv,0
2026-03-26_1497250_U_12,0.10955213,cv,0
2026-03-26_1497250_U_13,0.21893838,cv,0
2026-03-26_1497250_U_15,0.14571281,cv,0
2026-03-26_1497250_U_16,0.09580391,cv,0
2026-03-26_1497250_U_17,0.14748448,cv,0
2026-03-26_1497250_U_18,1.7330526,cv,0
2026-03-26_1497250_U_21,0.11933192,cv,0
2026-03-26_1497250_U_22,0.120930046,cv,0
2026-03-26_1497250_U_23,0.29149163,cv,1
2026-03-26_1497250_U_27,0.10004504,cv,0
2026-03-26_1497250_U_28,0.1243126,cv,0
2026-03-26_1497250_U_30,0.14220244,cv,0
2026-03-26_1497250_U_33,0.11861238,cv,0
2026-03-26_1497250_U_34,0.12910956,cv,0
2026-03-26_1497250_U_35,0.10089201,cv,0
2026-03-26_1497250_U_36,0.098127365,cv,0
2026-03-26_1497250_U_37,0.27701265,cv,1
2026-03-26_1497250_U_39,0.06583539,cv,0
2026-03-26_1497250_U_4,0.27946606,cv,0
2026-03-26_1497250_U_40,0.110825166,cv,0
2026-03-26_1497250_U_42,0.09098078,cv,0
2026-03-26_1497250_U_43,3.2336118,cv,0
2026-03-26_1497250_U_44,0.11545854,cv,0
2026-03-26_1497250_U_45,4.047035,cv,0
2026-03-26_1497250_U_46,0.10982078,cv,0
2026-03-26_1497250_U_47,0.20027077,cv,0
2026-03-26_1497250_U_48,0.096416704,cv,0
2026-03-26_1497250_U_49,0.1997156,cv,0
2026-03-26_1497250_U_5,0.1853244,cv,0
2026-03-26_1497250_U_6,0.13665763,cv,0
2026-03-26_1497250_U_8,0.09236457,cv,0
2026-03-26_1497250_U_9,0.1059365,cv,0
2026-03-26_1497251_U_1,0.64159817,cv,0
2026-03-26_1497251_U_10,0.7075194,cv,0
2026-03-26_1497251_U_12,0.48092788,cv,0
2026-03-26_1497251_U_13,0.4559134,cv,0
2026-03-26_1497251_U_14,0.5471946,cv,0
2026-03-26_1497251_U_15,0.39047372,cv,0
2026-03-26_1497251_U_16,0.6707718,cv,0
2026-03-26_1497251_U_18,0.47529504,cv,0
2026-03-26_1497251_U_19,0.46971917,cv,0
2026-03-26_1497251_U_2,0.7063221,cv,0
2026-03-26_1497251_U_20,0.43672094,cv,0
2026-03-26_1497251_U_21,0.37399048,cv,0
2026-03-26_1497251_U_22,0.71141446,cv,0
2026-03-26_1497251_U_23,0.61524266,cv,0
2026-03-26_1497251_U_25,0.42374536,cv,0
2026-03-26_1497251_U_26,0.6520538,cv,0
2026-03-26_1497251_U_27,0.5041329,cv,0
2026-03-26_1497251_U_28,0.46763024,cv,0
2026-03-26_1497251_U_29,0.6084753,cv,1
2026-03-26_1497251_U_3,0.6328797,cv,0
2026-03-26_1497251_U_30,0.70324725,cv,1
2026-03-26_1497251_U_33,0.41083154,cv,0
2026-03-26_1497251_U_35,0.51811093,cv,0
2026-03-26_1497251_U_36,0.38239238,cv,1
2026-03-26_1497251_U_37,0.6812898,cv,0
2026-03-26_1497251_U_38,0.58633447,cv,0
2026-03-26_1497251_U_39,0.60297894,cv,0
2026-03-26_1497251_U_4,0.6704532,cv,0
2026-03-26_1497251_U_40,0.69187343,cv,0
2026-03-26_1497251_U_41,0.7063091,cv,0
2026-03-26_1497251_U_42,0.50935876,cv,0
2026-03-26_1497251_U_43,0.43534157,cv,0
2026-03-26_1497251_U_44,0.629374,cv,0
2026-03-26_1497251_U_45,0.5433814,cv,0
2026-03-26_1497251_U_46,0.30735773,cv,0
2026-03-26_1497251_U_47,0.30262592,cv,0
2026-03-26_1497251_U_48,0.5190783,cv,1
2026-03-26_1497251_U_49,0.5882472,cv,1
2026-03-26_1497251_U_5,0.39607424,cv,1
2026-03-26_1497251_U_51,0.7274625,cv,0
2026-03-26_1497251_U_52,0.5042719,cv,0
2026-03-26_1497251_U_54,0.3175231,cv,0
2026-03-26_1497251_U_55,0.40107474,cv,1
2026-03-26_1497251_U_57,0.44382355,cv,0
2026-03-26_1497251_U_58,0.3415439,cv,0
2026-03-26_1497251_U_59,0.317965,cv,0
2026-03-26_1497251_U_6,0.41946888,cv,0
2026-03-26_1497251_U_60,0.39350566,cv,0
2026-03-26_1497251_U_61,0.6360446,cv,0
2026-03-26_1497251_U_64,0.417924,cv,1
2026-03-26_1497251_U_65,0.8976826,cv,1
2026-03-26_1497251_U_67,0.5934112,cv,0
2026-03-26_1497251_U_68,0.4281487,cv,0
2026-03-26_1497251_U_70,0.6753263,cv,0
2026-03-26_1497251_U_71,0.58647025,cv,0
2026-03-26_1497251_U_72,0.6517197,cv,1
2026-03-26_1497251_U_73,0.122749865,cv,0
2026-03-26_1497251_U_75,1.3388503,cv,0
2026-03-26_1497251_U_9,0.5193096,cv,0
2026-03-26_1497252_U_1,0.3642126,cv,1
2026-03-26_1497252_U_10,0.67928,cv,0
2026-03-26_1497252_U_11,0.44249862,cv,0
2026-03-26_1497252_U_12,0.68463075,cv,0
2026-03-26_1497252_U_2,0.77366704,cv,1
2026-03-26_1497252_U_21,0.48420784,cv,0
2026-03-26_1497252_U_27,0.6942973,cv,1
2026-03-26_1497252_U_28,0.71586746,cv,0
2026-03-26_1497252_U_29,0.67773056,cv,1
2026-03-26_1497252_U_3,0.65288705,cv,0
2026-03-26_1497252_U_32,0.71271604,cv,0
2026-03-26_1497252_U_36,0.6263141,cv,1
2026-03-26_1497252_U_38,0.5963658,cv,1
2026-03-26_1497252_U_39,0.7467632,cv,1
2026-03-26_1497252_U_4,0.7322726,cv,0
2026-03-26_1497252_U_40,0.56908596,cv,0
2026-03-26_1497252_U_41,0.4863056,cv,0
2026-03-26_1497252_U_42,0.62969446,cv,0
2026-03-26_1497252_U_43,0.33049586,cv,1
2026-03-26_1497252_U_44,0.5620013,cv,1
2026-03-26_1497252_U_45,0.49959636,cv,1
2026-03-26_1497252_U_46,0.78519076,cv,0
2026-03-26_1497252_U_47,1.0284655,cv,1
2026-03-26_1497252_U_5,0.67997926,cv,0
2026-03-26_1497252_U_50,0.96949553,cv,0
2026-03-26_1497252_U_51,1.485422,cv,1
2026-03-26_1497252_U_52,0.5042812,cv,0
2026-03-26_1497252_U_56,0.5104089,cv,1
2026-03-26_1497252_U_59,0.64914376,cv,0
2026-03-26_1497252_U_6,0.6176256,cv,0
2026-03-26_1497252_U_60,1.0745295,cv,1
2026-03-26_1497252_U_62,0.40009588,cv,0
2026-03-26_1497252_U_63,0.45530444,cv,0
2026-03-26_1497252_U_66,0.4424472,cv,1
2026-03-26_1497252_U_69,0.45890865,cv,0
2026-03-26_1497252_U_7,0.4205247,cv,0
2026-03-26_1497252_U_71,0.44929338,cv,0
2026-03-26_1497252_U_72,0.22238967,cv,1
2026-03-26_1497252_U_74,0.3850325,cv,1
2026-03-26_1497252_U_75,0.46174592,cv,1
2026-03-26_1497252_U_77,0.5188631,cv,1
2026-03-26_1497252_U_78,0.3327392,cv,1
2026-03-26_1497252_U_79,0.6277617,cv,1
2026-03-26_1497252_U_8,0.5592804,cv,1
2026-03-26_1497252_U_80,0.54353935,cv,1
2026-03-26_1497252_U_9,0.59766865,cv,0
2026-03-26_1497253_U_1,0.5009832,cv,0
2026-03-26_1497253_U_10,0.6951059,cv,0
2026-03-26_1497253_U_100,0.7466387,cv,0
2026-03-26_1497253_U_11,0.4794374,cv,0
2026-03-26_1497253_U_13,0.64088,cv,0
2026-03-26_1497253_U_14,0.658152,cv,0
2026-03-26_1497253_U_15,0.5716758,cv,0
2026-03-26_1497253_U_16,0.32466456,cv,0
2026-03-26_1497253_U_19,0.66529465,cv,0
2026-03-26_1497253_U_2,0.7137715,cv,0
2026-03-26_1497253_U_21,0.55807877,cv,0
2026-03-26_1497253_U_22,0.53239065,cv,1
2026-03-26_1497253_U_25,0.8194704,cv,0
2026-03-26_1497253_U_27,0.70181036,cv,0
2026-03-26_1497253_U_28,0.40884376,cv,1
2026-03-26_1497253_U_31,0.6269311,cv,0
2026-03-26_1497253_U_33,0.27710208,cv,0
2026-03-26_1497253_U_34,0.36165828,cv,1
2026-03-26_1497253_U_38,0.3988684,cv,0
2026-03-26_1497253_U_39,0.5715567,cv,0
2026-03-26_1497253_U_40,0.58737504,cv,0
2026-03-26_1497253_U_41,0.5839926,cv,0
2026-03-26_1497253_U_43,0.31623384,cv,1
2026-03-26_1497253_U_45,0.53281283,cv,1
2026-03-26_1497253_U_47,0.6346675,cv,0
2026-03-26_1497253_U_48,0.51448995,cv,0
2026-03-26_1497253_U_50,0.5282472,cv,0
2026-03-26_1497253_U_52,0.8218753,cv,0
2026-03-26_1497253_U_53,0.6555873,cv,0
2026-03-26_1497253_U_54,0.8512261,cv,0
2026-03-26_1497253_U_55,0.65577555,cv,0
2026-03-26_1497253_U_57,0.4672149,cv,1
2026-03-26_1497253_U_58,0.44060498,cv,0
2026-03-26_1497253_U_6,0.19274715,cv,1
2026-03-26_1497253_U_60,0.6700882,cv,0
2026-03-26_1497253_U_61,0.84815377,cv,0
2026-03-26_1497253_U_62,0.63124084,cv,1
2026-03-26_1497253_U_63,1.1253626,cv,0
2026-03-26_1497253_U_64,0.502814,cv,0
2026-03-26_1497253_U_66,0.6870495,cv,0
2026-03-26_1497253_U_67,0.47993752,cv,1
2026-03-26_1497253_U_68,0.5943857,cv,0
2026-03-26_1497253_U_69,0.64399934,cv,0
2026-03-26_1497253_U_7,0.7785206,cv,0
2026-03-26_1497253_U_70,0.493164,cv,0
2026-03-26_1497253_U_71,0.7010569,cv,0
2026-03-26_1497253_U_73,0.650612,cv,1
2026-03-26_1497253_U_74,0.6582241,cv,0
2026-03-26_1497253_U_79,0.24259993,cv,1
2026-03-26_1497253_U_80,0.5290766,cv,0
2026-03-26_1497253_U_81,0.55829847,cv,0
2026-03-26_1497253_U_83,0.51735705,cv,1
2026-03-26_1497253_U_85,0.3381338,cv,0
2026-03-26_1497253_U_86,0.6369709,cv,1
2026-03-26_1497253_U_9,0.7704505,cv,0
2026-03-26_1497253_U_90,0.27330834,cv,0
2026-03-26_1497253_U_93,0.5248904,cv,0
2026-03-26_1497253_U_95,0.69696224,cv,1
2026-03-26_1497253_U_97,0.1838398,cv,1
2026-03-26_1497253_U_98,0.8532399,cv,0
2026-03-26_1497253_U_99,0.670197,cv,0
2026-03-26_1497255_U_1,0.44265065,cv,0
2026-03-26_1497255_U_10,0.21159789,cv,0
2026-03-26_1497255_U_100,0.23360541,cv,0
2026-03-26_1497255_U_101,0.45440984,cv,0
2026-03-26_1497255_U_102,0.5622226,cv,0
2026-03-26_1497255_U_103,0.3395122,cv,0
2026-03-26_1497255_U_104,0.23860505,cv,0
2026-03-26_1497255_U_105,0.30508107,cv,0
2026-03-26_1497255_U_106,0.5432991,cv,0
2026-03-26_1497255_U_107,0.15907863,cv,0
2026-03-26_1497255_U_108,0.30047423,cv,0
2026-03-26_1497255_U_109,0.29004157,cv,0
2026-03-26_1497255_U_11,0.37430233,cv,0
2026-03-26_1497255_U_110,0.29298025,cv,0
2026-03-26_1497255_U_112,0.8900525,cv,0
2026-03-26_1497255_U_113,0.34604543,cv,0
2026-03-26_1497255_U_114,0.19864434,cv,1
2026-03-26_1497255_U_117,0.39138913,cv,1
2026-03-26_1497255_U_119,0.32789993,cv,0
2026-03-26_1497255_U_12,0.36191893,cv,0
2026-03-26_1497255_U_120,0.5003574,cv,1
2026-03-26_1497255_U_121,0.45011377,cv,1
2026-03-26_1497255_U_122,0.8645078,cv,1
2026-03-26_1497255_U_123,0.63889354,cv,0
2026-03-26_1497255_U_124,0.2144011,cv,0
2026-03-26_1497255_U_125,0.14779429,cv,0
2026-03-26_1497255_U_126,0.16410719,cv,1
2026-03-26_1497255_U_127,0.37010217,cv,0
2026-03-26_1497255_U_128,0.264773,cv,1
2026-03-26_1497255_U_129,0.4176998,cv,1
2026-03-26_1497255_U_13,0.293267,cv,0
2026-03-26_1497255_U_130,0.3979113,cv,0
2026-03-26_1497255_U_131,0.15202942,cv,0
2026-03-26_1497255_U_132,0.22668642,cv,1
2026-03-26_1497255_U_133,0.25153893,cv,0
2026-03-26_1497255_U_134,0.16296318,cv,0
2026-03-26_1497255_U_135,0.15004222,cv,0
2026-03-26_1497255_U_136,0.15983479,cv,0
2026-03-26_1497255_U_137,0.16991821,cv,0
2026-03-26_1497255_U_139,0.20180814,cv,0
2026-03-26_1497255_U_14,0.2041233,cv,0
2026-03-26_1497255_U_141,0.24013853,cv,0
2026-03-26_1497255_U_142,0.2321801,cv,1
2026-03-26_1497255_U_144,0.2527749,cv,0
2026-03-26_1497255_U_145,0.22717878,cv,0
2026-03-26_1497255_U_146,0.36095762,cv,1
2026-03-26_1497255_U_147,0.24763352,cv,1
2026-03-26_1497255_U_15,0.25368145,cv,1
2026-03-26_1497255_U_17,0.31627098,cv,1
2026-03-26_1497255_U_18,0.26414925,cv,1
2026-03-26_1497255_U_19,0.20760314,cv,0
2026-03-26_1497255_U_2,0.26141304,cv,0
2026-03-26_1497255_U_20,0.19820035,cv,0
2026-03-26_1497255_U_21,0.23281655,cv,0
2026-03-26_1497255_U_23,0.60144305,cv,0
2026-03-26_1497255_U_24,0.8177639,cv,0
2026-03-26_1497255_U_25,0.22324656,cv,0
2026-03-26_1497255_U_26,0.26397032,cv,0
2026-03-26_1497255_U_27,0.3203918,cv,0
2026-03-26_1497255_U_28,0.3643095,cv,1
2026-03-26_1497255_U_29,0.22186673,cv,0
2026-03-26_1497255_U_3,0.20756194,cv,0
2026-03-26_1497255_U_30,0.27267244,cv,0
2026-03-26_1497255_U_31,0.30205345,cv,0
2026-03-26_1497255_U_32,0.21017514,cv,0
2026-03-26_1497255_U_33,0.2872205,cv,0
2026-03-26_1497255_U_34,0.28214717,cv,0
2026-03-26_1497255_U_35,0.21281847,cv,0
2026-03-26_1497255_U_37,0.23306805,cv,0
2026-03-26_1497255_U_38,0.22344741,cv,0
2026-03-26_1497255_U_39,0.19372146,cv,0
2026-03-26_1497255_U_4,0.1671868,cv,0
2026-03-26_1497255_U_40,0.21373662,cv,0
2026-03-26_1497255_U_41,0.24695405,cv,0
2026-03-26_1497255_U_42,0.29896593,cv,0
2026-03-26_1497255_U_43,0.24799424,cv,1
2026-03-26_1497255_U_44,0.48045033,cv,0
2026-03-26_1497255_U_45,0.30788395,cv,0
2026-03-26_1497255_U_46,0.15609041,cv,0
2026-03-26_1497255_U_48,0.23547995,cv,0
2026-03-26_1497255_U_49,0.17739718,cv,1
2026-03-26_1497255_U_50,0.22135279,cv,1
2026-03-26_1497255_U_51,0.1697036,cv,0
2026-03-26_1497255_U_52,0.16941921,cv,0
2026-03-26_1497255_U_53,0.1620917,cv,0
2026-03-26_1497255_U_54,0.3543721,cv,0
2026-03-26_1497255_U_55,0.37617823,cv,0
2026-03-26_1497255_U_56,0.19626328,cv,0
2026-03-26_1497255_U_6,0.15821247,cv,1
2026-03-26_1497255_U_60,0.14026742,cv,0
2026-03-26_1497255_U_62,0.13916746,cv,0
2026-03-26_1497255_U_64,0.25034904,cv,0
2026-03-26_1497255_U_65,0.36860907,cv,0
2026-03-26_1497255_U_66,0.33617076,cv,0
2026-03-26_1497255_U_67,0.20599261,cv,0
2026-03-26_1497255_U_71,0.2528729,cv,1
2026-03-26_1497255_U_72,0.17406356,cv,0
2026-03-26_1497255_U_73,0.18942657,cv,0
2026-03-26_1497255_U_74,0.20337623,cv,0
2026-03-26_1497255_U_75,0.5161619,cv,0
2026-03-26_1497255_U_76,0.42364633,cv,0
2026-03-26_1497255_U_77,0.2889863,cv,0
2026-03-26_1497255_U_78,0.1810028,cv,0
2026-03-26_1497255_U_79,0.18509322,cv,1
2026-03-26_1497255_U_8,0.22330074,cv,0
2026-03-26_1497255_U_80,0.15939268,cv,1
2026-03-26_1497255_U_82,0.19880407,cv,1
2026-03-26_1497255_U_88,0.32891944,cv,0
2026-03-26_1497255_U_89,0.25730008,cv,1
2026-03-26_1497255_U_9,0.256966,cv,0
2026-03-26_1497255_U_91,0.27791935,cv,0
2026-03-26_1497255_U_92,0.25717184,cv,0
2026-03-26_1497255_U_93,0.21698742,cv,0
2026-03-26_1497255_U_94,0.3217615,cv,0
2026-03-26_1497255_U_95,0.51430607,cv,1
2026-03-26_1497255_U_96,0.16915616,cv,0
2026-03-26_1497255_U_98,0.2697303,cv,1
2026-03-26_1497256_U_1,0.29773796,cv,0
2026-03-26_1497256_U_10,0.21302089,cv,0
2026-03-26_1497256_U_11,0.20741938,cv,0
2026-03-26_1497256_U_12,0.18589506,cv,0
2026-03-26_1497256_U_13,0.35199505,cv,0
2026-03-26_1497256_U_14,0.18232541,cv,0
2026-03-26_1497256_U_15,0.19079903,cv,0
2026-03-26_1497256_U_16,0.20165125,cv,0
2026-03-26_1497256_U_17,0.233792,cv,1
2026-03-26_1497256_U_18,0.24574463,cv,0
2026-03-26_1497256_U_2,0.19235411,cv,0
2026-03-26_1497256_U_20,0.23242615,cv,0
2026-03-26_1497256_U_21,0.17832401,cv,0
2026-03-26_1497256_U_22,0.20123808,cv,0
2026-03-26_1497256_U_23,0.20628652,cv,1
2026-03-26_1497256_U_24,0.22372341,cv,0
2026-03-26_1497256_U_25,0.1686611,cv,0
2026-03-26_1497256_U_26,0.35476822,cv,0
2026-03-26_1497256_U_27,0.1894201,cv,0
2026-03-26_1497256_U_28,0.23443198,cv,0
2026-03-26_1497256_U_29,0.3961287,cv,0
2026-03-26_1497256_U_30,0.21709836,cv,1
2026-03-26_1497256_U_33,0.3508076,cv,0
2026-03-26_1497256_U_34,0.19384138,cv,0
2026-03-26_1497256_U_36,0.19441885,cv,0
2026-03-26_1497256_U_37,0.54515916,cv,0
2026-03-26_1497256_U_38,0.20827858,cv,0
2026-03-26_1497256_U_4,0.1929897,cv,0
2026-03-26_1497256_U_40,0.2446315,cv,0
2026-03-26_1497256_U_41,0.27475795,cv,0
2026-03-26_1497256_U_42,0.318182,cv,0
2026-03-26_1497256_U_44,0.2740875,cv,0
2026-03-26_1497256_U_45,0.14879456,cv,0
2026-03-26_1497256_U_46,0.25935575,cv,0
2026-03-26_1497256_U_5,0.15270601,cv,0
2026-03-26_1497256_U_51,0.38657588,cv,0
2026-03-26_1497256_U_52,0.35336503,cv,0
2026-03-26_1497256_U_54,0.21344465,cv,0
2026-03-26_1497256_U_55,0.31931815,cv,0
2026-03-26_1497256_U_56,0.4682321,cv,0
2026-03-26_1497256_U_57,0.22978036,cv,1
2026-03-26_1497256_U_59,0.32346937,cv,1
2026-03-26_1497256_U_6,0.19202256,cv,0
2026-03-26_1497256_U_60,0.3864903,cv,0
2026-03-26_1497256_U_61,0.22118822,cv,0
2026-03-26_1497256_U_62,0.46036738,cv,0
2026-03-26_1497256_U_63,0.19851443,cv,1
2026-03-26_1497256_U_64,0.43329734,cv,0
2026-03-26_1497256_U_65,0.25819063,cv,1
2026-03-26_1497256_U_66,0.30007288,cv,0
2026-03-26_1497256_U_67,0.19936642,cv,0
2026-03-26_1497256_U_68,0.2488411,cv,0
2026-03-26_1497256_U_69,0.21725932,cv,0
2026-03-26_1497256_U_7,0.35428917,cv,0
2026-03-26_1497256_U_71,0.39372098,cv,1
2026-03-26_1497256_U_72,0.27962,cv,0
2026-03-26_1497256_U_74,0.16848116,cv,0
2026-03-26_1497256_U_75,0.23995146,cv,0
2026-03-26_1497256_U_76,0.25879914,cv,0
2026-03-26_1497256_U_77,0.2104348,cv,0
2026-03-26_1497256_U_78,0.19494693,cv,0
2026-03-26_1497256_U_79,0.26622263,cv,0
2026-03-26_1497256_U_8,0.25918528,cv,0
2026-03-26_1497256_U_81,0.23529409,cv,1
2026-03-26_1497256_U_83,0.22766984,cv,0
2026-03-26_1497256_U_84,0.18488102,cv,0
2026-03-26_1497256_U_85,0.2437168,cv,0
2026-03-26_1497256_U_87,0.30129462,cv,1
2026-03-26_1497256_U_89,0.15989558,cv,1
2026-03-26_1497256_U_9,0.24955702,cv,0
2026-03-26_1497256_U_90,0.22601049,cv,1
2026-03-26_1497256_U_91,0.27309665,cv,0
2026-03-26_1497256_U_93,0.18145594,cv,0
2026-03-26_1497256_U_95,0.3682506,cv,0
2026-03-26_1497256_U_96,0.2842387,cv,1
2026-03-27_1348037_U_1,0.66862166,cv,0
2026-03-27_1348037_U_10,0.43748128,cv,1
2026-03-27_1348037_U_11,0.5960159,cv,0
2026-03-27_1348037_U_12,0.1909871,cv,1
2026-03-27_1348037_U_14,0.33533502,cv,0
2026-03-27_1348037_U_15,0.92101336,cv,0
2026-03-27_1348037_U_17,0.49187076,cv,0
2026-03-27_1348037_U_18,0.4478519,cv,0
2026-03-27_1348037_U_19,0.33258033,cv,0
2026-03-27_1348037_U_2,0.31562254,cv,0
2026-03-27_1348037_U_20,0.1199071,cv,1
2026-03-27_1348037_U_22,0.3870085,cv,0
2026-03-27_1348037_U_23,0.2975242,cv,0
2026-03-27_1348037_U_24,0.38390526,cv,0
2026-03-27_1348037_U_25,0.24357432,cv,1
2026-03-27_1348037_U_26,0.21383457,cv,1
2026-03-27_1348037_U_27,0.43891656,cv,0
2026-03-27_1348037_U_28,0.24375612,cv,0
2026-03-27_1348037_U_3,0.4042005,cv,0
2026-03-27_1348037_U_31,0.5318371,cv,0
2026-03-27_1348037_U_35,0.19980489,cv,0
2026-03-27_1348037_U_37,0.39006492,cv,0
2026-03-27_1348037_U_38,0.30507344,cv,0
2026-03-27_1348037_U_4,0.24546199,cv,0
2026-03-27_1348037_U_40,0.3016144,cv,0
2026-03-27_1348037_U_41,0.38097817,cv,0
2026-03-27_1348037_U_42,0.39541313,cv,0
2026-03-27_1348037_U_43,0.29132003,cv,0
2026-03-27_1348037_U_46,0.2561968,cv,0
2026-03-27_1348037_U_47,0.2619863,cv,0
2026-03-27_1348037_U_48,0.8783374,cv,0
2026-03-27_1348037_U_49,0.5347625,cv,0
2026-03-27_1348037_U_5,0.29742187,cv,0
2026-03-27_1348037_U_50,0.4658761,cv,0
2026-03-27_1348037_U_52,0.3159008,cv,0
2026-03-27_1348037_U_7,0.40824363,cv,1
2026-03-27_1348037_U_8,0.3259497,cv,0
2026-03-27_1348037_U_9,0.31708455,cv,0
2026-03-27_1349260_U_1,0.801336,cv,0
2026-03-27_1349260_U_11,0.3196784,cv,1
2026-03-27_1349260_U_12,1.1376394,cv,1
2026-03-27_1349260_U_13,0.822937,cv,0
2026-03-27_1349260_U_14,1.0773461,cv,0
2026-03-27_1349260_U_15,1.366844,cv,1
2026-03-27_1349260_U_16,0.8537542,cv,1
2026-03-27_1349260_U_19,0.14281677,cv,0
2026-03-27_1349260_U_2,1.1678894,cv,0
2026-03-27_1349260_U_20,0.12871234,cv,0
2026-03-27_1349260_U_21,0.13923883,cv,0
2026-03-27_1349260_U_22,0.16618958,cv,0
2026-03-27_1349260_U_24,0.16655804,cv,0
2026-03-27_1349260_U_25,0.093978755,cv,0
2026-03-27_1349260_U_26,0.2065212,cv,0
2026-03-27_1349260_U_28,1.076592,cv,0
2026-03-27_1349260_U_29,0.9336454,cv,0
2026-03-27_1349260_U_3,0.15742302,cv,1
2026-03-27_1349260_U_31,0.19429687,cv,0
2026-03-27_1349260_U_32,0.20901076,cv,0
2026-03-27_1349260_U_33,0.43985814,cv,0
2026-03-27_1349260_U_34,0.26724595,cv,0
2026-03-27_1349260_U_35,0.39547917,cv,1
2026-03-27_1349260_U_36,1.4571636,cv,0
2026-03-27_1349260_U_4,0.53511137,cv,0
2026-03-27_1349260_U_5,1.111405,cv,1
2026-03-27_1349260_U_7,0.8264433,cv,0
2026-03-27_1349260_U_8,0.35624,cv,1
2026-03-27_1349260_U_9,0.27598304,cv,1
2026-03-27_1359254_U_1,0.30298138,cv,0
2026-03-27_1359254_U_10,0.4183156,cv,0
2026-03-27_1359254_U_11,0.38119227,cv,0
2026-03-27_1359254_U_12,0.39876992,cv,0
2026-03-27_1359254_U_13,0.14890328,cv,0
2026-03-27_1359254_U_14,0.14798692,cv,0
2026-03-27_1359254_U_15,0.17350718,cv,0
2026-03-27_1359254_U_16,0.19393504,cv,0
2026-03-27_1359254_U_17,0.27041134,cv,0
2026-03-27_1359254_U_18,0.25457337,cv,0
2026-03-27_1359254_U_19,0.106863424,cv,1
2026-03-27_1359254_U_2,0.24683535,cv,0
2026-03-27_1359254_U_20,0.1758719,cv,0
2026-03-27_1359254_U_21,0.20418692,cv,0
2026-03-27_1359254_U_22,0.22472797,cv,0
2026-03-27_1359254_U_23,0.18007533,cv,0
2026-03-27_1359254_U_24,0.33496413,cv,0
2026-03-27_1359254_U_25,0.3982364,cv,0
2026-03-27_1359254_U_26,0.29189298,cv,0
2026-03-27_1359254_U_28,0.18801032,cv,0
2026-03-27_1359254_U_29,0.2884993,cv,0
2026-03-27_1359254_U_3,0.14777695,cv,0
2026-03-27_1359254_U_30,0.13096786,cv,0
2026-03-27_1359254_U_31,0.1926271,cv,1
2026-03-27_1359254_U_32,0.18674242,cv,0
2026-03-27_1359254_U_33,0.15828751,cv,0
2026-03-27_1359254_U_34,0.13141368,cv,0
2026-03-27_1359254_U_35,0.2891248,cv,0
2026-03-27_1359254_U_36,0.20744656,cv,0
2026-03-27_1359254_U_37,0.10611865,cv,0
2026-03-27_1359254_U_38,0.24457912,cv,0
2026-03-27_1359254_U_39,0.21471563,cv,0
2026-03-27_1359254_U_4,0.2019138,cv,0
2026-03-27_1359254_U_40,0.15383475,cv,0
2026-03-27_1359254_U_41,0.16676006,cv,0
2026-03-27_1359254_U_42,0.20498607,cv,1
2026-03-27_1359254_U_43,0.1401023,cv,0
2026-03-27_1359254_U_44,0.28814417,cv,0
2026-03-27_1359254_U_46,0.12460962,cv,1
2026-03-27_1359254_U_49,0.21417242,cv,0
2026-03-27_1359254_U_5,0.14518285,cv,0
2026-03-27_1359254_U_6,0.13747212,cv,0
2026-03-27_1359254_U_7,0.27833045,cv,0
2026-03-27_1359254_U_76,0.36157495,cv,0
2026-03-27_1359254_U_8,0.32086983,cv,0
2026-03-27_1359254_U_9,0.5017401,cv,1
2026-03-27_1390072_U_1,0.18758234,cv,0
2026-03-27_1390072_U_10,0.17811756,cv,0
2026-03-27_1390072_U_11,0.18905756,cv,0
2026-03-27_1390072_U_12,0.23009697,cv,0
2026-03-27_1390072_U_13,0.307608,cv,0
2026-03-27_1390072_U_14,0.2572206,cv,1
2026-03-27_1390072_U_16,0.2728271,cv,0
2026-03-27_1390072_U_17,0.19537333,cv,1
2026-03-27_1390072_U_2,0.28611657,cv,0
2026-03-27_1390072_U_20,0.13886252,cv,0
2026-03-27_1390072_U_22,0.38902313,cv,0
2026-03-27_1390072_U_23,0.17046443,cv,1
2026-03-27_1390072_U_24,0.15731001,cv,1
2026-03-27_1390072_U_25,0.15335272,cv,0
2026-03-27_1390072_U_26,0.17758873,cv,0
2026-03-27_1390072_U_27,0.51200545,cv,0
2026-03-27_1390072_U_28,0.36147732,cv,1
2026-03-27_1390072_U_3,0.28159195,cv,0
2026-03-27_1390072_U_5,0.29426044,cv,0
2026-03-27_1390072_U_6,0.2316808,cv,1
2026-03-27_1390072_U_7,0.3118064,cv,0
2026-03-27_1390072_U_8,0.21909587,cv,1
2026-03-27_1390072_U_9,0.18192276,cv,1
2026-03-27_1407494_U_1,0.25792286,cv,0
2026-03-27_1407494_U_10,0.3019776,cv,0
2026-03-27_1407494_U_11,0.15985242,cv,1
2026-03-27_1407494_U_12,0.24923633,cv,0
2026-03-27_1407494_U_13,0.19970042,cv,0
2026-03-27_1407494_U_14,0.5873413,cv,1
2026-03-27_1407494_U_15,0.37118134,cv,0
2026-03-27_1407494_U_16,0.22176161,cv,1
2026-03-27_1407494_U_17,0.20185529,cv,0
2026-03-27_1407494_U_18,0.19468026,cv,0
2026-03-27_1407494_U_19,0.24035102,cv,1
2026-03-27_1407494_U_2,0.33167785,cv,0
2026-03-27_1407494_U_21,0.23469834,cv,0
2026-03-27_1407494_U_22,0.25180948,cv,1
2026-03-27_1407494_U_24,0.19132869,cv,0
2026-03-27_1407494_U_25,0.24918494,cv,0
2026-03-27_1407494_U_26,0.1397947,cv,1
2026-03-27_1407494_U_3,0.24208632,cv,0
2026-03-27_1407494_U_32,0.2589504,cv,1
2026-03-27_1407494_U_36,0.26412222,cv,1
2026-03-27_1407494_U_37,0.23823044,cv,0
2026-03-27_1407494_U_4,0.26104534,cv,0
2026-03-27_1407494_U_5,0.18210012,cv,0
2026-03-27_1407494_U_6,0.26543236,cv,0
2026-03-27_1407494_U_7,0.21269587,cv,1
2026-03-27_1407494_U_8,0.1641005,cv,0
2026-03-27_1407494_U_9,0.24330966,cv,0
2026-03-27_1407495_U_1,0.23918621,cv,0
2026-03-27_1407495_U_10,0.27338153,cv,0
2026-03-27_1407495_U_11,0.17076883,cv,0
2026-03-27_1407495_U_12,0.16852549,cv,0
2026-03-27_1407495_U_13,0.20017502,cv,0
2026-03-27_1407495_U_14,0.20414081,cv,0
2026-03-27_1407495_U_15,0.33759236,cv,0
2026-03-27_1407495_U_16,0.15639804,cv,0
2026-03-27_1407495_U_17,0.18635643,cv,1
2026-03-27_1407495_U_18,0.2618925,cv,0
2026-03-27_1407495_U_19,0.16805008,cv,0
2026-03-27_1407495_U_2,0.16310005,cv,0
2026-03-27_1407495_U_20,0.21424358,cv,0
2026-03-27_1407495_U_21,0.24908487,cv,0
2026-03-27_1407495_U_24,0.27723598,cv,0
2026-03-27_1407495_U_25,0.51124185,cv,0
2026-03-27_1407495_U_3,0.18126282,cv,0
2026-03-27_1407495_U_4,0.24702513,cv,0
2026-03-27_1407495_U_5,0.30032086,cv,0
2026-03-27_1407495_U_6,0.21180038,cv,0
2026-03-27_1407495_U_7,0.20715076,cv,0
2026-03-27_1407495_U_8,0.12218343,cv,0
2026-03-27_1429985_U_115,0.12807085,cv,0
2026-03-27_1429985_U_126,0.22101043,cv,0
2026-03-27_1429985_U_32,0.1049286,cv,0
2026-03-27_1429985_U_33,0.20846282,cv,1
2026-03-27_1429985_U_58,0.14419973,cv,0
2026-03-27_1431265_U_1,0.35863578,cv,0
2026-03-27_1431265_U_10,0.16099547,cv,1
2026-03-27_1431265_U_100,0.17086995,cv,0
2026-03-27_1431265_U_101,0.105217874,cv,1
2026-03-27_1431265_U_102,0.23172668,cv,0
2026-03-27_1431265_U_103,0.10729033,cv,1
2026-03-27_1431265_U_105,0.122992754,cv,0
2026-03-27_1431265_U_106,0.13632089,cv,1
2026-03-27_1431265_U_107,0.14809984,cv,1
2026-03-27_1431265_U_108,0.23729792,cv,0
2026-03-27_1431265_U_109,0.10921639,cv,1
2026-03-27_1431265_U_11,0.14859799,cv,0
2026-03-27_1431265_U_110,0.13475,cv,0
2026-03-27_1431265_U_111,0.118934035,cv,0
2026-03-27_1431265_U_112,0.14094621,cv,0
2026-03-27_1431265_U_113,0.14510387,cv,0
2026-03-27_1431265_U_114,0.15500078,cv,0
2026-03-27_1431265_U_115,0.19799207,cv,0
2026-03-27_1431265_U_116,0.16803011,cv,0
2026-03-27_1431265_U_117,0.22615848,cv,0
2026-03-27_1431265_U_118,0.13999593,cv,0
2026-03-27_1431265_U_119,0.19748114,cv,1
2026-03-27_1431265_U_12,0.09173402,cv,0
2026-03-27_1431265_U_120,0.13777278,cv,0
2026-03-27_1431265_U_121,0.10142222,cv,0
2026-03-27_1431265_U_122,0.15840982,cv,0
2026-03-27_1431265_U_123,0.11268239,cv,0
2026-03-27_1431265_U_124,0.15177968,cv,1
2026-03-27_1431265_U_125,0.20744674,cv,1
2026-03-27_1431265_U_126,0.15103675,cv,0
2026-03-27_1431265_U_127,0.094062194,cv,0
2026-03-27_1431265_U_128,0.1117911,cv,0
2026-03-27_1431265_U_129,0.24108557,cv,0
2026-03-27_1431265_U_13,0.1655956,cv,0
2026-03-27_1431265_U_131,0.12211901,cv,0
2026-03-27_1431265_U_132,0.15646794,cv,0
2026-03-27_1431265_U_133,0.11339109,cv,0
2026-03-27_1431265_U_136,0.13313407,cv,0
2026-03-27_1431265_U_137,0.14311622,cv,0
2026-03-27_1431265_U_138,0.116285786,cv,0
2026-03-27_1431265_U_139,0.13196112,cv,1
2026-03-27_1431265_U_14,0.20405626,cv,0
2026-03-27_1431265_U_140,0.20426922,cv,1
2026-03-27_1431265_U_141,0.079554394,cv,0
2026-03-27_1431265_U_142,0.14031896,cv,0
2026-03-27_1431265_U_143,0.15836571,cv,0
2026-03-27_1431265_U_144,0.13752705,cv,1
2026-03-27_1431265_U_145,0.108640954,cv,0
2026-03-27_1431265_U_146,0.21961874,cv,0
2026-03-27_1431265_U_147,0.17517382,cv,0
2026-03-27_1431265_U_148,0.17956781,cv,1
2026-03-27_1431265_U_15,0.1645709,cv,1
2026-03-27_1431265_U_150,0.11510073,cv,0
2026-03-27_1431265_U_151,0.1519619,cv,0
2026-03-27_1431265_U_152,0.12313755,cv,1
2026-03-27_1431265_U_153,0.16591966,cv,1
2026-03-27_1431265_U_155,0.25276244,cv,0
2026-03-27_1431265_U_156,0.1323821,cv,1
2026-03-27_1431265_U_157,0.1809914,cv,1
2026-03-27_1431265_U_158,0.21029459,cv,0
2026-03-27_1431265_U_159,0.20572177,cv,0
2026-03-27_1431265_U_16,0.12168964,cv,0
2026-03-27_1431265_U_160,0.14988656,cv,0
2026-03-27_1431265_U_161,0.17271022,cv,1
2026-03-27_1431265_U_162,0.1461434,cv,0
2026-03-27_1431265_U_163,0.16055608,cv,0
2026-03-27_1431265_U_164,0.36646336,cv,0
2026-03-27_1431265_U_165,0.21144252,cv,1
2026-03-27_1431265_U_166,0.5153566,cv,0
2026-03-27_1431265_U_167,0.20618388,cv,0
2026-03-27_1431265_U_169,0.2616092,cv,0
2026-03-27_1431265_U_17,0.20563523,cv,0
2026-03-27_1431265_U_170,0.12940651,cv,0
2026-03-27_1431265_U_171,0.16964625,cv,0
2026-03-27_1431265_U_172,0.32647133,cv,0
2026-03-27_1431265_U_18,0.10834961,cv,0
2026-03-27_1431265_U_19,0.096765086,cv,0
2026-03-27_1431265_U_2,0.17057061,cv,0
2026-03-27_1431265_U_20,0.20675933,cv,0
2026-03-27_1431265_U_21,0.1239097,cv,1
2026-03-27_1431265_U_22,0.08721022,cv,0
2026-03-27_1431265_U_23,0.15121159,cv,0
2026-03-27_1431265_U_24,0.118668616,cv,0
2026-03-27_1431265_U_25,0.10754021,cv,0
2026-03-27_1431265_U_26,0.14887697,cv,0
2026-03-27_1431265_U_27,0.13595977,cv,1
2026-03-27_1431265_U_28,0.113300964,cv,0
2026-03-27_1431265_U_29,0.15024805,cv,0
2026-03-27_1431265_U_3,0.13805348,cv,0
2026-03-27_1431265_U_30,0.12341019,cv,0
2026-03-27_1431265_U_31,0.11994165,cv,0
2026-03-27_1431265_U_32,0.117069624,cv,1
2026-03-27_1431265_U_33,0.16247587,cv,1
2026-03-27_1431265_U_34,0.12259015,cv,0
2026-03-27_1431265_U_36,0.14637369,cv,0
2026-03-27_1431265_U_37,0.1654947,cv,0
2026-03-27_1431265_U_38,0.13768171,cv,0
2026-03-27_1431265_U_39,0.11643299,cv,1
2026-03-27_1431265_U_4,0.27118972,cv,1
2026-03-27_1431265_U_40,0.12735853,cv,0
2026-03-27_1431265_U_41,0.13019192,cv,0
2026-03-27_1431265_U_42,0.14433075,cv,0
2026-03-27_1431265_U_43,0.21978807,cv,0
2026-03-27_1431265_U_44,0.18365926,cv,0
2026-03-27_1431265_U_45,0.1254741,cv,0
2026-03-27_1431265_U_46,0.20239183,cv,0
2026-03-27_1431265_U_47,0.1327244,cv,0
2026-03-27_1431265_U_48,0.1796262,cv,0
2026-03-27_1431265_U_49,0.14281872,cv,0
2026-03-27_1431265_U_5,0.15868281,cv,0
2026-03-27_1431265_U_50,0.11609577,cv,0
2026-03-27_1431265_U_51,0.112897515,cv,1
2026-03-27_1431265_U_52,0.1525327,cv,0
2026-03-27_1431265_U_53,0.19341457,cv,0
2026-03-27_1431265_U_54,0.12979807,cv,0
2026-03-27_1431265_U_55,0.18286894,cv,0
2026-03-27_1431265_U_56,0.19678329,cv,1
2026-03-27_1431265_U_57,0.17289333,cv,0
2026-03-27_1431265_U_58,0.17224845,cv,0
2026-03-27_1431265_U_59,0.21072386,cv,0
2026-03-27_1431265_U_60,0.1815025,cv,1
2026-03-27_1431265_U_61,0.23099673,cv,0
2026-03-27_1431265_U_62,0.19258219,cv,1
2026-03-27_1431265_U_63,0.19844195,cv,0
2026-03-27_1431265_U_64,0.20256571,cv,0
2026-03-27_1431265_U_66,0.20823467,cv,0
2026-03-27_1431265_U_67,0.24652761,cv,0
2026-03-27_1431265_U_68,0.17812738,cv,1
2026-03-27_1431265_U_69,0.21554169,cv,0
2026-03-27_1431265_U_7,0.14942041,cv,0
2026-03-27_1431265_U_70,0.20378897,cv,0
2026-03-27_1431265_U_71,0.21113858,cv,0
2026-03-27_1431265_U_72,0.18540864,cv,1
2026-03-27_1431265_U_73,0.22471687,cv,0
2026-03-27_1431265_U_74,0.13691807,cv,1
2026-03-27_1431265_U_75,0.10021757,cv,0
2026-03-27_1431265_U_76,0.11240013,cv,0
2026-03-27_1431265_U_77,0.15803507,cv,1
2026-03-27_1431265_U_78,0.20435598,cv,0
2026-03-27_1431265_U_79,0.19718939,cv,0
2026-03-27_1431265_U_8,0.12748115,cv,0
2026-03-27_1431265_U_80,0.10381319,cv,1
2026-03-27_1431265_U_81,0.15684196,cv,0
2026-03-27_1431265_U_82,0.14303333,cv,0
2026-03-27_1431265_U_83,0.111999534,cv,0
2026-03-27_1431265_U_84,0.11994207,cv,0
2026-03-27_1431265_U_85,0.17982411,cv,0
2026-03-27_1431265_U_86,0.13658723,cv,1
2026-03-27_1431265_U_87,0.114627354,cv,0
2026-03-27_1431265_U_88,0.13043311,cv,0
2026-03-27_1431265_U_9,0.07563883,cv,0
2026-03-27_1431265_U_90,0.13447683,cv,0
2026-03-27_1431265_U_91,0.1278637,cv,1
2026-03-27_1431265_U_92,0.23964155,cv,1
2026-03-27_1431265_U_93,0.08962696,cv,0
2026-03-27_1431265_U_94,0.14644653,cv,0
2026-03-27_1431265_U_95,0.14018854,cv,1
2026-03-27_1431265_U_97,0.13886091,cv,0
2026-03-27_1431265_U_98,0.18521464,cv,1
2026-03-27_1431265_U_99,0.10644727,cv,0
2026-03-27_1439975_U_1,0.24953747,cv,1
2026-03-27_1439975_U_10,0.18510596,cv,0
2026-03-27_1439975_U_100,0.2968783,cv,0
2026-03-27_1439975_U_101,0.4178549,cv,0
2026-03-27_1439975_U_11,0.24064885,cv,0
2026-03-27_1439975_U_12,0.18901002,cv,1
2026-03-27_1439975_U_13,0.13295177,cv,0
2026-03-27_1439975_U_14,0.19332418,cv,0
2026-03-27_1439975_U_15,0.21841335,cv,0
2026-03-27_1439975_U_16,0.14851722,cv,0
2026-03-27_1439975_U_17,0.13363838,cv,0
2026-03-27_1439975_U_18,0.16845272,cv,0
2026-03-27_1439975_U_19,0.14552866,cv,1
2026-03-27_1439975_U_2,0.12675102,cv,0
2026-03-27_1439975_U_21,0.2833289,cv,0
2026-03-27_1439975_U_22,0.26368618,cv,0
2026-03-27_1439975_U_23,0.2035903,cv,1
2026-03-27_1439975_U_25,0.23043375,cv,0
2026-03-27_1439975_U_26,0.1886895,cv,0
2026-03-27_1439975_U_27,0.17444044,cv,0
2026-03-27_1439975_U_28,0.14429943,cv,1
2026-03-27_1439975_U_29,0.26599014,cv,0
2026-03-27_1439975_U_3,0.16858014,cv,0
2026-03-27_1439975_U_30,0.19176428,cv,1
2026-03-27_1439975_U_31,0.24896526,cv,0
2026-03-27_1439975_U_32,0.38762516,cv,1
2026-03-27_1439975_U_33,0.2032978,cv,1
2026-03-27_1439975_U_34,0.19888459,cv,0
2026-03-27_1439975_U_35,0.17448902,cv,1
2026-03-27_1439975_U_36,0.22066903,cv,0
2026-03-27_1439975_U_37,0.17241739,cv,0
2026-03-27_1439975_U_38,0.17786346,cv,1
2026-03-27_1439975_U_39,0.18254237,cv,0
2026-03-27_1439975_U_4,0.22564265,cv,0
2026-03-27_1439975_U_40,0.19500284,cv,1
2026-03-27_1439975_U_41,0.1652109,cv,1
2026-03-27_1439975_U_42,0.21433371,cv,0
2026-03-27_1439975_U_43,0.14176702,cv,0
2026-03-27_1439975_U_44,0.16751096,cv,1
2026-03-27_1439975_U_46,0.19295828,cv,0
2026-03-27_1439975_U_47,0.21240342,cv,0
2026-03-27_1439975_U_48,0.13762444,cv,0
2026-03-27_1439975_U_5,0.30820167,cv,0
2026-03-27_1439975_U_50,0.11651212,cv,0
2026-03-27_1439975_U_52,0.16348493,cv,1
2026-03-27_1439975_U_53,0.13631897,cv,1
2026-03-27_1439975_U_54,0.15946019,cv,1
2026-03-27_1439975_U_55,0.155772,cv,0
2026-03-27_1439975_U_56,0.26968354,cv,1
2026-03-27_1439975_U_58,0.15213345,cv,1
2026-03-27_1439975_U_6,0.16020872,cv,0
2026-03-27_1439975_U_65,0.13596536,cv,0
2026-03-27_1439975_U_66,0.1700223,cv,1
2026-03-27_1439975_U_69,0.15335107,cv,0
2026-03-27_1439975_U_7,0.1633644,cv,0
2026-03-27_1439975_U_70,0.19835965,cv,1
2026-03-27_1439975_U_75,0.24401951,cv,0
2026-03-27_1439975_U_79,0.24857512,cv,1
2026-03-27_1439975_U_8,0.1508606,cv,0
2026-03-27_1439975_U_84,0.4338168,cv,0
2026-03-27_1439975_U_85,0.1747908,cv,0
2026-03-27_1439975_U_86,0.23582345,cv,0
2026-03-27_1439975_U_87,0.25131768,cv,1
2026-03-27_1439975_U_88,0.21437463,cv,0
2026-03-27_1439975_U_89,0.28004724,cv,0
2026-03-27_1439975_U_9,0.15638159,cv,0
2026-03-27_1439975_U_90,0.24160604,cv,1
2026-03-27_1439975_U_91,0.19442505,cv,1
2026-03-27_1439975_U_92,0.2756371,cv,1
2026-03-27_1439975_U_95,0.53783053,cv,1
2026-03-27_1439975_U_96,0.42545146,cv,0
2026-03-27_1439975_U_97,0.21412383,cv,1
2026-03-27_1439975_U_99,0.25269732,cv,0
2026-03-27_1441389_U_1,2.7848153,cv,0
2026-03-27_1441389_U_12,2.1148598,cv,0
2026-03-27_1441389_U_14,1.9587886,cv,0
2026-03-27_1441389_U_16,2.6376195,cv,0
2026-03-27_1441389_U_17,2.0189872,cv,0
2026-03-27_1441389_U_18,2.5398335,cv,0
2026-03-27_1441389_U_19,2.5791392,cv,0
2026-03-27_1441389_U_2,0.32763696,cv,0
2026-03-27_1441389_U_21,2.664772,cv,0
2026-03-27_1441389_U_22,2.5610611,cv,0
2026-03-27_1441389_U_3,2.3068228,cv,0
2026-03-27_1441389_U_4,1.9300407,cv,1
2026-03-27_1441389_U_7,2.1975164,cv,0
2026-03-27_1441389_U_8,2.2715156,cv,0
2026-03-27_1474792_U_1,0.27474004,cv,0
2026-03-27_1474792_U_13,0.18919453,cv,1
2026-03-27_1474792_U_15,0.20287418,cv,0
2026-03-27_1474792_U_16,0.16603202,cv,0
2026-03-27_1474792_U_17,0.15005258,cv,0
2026-03-27_1474792_U_18,0.21952936,cv,0
2026-03-27_1474792_U_19,0.24500126,cv,1
2026-03-27_1474792_U_2,0.18509635,cv,0
2026-03-27_1474792_U_21,0.18235944,cv,0
2026-03-27_1474792_U_22,0.27389178,cv,0
2026-03-27_1474792_U_23,0.2962742,cv,0
2026-03-27_1474792_U_25,0.17967664,cv,1
2026-03-27_1474792_U_29,0.21166477,cv,0
2026-03-27_1474792_U_30,0.23224834,cv,0
2026-03-27_1474792_U_31,0.23146622,cv,1
2026-03-27_1474792_U_32,0.43324435,cv,0
2026-03-27_1474792_U_34,0.115063,cv,0
2026-03-27_1474792_U_35,0.18977284,cv,0
2026-03-27_1474792_U_36,0.21311933,cv,0
2026-03-27_1474792_U_37,0.25092772,cv,0
2026-03-27_1474792_U_38,0.16759065,cv,1
2026-03-27_1474792_U_39,0.2891007,cv,1
2026-03-27_1474792_U_6,0.21340655,cv,1
2026-03-27_1474792_U_7,0.15354177,cv,1
2026-03-27_1474792_U_9,0.21635431,cv,1
2026-03-27_1474793_U_1,0.18405086,cv,0
2026-03-27_1474793_U_4,0.13840134,cv,0
2026-03-27_1474793_U_5,0.26772845,cv,1
2026-03-27_1476582_U_1,0.27717704,cv,1
2026-03-27_1476582_U_10,0.58699036,cv,0
2026-03-27_1476582_U_11,0.3202045,cv,0
2026-03-27_1476582_U_12,0.30924997,cv,0
2026-03-27_1476582_U_13,0.34824497,cv,0
2026-03-27_1476582_U_17,0.3440776,cv,0
2026-03-27_1476582_U_18,0.29931313,cv,0
2026-03-27_1476582_U_19,0.29706508,cv,0
2026-03-27_1476582_U_2,0.26625964,cv,1
2026-03-27_1476582_U_20,0.408894,cv,0
2026-03-27_1476582_U_21,0.27387235,cv,0
2026-03-27_1476582_U_22,0.3376555,cv,0
2026-03-27_1476582_U_24,0.44347876,cv,1
2026-03-27_1476582_U_25,0.26212186,cv,1
2026-03-27_1476582_U_26,0.3748669,cv,0
2026-03-27_1476582_U_27,0.43248984,cv,0
2026-03-27_1476582_U_28,0.3315795,cv,0
2026-03-27_1476582_U_29,0.28820628,cv,0
2026-03-27_1476582_U_3,0.35679775,cv,0
2026-03-27_1476582_U_30,0.59711516,cv,0
2026-03-27_1476582_U_31,0.3803382,cv,1
2026-03-27_1476582_U_32,0.5194947,cv,1
2026-03-27_1476582_U_33,0.280316,cv,0
2026-03-27_1476582_U_34,0.22868888,cv,0
2026-03-27_1476582_U_35,0.24336457,cv,0
2026-03-27_1476582_U_36,0.30672744,cv,0
2026-03-27_1476582_U_37,0.4624754,cv,0
2026-03-27_1476582_U_4,0.37871814,cv,1
2026-03-27_1476582_U_5,0.82311213,cv,0
2026-03-27_1476582_U_6,0.3091452,cv,0
2026-03-27_1476582_U_7,0.35321605,cv,0
2026-03-27_1476582_U_8,0.25168237,cv,0
2026-03-27_1476582_U_9,0.42989287,cv,0
2026-03-27_1476584_U_1,0.28079844,cv,0
2026-03-27_1476584_U_11,0.30006593,cv,0
2026-03-27_1476584_U_12,0.30318004,cv,1
2026-03-27_1476584_U_13,0.23990077,cv,0
2026-03-27_1476584_U_14,0.26222754,cv,0
2026-03-27_1476584_U_2,0.21380734,cv,1
2026-03-27_1476584_U_3,0.3298672,cv,0
2026-03-27_1476584_U_5,0.24627605,cv,0
2026-03-27_1476584_U_6,0.32570475,cv,1
2026-03-27_1476584_U_7,0.25730094,cv,0
2026-03-27_1476584_U_8,0.3911385,cv,0
2026-03-27_1476584_U_9,0.19503641,cv,1
2026-03-27_1477764_U_1,0.17006879,cv,0
2026-03-27_1477764_U_11,0.18144181,cv,0
2026-03-27_1477764_U_12,0.12866819,cv,0
2026-03-27_1477764_U_13,0.17066416,cv,0
2026-03-27_1477764_U_14,0.14408667,cv,0
2026-03-27_1477764_U_15,0.17424393,cv,0
2026-03-27_1477764_U_16,0.1735785,cv,0
2026-03-27_1477764_U_17,0.14471404,cv,0
2026-03-27_1477764_U_18,0.21132708,cv,0
2026-03-27_1477764_U_19,0.23166311,cv,0
2026-03-27_1477764_U_2,0.109890476,cv,0
2026-03-27_1477764_U_20,0.119587325,cv,0
2026-03-27_1477764_U_21,0.2390022,cv,0
2026-03-27_1477764_U_22,0.21351872,cv,1
2026-03-27_1477764_U_24,0.13635108,cv,1
2026-03-27_1477764_U_27,0.15825489,cv,0
2026-03-27_1477764_U_28,0.15827215,cv,0
2026-03-27_1477764_U_29,0.16669285,cv,0
2026-03-27_1477764_U_3,0.17082062,cv,0
2026-03-27_1477764_U_30,0.113915786,cv,1
2026-03-27_1477764_U_31,0.13618088,cv,0
2026-03-27_1477764_U_32,0.15702587,cv,0
2026-03-27_1477764_U_33,0.17627071,cv,0
2026-03-27_1477764_U_34,0.16460323,cv,0
2026-03-27_1477764_U_35,0.08489605,cv,0
2026-03-27_1477764_U_36,0.0915595,cv,1
2026-03-27_1477764_U_37,0.1008514,cv,0
2026-03-27_1477764_U_38,0.07518469,cv,0
2026-03-27_1477764_U_39,0.17649832,cv,0
2026-03-27_1477764_U_4,0.13650262,cv,0
2026-03-27_1477764_U_40,0.26997593,cv,0
2026-03-27_1477764_U_42,0.11292626,cv,1
2026-03-27_1477764_U_43,0.20169783,cv,0
2026-03-27_1477764_U_45,0.20930092,cv,0
2026-03-27_1477764_U_46,0.16646732,cv,0
2026-03-27_1477764_U_47,0.26071757,cv,1
2026-03-27_1477764_U_48,0.14159118,cv,1
2026-03-27_1477764_U_50,0.21715632,cv,0
2026-03-27_1477764_U_51,0.15186399,cv,0
2026-03-27_1477764_U_52,0.33422846,cv,0
2026-03-27_1477764_U_53,0.13854858,cv,0
2026-03-27_1477764_U_54,0.15087542,cv,0
2026-03-27_1477764_U_55,0.09793502,cv,0
2026-03-27_1477764_U_56,0.121587865,cv,0
2026-03-27_1477764_U_57,0.251246,cv,0
2026-03-27_1477764_U_58,0.13161999,cv,1
2026-03-27_1477764_U_59,0.16024125,cv,0
2026-03-27_1477764_U_6,0.10505481,cv,1
2026-03-27_1477764_U_60,0.13736169,cv,0
2026-03-27_1477764_U_61,0.21647124,cv,1
2026-03-27_1477764_U_62,0.14085114,cv,1
2026-03-27_1477764_U_63,0.15949899,cv,1
2026-03-27_1477764_U_64,0.2354769,cv,0
2026-03-27_1477764_U_65,0.16410623,cv,0
2026-03-27_1477764_U_66,0.11700275,cv,0
2026-03-27_1477764_U_67,0.14796221,cv,0
2026-03-27_1477764_U_68,0.12960261,cv,1
2026-03-27_1477764_U_69,0.13977127,cv,1
2026-03-27_1477764_U_7,0.17703317,cv,0
2026-03-27_1477764_U_70,0.11034231,cv,0
2026-03-27_1477764_U_71,0.19013456,cv,0
2026-03-27_1477764_U_72,0.18589747,cv,0
2026-03-27_1477764_U_73,0.16111583,cv,0
2026-03-27_1477764_U_74,0.25852567,cv,0
2026-03-27_1477764_U_75,0.19157492,cv,1
2026-03-27_1477764_U_76,0.19796509,cv,1
2026-03-27_1477764_U_77,0.18861288,cv,0
2026-03-27_1477764_U_78,0.19688986,cv,0
2026-03-27_1477764_U_79,0.11574318,cv,0
2026-03-27_1477764_U_8,0.2363942,cv,0
2026-03-27_1477764_U_80,0.19048628,cv,0
2026-03-27_1477764_U_81,0.12194626,cv,0
2026-03-27_1477764_U_83,0.16738245,cv,0
2026-03-27_1477764_U_85,0.19472896,cv,0
2026-03-27_1477764_U_86,0.16218486,cv,1
2026-03-27_1477764_U_87,0.14146519,cv,1
2026-03-27_1477764_U_88,0.14452568,cv,0
2026-03-27_1477764_U_89,0.16130766,cv,0
2026-03-27_1477764_U_9,0.13612884,cv,0
2026-03-27_1477764_U_94,0.21077561,cv,0
2026-03-27_1477766_U_1,0.12370536,cv,0
2026-03-27_1477766_U_10,0.17967467,cv,0
2026-03-27_1477766_U_12,0.3018629,cv,0
2026-03-27_1477766_U_13,0.2384716,cv,0
2026-03-27_1477766_U_14,0.11705693,cv,1
2026-03-27_1477766_U_15,0.1504477,cv,0
2026-03-27_1477766_U_16,0.45368564,cv,0
2026-03-27_1477766_U_17,0.24747455,cv,0
2026-03-27_1477766_U_18,0.17808384,cv,0
2026-03-27_1477766_U_19,0.22324757,cv,0
2026-03-27_1477766_U_2,0.11154002,cv,1
2026-03-27_1477766_U_24,0.18531102,cv,0
2026-03-27_1477766_U_25,0.22491252,cv,0
2026-03-27_1477766_U_26,0.2672202,cv,0
2026-03-27_1477766_U_3,0.118139595,cv,0
2026-03-27_1477766_U_30,0.12225227,cv,0
2026-03-27_1477766_U_31,0.16625144,cv,0
2026-03-27_1477766_U_4,0.2101787,cv,0
2026-03-27_1477766_U_6,0.17718367,cv,0
2026-03-27_1477766_U_7,0.23062608,cv,0
2026-03-27_1477766_U_9,0.24964873,cv,0
2026-03-27_1477767_U_1,0.2886083,cv,0
2026-03-27_1477767_U_11,0.7295441,cv,0
2026-03-27_1477767_U_14,0.2665729,cv,0
2026-03-27_1477767_U_15,0.40160355,cv,1
2026-03-27_1477767_U_16,0.27305686,cv,0
2026-03-27_1477767_U_17,0.3682165,cv,0
2026-03-27_1477767_U_19,0.27949008,cv,0
2026-03-27_1477767_U_2,0.2900939,cv,0
2026-03-27_1477767_U_20,0.3510617,cv,1
2026-03-27_1477767_U_21,0.45759746,cv,1
2026-03-27_1477767_U_22,0.19133994,cv,0
2026-03-27_1477767_U_23,0.10579839,cv,0
2026-03-27_1477767_U_24,0.21913719,cv,0
2026-03-27_1477767_U_25,0.29183525,cv,0
2026-03-27_1477767_U_26,0.12772116,cv,0
2026-03-27_1477767_U_27,0.16499665,cv,0
2026-03-27_1477767_U_28,0.18934667,cv,0
2026-03-27_1477767_U_3,0.23980352,cv,0
2026-03-27_1477767_U_32,0.36974427,cv,0
2026-03-27_1477767_U_35,0.14696738,cv,0
2026-03-27_1477767_U_36,0.16114923,cv,0
2026-03-27_1477767_U_37,0.09406401,cv,0
2026-03-27_1477767_U_38,0.13068226,cv,0
2026-03-27_1477767_U_39,0.19279322,cv,0
2026-03-27_1477767_U_4,0.13726875,cv,0
2026-03-27_1477767_U_40,0.18184523,cv,0
2026-03-27_1477767_U_5,0.19331948,cv,0
2026-03-27_1477767_U_6,0.21363205,cv,0
2026-03-27_1477767_U_7,0.17522661,cv,0
2026-03-27_1477767_U_8,0.1755818,cv,0
2026-03-27_1477767_U_9,0.23854208,cv,0
2026-03-27_1477768_U_1,0.16345435,cv,0
2026-03-27_1477768_U_10,0.1818295,cv,0
2026-03-27_1477768_U_11,0.14487395,cv,0
2026-03-27_1477768_U_12,0.15582703,cv,0
2026-03-27_1477768_U_13,0.23299918,cv,0
2026-03-27_1477768_U_14,0.1818189,cv,0
2026-03-27_1477768_U_15,0.34464043,cv,0
2026-03-27_1477768_U_16,0.15964457,cv,0
2026-03-27_1477768_U_17,0.49068797,cv,0
2026-03-27_1477768_U_18,0.16049221,cv,0
2026-03-27_1477768_U_19,0.2819261,cv,0
2026-03-27_1477768_U_2,0.18701842,cv,0
2026-03-27_1477768_U_20,0.259238,cv,0
2026-03-27_1477768_U_21,0.23370153,cv,0
2026-03-27_1477768_U_22,0.18869647,cv,0
2026-03-27_1477768_U_23,0.31600624,cv,0
2026-03-27_1477768_U_24,0.22867021,cv,0
2026-03-27_1477768_U_25,0.17476442,cv,0
2026-03-27_1477768_U_26,0.36602205,cv,0
2026-03-27_1477768_U_27,0.22831202,cv,0
2026-03-27_1477768_U_28,0.22822627,cv,0
2026-03-27_1477768_U_29,0.1656308,cv,0
2026-03-27_1477768_U_3,0.31281394,cv,0
2026-03-27_1477768_U_30,0.17427687,cv,0
2026-03-27_1477768_U_31,0.15601009,cv,0
2026-03-27_1477768_U_32,0.1961236,cv,0
2026-03-27_1477768_U_33,0.20732054,cv,0
2026-03-27_1477768_U_4,0.17572817,cv,1
2026-03-27_1477768_U_41,0.18597063,cv,0
2026-03-27_1477768_U_42,0.13214271,cv,0
2026-03-27_1477768_U_43,0.11156227,cv,1
2026-03-27_1477768_U_44,0.47926697,cv,1
2026-03-27_1477768_U_45,0.2944716,cv,1
2026-03-27_1477768_U_46,0.21769783,cv,0
2026-03-27_1477768_U_47,0.12018627,cv,0
2026-03-27_1477768_U_48,0.08751987,cv,0
2026-03-27_1477768_U_49,0.3341405,cv,0
2026-03-27_1477768_U_5,0.32620144,cv,0
2026-03-27_1477768_U_50,0.20961253,cv,0
2026-03-27_1477768_U_51,0.22879028,cv,0
2026-03-27_1477768_U_52,0.30171067,cv,0
2026-03-27_1477768_U_53,0.22393316,cv,0
2026-03-27_1477768_U_54,0.1720588,cv,0
2026-03-27_1477768_U_55,0.20374244,cv,1
2026-03-27_1477768_U_56,0.111534536,cv,0
2026-03-27_1477768_U_57,0.2202591,cv,1
2026-03-27_1477768_U_58,0.1505326,cv,1
2026-03-27_1477768_U_6,0.1479582,cv,1
2026-03-27_1477768_U_7,0.20527384,cv,0
2026-03-27_1477768_U_8,0.18704556,cv,0
2026-03-27_1477768_U_9,0.19626407,cv,0
2026-03-27_1477769_U_1,0.1276728,cv,0
2026-03-27_1477769_U_10,0.15869093,cv,0
2026-03-27_1477769_U_11,0.12815812,cv,0
2026-03-27_1477769_U_12,0.16232769,cv,0
2026-03-27_1477769_U_13,0.117782645,cv,0
2026-03-27_1477769_U_14,0.11949442,cv,0
2026-03-27_1477769_U_15,0.17371076,cv,0
2026-03-27_1477769_U_16,0.13848846,cv,0
2026-03-27_1477769_U_17,0.08842498,cv,0
2026-03-27_1477769_U_18,0.15027772,cv,1
2026-03-27_1477769_U_19,0.11444929,cv,0
2026-03-27_1477769_U_2,0.14189419,cv,0
2026-03-27_1477769_U_20,0.22763649,cv,0
2026-03-27_1477769_U_21,0.10447099,cv,0
2026-03-27_1477769_U_22,0.1689179,cv,0
2026-03-27_1477769_U_23,0.13345304,cv,0
2026-03-27_1477769_U_24,0.121143475,cv,0
2026-03-27_1477769_U_25,0.12189492,cv,0
2026-03-27_1477769_U_26,0.108946264,cv,0
2026-03-27_1477769_U_27,0.0923257,cv,0
2026-03-27_1477769_U_29,0.1982095,cv,0
2026-03-27_1477769_U_3,0.1655243,cv,0
2026-03-27_1477769_U_30,0.094664454,cv,1
2026-03-27_1477769_U_31,0.17701897,cv,0
2026-03-27_1477769_U_32,0.1679984,cv,1
2026-03-27_1477769_U_33,0.24654302,cv,0
2026-03-27_1477769_U_34,0.16236193,cv,0
2026-03-27_1477769_U_35,0.23952514,cv,0
2026-03-27_1477769_U_38,0.1752374,cv,0
2026-03-27_1477769_U_39,0.14377946,cv,0
2026-03-27_1477769_U_4,0.16672406,cv,0
2026-03-27_1477769_U_40,0.13107207,cv,0
2026-03-27_1477769_U_41,0.16037428,cv,0
2026-03-27_1477769_U_42,0.20200703,cv,0
2026-03-27_1477769_U_43,0.10673108,cv,0
2026-03-27_1477769_U_44,0.122554526,cv,0
2026-03-27_1477769_U_45,0.12511276,cv,1
2026-03-27_1477769_U_46,0.36408633,cv,0
2026-03-27_1477769_U_47,0.14430933,cv,0
2026-03-27_1477769_U_48,0.24063316,cv,0
2026-03-27_1477769_U_5,0.19526005,cv,0
2026-03-27_1477769_U_6,0.24086718,cv,0
2026-03-27_1477769_U_8,0.12633769,cv,0
2026-03-27_1477769_U_9,0.1694402,cv,0
2026-03-27_1477770_U_1,0.8951677,cv,0
2026-03-27_1477770_U_10,0.425438,cv,0
2026-03-27_1477770_U_11,0.39440924,cv,0
2026-03-27_1477770_U_12,0.4338331,cv,0
2026-03-27_1477770_U_13,0.5183386,cv,0
2026-03-27_1477770_U_14,0.3349783,cv,0
2026-03-27_1477770_U_15,0.7622513,cv,0
2026-03-27_1477770_U_17,0.5175445,cv,1
2026-03-27_1477770_U_18,0.22300515,cv,0
2026-03-27_1477770_U_2,0.3860922,cv,0
2026-03-27_1477770_U_3,0.5200955,cv,0
2026-03-27_1477770_U_4,0.43190452,cv,0
2026-03-27_1477770_U_5,0.6564133,cv,0
2026-03-27_1477770_U_6,0.598176,cv,0
2026-03-27_1477770_U_7,0.47846258,cv,0
2026-03-27_1477770_U_8,0.5479015,cv,0
2026-03-27_1477770_U_9,0.59930235,cv,0
2026-03-27_1481779_U_1,0.18862712,cv,0
2026-03-27_1481779_U_10,0.092959166,cv,0
2026-03-27_1481779_U_100,0.17927961,cv,0
2026-03-27_1481779_U_101,0.13442603,cv,0
2026-03-27_1481779_U_102,0.121794365,cv,0
2026-03-27_1481779_U_103,0.43615085,cv,0
2026-03-27_1481779_U_104,0.053693455,cv,0
2026-03-27_1481779_U_105,0.17269382,cv,0
2026-03-27_1481779_U_106,0.10320633,cv,0
2026-03-27_1481779_U_107,0.12262176,cv,0
2026-03-27_1481779_U_108,0.2183313,cv,0
2026-03-27_1481779_U_11,0.1915259,cv,0
2026-03-27_1481779_U_110,0.3022471,cv,0
2026-03-27_1481779_U_111,0.13174558,cv,1
2026-03-27_1481779_U_112,0.09544298,cv,0
2026-03-27_1481779_U_113,0.12560657,cv,0
2026-03-27_1481779_U_114,0.08437415,cv,0
2026-03-27_1481779_U_115,0.14957185,cv,0
2026-03-27_1481779_U_116,0.41509804,cv,0
2026-03-27_1481779_U_117,0.086050555,cv,0
2026-03-27_1481779_U_118,0.11576171,cv,0
2026-03-27_1481779_U_119,0.35253093,cv,0
2026-03-27_1481779_U_12,0.19622122,cv,1
2026-03-27_1481779_U_120,0.21125367,cv,0
2026-03-27_1481779_U_121,0.34993848,cv,0
2026-03-27_1481779_U_122,0.16560572,cv,0
2026-03-27_1481779_U_123,0.2080647,cv,0
2026-03-27_1481779_U_124,0.15706526,cv,0
2026-03-27_1481779_U_126,0.36721706,cv,0
2026-03-27_1481779_U_128,0.17158002,cv,0
2026-03-27_1481779_U_129,0.08097338,cv,0
2026-03-27_1481779_U_13,0.1631602,cv,0
2026-03-27_1481779_U_130,0.19623469,cv,0
2026-03-27_1481779_U_14,0.21116583,cv,0
2026-03-27_1481779_U_15,0.1694341,cv,0
2026-03-27_1481779_U_16,0.20831077,cv,0
2026-03-27_1481779_U_17,0.117560916,cv,0
2026-03-27_1481779_U_18,0.084284306,cv,0
2026-03-27_1481779_U_2,0.09188297,cv,0
2026-03-27_1481779_U_20,0.13642511,cv,0
2026-03-27_1481779_U_21,0.226951,cv,0
2026-03-27_1481779_U_22,0.21485084,cv,0
2026-03-27_1481779_U_23,0.18969405,cv,0
2026-03-27_1481779_U_24,0.14972554,cv,0
2026-03-27_1481779_U_25,0.14551032,cv,0
2026-03-27_1481779_U_26,0.17033085,cv,0
2026-03-27_1481779_U_27,0.21110797,cv,0
2026-03-27_1481779_U_28,0.16755235,cv,0
2026-03-27_1481779_U_29,0.19543812,cv,0
2026-03-27_1481779_U_3,0.13871044,cv,0
2026-03-27_1481779_U_30,0.17996304,cv,0
2026-03-27_1481779_U_31,0.087996446,cv,0
2026-03-27_1481779_U_33,0.18542892,cv,0
2026-03-27_1481779_U_34,0.12604204,cv,0
2026-03-27_1481779_U_35,0.17941158,cv,0
2026-03-27_1481779_U_36,0.14257753,cv,0
2026-03-27_1481779_U_38,0.15078236,cv,0
2026-03-27_1481779_U_39,0.17145526,cv,0
2026-03-27_1481779_U_4,0.1750552,cv,0
2026-03-27_1481779_U_40,0.18816267,cv,0
2026-03-27_1481779_U_41,0.16138129,cv,0
2026-03-27_1481779_U_42,0.25663275,cv,0
2026-03-27_1481779_U_43,0.15599707,cv,0
2026-03-27_1481779_U_44,0.08099447,cv,0
2026-03-27_1481779_U_45,0.21794574,cv,0
2026-03-27_1481779_U_46,0.28723508,cv,1
2026-03-27_1481779_U_47,0.31104022,cv,0
2026-03-27_1481779_U_48,0.4388524,cv,0
2026-03-27_1481779_U_49,0.29933032,cv,0
2026-03-27_1481779_U_5,0.10409346,cv,0
2026-03-27_1481779_U_50,0.14044942,cv,0
2026-03-27_1481779_U_51,0.19923377,cv,0
2026-03-27_1481779_U_52,0.14210328,cv,0
2026-03-27_1481779_U_53,0.22966778,cv,0
2026-03-27_1481779_U_54,0.1569652,cv,0
2026-03-27_1481779_U_55,0.3434332,cv,0
2026-03-27_1481779_U_56,0.2410003,cv,0
2026-03-27_1481779_U_58,0.19097495,cv,0
2026-03-27_1481779_U_59,0.16466296,cv,0
2026-03-27_1481779_U_6,0.19977322,cv,0
2026-03-27_1481779_U_60,0.1678943,cv,0
2026-03-27_1481779_U_61,0.19265378,cv,0
2026-03-27_1481779_U_62,0.15272734,cv,0
2026-03-27_1481779_U_63,0.21605645,cv,1
2026-03-27_1481779_U_65,0.13178796,cv,0
2026-03-27_1481779_U_66,0.17909968,cv,0
2026-03-27_1481779_U_67,0.13278867,cv,0
2026-03-27_1481779_U_68,0.11873494,cv,0
2026-03-27_1481779_U_69,0.19673531,cv,0
2026-03-27_1481779_U_7,0.12929225,cv,0
2026-03-27_1481779_U_70,0.24251041,cv,0
2026-03-27_1481779_U_71,0.114441335,cv,0
2026-03-27_1481779_U_72,0.16597943,cv,0
2026-03-27_1481779_U_73,0.16402155,cv,0
2026-03-27_1481779_U_74,0.12457173,cv,0
2026-03-27_1481779_U_75,0.0822624,cv,0
2026-03-27_1481779_U_76,0.1725506,cv,0
2026-03-27_1481779_U_77,0.08187075,cv,0
2026-03-27_1481779_U_78,0.10999218,cv,0
2026-03-27_1481779_U_79,0.14476171,cv,0
2026-03-27_1481779_U_8,0.24857263,cv,0
2026-03-27_1481779_U_80,0.07343124,cv,0
2026-03-27_1481779_U_81,0.22816734,cv,0
2026-03-27_1481779_U_82,0.4903451,cv,0
2026-03-27_1481779_U_83,0.11049061,cv,0
2026-03-27_1481779_U_84,0.12369533,cv,0
2026-03-27_1481779_U_87,0.37547207,cv,0
2026-03-27_1481779_U_88,0.27917898,cv,0
2026-03-27_1481779_U_89,0.17319804,cv,0
2026-03-27_1481779_U_9,0.12979156,cv,0
2026-03-27_1481779_U_90,0.11987706,cv,0
2026-03-27_1481779_U_91,0.14574385,cv,0
2026-03-27_1481779_U_92,0.16260731,cv,0
2026-03-27_1481779_U_93,0.19289891,cv,0
2026-03-27_1481779_U_95,0.07404869,cv,0
2026-03-27_1481779_U_96,0.23002736,cv,0
2026-03-27_1481779_U_97,0.21132603,cv,0
2026-03-27_1481779_U_98,0.11266267,cv,0
2026-03-27_1481779_U_99,0.20438778,cv,0
2026-03-27_1495854_U_1,0.3738308,cv,0
2026-03-27_1495854_U_10,0.38486624,cv,0
2026-03-27_1495854_U_11,0.27862525,cv,0
2026-03-27_1495854_U_12,0.33869213,cv,0
2026-03-27_1495854_U_14,0.23595902,cv,0
2026-03-27_1495854_U_15,0.15315257,cv,0
2026-03-27_1495854_U_16,0.16687265,cv,0
2026-03-27_1495854_U_17,0.19922465,cv,0
2026-03-27_1495854_U_19,0.22990954,cv,0
2026-03-27_1495854_U_2,0.2861793,cv,0
2026-03-27_1495854_U_20,0.19347477,cv,0
2026-03-27_1495854_U_21,0.18930046,cv,0
2026-03-27_1495854_U_23,0.44740006,cv,0
2026-03-27_1495854_U_24,0.2857905,cv,1
2026-03-27_1495854_U_27,0.41244695,cv,0
2026-03-27_1495854_U_28,0.23409961,cv,0
2026-03-27_1495854_U_29,0.3284977,cv,0
2026-03-27_1495854_U_3,0.18749104,cv,0
2026-03-27_1495854_U_30,0.2787293,cv,0
2026-03-27_1495854_U_31,0.31657076,cv,0
2026-03-27_1495854_U_32,0.22330748,cv,1
2026-03-27_1495854_U_33,0.3331809,cv,0
2026-03-27_1495854_U_35,0.65645254,cv,0
2026-03-27_1495854_U_36,0.3991108,cv,0
2026-03-27_1495854_U_37,0.11960772,cv,1
2026-03-27_1495854_U_39,0.3132581,cv,0
2026-03-27_1495854_U_4,0.33012572,cv,0
2026-03-27_1495854_U_40,0.26543945,cv,0
2026-03-27_1495854_U_41,0.2917493,cv,0
2026-03-27_1495854_U_42,0.30594754,cv,0
2026-03-27_1495854_U_43,0.31768864,cv,0
2026-03-27_1495854_U_44,0.22784016,cv,0
2026-03-27_1495854_U_45,0.27873456,cv,0
2026-03-27_1495854_U_46,0.25967532,cv,0
2026-03-27_1495854_U_5,0.31568247,cv,0
2026-03-27_1495854_U_6,0.30738494,cv,0
2026-03-27_1495854_U_7,0.21876603,cv,0
2026-03-27_1495854_U_8,0.34327936,cv,0
2026-03-27_1495854_U_9,0.22076976,cv,0
2026-03-27_1496805_U_1,0.30791843,cv,0
2026-03-27_1496805_U_11,0.30518067,cv,0
2026-03-27_1496805_U_12,0.17049193,cv,0
2026-03-27_1496805_U_13,0.27554214,cv,0
2026-03-27_1496805_U_14,0.3556823,cv,0
2026-03-27_1496805_U_15,0.19249442,cv,0
2026-03-27_1496805_U_16,1.0391366,cv,0
2026-03-27_1496805_U_17,0.29260308,cv,0
2026-03-27_1496805_U_18,0.16420102,cv,0
2026-03-27_1496805_U_19,0.15997687,cv,0
2026-03-27_1496805_U_2,0.22286785,cv,0
2026-03-27_1496805_U_20,0.37329918,cv,0
2026-03-27_1496805_U_21,0.31451818,cv,0
2026-03-27_1496805_U_22,0.20871407,cv,0
2026-03-27_1496805_U_23,0.25690037,cv,0
2026-03-27_1496805_U_24,0.20545797,cv,0
2026-03-27_1496805_U_27,0.18173324,cv,0
2026-03-27_1496805_U_28,0.120524526,cv,0
2026-03-27_1496805_U_29,0.18499959,cv,0
2026-03-27_1496805_U_3,0.17432623,cv,0
2026-03-27_1496805_U_30,0.2510324,cv,0
2026-03-27_1496805_U_31,0.23435311,cv,0
2026-03-27_1496805_U_32,0.16071805,cv,0
2026-03-27_1496805_U_34,0.38034344,cv,0
2026-03-27_1496805_U_36,0.11946042,cv,0
2026-03-27_1496805_U_37,0.14707196,cv,0
2026-03-27_1496805_U_38,0.12519762,cv,0
2026-03-27_1496805_U_39,0.13972941,cv,0
2026-03-27_1496805_U_4,0.41479144,cv,0
2026-03-27_1496805_U_40,0.16012663,cv,1
2026-03-27_1496805_U_41,0.19118588,cv,0
2026-03-27_1496805_U_42,0.22201627,cv,0
2026-03-27_1496805_U_43,0.282178,cv,0
2026-03-27_1496805_U_44,0.19726329,cv,0
2026-03-27_1496805_U_45,0.2733853,cv,0
2026-03-27_1496805_U_46,0.45488548,cv,0
2026-03-27_1496805_U_47,0.46754777,cv,0
2026-03-27_1496805_U_48,0.25340766,cv,0
2026-03-27_1496805_U_49,0.36145574,cv,1
2026-03-27_1496805_U_5,0.2965759,cv,0
2026-03-27_1496805_U_50,0.39794576,cv,1
2026-03-27_1496805_U_51,0.33468184,cv,1
2026-03-27_1496805_U_52,0.22661781,cv,0
2026-03-27_1496805_U_53,0.1687014,cv,1
2026-03-27_1496805_U_54,0.21480142,cv,0
2026-03-27_1496805_U_55,0.17423627,cv,1
2026-03-27_1496805_U_56,0.22050172,cv,0
2026-03-27_1496805_U_58,0.3052733,cv,0
2026-03-27_1496805_U_59,0.3537217,cv,0
2026-03-27_1496805_U_6,0.2522642,cv,0
2026-03-27_1496805_U_60,0.19630507,cv,0
2026-03-27_1496805_U_61,0.22837691,cv,0
2026-03-27_1496805_U_62,0.36098284,cv,0
2026-03-27_1496805_U_63,0.2973259,cv,0
2026-03-27_1496805_U_64,0.3331411,cv,1
2026-03-27_1496805_U_65,0.12673995,cv,1
2026-03-27_1496805_U_67,0.25970462,cv,0
2026-03-27_1496805_U_68,0.18386841,cv,0
2026-03-27_1496805_U_69,0.37213677,cv,0
2026-03-27_1496805_U_7,0.29421604,cv,0
2026-03-27_1496805_U_70,0.13610998,cv,1
2026-03-27_1496805_U_71,0.16761844,cv,0
2026-03-27_1496805_U_72,0.15747564,cv,0
2026-03-27_1496805_U_73,0.18485081,cv,0
2026-03-27_1496805_U_74,0.20565514,cv,0
2026-03-27_1496805_U_75,0.23602867,cv,1
2026-03-27_1496805_U_76,0.14669287,cv,1
2026-03-27_1496805_U_77,0.11475867,cv,0
2026-03-27_1496805_U_78,0.14018244,cv,0
2026-03-27_1496805_U_8,0.37032902,cv,0
2026-03-27_1496805_U_9,0.2597931,cv,1
2026-03-27_1496806_U_1,0.21461412,cv,0
2026-03-27_1496806_U_10,0.39134824,cv,0
2026-03-27_1496806_U_11,0.2777866,cv,0
2026-03-27_1496806_U_12,0.2332103,cv,0
2026-03-27_1496806_U_13,0.2975012,cv,0
2026-03-27_1496806_U_14,0.2953391,cv,0
2026-03-27_1496806_U_15,0.30541223,cv,0
2026-03-27_1496806_U_16,0.15312837,cv,0
2026-03-27_1496806_U_17,0.27675447,cv,0
2026-03-27_1496806_U_18,0.17853904,cv,0
2026-03-27_1496806_U_19,0.38340253,cv,0
2026-03-27_1496806_U_2,0.20572512,cv,0
2026-03-27_1496806_U_20,0.21486227,cv,0
2026-03-27_1496806_U_21,0.2068886,cv,0
2026-03-27_1496806_U_22,0.17027214,cv,0
2026-03-27_1496806_U_23,0.25252753,cv,0
2026-03-27_1496806_U_24,0.29956943,cv,0
2026-03-27_1496806_U_25,0.38885552,cv,0
2026-03-27_1496806_U_26,0.183214,cv,0
2026-03-27_1496806_U_27,0.123010576,cv,0
2026-03-27_1496806_U_28,0.20826004,cv,0
2026-03-27_1496806_U_29,0.22228537,cv,0
2026-03-27_1496806_U_3,0.43714434,cv,0
2026-03-27_1496806_U_30,0.42927596,cv,0
2026-03-27_1496806_U_31,0.5284652,cv,0
2026-03-27_1496806_U_32,0.5455886,cv,0
2026-03-27_1496806_U_4,0.22645488,cv,0
2026-03-27_1496806_U_5,0.15501478,cv,0
2026-03-27_1496806_U_6,0.28107303,cv,0
2026-03-27_1496806_U_7,0.19881907,cv,0
2026-03-27_1496806_U_8,0.3170914,cv,0
2026-03-27_1496806_U_9,0.21251033,cv,0
2026-03-27_1496808_U_1,0.36639112,cv,0
2026-03-27_1496808_U_10,0.33316514,cv,0
2026-03-27_1496808_U_11,0.2454451,cv,0
2026-03-27_1496808_U_12,0.24103785,cv,0
2026-03-27_1496808_U_13,0.1498619,cv,0
2026-03-27_1496808_U_14,0.16144098,cv,1
2026-03-27_1496808_U_17,0.23817794,cv,1
2026-03-27_1496808_U_18,0.28221813,cv,0
2026-03-27_1496808_U_19,0.35051197,cv,0
2026-03-27_1496808_U_2,0.25645503,cv,0
2026-03-27_1496808_U_20,0.2386286,cv,1
2026-03-27_1496808_U_21,0.47703564,cv,0
2026-03-27_1496808_U_22,0.2798441,cv,0
2026-03-27_1496808_U_24,0.37858927,cv,0
2026-03-27_1496808_U_25,0.26181322,cv,0
2026-03-27_1496808_U_26,0.3408019,cv,0
2026-03-27_1496808_U_27,0.15058368,cv,0
2026-03-27_1496808_U_28,0.29989728,cv,0
2026-03-27_1496808_U_29,0.27436447,cv,0
2026-03-27_1496808_U_30,0.19668663,cv,0
2026-03-27_1496808_U_31,0.24306285,cv,0
2026-03-27_1496808_U_32,0.1728968,cv,0
2026-03-27_1496808_U_33,0.23407082,cv,0
2026-03-27_1496808_U_34,0.30774027,cv,0
2026-03-27_1496808_U_35,0.13955744,cv,0
2026-03-27_1496808_U_36,0.16033953,cv,0
2026-03-27_1496808_U_37,0.19737493,cv,0
2026-03-27_1496808_U_38,0.27237236,cv,0
2026-03-27_1496808_U_39,0.19908011,cv,0
2026-03-27_1496808_U_4,0.18510932,cv,0
2026-03-27_1496808_U_40,0.24856722,cv,0
2026-03-27_1496808_U_41,0.27432126,cv,0
2026-03-27_1496808_U_42,0.20989361,cv,0
2026-03-27_1496808_U_43,0.2993632,cv,0
2026-03-27_1496808_U_44,0.18576622,cv,0
2026-03-27_1496808_U_45,0.17758775,cv,0
2026-03-27_1496808_U_47,0.3214979,cv,0
2026-03-27_1496808_U_48,0.16021731,cv,0
2026-03-27_1496808_U_49,0.30813456,cv,0
2026-03-27_1496808_U_5,0.121369705,cv,0
2026-03-27_1496808_U_50,0.31152716,cv,0
2026-03-27_1496808_U_53,0.23207256,cv,0
2026-03-27_1496808_U_54,0.27584916,cv,0
2026-03-27_1496808_U_55,0.3308253,cv,0
2026-03-27_1496808_U_56,0.23992753,cv,0
2026-03-27_1496808_U_57,0.3990153,cv,0
2026-03-27_1496808_U_58,0.20339999,cv,0
2026-03-27_1496808_U_6,0.1647519,cv,0
2026-03-27_1496808_U_60,0.23851025,cv,0
2026-03-27_1496808_U_62,0.23235206,cv,0
2026-03-27_1496808_U_63,0.16521378,cv,0
2026-03-27_1496808_U_65,0.20129696,cv,0
2026-03-27_1496808_U_70,0.3066996,cv,0
2026-03-27_1496808_U_73,0.17138967,cv,0
2026-03-27_1496808_U_74,0.18752891,cv,0
2026-03-27_1496808_U_75,0.19935885,cv,0
2026-03-27_1496808_U_76,0.2744377,cv,0
2026-03-27_1496808_U_77,0.30598614,cv,0
2026-03-27_1496808_U_78,0.37356895,cv,0
2026-03-27_1496808_U_8,0.25562617,cv,0
2026-03-27_1496808_U_80,0.2351484,cv,0
2026-03-27_1496808_U_81,0.40884286,cv,0
2026-03-27_1496808_U_82,0.24110562,cv,0
2026-03-27_1496808_U_83,0.23095976,cv,0
2026-03-27_1496808_U_84,0.117803395,cv,0
2026-03-27_1496808_U_85,0.1952425,cv,0
2026-03-27_1496808_U_86,0.16041696,cv,0
2026-03-27_1496808_U_87,0.18224363,cv,0
2026-03-27_1496808_U_88,0.16546166,cv,0
2026-03-27_1496808_U_89,0.3609124,cv,0
2026-03-27_1496808_U_9,0.23099315,cv,0
2026-03-27_1496808_U_90,0.23685883,cv,0
2026-03-27_1496808_U_91,0.27640045,cv,0
2026-03-27_1496808_U_92,0.18061213,cv,0
2026-03-27_1496808_U_93,0.16677439,cv,0
2026-03-27_1496808_U_94,0.38065094,cv,0
2026-03-27_1496808_U_95,0.163169,cv,0
2026-03-27_1496808_U_96,0.49914384,cv,0
2026-03-27_1496808_U_97,0.48180556,cv,0
2026-03-27_1496808_U_98,0.39962882,cv,0
2026-03-27_1496811_U_1,0.3864283,cv,0
2026-03-27_1496811_U_10,0.3230513,cv,0
2026-03-27_1496811_U_11,0.31549042,cv,0
2026-03-27_1496811_U_12,0.25394315,cv,0
2026-03-27_1496811_U_13,0.16804594,cv,0
2026-03-27_1496811_U_14,0.23230354,cv,0
2026-03-27_1496811_U_15,0.25754073,cv,0
2026-03-27_1496811_U_16,0.2980304,cv,0
2026-03-27_1496811_U_18,0.3000664,cv,0
2026-03-27_1496811_U_19,0.22968446,cv,0
2026-03-27_1496811_U_2,0.32124767,cv,0
2026-03-27_1496811_U_20,0.23817205,cv,0
2026-03-27_1496811_U_21,0.19664495,cv,0
2026-03-27_1496811_U_22,0.21591169,cv,0
2026-03-27_1496811_U_23,0.21715431,cv,0
2026-03-27_1496811_U_24,0.20940289,cv,0
2026-03-27_1496811_U_25,0.29248145,cv,0
2026-03-27_1496811_U_26,0.25977957,cv,0
2026-03-27_1496811_U_27,0.19229387,cv,0
2026-03-27_1496811_U_28,0.26867554,cv,0
2026-03-27_1496811_U_29,0.25452024,cv,0
2026-03-27_1496811_U_3,0.44479617,cv,0
2026-03-27_1496811_U_30,0.16709885,cv,0
2026-03-27_1496811_U_31,0.26033163,cv,0
2026-03-27_1496811_U_32,0.2523238,cv,0
2026-03-27_1496811_U_33,0.28815055,cv,0
2026-03-27_1496811_U_34,0.26470095,cv,0
2026-03-27_1496811_U_35,0.18915331,cv,0
2026-03-27_1496811_U_36,0.3399604,cv,0
2026-03-27_1496811_U_37,0.22745073,cv,0
2026-03-27_1496811_U_38,0.19455926,cv,0
2026-03-27_1496811_U_39,0.32902467,cv,0
2026-03-27_1496811_U_4,0.20192115,cv,0
2026-03-27_1496811_U_40,0.20652704,cv,0
2026-03-27_1496811_U_41,0.2817333,cv,0
2026-03-27_1496811_U_42,0.26155528,cv,0
2026-03-27_1496811_U_43,0.19485371,cv,0
2026-03-27_1496811_U_44,0.2815983,cv,0
2026-03-27_1496811_U_45,0.299644,cv,0
2026-03-27_1496811_U_46,0.1827218,cv,0
2026-03-27_1496811_U_47,0.16301927,cv,0
2026-03-27_1496811_U_48,0.20526199,cv,1
2026-03-27_1496811_U_5,0.2860084,cv,0
2026-03-27_1496811_U_50,0.2880568,cv,0
2026-03-27_1496811_U_52,0.18762624,cv,1
2026-03-27_1496811_U_53,0.21236682,cv,0
2026-03-27_1496811_U_54,0.4537544,cv,0
2026-03-27_1496811_U_55,0.28098077,cv,0
2026-03-27_1496811_U_56,0.2040357,cv,0
2026-03-27_1496811_U_58,0.2575609,cv,1
2026-03-27_1496811_U_59,0.3583535,cv,0
2026-03-27_1496811_U_6,0.36046433,cv,0
2026-03-27_1496811_U_60,0.2881881,cv,1
2026-03-27_1496811_U_63,0.44245622,cv,0
2026-03-27_1496811_U_64,0.3870769,cv,0
2026-03-27_1496811_U_65,0.63385856,cv,0
2026-03-27_1496811_U_66,0.36231273,cv,0
2026-03-27_1496811_U_67,0.31671208,cv,0
2026-03-27_1496811_U_68,0.27735084,cv,0
2026-03-27_1496811_U_69,0.3781826,cv,0
2026-03-27_1496811_U_7,0.3985402,cv,0
2026-03-27_1496811_U_70,0.24032913,cv,1
2026-03-27_1496811_U_71,0.44033358,cv,0
2026-03-27_1496811_U_72,0.2755562,cv,0
2026-03-27_1496811_U_73,0.46385533,cv,0
2026-03-27_1496811_U_8,0.21262515,cv,1
2026-03-27_1496812_U_1,0.24822757,cv,0
2026-03-27_1496812_U_10,0.4710036,cv,0
2026-03-27_1496812_U_102,0.19823048,cv,0
2026-03-27_1496812_U_103,0.16269165,cv,1
2026-03-27_1496812_U_105,0.24707374,cv,0
2026-03-27_1496812_U_106,0.54337454,cv,0
2026-03-27_1496812_U_108,0.18075082,cv,0
2026-03-27_1496812_U_11,0.278629,cv,0
2026-03-27_1496812_U_110,0.19280194,cv,0
2026-03-27_1496812_U_112,0.37783587,cv,1
2026-03-27_1496812_U_114,0.24636173,cv,0
2026-03-27_1496812_U_117,0.12665923,cv,0
2026-03-27_1496812_U_118,0.20413074,cv,0
2026-03-27_1496812_U_119,0.21876767,cv,1
2026-03-27_1496812_U_12,0.30705306,cv,0
2026-03-27_1496812_U_120,0.21185808,cv,0
2026-03-27_1496812_U_121,0.15496586,cv,0
2026-03-27_1496812_U_122,0.19842312,cv,0
2026-03-27_1496812_U_123,0.27872115,cv,0
2026-03-27_1496812_U_125,0.2629014,cv,1
2026-03-27_1496812_U_126,0.18970284,cv,0
2026-03-27_1496812_U_127,0.20514548,cv,0
2026-03-27_1496812_U_128,0.28734085,cv,0
2026-03-27_1496812_U_13,0.1493262,cv,0
2026-03-27_1496812_U_130,0.18416683,cv,0
2026-03-27_1496812_U_132,0.13333505,cv,0
2026-03-27_1496812_U_133,0.34447318,cv,0
2026-03-27_1496812_U_134,0.21549559,cv,0
2026-03-27_1496812_U_135,0.120851174,cv,0
2026-03-27_1496812_U_136,0.19292164,cv,0
2026-03-27_1496812_U_137,0.25978497,cv,0
2026-03-27_1496812_U_138,0.13758403,cv,1
2026-03-27_1496812_U_139,0.07595116,cv,0
2026-03-27_1496812_U_14,0.262313,cv,0
2026-03-27_1496812_U_140,0.20658605,cv,0
2026-03-27_1496812_U_143,0.38105816,cv,1
2026-03-27_1496812_U_144,0.27865088,cv,0
2026-03-27_1496812_U_145,0.22394136,cv,0
2026-03-27_1496812_U_146,0.24272567,cv,0
2026-03-27_1496812_U_147,0.20373635,cv,0
2026-03-27_1496812_U_148,0.22926646,cv,0
2026-03-27_1496812_U_149,0.34083426,cv,0
2026-03-27_1496812_U_15,0.1475425,cv,0
2026-03-27_1496812_U_150,0.23198387,cv,1
2026-03-27_1496812_U_153,0.2506755,cv,0
2026-03-27_1496812_U_154,0.38901597,cv,0
2026-03-27_1496812_U_156,0.36960858,cv,1
2026-03-27_1496812_U_157,0.3699857,cv,0
2026-03-27_1496812_U_158,0.35278603,cv,0
2026-03-27_1496812_U_159,0.4371614,cv,0
2026-03-27_1496812_U_16,0.22827005,cv,0
2026-03-27_1496812_U_160,0.26144397,cv,0
2026-03-27_1496812_U_19,0.4592659,cv,0
2026-03-27_1496812_U_2,0.25546408,cv,0
2026-03-27_1496812_U_20,0.3646555,cv,0
2026-03-27_1496812_U_21,0.19868994,cv,0
2026-03-27_1496812_U_22,0.21912739,cv,0
2026-03-27_1496812_U_23,0.18034911,cv,0
2026-03-27_1496812_U_24,0.24419396,cv,0
2026-03-27_1496812_U_25,0.23282811,cv,0
2026-03-27_1496812_U_26,0.26161122,cv,0
2026-03-27_1496812_U_27,0.20097315,cv,0
2026-03-27_1496812_U_29,0.27824053,cv,0
2026-03-27_1496812_U_3,0.27000266,cv,0
2026-03-27_1496812_U_30,0.23263042,cv,0
2026-03-27_1496812_U_31,0.2090824,cv,0
2026-03-27_1496812_U_32,0.22455591,cv,0
2026-03-27_1496812_U_33,0.14089225,cv,0
2026-03-27_1496812_U_34,0.116755806,cv,0
2026-03-27_1496812_U_35,0.14604273,cv,0
2026-03-27_1496812_U_36,0.20319113,cv,0
2026-03-27_1496812_U_4,0.2820767,cv,0
2026-03-27_1496812_U_40,0.32651627,cv,0
2026-03-27_1496812_U_41,0.21233591,cv,0
2026-03-27_1496812_U_43,0.399685,cv,0
2026-03-27_1496812_U_44,0.17601287,cv,0
2026-03-27_1496812_U_46,0.22665977,cv,0
2026-03-27_1496812_U_47,0.2905139,cv,1
2026-03-27_1496812_U_48,0.2703559,cv,0
2026-03-27_1496812_U_5,0.19127914,cv,0
2026-03-27_1496812_U_50,0.2378659,cv,0
2026-03-27_1496812_U_51,0.23193471,cv,0
2026-03-27_1496812_U_52,0.15262648,cv,0
2026-03-27_1496812_U_53,0.18184277,cv,0
2026-03-27_1496812_U_54,0.2881289,cv,1
2026-03-27_1496812_U_58,0.14663975,cv,1
2026-03-27_1496812_U_6,0.53223157,cv,0
2026-03-27_1496812_U_60,0.27306667,cv,0
2026-03-27_1496812_U_61,0.22901134,cv,0
2026-03-27_1496812_U_62,0.2529312,cv,0
2026-03-27_1496812_U_65,0.22080897,cv,0
2026-03-27_1496812_U_66,0.27289757,cv,0
2026-03-27_1496812_U_67,0.18479702,cv,0
2026-03-27_1496812_U_68,0.17398551,cv,0
2026-03-27_1496812_U_69,0.36463925,cv,0
2026-03-27_1496812_U_7,0.2793355,cv,0
2026-03-27_1496812_U_70,0.22555386,cv,0
2026-03-27_1496812_U_71,0.23440157,cv,1
2026-03-27_1496812_U_74,0.12818293,cv,0
2026-03-27_1496812_U_75,0.23603205,cv,0
2026-03-27_1496812_U_76,0.19945836,cv,0
2026-03-27_1496812_U_77,0.19487402,cv,0
2026-03-27_1496812_U_78,0.19328925,cv,0
2026-03-27_1496812_U_79,0.1528064,cv,1
2026-03-27_1496812_U_84,0.07932259,cv,1
2026-03-27_1496812_U_85,0.18894593,cv,0
2026-03-27_1496812_U_86,0.47284085,cv,0
2026-03-27_1496812_U_87,0.58380425,cv,0
2026-03-27_1496812_U_89,0.1911596,cv,0
2026-03-27_1496812_U_9,0.18042986,cv,1
2026-03-27_1496812_U_90,0.27618164,cv,0
2026-03-27_1496812_U_91,0.1510922,cv,0
2026-03-27_1496812_U_92,0.1829504,cv,0
2026-03-27_1496812_U_93,0.21595502,cv,0
2026-03-27_1496812_U_94,0.1972827,cv,0
2026-03-27_1496812_U_95,0.19512992,cv,0
2026-03-27_1496812_U_96,0.17908375,cv,0
2026-03-27_1496812_U_97,0.18084078,cv,0
2026-03-27_1496812_U_98,0.37257,cv,0
2026-03-27_1496812_U_99,0.1356398,cv,0
2026-03-27_1496820_U_1,0.20894854,cv,0
2026-03-27_1496820_U_10,0.18276131,cv,0
2026-03-27_1496820_U_2,0.18174645,cv,1
2026-03-27_1496820_U_3,0.25219995,cv,0
2026-03-27_1496820_U_4,0.16460133,cv,0
2026-03-27_1496820_U_5,0.23515093,cv,0
2026-03-27_1496820_U_6,0.20662288,cv,0
2026-03-27_1496820_U_7,0.20382975,cv,0
2026-03-27_1496820_U_8,0.22986916,cv,0
2026-03-27_1496820_U_9,0.1788665,cv,0
2026-03-27_1497250_U_1,0.26202416,cv,0
2026-03-27_1497250_U_10,0.09584796,cv,0
2026-03-27_1497250_U_11,1.117814,cv,0
2026-03-27_1497250_U_13,0.07866751,cv,0
2026-03-27_1497250_U_17,0.27950197,cv,0
2026-03-27_1497250_U_18,0.084116995,cv,0
2026-03-27_1497250_U_19,0.13656282,cv,0
2026-03-27_1497250_U_20,3.6839285,cv,0
2026-03-27_1497250_U_21,0.21974842,cv,0
2026-03-27_1497250_U_22,0.13377523,cv,0
2026-03-27_1497250_U_23,0.13384598,cv,0
2026-03-27_1497250_U_24,0.077423275,cv,0
2026-03-27_1497250_U_26,0.1271036,cv,0
2026-03-27_1497250_U_27,0.19011742,cv,0
2026-03-27_1497250_U_29,0.3425735,cv,0
2026-03-27_1497250_U_30,0.070551254,cv,0
2026-03-27_1497250_U_31,0.14485005,cv,0
2026-03-27_1497250_U_32,0.14207897,cv,0
2026-03-27_1497250_U_33,0.09469102,cv,0
2026-03-27_1497250_U_34,0.10441347,cv,0
2026-03-27_1497250_U_35,0.09552872,cv,0
2026-03-27_1497250_U_36,0.13578412,cv,0
2026-03-27_1497250_U_38,0.14661053,cv,0
2026-03-27_1497250_U_39,0.12300308,cv,0
2026-03-27_1497250_U_43,0.1191852,cv,0
2026-03-27_1497250_U_44,1.7082925,cv,0
2026-03-27_1497250_U_45,0.10675051,cv,0
2026-03-27_1497250_U_46,4.0258427,cv,0
2026-03-27_1497250_U_47,0.07331154,cv,0
2026-03-27_1497250_U_48,0.09667223,cv,0
2026-03-27_1497250_U_49,0.22858024,cv,0
2026-03-27_1497250_U_5,0.23291996,cv,0
2026-03-27_1497250_U_50,0.12041896,cv,0
2026-03-27_1497250_U_51,0.17601088,cv,0
2026-03-27_1497250_U_52,0.21143341,cv,0
2026-03-27_1497250_U_6,0.14800662,cv,0
2026-03-27_1497250_U_7,0.6186543,cv,0
2026-03-27_1497250_U_8,0.24940854,cv,0
2026-03-27_1497250_U_9,0.1807367,cv,0
2026-03-27_1497251_U_1,0.40797922,cv,0
2026-03-27_1497251_U_10,0.4425385,cv,0
2026-03-27_1497251_U_12,0.63861597,cv,0
2026-03-27_1497251_U_13,0.61891615,cv,0
2026-03-27_1497251_U_14,0.68543977,cv,0
2026-03-27_1497251_U_15,0.44797024,cv,0
2026-03-27_1497251_U_16,0.40401268,cv,0
2026-03-27_1497251_U_17,0.5376825,cv,0
2026-03-27_1497251_U_18,0.61492836,cv,0
2026-03-27_1497251_U_19,0.44715363,cv,0
2026-03-27_1497251_U_2,0.705878,cv,0
2026-03-27_1497251_U_20,0.41239047,cv,0
2026-03-27_1497251_U_21,0.59822154,cv,0
2026-03-27_1497251_U_22,0.59335965,cv,0
2026-03-27_1497251_U_23,0.3662709,cv,0
2026-03-27_1497251_U_24,0.34280372,cv,0
2026-03-27_1497251_U_25,0.56537616,cv,0
2026-03-27_1497251_U_26,0.32687724,cv,0
2026-03-27_1497251_U_27,0.6874571,cv,1
2026-03-27_1497251_U_28,0.31411994,cv,0
2026-03-27_1497251_U_29,0.97044533,cv,0
2026-03-27_1497251_U_3,0.69740295,cv,0
2026-03-27_1497251_U_30,0.63691145,cv,1
2026-03-27_1497251_U_32,0.62675726,cv,0
2026-03-27_1497251_U_33,0.5418357,cv,0
2026-03-27_1497251_U_35,0.25997615,cv,0
2026-03-27_1497251_U_36,0.68702406,cv,0
2026-03-27_1497251_U_37,0.775921,cv,0
2026-03-27_1497251_U_38,0.69608915,cv,0
2026-03-27_1497251_U_4,0.741472,cv,0
2026-03-27_1497251_U_40,0.63716304,cv,0
2026-03-27_1497251_U_41,0.6332239,cv,0
2026-03-27_1497251_U_42,0.51173955,cv,0
2026-03-27_1497251_U_43,0.30083734,cv,0
2026-03-27_1497251_U_44,0.672704,cv,0
2026-03-27_1497251_U_46,0.9108188,cv,0
2026-03-27_1497251_U_47,0.6137047,cv,1
2026-03-27_1497251_U_49,0.6511792,cv,0
2026-03-27_1497251_U_5,0.38532138,cv,0
2026-03-27_1497251_U_50,0.61621064,cv,0
2026-03-27_1497251_U_51,0.54345846,cv,0
2026-03-27_1497251_U_52,0.7816855,cv,0
2026-03-27_1497251_U_53,0.74944687,cv,0
2026-03-27_1497251_U_55,0.53142136,cv,0
2026-03-27_1497251_U_56,0.7093422,cv,0
2026-03-27_1497251_U_57,0.5578071,cv,0
2026-03-27_1497251_U_58,0.65291786,cv,0
2026-03-27_1497251_U_59,0.4994652,cv,0
2026-03-27_1497251_U_6,0.7800099,cv,0
2026-03-27_1497251_U_60,0.6705091,cv,0
2026-03-27_1497251_U_61,0.6896967,cv,0
2026-03-27_1497251_U_65,0.84771633,cv,0
2026-03-27_1497251_U_66,0.60503024,cv,0
2026-03-27_1497251_U_67,0.8418388,cv,0
2026-03-27_1497251_U_68,0.5282798,cv,0
2026-03-27_1497251_U_69,0.2998824,cv,1
2026-03-27_1497251_U_7,0.75201976,cv,0
2026-03-27_1497251_U_70,0.6236218,cv,0
2026-03-27_1497251_U_72,0.3204678,cv,0
2026-03-27_1497251_U_73,0.63916373,cv,0
2026-03-27_1497251_U_74,0.8050436,cv,0
2026-03-27_1497251_U_8,0.69218576,cv,0
2026-03-27_1497251_U_9,0.60464406,cv,0
2026-03-27_1497252_U_1,0.5511186,cv,1
2026-03-27_1497252_U_10,0.5133502,cv,0
2026-03-27_1497252_U_11,0.5544896,cv,0
2026-03-27_1497252_U_12,0.32679772,cv,0
2026-03-27_1497252_U_13,0.66687125,cv,0
2026-03-27_1497252_U_14,0.6723299,cv,0
2026-03-27_1497252_U_2,0.7229967,cv,0
2026-03-27_1497252_U_21,0.61844337,cv,1
2026-03-27_1497252_U_22,0.642279,cv,0
2026-03-27_1497252_U_23,0.6918103,cv,0
2026-03-27_1497252_U_24,0.6556642,cv,0
2026-03-27_1497252_U_26,0.45635042,cv,0
2026-03-27_1497252_U_27,0.5870812,cv,0
2026-03-27_1497252_U_28,0.4287483,cv,0
2026-03-27_1497252_U_29,0.63329196,cv,0
2026-03-27_1497252_U_3,0.7559998,cv,0
2026-03-27_1497252_U_31,0.7356469,cv,0
2026-03-27_1497252_U_32,0.339493,cv,1
2026-03-27_1497252_U_33,0.376424,cv,0
2026-03-27_1497252_U_34,0.6088526,cv,0
2026-03-27_1497252_U_35,0.46747276,cv,0
2026-03-27_1497252_U_36,0.4545811,cv,1
2026-03-27_1497252_U_4,0.4897886,cv,0
2026-03-27_1497252_U_40,0.46065614,cv,0
2026-03-27_1497252_U_41,0.5577667,cv,0
2026-03-27_1497252_U_42,0.33616552,cv,0
2026-03-27_1497252_U_43,0.48788676,cv,0
2026-03-27_1497252_U_44,0.82970065,cv,0
2026-03-27_1497252_U_45,0.73761475,cv,0
2026-03-27_1497252_U_46,0.8734169,cv,0
2026-03-27_1497252_U_48,0.6507946,cv,0
2026-03-27_1497252_U_5,0.61003363,cv,0
2026-03-27_1497252_U_50,2.5032783,cv,0
2026-03-27_1497252_U_51,1.3280858,cv,0
2026-03-27_1497252_U_52,0.67992723,cv,0
2026-03-27_1497252_U_53,0.5695336,cv,0
2026-03-27_1497252_U_54,0.5629578,cv,0
2026-03-27_1497252_U_55,0.3903507,cv,1
2026-03-27_1497252_U_57,0.43877515,cv,0
2026-03-27_1497252_U_58,0.46078882,cv,1
2026-03-27_1497252_U_59,0.4903308,cv,0
2026-03-27_1497252_U_6,0.6549436,cv,0
2026-03-27_1497252_U_60,0.39998698,cv,0
2026-03-27_1497252_U_62,0.6223561,cv,0
2026-03-27_1497252_U_63,0.6981852,cv,0
2026-03-27_1497252_U_64,0.7212782,cv,0
2026-03-27_1497252_U_66,0.56829333,cv,1
2026-03-27_1497252_U_67,0.51800674,cv,1
2026-03-27_1497252_U_68,0.6660615,cv,1
2026-03-27_1497252_U_69,0.61834717,cv,0
2026-03-27_1497252_U_7,0.52982414,cv,0
2026-03-27_1497252_U_70,0.6721806,cv,0
2026-03-27_1497252_U_71,0.63902795,cv,0
2026-03-27_1497252_U_72,0.55470836,cv,0
2026-03-27_1497252_U_73,0.53896046,cv,0
2026-03-27_1497252_U_75,0.50599456,cv,0
2026-03-27_1497252_U_76,0.4458624,cv,0
2026-03-27_1497252_U_77,0.44582957,cv,0
2026-03-27_1497252_U_78,0.5102829,cv,1
2026-03-27_1497252_U_8,0.3727995,cv,1
2026-03-27_1497252_U_80,0.6302097,cv,0
2026-03-27_1497252_U_9,1.1079285,cv,0
2026-03-27_1497253_U_1,0.7604038,cv,0
2026-03-27_1497253_U_10,0.54257816,cv,0
2026-03-27_1497253_U_100,0.7086362,cv,0
2026-03-27_1497253_U_11,0.24133496,cv,0
2026-03-27_1497253_U_13,0.6779928,cv,0
2026-03-27_1497253_U_15,0.79140687,cv,0
2026-03-27_1497253_U_16,0.4537147,cv,1
2026-03-27_1497253_U_19,0.45133322,cv,0
2026-03-27_1497253_U_2,0.5174898,cv,0
2026-03-27_1497253_U_20,0.6230932,cv,0
2026-03-27_1497253_U_21,0.5996072,cv,1
2026-03-27_1497253_U_22,0.7741956,cv,0
2026-03-27_1497253_U_23,0.614945,cv,0
2026-03-27_1497253_U_25,0.3964243,cv,0
2026-03-27_1497253_U_26,0.5071716,cv,0
2026-03-27_1497253_U_27,0.7798457,cv,1
2026-03-27_1497253_U_28,0.53045624,cv,1
2026-03-27_1497253_U_31,0.33907944,cv,0
2026-03-27_1497253_U_33,0.6527709,cv,0
2026-03-27_1497253_U_34,0.3865944,cv,0
2026-03-27_1497253_U_35,0.49207732,cv,0
2026-03-27_1497253_U_40,0.552215,cv,0
2026-03-27_1497253_U_41,0.61653006,cv,0
2026-03-27_1497253_U_43,0.49465618,cv,1
2026-03-27_1497253_U_44,0.35077485,cv,0
2026-03-27_1497253_U_46,0.5503423,cv,0
2026-03-27_1497253_U_47,0.61079305,cv,0
2026-03-27_1497253_U_48,0.5491125,cv,0
2026-03-27_1497253_U_49,0.31027234,cv,1
2026-03-27_1497253_U_5,0.6179054,cv,0
2026-03-27_1497253_U_50,0.5068442,cv,0
2026-03-27_1497253_U_51,0.69856524,cv,0
2026-03-27_1497253_U_52,0.7353434,cv,0
2026-03-27_1497253_U_53,0.7317141,cv,0
2026-03-27_1497253_U_54,0.6574101,cv,0
2026-03-27_1497253_U_55,0.7253625,cv,0
2026-03-27_1497253_U_56,0.47558284,cv,0
2026-03-27_1497253_U_57,0.5989373,cv,0
2026-03-27_1497253_U_58,0.9547083,cv,0
2026-03-27_1497253_U_60,0.4582824,cv,0
2026-03-27_1497253_U_61,0.35017085,cv,0
2026-03-27_1497253_U_63,0.6301309,cv,0
2026-03-27_1497253_U_64,0.3981031,cv,0
2026-03-27_1497253_U_66,0.6626544,cv,0
2026-03-27_1497253_U_69,0.63474023,cv,0
2026-03-27_1497253_U_7,0.521124,cv,0
2026-03-27_1497253_U_70,0.61907333,cv,0
2026-03-27_1497253_U_72,0.40557262,cv,1
2026-03-27_1497253_U_73,0.58147657,cv,0
2026-03-27_1497253_U_75,0.40504584,cv,0
2026-03-27_1497253_U_77,0.5740685,cv,1
2026-03-27_1497253_U_80,1.4100798,cv,0
2026-03-27_1497253_U_81,0.5068967,cv,0
2026-03-27_1497253_U_83,0.6185875,cv,0
2026-03-27_1497253_U_85,0.6260667,cv,0
2026-03-27_1497253_U_88,0.4702326,cv,1
2026-03-27_1497253_U_90,0.652936,cv,0
2026-03-27_1497253_U_93,0.6639264,cv,0
2026-03-27_1497253_U_94,0.38554513,cv,0
2026-03-27_1497253_U_95,0.7375264,cv,0
2026-03-27_1497253_U_96,0.20242569,cv,0
2026-03-27_1497253_U_98,0.43989444,cv,0
2026-03-27_1497253_U_99,0.54968965,cv,0
2026-03-27_1497255_U_1,0.4302631,cv,0
2026-03-27_1497255_U_10,0.3851951,cv,0
2026-03-27_1497255_U_100,0.24711344,cv,0
2026-03-27_1497255_U_101,0.21511988,cv,0
2026-03-27_1497255_U_102,0.46419597,cv,0
2026-03-27_1497255_U_103,0.3822597,cv,0
2026-03-27_1497255_U_104,0.43737206,cv,0
2026-03-27_1497255_U_105,0.63907444,cv,0
2026-03-27_1497255_U_106,0.25963068,cv,0
2026-03-27_1497255_U_108,0.3720356,cv,1
2026-03-27_1497255_U_109,0.19245492,cv,0
2026-03-27_1497255_U_11,0.30307075,cv,0
2026-03-27_1497255_U_110,0.22050838,cv,1
2026-03-27_1497255_U_111,0.17548625,cv,0
2026-03-27_1497255_U_112,0.725116,cv,0
2026-03-27_1497255_U_113,0.3399849,cv,0
2026-03-27_1497255_U_114,0.7044017,cv,0
2026-03-27_1497255_U_115,0.39560387,cv,0
2026-03-27_1497255_U_116,0.35462135,cv,1
2026-03-27_1497255_U_117,0.30635008,cv,1
2026-03-27_1497255_U_118,0.26770413,cv,1
2026-03-27_1497255_U_119,0.26097053,cv,1
2026-03-27_1497255_U_12,0.4571038,cv,0
2026-03-27_1497255_U_120,0.7911017,cv,1
2026-03-27_1497255_U_121,0.6374767,cv,1
2026-03-27_1497255_U_122,0.5460981,cv,1
2026-03-27_1497255_U_123,1.0058093,cv,0
2026-03-27_1497255_U_124,0.25967127,cv,0
2026-03-27_1497255_U_125,0.11457455,cv,0
2026-03-27_1497255_U_126,0.24871677,cv,0
2026-03-27_1497255_U_127,0.16848981,cv,0
2026-03-27_1497255_U_128,0.21015535,cv,0
2026-03-27_1497255_U_129,0.1995254,cv,0
2026-03-27_1497255_U_13,0.40709043,cv,0
2026-03-27_1497255_U_131,0.29645592,cv,1
2026-03-27_1497255_U_133,0.47907242,cv,0
2026-03-27_1497255_U_134,0.37938166,cv,0
2026-03-27_1497255_U_135,0.27220482,cv,0
2026-03-27_1497255_U_136,0.31072605,cv,0
2026-03-27_1497255_U_137,0.4147873,cv,0
2026-03-27_1497255_U_138,0.20932953,cv,0
2026-03-27_1497255_U_139,0.12437034,cv,0
2026-03-27_1497255_U_14,0.23052125,cv,0
2026-03-27_1497255_U_140,0.18344307,cv,0
2026-03-27_1497255_U_141,0.22364786,cv,0
2026-03-27_1497255_U_142,0.35939488,cv,0
2026-03-27_1497255_U_143,0.33910614,cv,0
2026-03-27_1497255_U_144,0.25796074,cv,0
2026-03-27_1497255_U_145,0.30858976,cv,0
2026-03-27_1497255_U_146,0.39187926,cv,0
2026-03-27_1497255_U_147,0.26067948,cv,0
2026-03-27_1497255_U_148,0.25194502,cv,0
2026-03-27_1497255_U_149,0.58238035,cv,0
2026-03-27_1497255_U_15,0.4695912,cv,0
2026-03-27_1497255_U_16,0.30624622,cv,0
2026-03-27_1497255_U_17,0.45097217,cv,1
2026-03-27_1497255_U_19,0.26476273,cv,0
2026-03-27_1497255_U_2,0.45248508,cv,0
2026-03-27_1497255_U_20,0.1844939,cv,0
2026-03-27_1497255_U_21,0.24877384,cv,0
2026-03-27_1497255_U_22,0.388224,cv,0
2026-03-27_1497255_U_23,0.39705527,cv,0
2026-03-27_1497255_U_24,0.3926936,cv,0
2026-03-27_1497255_U_25,0.2359707,cv,0
2026-03-27_1497255_U_26,0.29245016,cv,0
2026-03-27_1497255_U_27,0.22817382,cv,0
2026-03-27_1497255_U_28,0.33053082,cv,0
2026-03-27_1497255_U_29,0.24589638,cv,1
2026-03-27_1497255_U_3,0.2587592,cv,0
2026-03-27_1497255_U_30,0.23611963,cv,0
2026-03-27_1497255_U_31,0.23435462,cv,0
2026-03-27_1497255_U_32,0.21364668,cv,1
2026-03-27_1497255_U_33,0.41168177,cv,0
2026-03-27_1497255_U_34,0.2480216,cv,0
2026-03-27_1497255_U_35,0.3258872,cv,0
2026-03-27_1497255_U_36,0.43782443,cv,0
2026-03-27_1497255_U_37,0.23238707,cv,0
2026-03-27_1497255_U_38,0.2237246,cv,1
2026-03-27_1497255_U_39,0.23706566,cv,0
2026-03-27_1497255_U_4,0.4368152,cv,0
2026-03-27_1497255_U_40,0.2925169,cv,0
2026-03-27_1497255_U_41,0.5009378,cv,0
2026-03-27_1497255_U_42,0.55145216,cv,0
2026-03-27_1497255_U_44,0.37640625,cv,0
2026-03-27_1497255_U_45,0.33741397,cv,0
2026-03-27_1497255_U_46,0.4648499,cv,0
2026-03-27_1497255_U_47,0.43946743,cv,0
2026-03-27_1497255_U_48,0.17924629,cv,0
2026-03-27_1497255_U_49,0.31186226,cv,1
2026-03-27_1497255_U_5,0.19872294,cv,1
2026-03-27_1497255_U_50,0.25514373,cv,0
2026-03-27_1497255_U_51,0.47962973,cv,0
2026-03-27_1497255_U_52,0.26752648,cv,0
2026-03-27_1497255_U_53,0.13439932,cv,0
2026-03-27_1497255_U_54,0.3626564,cv,0
2026-03-27_1497255_U_55,0.29249388,cv,0
2026-03-27_1497255_U_56,0.23912027,cv,0
2026-03-27_1497255_U_60,0.3165288,cv,0
2026-03-27_1497255_U_61,0.14553915,cv,0
2026-03-27_1497255_U_63,0.14488108,cv,1
2026-03-27_1497255_U_64,0.59295964,cv,0
2026-03-27_1497255_U_65,0.43998975,cv,0
2026-03-27_1497255_U_66,0.24163637,cv,0
2026-03-27_1497255_U_67,0.2322908,cv,0
2026-03-27_1497255_U_69,0.18315479,cv,1
2026-03-27_1497255_U_7,0.25379944,cv,1
2026-03-27_1497255_U_73,0.19321774,cv,0
2026-03-27_1497255_U_74,0.2587102,cv,1
2026-03-27_1497255_U_75,0.3093059,cv,1
2026-03-27_1497255_U_76,0.9306433,cv,0
2026-03-27_1497255_U_77,0.2800507,cv,0
2026-03-27_1497255_U_78,0.41081953,cv,0
2026-03-27_1497255_U_79,0.23133747,cv,0
2026-03-27_1497255_U_80,0.3646444,cv,0
2026-03-27_1497255_U_83,0.21477091,cv,0
2026-03-27_1497255_U_84,0.28024134,cv,0
2026-03-27_1497255_U_85,0.27091616,cv,0
2026-03-27_1497255_U_86,0.36455402,cv,0
2026-03-27_1497255_U_88,0.4304965,cv,0
2026-03-27_1497255_U_89,0.25822556,cv,0
2026-03-27_1497255_U_9,0.24828434,cv,0
2026-03-27_1497255_U_90,0.14362594,cv,0
2026-03-27_1497255_U_92,0.1557315,cv,0
2026-03-27_1497255_U_93,0.39114183,cv,0
2026-03-27_1497255_U_94,0.34838945,cv,0
2026-03-27_1497255_U_95,0.3184002,cv,1
2026-03-27_1497255_U_96,0.33856028,cv,0
2026-03-27_1497255_U_97,0.4248968,cv,0
2026-03-27_1497256_U_1,0.38970268,cv,0
2026-03-27_1497256_U_10,0.3774241,cv,0
2026-03-27_1497256_U_11,0.29247558,cv,0
2026-03-27_1497256_U_12,0.22247976,cv,0
2026-03-27_1497256_U_13,0.24895301,cv,0
2026-03-27_1497256_U_14,0.2156506,cv,0
2026-03-27_1497256_U_15,0.18723959,cv,0
2026-03-27_1497256_U_16,0.27863598,cv,0
2026-03-27_1497256_U_17,0.35002565,cv,1
2026-03-27_1497256_U_18,0.2775268,cv,0
2026-03-27_1497256_U_19,0.27206284,cv,0
2026-03-27_1497256_U_2,0.30714127,cv,0
2026-03-27_1497256_U_20,0.33363676,cv,0
2026-03-27_1497256_U_21,0.252167,cv,0
2026-03-27_1497256_U_22,0.24561593,cv,0
2026-03-27_1497256_U_23,0.23759195,cv,1
2026-03-27_1497256_U_24,0.23433177,cv,0
2026-03-27_1497256_U_25,0.21634273,cv,0
2026-03-27_1497256_U_26,0.36931574,cv,0
2026-03-27_1497256_U_27,0.28190917,cv,0
2026-03-27_1497256_U_28,0.43988556,cv,0
2026-03-27_1497256_U_29,0.30195755,cv,0
2026-03-27_1497256_U_3,0.3117535,cv,0
2026-03-27_1497256_U_30,0.23755263,cv,0
2026-03-27_1497256_U_31,0.23569521,cv,0
2026-03-27_1497256_U_32,0.22276936,cv,0
2026-03-27_1497256_U_33,0.25596228,cv,0
2026-03-27_1497256_U_34,0.23778898,cv,0
2026-03-27_1497256_U_35,0.33718976,cv,0
2026-03-27_1497256_U_36,0.23699324,cv,0
2026-03-27_1497256_U_37,0.30118486,cv,0
2026-03-27_1497256_U_38,0.25397283,cv,0
2026-03-27_1497256_U_39,0.2365803,cv,0
2026-03-27_1497256_U_4,0.2604601,cv,0
2026-03-27_1497256_U_40,0.3355802,cv,0
2026-03-27_1497256_U_42,0.28256738,cv,0
2026-03-27_1497256_U_44,0.32003278,cv,0
2026-03-27_1497256_U_45,0.2126357,cv,0
2026-03-27_1497256_U_46,0.20537636,cv,0
2026-03-27_1497256_U_47,0.23541562,cv,0
2026-03-27_1497256_U_5,0.30593634,cv,0
2026-03-27_1497256_U_51,0.77821434,cv,0
2026-03-27_1497256_U_52,0.29922652,cv,0
2026-03-27_1497256_U_53,0.21016614,cv,0
2026-03-27_1497256_U_54,0.7420973,cv,0
2026-03-27_1497256_U_55,0.16760705,cv,1
2026-03-27_1497256_U_56,0.46458644,cv,1
2026-03-27_1497256_U_57,0.22598621,cv,0
2026-03-27_1497256_U_58,0.23936765,cv,0
2026-03-27_1497256_U_59,0.2340369,cv,1
2026-03-27_1497256_U_6,0.3067503,cv,1
2026-03-27_1497256_U_60,0.25895783,cv,0
2026-03-27_1497256_U_61,0.4635988,cv,0
2026-03-27_1497256_U_62,0.3454634,cv,0
2026-03-27_1497256_U_64,0.61516094,cv,0
2026-03-27_1497256_U_66,0.24692869,cv,0
2026-03-27_1497256_U_67,0.22598569,cv,0
2026-03-27_1497256_U_68,0.18313468,cv,0
2026-03-27_1497256_U_69,0.28179103,cv,0
2026-03-27_1497256_U_7,0.23325893,cv,0
2026-03-27_1497256_U_70,0.19033198,cv,1
2026-03-27_1497256_U_72,0.33814916,cv,1
2026-03-27_1497256_U_74,0.25098628,cv,0
2026-03-27_1497256_U_75,0.24869047,cv,0
2026-03-27_1497256_U_76,0.2255728,cv,0
2026-03-27_1497256_U_77,0.2901251,cv,0
2026-03-27_1497256_U_78,0.3421644,cv,0
2026-03-27_1497256_U_79,0.25092274,cv,0
2026-03-27_1497256_U_80,0.2670698,cv,0
2026-03-27_1497256_U_81,0.27817404,cv,0
2026-03-27_1497256_U_82,0.33760175,cv,0
2026-03-27_1497256_U_83,0.20158654,cv,1
2026-03-27_1497256_U_84,0.20967017,cv,0
2026-03-27_1497256_U_85,0.20168261,cv,0
2026-03-27_1497256_U_86,0.25944257,cv,0
2026-03-27_1497256_U_87,0.29913607,cv,1
2026-03-27_1497256_U_89,0.13168898,cv,0
2026-03-27_1497256_U_9,0.21764842,cv,0
2026-03-27_1497256_U_90,0.23647217,cv,0
2026-03-27_1497256_U_91,0.25717115,cv,1
2026-03-27_1497256_U_92,0.39936745,cv,1
2026-03-27_1497256_U_93,0.33184043,cv,0
2026-03-27_1497256_U_94,0.31643087,cv,0
2026-03-27_1497256_U_95,0.41484445,cv,0
2026-03-27_1497256_U_96,0.3752029,cv,0
2026-03-27_1497256_U_97,0.43079948,cv,0
2026-03-27_1497256_U_98,0.27502373,cv,0
2026-03-28_1211316_S_1,0.22079891,cv,0
2026-03-28_1211316_S_15,0.17550436,cv,1
2026-03-28_1211316_S_19,0.23370343,cv,0
2026-03-28_1211316_S_2,0.21608534,cv,1
2026-03-28_1211316_S_3,0.20648788,cv,0
2026-03-28_1211316_S_4,0.16660202,cv,1
2026-03-28_1211316_S_5,0.11061075,cv,0
2026-03-28_1211318_S_1,0.15856294,cv,0
2026-03-28_1211318_S_10,0.19970606,cv,0
2026-03-28_1211318_S_11,0.2317568,cv,0
2026-03-28_1211318_S_12,1.1400126,cv,1
2026-03-28_1211318_S_13,0.2066087,cv,0
2026-03-28_1211318_S_14,0.23102868,cv,0
2026-03-28_1211318_S_16,0.19915491,cv,0
2026-03-28_1211318_S_17,0.13202041,cv,0
2026-03-28_1211318_S_18,0.20756541,cv,0
2026-03-28_1211318_S_19,0.2100006,cv,0
2026-03-28_1211318_S_2,0.12469497,cv,0
2026-03-28_1211318_S_20,0.17332308,cv,0
2026-03-28_1211318_S_21,0.16376811,cv,0
2026-03-28_1211318_S_22,0.33010638,cv,0
2026-03-28_1211318_S_23,0.09873578,cv,0
2026-03-28_1211318_S_24,0.14610234,cv,0
2026-03-28_1211318_S_25,0.29608646,cv,0
2026-03-28_1211318_S_26,0.16671532,cv,0
2026-03-28_1211318_S_27,0.21957466,cv,0
2026-03-28_1211318_S_28,0.13539504,cv,1
2026-03-28_1211318_S_29,0.19693938,cv,0
2026-03-28_1211318_S_3,0.196205,cv,1
2026-03-28_1211318_S_30,0.2214804,cv,0
2026-03-28_1211318_S_33,0.19781551,cv,0
2026-03-28_1211318_S_34,0.18630466,cv,0
2026-03-28_1211318_S_35,0.18530004,cv,0
2026-03-28_1211318_S_36,0.37759298,cv,0
2026-03-28_1211318_S_37,0.17312932,cv,0
2026-03-28_1211318_S_4,0.1647541,cv,1
2026-03-28_1211318_S_43,0.13095444,cv,0
2026-03-28_1211318_S_44,0.14185457,cv,0
2026-03-28_1211318_S_5,0.17808108,cv,0
2026-03-28_1211318_S_6,0.14780402,cv,0
2026-03-28_1211318_S_7,0.19572368,cv,0
2026-03-28_1211318_S_9,0.37757808,cv,0
2026-03-28_1219443_S_1,0.34018812,cv,0
2026-03-28_1219443_S_11,0.14229123,cv,0
2026-03-28_1219443_S_12,0.2927946,cv,1
2026-03-28_1219443_S_15,0.7122313,cv,0
2026-03-28_1219443_S_2,0.39067218,cv,0
2026-03-28_1219443_S_3,0.46613678,cv,1
2026-03-28_1219443_S_4,0.2437368,cv,0
2026-03-28_1219443_S_5,0.21877751,cv,1
2026-03-28_1219443_S_7,0.20228934,cv,0
2026-03-28_1219450_S_1,0.2785791,cv,0
2026-03-28_1219450_S_10,0.1472242,cv,0
2026-03-28_1219450_S_11,0.19339596,cv,0
2026-03-28_1219450_S_12,0.21548128,cv,0
2026-03-28_1219450_S_13,0.28779346,cv,1
2026-03-28_1219450_S_2,0.23252589,cv,1
2026-03-28_1219450_S_6,0.23513621,cv,0
2026-03-28_1219450_S_7,0.24753444,cv,1
2026-03-28_1219450_S_8,0.30453277,cv,1
2026-03-28_1220192_S_1,0.29987174,cv,0
2026-03-28_1220192_S_11,0.24691,cv,0
2026-03-28_1220192_S_12,0.18934076,cv,1
2026-03-28_1220192_S_14,0.14900926,cv,1
2026-03-28_1220192_S_15,0.27101418,cv,0
2026-03-28_1220192_S_16,0.3458973,cv,1
2026-03-28_1220192_S_18,0.23522791,cv,0
2026-03-28_1220192_S_2,0.18210757,cv,0
2026-03-28_1220192_S_21,0.11990076,cv,0
2026-03-28_1220192_S_24,0.14619152,cv,1
2026-03-28_1220192_S_25,0.18431783,cv,1
2026-03-28_1220192_S_28,0.2511481,cv,0
2026-03-28_1220192_S_29,0.35391712,cv,1
2026-03-28_1220192_S_32,0.5276898,cv,1
2026-03-28_1220192_S_37,0.22864872,cv,0
2026-03-28_1220192_S_39,0.14314213,cv,1
2026-03-28_1220192_S_4,0.29608208,cv,1
2026-03-28_1220192_S_42,0.25984278,cv,1
2026-03-28_1220192_S_43,0.20117335,cv,1
2026-03-28_1220192_S_47,0.29102582,cv,1
2026-03-28_1220192_S_5,0.42145437,cv,0
2026-03-28_1220192_S_50,0.49940073,cv,0
2026-03-28_1220192_S_53,0.49497744,cv,1
2026-03-28_1220192_S_6,0.36545274,cv,0
2026-03-28_1220192_S_8,0.39336953,cv,0
2026-03-28_1220192_S_9,0.40471753,cv,0
2026-03-28_1235940_S_1,1.4844264,cv,0
2026-03-28_1235940_S_10,0.21392944,cv,0
2026-03-28_1235940_S_11,0.15014856,cv,0
2026-03-28_1235940_S_13,0.1496013,cv,0
2026-03-28_1235940_S_14,0.14295173,cv,0
2026-03-28_1235940_S_15,0.14177153,cv,0
2026-03-28_1235940_S_16,0.19486342,cv,0
2026-03-28_1235940_S_17,0.07818987,cv,0
2026-03-28_1235940_S_18,1.4169362,cv,0
2026-03-28_1235940_S_2,1.090733,cv,0
2026-03-28_1235940_S_20,0.240239,cv,0
2026-03-28_1235940_S_22,0.64028645,cv,0
2026-03-28_1235940_S_23,1.9083275,cv,0
2026-03-28_1235940_S_3,0.41376755,cv,1
2026-03-28_1235940_S_6,0.24410103,cv,1
2026-03-28_1235940_S_7,1.2866018,cv,1
2026-03-28_1235940_S_8,0.122012064,cv,0
2026-03-28_1235940_S_9,0.15384865,cv,0
2026-03-28_1246638_S_1,0.35701105,cv,0
2026-03-28_1246638_S_13,0.24552129,cv,0
2026-03-28_1246638_S_14,0.24941054,cv,1
2026-03-28_1246638_S_18,0.4201423,cv,1
2026-03-28_1246638_S_19,0.42953798,cv,0
2026-03-28_1246638_S_2,0.2770077,cv,0
2026-03-28_1246638_S_20,0.26163137,cv,1
2026-03-28_1246638_S_21,0.21332338,cv,0
2026-03-28_1246638_S_22,0.3908754,cv,0
2026-03-28_1246638_S_23,0.2825917,cv,0
2026-03-28_1246638_S_24,0.2709388,cv,1
2026-03-28_1246638_S_3,0.3228395,cv,0
2026-03-28_1246638_S_4,0.46116227,cv,1
2026-03-28_1246638_S_5,0.2651943,cv,1
2026-03-28_1246638_S_6,0.41994652,cv,0
2026-03-28_1246638_S_7,0.2767558,cv,0
2026-03-28_1246638_S_8,0.23939419,cv,0
2026-03-28_1246638_S_9,0.21248159,cv,0
2026-03-28_1284720_S_10,0.20561199,cv,0
2026-03-28_1284720_S_12,0.11973821,cv,0
2026-03-28_1284720_S_13,0.34636843,cv,0
2026-03-28_1284720_S_14,0.2617943,cv,0
2026-03-28_1284720_S_23,0.23707776,cv,1
2026-03-28_1284720_S_24,0.20461789,cv,0
2026-03-28_1284720_S_26,0.18407068,cv,0
2026-03-28_1284720_S_27,0.2678613,cv,1
2026-03-28_1284720_S_9,0.25843793,cv,0
2026-03-28_1285376_S_79,0.9417577,cv,0
2026-03-28_1286285_S_1,0.43343878,cv,0
2026-03-28_1286285_S_11,0.2929509,cv,0
2026-03-28_1286285_S_12,0.29327145,cv,0
2026-03-28_1286285_S_13,0.5304228,cv,0
2026-03-28_1286285_S_14,0.93601036,cv,0
2026-03-28_1286285_S_17,0.386375,cv,0
2026-03-28_1286285_S_18,0.39445466,cv,0
2026-03-28_1286285_S_19,0.6301534,cv,0
2026-03-28_1286285_S_4,0.25765613,cv,1
2026-03-28_1286285_S_5,0.2955685,cv,1
2026-03-28_1286287_S_1,2.3721066,cv,0
2026-03-28_1286287_S_12,2.335394,cv,0
2026-03-28_1286287_S_13,1.9232712,cv,0
2026-03-28_1286287_S_14,2.310246,cv,0
2026-03-28_1286287_S_15,2.1681442,cv,0
2026-03-28_1286287_S_16,2.5863082,cv,0
2026-03-28_1286287_S_2,0.31345332,cv,1
2026-03-28_1286287_S_4,0.2546656,cv,0
2026-03-28_1289455_S_10,0.14220345,cv,0
2026-03-28_1289455_S_11,0.15396246,cv,0
2026-03-28_1289455_S_12,0.093603276,cv,0
2026-03-28_1289455_S_13,0.14156546,cv,0
2026-03-28_1289455_S_14,0.115350954,cv,0
2026-03-28_1289455_S_15,0.10156678,cv,0
2026-03-28_1289455_S_17,0.12527698,cv,0
2026-03-28_1289455_S_18,0.11217775,cv,0
2026-03-28_1289455_S_19,0.10754648,cv,0
2026-03-28_1289455_S_21,0.1586377,cv,0
2026-03-28_1289455_S_22,0.14607367,cv,0
2026-03-28_1289455_S_23,0.17810957,cv,0
2026-03-28_1289455_S_24,0.25568664,cv,0
2026-03-28_1289455_S_25,0.14958923,cv,0
2026-03-28_1289455_S_26,0.13442321,cv,0
2026-03-28_1289455_S_27,0.14537837,cv,0
2026-03-28_1289455_S_29,0.15398735,cv,0
2026-03-28_1289455_S_3,0.16563943,cv,0
2026-03-28_1289455_S_30,0.1712176,cv,0
2026-03-28_1289455_S_31,0.3261418,cv,0
2026-03-28_1289455_S_32,0.11355017,cv,0
2026-03-28_1289455_S_33,0.11980026,cv,0
2026-03-28_1289455_S_34,0.11442938,cv,0
2026-03-28_1289455_S_35,0.13275115,cv,0
2026-03-28_1289455_S_36,0.1392391,cv,0
2026-03-28_1289455_S_37,0.16865431,cv,0
2026-03-28_1289455_S_38,0.1318079,cv,0
2026-03-28_1289455_S_39,0.15168598,cv,0
2026-03-28_1289455_S_4,0.14446984,cv,0
2026-03-28_1289455_S_40,0.16152322,cv,0
2026-03-28_1289455_S_42,0.19031,cv,0
2026-03-28_1289455_S_43,0.18708977,cv,0
2026-03-28_1289455_S_44,0.12588018,cv,0
2026-03-28_1289455_S_45,0.107939504,cv,0
2026-03-28_1289455_S_46,0.36272508,cv,0
2026-03-28_1289455_S_47,0.13768002,cv,0
2026-03-28_1289455_S_48,0.2260094,cv,0
2026-03-28_1289455_S_5,0.14304888,cv,1
2026-03-28_1289455_S_51,0.21271746,cv,0
2026-03-28_1289455_S_52,0.10771861,cv,0
2026-03-28_1289455_S_53,0.14774558,cv,0
2026-03-28_1289455_S_55,0.13230154,cv,0
2026-03-28_1289455_S_56,0.14163528,cv,0
2026-03-28_1289455_S_57,0.15916994,cv,0
2026-03-28_1289455_S_58,0.27533013,cv,0
2026-03-28_1289455_S_59,0.15282242,cv,0
2026-03-28_1289455_S_60,0.116579615,cv,0
2026-03-28_1289455_S_61,0.1525867,cv,0
2026-03-28_1289455_S_62,0.2409027,cv,0
2026-03-28_1289455_S_63,0.8468935,cv,1
2026-03-28_1289455_S_65,0.10688029,cv,0
2026-03-28_1289455_S_66,0.15541045,cv,0
2026-03-28_1289455_S_7,0.15787151,cv,0
2026-03-28_1289455_S_8,0.13352464,cv,0
2026-03-28_1289455_S_9,0.1564467,cv,0
2026-03-28_1289456_S_1,0.20347214,cv,0
2026-03-28_1289456_S_10,0.12665665,cv,0
2026-03-28_1289456_S_11,0.15761858,cv,0
2026-03-28_1289456_S_12,0.17433631,cv,0
2026-03-28_1289456_S_13,0.32176742,cv,0
2026-03-28_1289456_S_14,0.17426473,cv,0
2026-03-28_1289456_S_15,0.2235177,cv,0
2026-03-28_1289456_S_16,0.1954551,cv,0
2026-03-28_1289456_S_17,0.21685371,cv,0
2026-03-28_1289456_S_18,0.32458913,cv,0
2026-03-28_1289456_S_2,0.29187137,cv,0
2026-03-28_1289456_S_20,0.22085807,cv,0
2026-03-28_1289456_S_21,0.28159088,cv,0
2026-03-28_1289456_S_22,0.17246847,cv,0
2026-03-28_1289456_S_23,0.15226863,cv,0
2026-03-28_1289456_S_24,0.15773019,cv,0
2026-03-28_1289456_S_25,0.31334266,cv,0
2026-03-28_1289456_S_26,0.16457126,cv,0
2026-03-28_1289456_S_27,0.17056346,cv,0
2026-03-28_1289456_S_28,0.18025403,cv,0
2026-03-28_1289456_S_29,0.13804552,cv,0
2026-03-28_1289456_S_3,0.17364416,cv,0
2026-03-28_1289456_S_30,0.1703903,cv,0
2026-03-28_1289456_S_31,0.14172201,cv,0
2026-03-28_1289456_S_32,0.21146494,cv,1
2026-03-28_1289456_S_33,0.22553968,cv,1
2026-03-28_1289456_S_34,0.083545886,cv,1
2026-03-28_1289456_S_36,0.19777519,cv,0
2026-03-28_1289456_S_37,0.155507,cv,0
2026-03-28_1289456_S_38,0.24490707,cv,0
2026-03-28_1289456_S_39,0.1758104,cv,0
2026-03-28_1289456_S_40,0.15872216,cv,0
2026-03-28_1289456_S_41,0.14316559,cv,0
2026-03-28_1289456_S_42,0.18883495,cv,0
2026-03-28_1289456_S_43,0.17333731,cv,0
2026-03-28_1289456_S_45,0.24447994,cv,0
2026-03-28_1289456_S_46,0.1747787,cv,0
2026-03-28_1289456_S_47,0.17404036,cv,0
2026-03-28_1289456_S_48,0.16121282,cv,0
2026-03-28_1289456_S_49,0.14773136,cv,0
2026-03-28_1289456_S_5,0.12381376,cv,1
2026-03-28_1289456_S_50,0.11959314,cv,0
2026-03-28_1289456_S_52,0.10541111,cv,1
2026-03-28_1289456_S_53,0.103706464,cv,1
2026-03-28_1289456_S_54,0.1388323,cv,0
2026-03-28_1289456_S_55,0.16246282,cv,0
2026-03-28_1289456_S_57,0.16818619,cv,0
2026-03-28_1289456_S_58,0.13261764,cv,1
2026-03-28_1289456_S_59,0.113712355,cv,0
2026-03-28_1289456_S_6,0.16769938,cv,0
2026-03-28_1289456_S_60,0.1508019,cv,1
2026-03-28_1289456_S_62,0.12588453,cv,0
2026-03-28_1289456_S_63,0.22447634,cv,0
2026-03-28_1289456_S_65,0.34972656,cv,0
2026-03-28_1289456_S_67,0.1179575,cv,0
2026-03-28_1289456_S_68,0.13111927,cv,0
2026-03-28_1289456_S_69,0.1602477,cv,0
2026-03-28_1289456_S_7,0.12373823,cv,0
2026-03-28_1289456_S_70,0.14686695,cv,0
2026-03-28_1289456_S_73,0.12137493,cv,0
2026-03-28_1289456_S_75,0.16262856,cv,0
2026-03-28_1289456_S_76,0.23047742,cv,0
2026-03-28_1289456_S_77,0.1024766,cv,0
2026-03-28_1289456_S_78,0.12385726,cv,0
2026-03-28_1289456_S_79,0.2579423,cv,0
2026-03-28_1289456_S_8,0.13978785,cv,0
2026-03-28_1289456_S_80,0.12617257,cv,0
2026-03-28_1289456_S_81,0.13910127,cv,0
2026-03-28_1289456_S_82,0.15726376,cv,0
2026-03-28_1289456_S_83,0.15579507,cv,0
2026-03-28_1289456_S_84,0.15507945,cv,0
2026-03-28_1289456_S_85,0.269221,cv,1
2026-03-28_1289456_S_9,0.15256622,cv,0
2026-03-28_1365861_S_1,0.16359606,cv,0
2026-03-28_1365861_S_10,0.14720258,cv,0
2026-03-28_1365861_S_100,0.41393647,cv,0
2026-03-28_1365861_S_101,0.1851784,cv,0
2026-03-28_1365861_S_102,0.21632247,cv,0
2026-03-28_1365861_S_103,0.22201681,cv,0
2026-03-28_1365861_S_104,0.2647118,cv,0
2026-03-28_1365861_S_105,0.42200625,cv,0
2026-03-28_1365861_S_11,0.16637689,cv,0
2026-03-28_1365861_S_12,0.13806467,cv,0
2026-03-28_1365861_S_13,0.15105814,cv,0
2026-03-28_1365861_S_14,0.2568589,cv,0
2026-03-28_1365861_S_15,0.3938563,cv,0
2026-03-28_1365861_S_16,0.18492588,cv,0
2026-03-28_1365861_S_17,0.1702112,cv,0
2026-03-28_1365861_S_18,0.18598513,cv,1
2026-03-28_1365861_S_19,0.1683291,cv,0
2026-03-28_1365861_S_2,0.25456187,cv,0
2026-03-28_1365861_S_20,0.2029159,cv,1
2026-03-28_1365861_S_21,0.2114989,cv,0
2026-03-28_1365861_S_22,0.21243632,cv,1
2026-03-28_1365861_S_23,0.19052522,cv,0
2026-03-28_1365861_S_24,0.26949006,cv,0
2026-03-28_1365861_S_25,0.1742197,cv,0
2026-03-28_1365861_S_26,0.25686583,cv,0
2026-03-28_1365861_S_27,0.14327696,cv,0
2026-03-28_1365861_S_28,0.2662081,cv,0
2026-03-28_1365861_S_29,0.22965269,cv,0
2026-03-28_1365861_S_3,0.17409687,cv,0
2026-03-28_1365861_S_30,0.13162236,cv,0
2026-03-28_1365861_S_31,0.16597581,cv,0
2026-03-28_1365861_S_33,0.15467566,cv,0
2026-03-28_1365861_S_34,0.17627305,cv,0
2026-03-28_1365861_S_35,0.11195366,cv,0
2026-03-28_1365861_S_36,0.18650565,cv,0
2026-03-28_1365861_S_37,0.16004011,cv,0
2026-03-28_1365861_S_38,0.16338491,cv,0
2026-03-28_1365861_S_39,0.19048475,cv,0
2026-03-28_1365861_S_4,0.26884246,cv,0
2026-03-28_1365861_S_40,0.3041641,cv,0
2026-03-28_1365861_S_41,0.22559433,cv,0
2026-03-28_1365861_S_42,0.12546363,cv,0
2026-03-28_1365861_S_43,0.32625097,cv,0
2026-03-28_1365861_S_44,0.11160211,cv,0
2026-03-28_1365861_S_46,0.19432645,cv,0
2026-03-28_1365861_S_47,0.23226428,cv,0
2026-03-28_1365861_S_48,0.32462013,cv,0
2026-03-28_1365861_S_49,0.17107248,cv,0
2026-03-28_1365861_S_5,0.17216107,cv,0
2026-03-28_1365861_S_50,0.18608741,cv,0
2026-03-28_1365861_S_51,0.13831627,cv,0
2026-03-28_1365861_S_53,0.10797181,cv,0
2026-03-28_1365861_S_54,0.14935043,cv,0
2026-03-28_1365861_S_55,0.1500189,cv,0
2026-03-28_1365861_S_56,0.1663497,cv,0
2026-03-28_1365861_S_57,0.12190078,cv,0
2026-03-28_1365861_S_58,0.16621186,cv,0
2026-03-28_1365861_S_59,0.2101731,cv,0
2026-03-28_1365861_S_6,0.12136807,cv,0
2026-03-28_1365861_S_62,0.14565416,cv,1
2026-03-28_1365861_S_63,0.21478383,cv,0
2026-03-28_1365861_S_64,0.18995357,cv,0
2026-03-28_1365861_S_65,0.23714611,cv,0
2026-03-28_1365861_S_66,0.2980852,cv,1
2026-03-28_1365861_S_68,0.22910428,cv,0
2026-03-28_1365861_S_7,0.14332442,cv,0
2026-03-28_1365861_S_70,0.19092791,cv,0
2026-03-28_1365861_S_71,0.19127965,cv,0
2026-03-28_1365861_S_72,0.13516465,cv,1
2026-03-28_1365861_S_73,0.16584048,cv,0
2026-03-28_1365861_S_74,0.19305572,cv,0
2026-03-28_1365861_S_75,0.27780843,cv,0
2026-03-28_1365861_S_76,0.25465435,cv,0
2026-03-28_1365861_S_77,0.14712304,cv,1
2026-03-28_1365861_S_78,0.3500913,cv,1
2026-03-28_1365861_S_79,0.21534179,cv,0
2026-03-28_1365861_S_8,0.14379722,cv,0
2026-03-28_1365861_S_80,0.15561853,cv,0
2026-03-28_1365861_S_81,0.22043663,cv,0
2026-03-28_1365861_S_82,0.21515602,cv,1
2026-03-28_1365861_S_85,0.20164105,cv,1
2026-03-28_1365861_S_86,0.22826895,cv,0
2026-03-28_1365861_S_87,0.2366421,cv,0
2026-03-28_1365861_S_89,0.26676005,cv,1
2026-03-28_1365861_S_9,0.23286274,cv,0
2026-03-28_1365861_S_92,0.25003082,cv,0
2026-03-28_1365861_S_93,0.17955509,cv,0
2026-03-28_1365861_S_95,0.11620723,cv,0
2026-03-28_1365861_S_96,0.14375535,cv,0
2026-03-28_1365861_S_97,0.20255667,cv,0
2026-03-28_1365861_S_98,0.45187682,cv,1
2026-03-28_1402901_S_1,0.18572134,cv,0
2026-03-28_1402901_S_14,0.23771295,cv,1
2026-03-28_1402901_S_18,0.14018905,cv,0
2026-03-28_1402901_S_19,0.16091338,cv,1
2026-03-28_1402901_S_2,0.21142861,cv,1
2026-03-28_1402901_S_20,0.16062914,cv,1
2026-03-28_1402901_S_3,0.20786765,cv,1
2026-03-28_1402901_S_5,0.15191963,cv,1
2026-03-28_1402901_S_7,0.27677113,cv,1
2026-03-28_1402901_S_8,0.20307657,cv,1
2026-03-28_1410627_S_1,0.30363652,cv,1
2026-03-28_1410627_S_15,0.19576535,cv,1
2026-03-28_1410627_S_18,0.17765686,cv,0
2026-03-28_1410627_S_19,0.20975439,cv,0
2026-03-28_1410627_S_2,0.21395814,cv,1
2026-03-28_1410627_S_22,0.4088478,cv,0
2026-03-28_1410627_S_24,0.23657809,cv,0
2026-03-28_1410627_S_28,0.55400884,cv,0
2026-03-28_1410627_S_29,0.18022856,cv,0
2026-03-28_1410627_S_3,0.15017578,cv,0
2026-03-28_1410627_S_4,0.18909258,cv,0
2026-03-28_1410627_S_5,0.2053939,cv,1
2026-03-28_1410627_S_6,0.19478595,cv,0
2026-03-28_1410627_S_7,0.1673942,cv,0
2026-03-28_1410627_S_8,0.16804229,cv,0
2026-03-28_1410627_S_9,0.20078096,cv,1
2026-03-28_1437078_S_1,0.14480153,cv,0
2026-03-28_1437078_S_10,0.15381232,cv,0
2026-03-28_1437078_S_11,0.20237929,cv,0
2026-03-28_1437078_S_12,0.23005816,cv,0
2026-03-28_1437078_S_14,0.1487093,cv,0
2026-03-28_1437078_S_15,0.12127566,cv,0
2026-03-28_1437078_S_18,0.15082285,cv,0
2026-03-28_1437078_S_19,0.1315987,cv,0
2026-03-28_1437078_S_2,0.22525579,cv,0
2026-03-28_1437078_S_20,0.17999917,cv,0
2026-03-28_1437078_S_21,0.15405664,cv,0
2026-03-28_1437078_S_22,0.14877254,cv,0
2026-03-28_1437078_S_24,0.16225578,cv,0
2026-03-28_1437078_S_25,0.16979787,cv,0
2026-03-28_1437078_S_26,0.11158427,cv,0
2026-03-28_1437078_S_27,0.23579805,cv,0
2026-03-28_1437078_S_28,0.20497994,cv,1
2026-03-28_1437078_S_29,0.1611412,cv,1
2026-03-28_1437078_S_3,0.15217659,cv,0
2026-03-28_1437078_S_30,0.2660613,cv,0
2026-03-28_1437078_S_32,0.19200425,cv,0
2026-03-28_1437078_S_33,0.16135094,cv,0
2026-03-28_1437078_S_34,0.13151443,cv,0
2026-03-28_1437078_S_35,0.15961367,cv,0
2026-03-28_1437078_S_36,0.11347809,cv,0
2026-03-28_1437078_S_37,0.11304569,cv,1
2026-03-28_1437078_S_38,0.16284415,cv,0
2026-03-28_1437078_S_4,0.20338267,cv,0
2026-03-28_1437078_S_41,0.22299594,cv,1
2026-03-28_1437078_S_43,0.15221053,cv,0
2026-03-28_1437078_S_44,0.15529002,cv,1
2026-03-28_1437078_S_45,0.14589703,cv,0
2026-03-28_1437078_S_46,0.42123932,cv,0
2026-03-28_1437078_S_5,0.18403667,cv,0
2026-03-28_1437078_S_6,0.18112311,cv,0
2026-03-28_1437078_S_7,0.20075107,cv,0
2026-03-28_1481779_U_12,0.19054013,cv,1
2026-03-28_1481779_U_39,0.40322304,cv,0
2026-03-28_1481779_U_40,0.18080035,cv,0
2026-03-28_1481779_U_41,0.2581513,cv,0
2026-03-28_1496808_U_100,0.39374077,cv,0
2026-03-28_1496808_U_101,0.48559555,cv,0
2026-03-28_1496808_U_98,0.41761228,cv,0
2026-03-28_1496811_U_70,0.2997351,cv,1
2026-03-28_1496811_U_71,0.52976906,cv,0
2026-03-28_1496811_U_72,0.5333744,cv,0
2026-03-28_1496812_U_156,0.24608678,cv,1
2026-03-28_1496812_U_158,0.3370148,cv,0
2026-03-28_1496812_U_159,0.43506002,cv,0
2026-03-28_1496812_U_160,0.25574714,cv,0
2026-03-28_1497253_U_99,0.6250577,cv,1
2026-03-28_1497255_U_149,0.3974237,cv,0
2026-03-28_1497256_U_96,0.3624745,cv,1
2026-03-28_1497256_U_97,0.28149658,cv,0
2026-03-29_1211279_D_10,0.2345184,cv,1
2026-03-29_1211279_D_11,0.15167026,cv,0
2026-03-29_1211279_D_12,0.13807294,cv,0
2026-03-29_1211279_D_13,0.17541942,cv,0
2026-03-29_1211279_D_14,0.21396926,cv,0
2026-03-29_1211279_D_15,0.18890099,cv,1
2026-03-29_1211279_D_16,0.16339798,cv,0
2026-03-29_1211279_D_17,0.23355559,cv,0
2026-03-29_1211279_D_18,0.19307688,cv,0
2026-03-29_1211279_D_19,0.20204502,cv,0
2026-03-29_1211279_D_2,0.12402545,cv,0
2026-03-29_1211279_D_20,0.15302555,cv,0
2026-03-29_1211279_D_21,0.09272843,cv,0
2026-03-29_1211279_D_22,0.16043134,cv,0
2026-03-29_1211279_D_23,0.1939469,cv,0
2026-03-29_1211279_D_24,0.41549468,cv,0
2026-03-29_1211279_D_26,0.1874651,cv,0
2026-03-29_1211279_D_27,0.21602589,cv,0
2026-03-29_1211279_D_28,0.2284793,cv,0
2026-03-29_1211279_D_29,0.14161591,cv,0
2026-03-29_1211279_D_3,0.19203156,cv,0
2026-03-29_1211279_D_30,0.24598804,cv,0
2026-03-29_1211279_D_31,0.1869928,cv,1
2026-03-29_1211279_D_32,0.16841114,cv,0
2026-03-29_1211279_D_4,0.18364099,cv,0
2026-03-29_1211279_D_5,0.14344008,cv,0
2026-03-29_1211279_D_6,0.25568336,cv,0
2026-03-29_1211279_D_7,0.1433144,cv,0
2026-03-29_1211279_D_8,0.2025312,cv,0
2026-03-29_1211279_D_9,0.43360883,cv,1
2026-03-29_1211280_D_10,0.1868976,cv,0
2026-03-29_1211280_D_11,0.1841976,cv,0
2026-03-29_1211280_D_12,0.31596246,cv,0
2026-03-29_1211280_D_13,0.20316255,cv,1
2026-03-29_1211280_D_14,0.22901927,cv,1
2026-03-29_1211280_D_15,0.16381255,cv,1
2026-03-29_1211280_D_16,0.22870323,cv,0
2026-03-29_1211280_D_17,0.13711552,cv,0
2026-03-29_1211280_D_18,0.307537,cv,0
2026-03-29_1211280_D_19,0.21105903,cv,0
2026-03-29_1211280_D_2,0.18675715,cv,0
2026-03-29_1211280_D_20,0.17415765,cv,1
2026-03-29_1211280_D_21,0.24153167,cv,0
2026-03-29_1211280_D_22,0.24200296,cv,0
2026-03-29_1211280_D_23,0.2448442,cv,0
2026-03-29_1211280_D_24,0.21557413,cv,0
2026-03-29_1211280_D_25,0.22805087,cv,0
2026-03-29_1211280_D_26,0.24012485,cv,0
2026-03-29_1211280_D_27,0.17476504,cv,0
2026-03-29_1211280_D_28,0.21816218,cv,1
2026-03-29_1211280_D_29,0.25054985,cv,1
2026-03-29_1211280_D_3,0.18075034,cv,0
2026-03-29_1211280_D_30,0.21684954,cv,0
2026-03-29_1211280_D_31,0.18188545,cv,1
2026-03-29_1211280_D_4,0.30545074,cv,0
2026-03-29_1211280_D_5,0.16746026,cv,0
2026-03-29_1211280_D_6,0.27216375,cv,0
2026-03-29_1211280_D_7,0.19186273,cv,0
2026-03-29_1211280_D_8,0.2333949,cv,0
2026-03-29_1211280_D_9,0.22731231,cv,1
2026-03-29_1211281_D_1,0.184031,cv,0
2026-03-29_1211281_D_10,0.1716282,cv,0
2026-03-29_1211281_D_11,0.07535571,cv,0
2026-03-29_1211281_D_12,0.24395597,cv,0
2026-03-29_1211281_D_13,0.23764244,cv,0
2026-03-29_1211281_D_14,0.14316344,cv,0
2026-03-29_1211281_D_2,0.113699645,cv,1
2026-03-29_1211281_D_5,0.25921685,cv,1
2026-03-29_1211281_D_6,0.4728514,cv,0
2026-03-29_1211281_D_7,0.31563395,cv,0
2026-03-29_1211281_D_8,0.26938793,cv,1
2026-03-29_1211281_D_9,0.2508404,cv,0
2026-03-29_1219424_D_1,0.6181376,cv,0
2026-03-29_1219424_D_10,0.3544768,cv,0
2026-03-29_1219424_D_11,0.45566568,cv,0
2026-03-29_1219424_D_2,0.43732807,cv,0
2026-03-29_1219424_D_3,0.45037806,cv,0
2026-03-29_1219424_D_4,0.7996434,cv,0
2026-03-29_1219424_D_5,0.32533264,cv,0
2026-03-29_1219424_D_6,0.35530615,cv,0
2026-03-29_1219424_D_7,0.345157,cv,0
2026-03-29_1219424_D_8,0.35917267,cv,0
2026-03-29_1219424_D_9,0.573854,cv,0
2026-03-29_1219426_D_1,0.29722947,cv,0
2026-03-29_1219426_D_10,0.22645907,cv,1
2026-03-29_1219426_D_11,0.22734031,cv,1
2026-03-29_1219426_D_12,0.3056044,cv,0
2026-03-29_1219426_D_13,0.29774162,cv,0
2026-03-29_1219426_D_14,0.4344511,cv,0
2026-03-29_1219426_D_2,0.19215338,cv,0
2026-03-29_1219426_D_3,0.37547362,cv,0
2026-03-29_1219426_D_4,0.26840806,cv,0
2026-03-29_1219426_D_5,0.3889718,cv,0
2026-03-29_1219426_D_6,0.47912472,cv,0
2026-03-29_1219426_D_7,0.23039404,cv,0
2026-03-29_1219426_D_8,0.24788366,cv,0
2026-03-29_1219426_D_9,0.25387502,cv,0
2026-03-29_1219428_D_1,0.19551608,cv,0
2026-03-29_1219428_D_10,0.21728872,cv,0
2026-03-29_1219428_D_11,0.23807311,cv,0
2026-03-29_1219428_D_12,0.24024837,cv,0
2026-03-29_1219428_D_2,0.20733492,cv,0
2026-03-29_1219428_D_3,0.26293397,cv,0
2026-03-29_1219428_D_4,0.4493818,cv,0
2026-03-29_1219428_D_5,0.39650032,cv,0
2026-03-29_1219428_D_6,0.25560758,cv,0
2026-03-29_1219428_D_7,0.18842715,cv,0
2026-03-29_1219428_D_8,0.20039468,cv,0
2026-03-29_1219428_D_9,0.2715633,cv,0
2026-03-29_1219433_D_1,2.496935,cv,0
2026-03-29_1219433_D_10,3.0762136,cv,0
2026-03-29_1219433_D_12,0.49856994,cv,0
2026-03-29_1219433_D_13,2.2745018,cv,0
2026-03-29_1219433_D_14,0.36345303,cv,0
2026-03-29_1219433_D_15,0.47520882,cv,0
2026-03-29_1219433_D_16,2.791206,cv,0
2026-03-29_1219433_D_17,0.2942043,cv,0
2026-03-29_1219433_D_18,0.61623585,cv,0
2026-03-29_1219433_D_2,0.31764966,cv,0
2026-03-29_1219433_D_3,2.207194,cv,0
2026-03-29_1219433_D_4,0.2935592,cv,0
2026-03-29_1219433_D_5,2.190082,cv,0
2026-03-29_1219433_D_6,2.8755364,cv,0
2026-03-29_1219433_D_7,0.60152245,cv,0
2026-03-29_1219433_D_8,2.7377212,cv,0
2026-03-29_1235939_D_1,1.109468,cv,0
2026-03-29_1235939_D_10,0.92069244,cv,0
2026-03-29_1235939_D_11,0.9268093,cv,0
2026-03-29_1235939_D_12,1.0094981,cv,0
2026-03-29_1235939_D_13,1.645406,cv,1
2026-03-29_1235939_D_15,1.1846699,cv,1
2026-03-29_1235939_D_16,0.61292285,cv,0
2026-03-29_1235939_D_2,1.1722107,cv,0
2026-03-29_1235939_D_3,1.1000295,cv,0
2026-03-29_1235939_D_4,1.3689989,cv,0
2026-03-29_1235939_D_5,1.0871098,cv,1
2026-03-29_1235939_D_7,0.21837877,cv,0
2026-03-29_1235939_D_8,0.21872197,cv,1
2026-03-29_1235939_D_9,0.27165738,cv,0
2026-03-29_1246639_D_1,0.26501378,cv,0
2026-03-29_1246639_D_10,0.28452402,cv,0
2026-03-29_1246639_D_11,0.32343844,cv,0
2026-03-29_1246639_D_12,0.29876056,cv,0
2026-03-29_1246639_D_13,0.1647648,cv,0
2026-03-29_1246639_D_14,0.23777473,cv,0
2026-03-29_1246639_D_15,0.18490306,cv,0
2026-03-29_1246639_D_16,0.307676,cv,1
2026-03-29_1246639_D_17,0.42086503,cv,1
2026-03-29_1246639_D_18,0.3074602,cv,0
2026-03-29_1246639_D_19,0.17875615,cv,0
2026-03-29_1246639_D_2,0.26156372,cv,0
2026-03-29_1246639_D_3,0.34972626,cv,1
2026-03-29_1246639_D_4,0.19501965,cv,0
2026-03-29_1246639_D_5,0.25322968,cv,0
2026-03-29_1246639_D_6,0.18521659,cv,0
2026-03-29_1246639_D_7,0.4039174,cv,0
2026-03-29_1246639_D_8,0.21851425,cv,0
2026-03-29_1246639_D_9,0.32376716,cv,0
2026-03-29_1247894_D_1,0.17012516,cv,0
2026-03-29_1247894_D_10,0.18166165,cv,1
2026-03-29_1247894_D_11,0.20766938,cv,0
2026-03-29_1247894_D_12,0.40984055,cv,0
2026-03-29_1247894_D_13,0.26310077,cv,0
2026-03-29_1247894_D_16,0.18731481,cv,0
2026-03-29_1247894_D_17,0.18496168,cv,0
2026-03-29_1247894_D_18,0.1831321,cv,0
2026-03-29_1247894_D_19,0.14887893,cv,0
2026-03-29_1247894_D_2,0.28762746,cv,0
2026-03-29_1247894_D_20,0.31967044,cv,1
2026-03-29_1247894_D_25,0.26986694,cv,0
2026-03-29_1247894_D_26,0.2517479,cv,0
2026-03-29_1247894_D_27,0.21297723,cv,0
2026-03-29_1247894_D_28,0.20181501,cv,0
2026-03-29_1247894_D_29,0.16242112,cv,0
2026-03-29_1247894_D_3,0.24142294,cv,0
2026-03-29_1247894_D_30,0.27916265,cv,1
2026-03-29_1247894_D_35,0.21406448,cv,0
2026-03-29_1247894_D_36,0.34527045,cv,0
2026-03-29_1247894_D_37,0.19431025,cv,0
2026-03-29_1247894_D_38,0.289922,cv,0
2026-03-29_1247894_D_4,0.2562036,cv,0
2026-03-29_1247894_D_40,0.26438767,cv,0
2026-03-29_1247894_D_43,0.27029318,cv,0
2026-03-29_1247894_D_44,0.21573865,cv,0
2026-03-29_1247894_D_45,0.48337638,cv,0
2026-03-29_1247894_D_46,0.46785253,cv,0
2026-03-29_1247894_D_47,0.4889005,cv,0
2026-03-29_1247894_D_49,0.8399901,cv,0
2026-03-29_1247894_D_50,0.75448406,cv,1
2026-03-29_1247894_D_51,0.5910423,cv,1
2026-03-29_1247894_D_52,0.48900494,cv,0
2026-03-29_1247894_D_53,0.57122666,cv,1
2026-03-29_1247894_D_54,0.6988028,cv,0
2026-03-29_1247894_D_9,0.117622554,cv,1
2026-03-29_1247897_D_10,0.31717658,cv,0
2026-03-29_1247897_D_11,0.20523542,cv,0
2026-03-29_1247897_D_12,0.5428487,cv,1
2026-03-29_1247897_D_14,0.2899021,cv,0
2026-03-29_1247897_D_15,0.37112617,cv,0
2026-03-29_1247897_D_16,0.30355588,cv,0
2026-03-29_1247897_D_17,0.21320175,cv,0
2026-03-29_1247897_D_19,0.22793233,cv,0
2026-03-29_1247897_D_2,0.30855566,cv,0
2026-03-29_1247897_D_20,0.23695743,cv,0
2026-03-29_1247897_D_21,0.24415271,cv,0
2026-03-29_1247897_D_22,0.2335198,cv,0
2026-03-29_1247897_D_23,0.23946147,cv,0
2026-03-29_1247897_D_24,0.31199786,cv,0
2026-03-29_1247897_D_25,0.44134367,cv,0
2026-03-29_1247897_D_26,0.20303833,cv,0
2026-03-29_1247897_D_27,0.23098078,cv,0
2026-03-29_1247897_D_28,0.30072215,cv,0
2026-03-29_1247897_D_29,0.32106024,cv,0
2026-03-29_1247897_D_3,0.335638,cv,0
2026-03-29_1247897_D_30,0.25456065,cv,0
2026-03-29_1247897_D_31,0.15365992,cv,0
2026-03-29_1247897_D_32,0.24363965,cv,0
2026-03-29_1247897_D_33,0.20082101,cv,0
2026-03-29_1247897_D_34,0.26176462,cv,0
2026-03-29_1247897_D_35,0.12533483,cv,0
2026-03-29_1247897_D_36,0.19635114,cv,0
2026-03-29_1247897_D_37,0.26818398,cv,0
2026-03-29_1247897_D_38,0.35143608,cv,0
2026-03-29_1247897_D_39,0.23873883,cv,1
2026-03-29_1247897_D_4,0.29652864,cv,0
2026-03-29_1247897_D_40,0.23792516,cv,0
2026-03-29_1247897_D_41,0.2651596,cv,0
2026-03-29_1247897_D_42,0.35616452,cv,1
2026-03-29_1247897_D_43,0.1881092,cv,0
2026-03-29_1247897_D_46,0.2570765,cv,0
2026-03-29_1247897_D_48,0.24242954,cv,0
2026-03-29_1247897_D_50,0.17471835,cv,1
2026-03-29_1247897_D_52,0.2537611,cv,0
2026-03-29_1247897_D_53,0.43253917,cv,0
2026-03-29_1247897_D_54,0.27661866,cv,1
2026-03-29_1247897_D_55,0.36181086,cv,0
2026-03-29_1247897_D_6,0.20866373,cv,1
2026-03-29_1247897_D_7,0.17677242,cv,1
2026-03-29_1247897_D_8,0.30117375,cv,0
2026-03-29_1247897_D_9,0.28264257,cv,0
2026-03-29_1247912_D_1,0.31340814,cv,0
2026-03-29_1247912_D_10,0.1882749,cv,0
2026-03-29_1247912_D_11,0.27964282,cv,0
2026-03-29_1247912_D_12,0.21738695,cv,1
2026-03-29_1247912_D_15,0.22550139,cv,0
2026-03-29_1247912_D_17,0.59561324,cv,0
2026-03-29_1247912_D_2,0.32123637,cv,0
2026-03-29_1247912_D_5,0.38360485,cv,0
2026-03-29_1247912_D_6,0.2615329,cv,0
2026-03-29_1247912_D_7,0.2955216,cv,1
2026-03-29_1247914_D_1,0.12321721,cv,0
2026-03-29_1247914_D_10,0.59240305,cv,0
2026-03-29_1247914_D_11,0.08386631,cv,0
2026-03-29_1247914_D_12,0.11766395,cv,0
2026-03-29_1247914_D_13,0.12108626,cv,0
2026-03-29_1247914_D_14,0.3283243,cv,0
2026-03-29_1247914_D_15,0.18722492,cv,0
2026-03-29_1247914_D_16,0.088495255,cv,0
2026-03-29_1247914_D_17,0.13150461,cv,0
2026-03-29_1247914_D_18,0.14338768,cv,0
2026-03-29_1247914_D_19,0.09095594,cv,0
2026-03-29_1247914_D_20,0.09949567,cv,0
2026-03-29_1247914_D_21,0.07755751,cv,0
2026-03-29_1247914_D_22,0.11434176,cv,0
2026-03-29_1247914_D_23,0.13279352,cv,0
2026-03-29_1247914_D_24,0.11463862,cv,0
2026-03-29_1247914_D_3,0.12433602,cv,0
2026-03-29_1247914_D_4,2.520503,cv,0
2026-03-29_1247914_D_5,0.10988003,cv,0
2026-03-29_1247914_D_7,0.11952932,cv,0
2026-03-29_1247914_D_8,0.20085059,cv,1
2026-03-29_1247914_D_9,0.111997366,cv,0
2026-03-29_1247933_D_1,0.32859248,cv,0
2026-03-29_1247933_D_10,0.21712646,cv,0
2026-03-29_1247933_D_13,0.22779247,cv,0
2026-03-29_1247933_D_15,0.3348491,cv,0
2026-03-29_1247933_D_16,0.3394258,cv,0
2026-03-29_1247933_D_17,0.30119485,cv,0
2026-03-29_1247933_D_18,0.2835979,cv,0
2026-03-29_1247933_D_19,0.2517305,cv,0
2026-03-29_1247933_D_2,0.2660432,cv,0
2026-03-29_1247933_D_20,0.16856198,cv,0
2026-03-29_1247933_D_21,0.24831854,cv,0
2026-03-29_1247933_D_23,0.33011588,cv,0
2026-03-29_1247933_D_24,0.28782868,cv,0
2026-03-29_1247933_D_25,0.22264972,cv,0
2026-03-29_1247933_D_26,0.28946936,cv,0
2026-03-29_1247933_D_27,0.17052227,cv,0
2026-03-29_1247933_D_29,0.26867533,cv,0
2026-03-29_1247933_D_3,0.20796838,cv,0
2026-03-29_1247933_D_30,0.14049394,cv,1
2026-03-29_1247933_D_34,0.21121812,cv,0
2026-03-29_1247933_D_35,0.16887593,cv,0
2026-03-29_1247933_D_36,0.27008507,cv,0
2026-03-29_1247933_D_37,0.20461433,cv,0
2026-03-29_1247933_D_38,0.20653497,cv,0
2026-03-29_1247933_D_39,0.1624543,cv,1
2026-03-29_1247933_D_4,0.2395575,cv,0
2026-03-29_1247933_D_42,0.18550348,cv,0
2026-03-29_1247933_D_43,0.29148057,cv,1
2026-03-29_1247933_D_47,0.22498602,cv,0
2026-03-29_1247933_D_48,0.20577207,cv,1
2026-03-29_1247933_D_5,0.2945515,cv,0
2026-03-29_1247933_D_51,0.28562367,cv,0
2026-03-29_1247933_D_52,0.3173712,cv,0
2026-03-29_1247933_D_53,0.1848352,cv,0
2026-03-29_1247933_D_54,0.2639888,cv,0
2026-03-29_1247933_D_55,0.3017011,cv,0
2026-03-29_1247933_D_56,0.3079565,cv,0
2026-03-29_1247933_D_58,0.23278642,cv,0
2026-03-29_1247933_D_59,0.19878304,cv,1
2026-03-29_1247933_D_6,0.24092075,cv,0
2026-03-29_1247933_D_61,0.29536274,cv,1
2026-03-29_1247933_D_67,0.2561556,cv,0
2026-03-29_1247933_D_68,0.4203127,cv,0
2026-03-29_1247933_D_69,0.2114052,cv,0
2026-03-29_1247933_D_7,0.32851645,cv,0
2026-03-29_1247933_D_70,0.2707736,cv,0
2026-03-29_1247933_D_74,0.36415905,cv,0
2026-03-29_1247933_D_75,0.27324504,cv,0
2026-03-29_1247933_D_76,0.23513824,cv,0
2026-03-29_1247933_D_78,0.4669971,cv,0
2026-03-29_1247933_D_79,0.24850433,cv,0
2026-03-29_1247933_D_8,0.26024735,cv,0
2026-03-29_1247933_D_80,0.2915115,cv,0
2026-03-29_1247933_D_81,0.46236217,cv,1
2026-03-29_1247933_D_82,0.4167368,cv,0
2026-03-29_1247933_D_84,0.35086668,cv,0
2026-03-29_1247933_D_85,0.35349712,cv,0
2026-03-29_1247933_D_86,0.51122904,cv,1
2026-03-29_1247933_D_9,0.26241386,cv,1
2026-03-29_1263243_D_1,0.22975323,cv,0
2026-03-29_1263243_D_10,0.39820427,cv,0
2026-03-29_1263243_D_11,0.21124981,cv,0
2026-03-29_1263243_D_14,0.22699282,cv,0
2026-03-29_1263243_D_15,0.35983914,cv,0
2026-03-29_1263243_D_16,0.30698356,cv,0
2026-03-29_1263243_D_17,0.41574273,cv,0
2026-03-29_1263243_D_2,0.2846137,cv,0
2026-03-29_1263243_D_3,0.17413291,cv,0
2026-03-29_1263243_D_4,0.2276218,cv,1
2026-03-29_1263243_D_5,0.18723008,cv,1
2026-03-29_1263243_D_6,0.38406926,cv,1
2026-03-29_1263243_D_8,0.23671797,cv,0
2026-03-29_1263243_D_9,0.31342494,cv,0
2026-03-29_1268861_D_1,0.19595811,cv,0
2026-03-29_1268861_D_10,0.1548383,cv,0
2026-03-29_1268861_D_11,0.13934253,cv,0
2026-03-29_1268861_D_12,0.12652916,cv,0
2026-03-29_1268861_D_13,0.21633428,cv,0
2026-03-29_1268861_D_14,0.16448292,cv,1
2026-03-29_1268861_D_15,0.25434038,cv,0
2026-03-29_1268861_D_16,0.1250034,cv,0
2026-03-29_1268861_D_17,0.18928532,cv,0
2026-03-29_1268861_D_18,0.18418561,cv,0
2026-03-29_1268861_D_19,0.17974804,cv,0
2026-03-29_1268861_D_2,0.13736182,cv,0
2026-03-29_1268861_D_20,0.22753686,cv,0
2026-03-29_1268861_D_21,0.24172609,cv,0
2026-03-29_1268861_D_22,0.1786755,cv,0
2026-03-29_1268861_D_23,0.20599739,cv,0
2026-03-29_1268861_D_24,0.1617636,cv,0
2026-03-29_1268861_D_25,0.2120049,cv,0
2026-03-29_1268861_D_26,0.17515741,cv,0
2026-03-29_1268861_D_27,0.12837404,cv,0
2026-03-29_1268861_D_28,0.20565826,cv,0
2026-03-29_1268861_D_29,0.13680527,cv,0
2026-03-29_1268861_D_3,0.1432375,cv,0
2026-03-29_1268861_D_30,0.16742718,cv,0
2026-03-29_1268861_D_31,0.19685724,cv,0
2026-03-29_1268861_D_32,0.16680205,cv,0
2026-03-29_1268861_D_33,0.18862858,cv,0
2026-03-29_1268861_D_34,0.15624754,cv,0
2026-03-29_1268861_D_35,0.17622885,cv,0
2026-03-29_1268861_D_36,0.15472983,cv,0
2026-03-29_1268861_D_37,0.17115334,cv,0
2026-03-29_1268861_D_38,0.13809773,cv,0
2026-03-29_1268861_D_39,0.13224374,cv,0
2026-03-29_1268861_D_4,0.15865394,cv,0
2026-03-29_1268861_D_40,0.15502277,cv,0
2026-03-29_1268861_D_41,0.21549343,cv,0
2026-03-29_1268861_D_43,0.14123812,cv,0
2026-03-29_1268861_D_44,0.2021549,cv,0
2026-03-29_1268861_D_45,0.22220771,cv,0
2026-03-29_1268861_D_46,0.22533838,cv,0
2026-03-29_1268861_D_47,0.15137404,cv,0
2026-03-29_1268861_D_48,0.12648998,cv,0
2026-03-29_1268861_D_49,0.20204711,cv,0
2026-03-29_1268861_D_5,0.20227826,cv,0
2026-03-29_1268861_D_50,0.19982092,cv,0
2026-03-29_1268861_D_51,0.14715478,cv,0
2026-03-29_1268861_D_52,0.14116736,cv,0
2026-03-29_1268861_D_53,0.16578758,cv,0
2026-03-29_1268861_D_54,0.19040719,cv,0
2026-03-29_1268861_D_55,0.18677865,cv,0
2026-03-29_1268861_D_57,0.30426368,cv,0
2026-03-29_1268861_D_58,0.22099599,cv,0
2026-03-29_1268861_D_59,0.17139016,cv,0
2026-03-29_1268861_D_6,0.24230883,cv,0
2026-03-29_1268861_D_60,0.21846253,cv,0
2026-03-29_1268861_D_61,0.13383678,cv,0
2026-03-29_1268861_D_62,0.2464805,cv,0
2026-03-29_1268861_D_63,0.48082823,cv,0
2026-03-29_1268861_D_7,0.21100488,cv,0
2026-03-29_1268861_D_8,0.3455506,cv,0
2026-03-29_1268861_D_9,0.20087767,cv,0
2026-03-29_1285364_D_41,0.1794076,cv,0
2026-03-29_1285364_D_47,0.44825965,cv,0
2026-03-29_1285805_D_1,0.16093087,cv,0
2026-03-29_1285805_D_2,0.15165605,cv,0
2026-03-29_1285805_D_4,0.1511127,cv,0
2026-03-29_1285805_D_5,0.19946234,cv,0
2026-03-29_1285805_D_6,0.2537505,cv,0
2026-03-29_1285805_D_7,0.34177265,cv,0
2026-03-29_1285805_D_8,0.19949663,cv,0
2026-03-29_1285805_D_9,0.23654515,cv,0
2026-03-29_1289456_S_88,0.28068167,cv,0
2026-03-29_1289456_S_89,0.21639381,cv,0
2026-03-29_1289456_S_90,0.23126738,cv,0
2026-03-29_1289688_D_1,0.25505733,cv,0
2026-03-29_1289688_D_10,0.16066411,cv,0
2026-03-29_1289688_D_11,0.31465062,cv,0
2026-03-29_1289688_D_13,0.16152616,cv,0
2026-03-29_1289688_D_14,0.14337744,cv,0
2026-03-29_1289688_D_15,0.16365658,cv,0
2026-03-29_1289688_D_16,0.2559818,cv,0
2026-03-29_1289688_D_17,0.11841448,cv,0
2026-03-29_1289688_D_18,0.3287747,cv,0
2026-03-29_1289688_D_19,0.46429342,cv,0
2026-03-29_1289688_D_2,0.22143404,cv,0
2026-03-29_1289688_D_20,0.14634901,cv,0
2026-03-29_1289688_D_21,0.16999188,cv,0
2026-03-29_1289688_D_22,0.097330414,cv,0
2026-03-29_1289688_D_23,0.20848063,cv,0
2026-03-29_1289688_D_24,0.20846878,cv,0
2026-03-29_1289688_D_25,0.17655906,cv,0
2026-03-29_1289688_D_26,0.18873648,cv,0
2026-03-29_1289688_D_27,0.25534225,cv,0
2026-03-29_1289688_D_28,0.15596133,cv,0
2026-03-29_1289688_D_29,0.15635888,cv,0
2026-03-29_1289688_D_3,0.25751227,cv,0
2026-03-29_1289688_D_30,0.17207941,cv,0
2026-03-29_1289688_D_31,0.121239945,cv,0
2026-03-29_1289688_D_32,0.1589559,cv,0
2026-03-29_1289688_D_33,0.2412589,cv,0
2026-03-29_1289688_D_34,0.14054224,cv,0
2026-03-29_1289688_D_39,0.1289852,cv,0
2026-03-29_1289688_D_4,0.17522201,cv,0
2026-03-29_1289688_D_40,0.18906105,cv,0
2026-03-29_1289688_D_41,0.11851486,cv,0
2026-03-29_1289688_D_42,0.115769446,cv,0
2026-03-29_1289688_D_5,0.1329757,cv,0
2026-03-29_1289688_D_6,0.10539871,cv,0
2026-03-29_1289688_D_7,0.14144278,cv,0
2026-03-29_1289688_D_8,0.21856704,cv,0
2026-03-29_1289688_D_9,0.10913389,cv,0
2026-03-29_1289689_D_1,0.14939258,cv,0
2026-03-29_1289689_D_10,0.12890099,cv,0
2026-03-29_1289689_D_11,0.1782471,cv,1
2026-03-29_1289689_D_13,0.15563665,cv,0
2026-03-29_1289689_D_14,0.13065496,cv,0
2026-03-29_1289689_D_15,0.0733041,cv,0
2026-03-29_1289689_D_16,0.21550941,cv,0
2026-03-29_1289689_D_17,0.21075329,cv,1
2026-03-29_1289689_D_19,0.116071716,cv,1
2026-03-29_1289689_D_2,0.19813466,cv,0
2026-03-29_1289689_D_24,0.22655652,cv,0
2026-03-29_1289689_D_25,0.21835479,cv,1
2026-03-29_1289689_D_26,0.13250045,cv,0
2026-03-29_1289689_D_27,0.17694287,cv,0
2026-03-29_1289689_D_28,0.19355711,cv,0
2026-03-29_1289689_D_29,0.17151317,cv,0
2026-03-29_1289689_D_3,0.17209165,cv,0
2026-03-29_1289689_D_30,0.14328462,cv,0
2026-03-29_1289689_D_31,0.15682022,cv,0
2026-03-29_1289689_D_32,0.25334573,cv,0
2026-03-29_1289689_D_33,0.24626057,cv,0
2026-03-29_1289689_D_34,0.24148187,cv,0
2026-03-29_1289689_D_35,0.1799404,cv,0
2026-03-29_1289689_D_36,0.2680054,cv,1
2026-03-29_1289689_D_38,0.21258819,cv,0
2026-03-29_1289689_D_39,0.2553138,cv,0
2026-03-29_1289689_D_4,0.12466864,cv,1
2026-03-29_1289689_D_40,0.18689649,cv,0
2026-03-29_1289689_D_41,0.121171795,cv,0
2026-03-29_1289689_D_42,0.21202192,cv,0
2026-03-29_1289689_D_43,0.18640375,cv,0
2026-03-29_1289689_D_44,0.14886047,cv,0
2026-03-29_1289689_D_45,0.15692088,cv,0
2026-03-29_1289689_D_46,0.23185694,cv,1
2026-03-29_1289689_D_5,0.19517682,cv,0
2026-03-29_1289689_D_6,0.1398242,cv,0
2026-03-29_1289689_D_7,0.21036856,cv,0
2026-03-29_1289689_D_8,0.22644672,cv,0
2026-03-29_1289689_D_9,0.24744634,cv,0
2026-03-29_1350090_D_1,0.4300794,cv,0
2026-03-29_1350090_D_10,0.29017782,cv,0
2026-03-29_1350090_D_11,0.3607367,cv,0
2026-03-29_1350090_D_2,1.1909394,cv,0
2026-03-29_1350090_D_3,0.43221366,cv,0
2026-03-29_1350090_D_4,0.3470006,cv,0
2026-03-29_1350090_D_5,0.70161664,cv,0
2026-03-29_1350090_D_6,0.40601206,cv,0
2026-03-29_1350090_D_8,0.24731836,cv,0
2026-03-29_1350090_D_9,0.27487776,cv,0
2026-03-29_1350091_D_1,0.39288592,cv,0
2026-03-29_1350091_D_12,0.50868106,cv,0
2026-03-29_1350091_D_14,0.3710843,cv,0
2026-03-29_1350091_D_15,0.30780983,cv,0
2026-03-29_1350091_D_16,0.38064688,cv,0
2026-03-29_1350091_D_17,0.44764894,cv,0
2026-03-29_1350091_D_18,0.3789135,cv,0
2026-03-29_1350091_D_2,0.2929773,cv,0
2026-03-29_1350091_D_20,0.43785593,cv,0
2026-03-29_1350091_D_21,0.2804119,cv,0
2026-03-29_1350091_D_22,0.34252095,cv,0
2026-03-29_1350091_D_23,0.30220068,cv,0
2026-03-29_1350091_D_24,0.3399229,cv,1
2026-03-29_1350091_D_3,0.25433815,cv,0
2026-03-29_1350091_D_4,0.26848534,cv,0
2026-03-29_1350091_D_5,0.28484076,cv,0
2026-03-29_1350091_D_6,0.49651313,cv,0
2026-03-29_1350091_D_7,0.31488404,cv,0
2026-03-29_1350091_D_8,0.36209545,cv,0
2026-03-29_1350091_D_9,0.32498267,cv,0
2026-03-29_1350092_D_1,0.46176708,cv,0
2026-03-29_1350092_D_12,0.2908841,cv,0
2026-03-29_1350092_D_13,0.21712087,cv,0
2026-03-29_1350092_D_19,0.21118526,cv,1
2026-03-29_1350092_D_2,0.30728075,cv,0
2026-03-29_1350092_D_20,0.62070537,cv,0
2026-03-29_1350092_D_29,0.1777933,cv,0
2026-03-29_1350092_D_3,0.23257741,cv,1
2026-03-29_1350092_D_31,0.20686251,cv,0
2026-03-29_1350092_D_32,0.18427734,cv,0
2026-03-29_1350092_D_33,0.34683514,cv,0
2026-03-29_1350092_D_34,0.3110691,cv,0
2026-03-29_1350092_D_36,0.21458797,cv,0
2026-03-29_1350092_D_39,0.23742263,cv,0
2026-03-29_1350092_D_4,0.27509007,cv,0
2026-03-29_1350092_D_40,0.22826234,cv,0
2026-03-29_1350092_D_41,0.16320656,cv,1
2026-03-29_1350092_D_42,0.3393687,cv,1
2026-03-29_1350092_D_46,0.15976955,cv,0
2026-03-29_1350092_D_49,0.16570026,cv,1
2026-03-29_1350092_D_58,0.5662961,cv,0
2026-03-29_1350092_D_59,0.49694288,cv,1
2026-03-29_1350092_D_6,0.11054703,cv,0
2026-03-29_1350092_D_60,0.18656364,cv,0
2026-03-29_1350092_D_61,0.1797123,cv,1
2026-03-29_1350092_D_62,0.16575639,cv,1
2026-03-29_1350092_D_68,0.36236462,cv,0
2026-03-29_1350092_D_69,0.09745216,cv,0
2026-03-29_1350092_D_7,0.27830988,cv,0
2026-03-29_1350092_D_70,0.26135218,cv,0
2026-03-29_1350092_D_71,0.41066977,cv,0
2026-03-29_1350092_D_72,0.23439828,cv,0
2026-03-29_1350092_D_73,0.23791218,cv,1
2026-03-29_1350092_D_79,0.33675206,cv,1
2026-03-29_1350092_D_80,0.6462507,cv,0
2026-03-29_1350093_D_1,0.40157926,cv,0
2026-03-29_1350093_D_10,0.35887164,cv,0
2026-03-29_1350093_D_12,0.40139484,cv,0
2026-03-29_1350093_D_13,0.1908075,cv,0
2026-03-29_1350093_D_15,0.26648673,cv,0
2026-03-29_1350093_D_16,0.16159719,cv,0
2026-03-29_1350093_D_17,0.19982776,cv,0
2026-03-29_1350093_D_18,0.27795222,cv,0
2026-03-29_1350093_D_19,0.39500225,cv,0
2026-03-29_1350093_D_2,0.29644924,cv,0
2026-03-29_1350093_D_20,0.4259799,cv,0
2026-03-29_1350093_D_3,0.19847552,cv,0
2026-03-29_1350093_D_4,0.30898196,cv,0
2026-03-29_1350093_D_5,0.18738756,cv,0
2026-03-29_1350093_D_6,0.26830298,cv,0
2026-03-29_1350093_D_7,0.40801704,cv,0
2026-03-29_1350093_D_8,0.32714808,cv,0
2026-03-29_1350093_D_9,0.3267076,cv,0
2026-03-29_1350094_D_1,0.29860193,cv,0
2026-03-29_1350094_D_10,0.19256553,cv,0
2026-03-29_1350094_D_11,0.44211468,cv,0
2026-03-29_1350094_D_12,0.25245664,cv,0
2026-03-29_1350094_D_13,0.29175898,cv,0
2026-03-29_1350094_D_14,0.26398793,cv,0
2026-03-29_1350094_D_15,0.8358814,cv,0
2026-03-29_1350094_D_16,0.26264107,cv,0
2026-03-29_1350094_D_17,0.36589777,cv,0
2026-03-29_1350094_D_18,0.29668388,cv,0
2026-03-29_1350094_D_19,0.3285774,cv,0
2026-03-29_1350094_D_2,0.20129524,cv,0
2026-03-29_1350094_D_20,0.26833457,cv,0
2026-03-29_1350094_D_21,0.42771143,cv,1
2026-03-29_1350094_D_22,0.2724776,cv,0
2026-03-29_1350094_D_23,0.27249402,cv,0
2026-03-29_1350094_D_24,0.21698235,cv,0
2026-03-29_1350094_D_25,0.21934259,cv,0
2026-03-29_1350094_D_26,0.36017558,cv,0
2026-03-29_1350094_D_27,0.24330497,cv,0
2026-03-29_1350094_D_28,0.22569802,cv,1
2026-03-29_1350094_D_29,0.27231047,cv,1
2026-03-29_1350094_D_3,0.31305748,cv,0
2026-03-29_1350094_D_30,0.25949425,cv,0
2026-03-29_1350094_D_31,0.2699557,cv,1
2026-03-29_1350094_D_32,0.5544698,cv,0
2026-03-29_1350094_D_33,0.38259095,cv,0
2026-03-29_1350094_D_4,0.2556774,cv,0
2026-03-29_1350094_D_5,0.29738414,cv,0
2026-03-29_1350094_D_7,0.2808054,cv,0
2026-03-29_1350094_D_8,0.29724893,cv,0
2026-03-29_1350094_D_9,0.19186692,cv,0
2026-03-29_1350095_D_1,0.14421326,cv,0
2026-03-29_1350095_D_10,0.6974664,cv,1
2026-03-29_1350095_D_13,0.29745245,cv,0
2026-03-29_1350095_D_14,0.24321833,cv,0
2026-03-29_1350095_D_16,0.18319766,cv,0
2026-03-29_1350095_D_17,0.18290727,cv,0
2026-03-29_1350095_D_2,0.30080873,cv,0
2026-03-29_1350095_D_21,0.30351484,cv,0
2026-03-29_1350095_D_22,1.8726381,cv,0
2026-03-29_1350095_D_23,0.22084534,cv,1
2026-03-29_1350095_D_24,0.33927512,cv,0
2026-03-29_1350095_D_25,0.59131044,cv,0
2026-03-29_1350095_D_26,0.22078538,cv,0
2026-03-29_1350095_D_27,0.2925436,cv,0
2026-03-29_1350095_D_3,0.26593268,cv,0
2026-03-29_1350095_D_30,0.23244135,cv,0
2026-03-29_1350095_D_31,0.24079922,cv,0
2026-03-29_1350095_D_32,0.18561308,cv,0
2026-03-29_1350095_D_33,0.4419083,cv,0
2026-03-29_1350095_D_34,0.18768542,cv,0
2026-03-29_1350095_D_35,0.17148107,cv,0
2026-03-29_1350095_D_36,0.30256757,cv,0
2026-03-29_1350095_D_37,0.33815274,cv,0
2026-03-29_1350095_D_39,0.23924765,cv,0
2026-03-29_1350095_D_4,0.3192839,cv,0
2026-03-29_1350095_D_40,0.23005816,cv,0
2026-03-29_1350095_D_41,0.27428898,cv,0
2026-03-29_1350095_D_42,0.2979484,cv,0
2026-03-29_1350095_D_43,0.34208173,cv,0
2026-03-29_1350095_D_44,0.24903497,cv,0
2026-03-29_1350095_D_45,0.3381467,cv,0
2026-03-29_1350095_D_46,0.15914151,cv,0
2026-03-29_1350095_D_47,0.3035645,cv,0
2026-03-29_1350095_D_48,0.27171415,cv,0
2026-03-29_1350095_D_49,0.2762875,cv,0
2026-03-29_1350095_D_5,0.1480428,cv,0
2026-03-29_1350095_D_50,0.27180493,cv,0
2026-03-29_1350095_D_51,0.20542805,cv,0
2026-03-29_1350095_D_52,0.17688279,cv,0
2026-03-29_1350095_D_53,0.15029669,cv,0
2026-03-29_1350095_D_54,0.12237754,cv,0
2026-03-29_1350095_D_55,0.16707426,cv,0
2026-03-29_1350095_D_56,0.22536817,cv,0
2026-03-29_1350095_D_57,0.22450173,cv,0
2026-03-29_1350095_D_58,0.17423873,cv,0
2026-03-29_1350095_D_6,0.3160516,cv,0
2026-03-29_1350095_D_60,0.3314908,cv,0
2026-03-29_1350095_D_7,0.3594919,cv,0
2026-03-29_1350095_D_8,0.34805816,cv,0
2026-03-29_1350095_D_9,0.17181146,cv,1
2026-03-29_1350096_D_10,0.34583017,cv,0
2026-03-29_1350096_D_11,0.29617438,cv,0
2026-03-29_1350096_D_13,0.23929207,cv,0
2026-03-29_1350096_D_14,0.79002017,cv,0
2026-03-29_1350096_D_15,0.18494555,cv,0
2026-03-29_1350096_D_16,0.22232467,cv,0
2026-03-29_1350096_D_18,0.30945763,cv,1
2026-03-29_1350096_D_19,0.19134322,cv,0
2026-03-29_1350096_D_2,0.3616868,cv,0
2026-03-29_1350096_D_20,0.27167493,cv,0
2026-03-29_1350096_D_21,0.2779722,cv,0
2026-03-29_1350096_D_22,0.2064304,cv,0
2026-03-29_1350096_D_23,0.25353917,cv,0
2026-03-29_1350096_D_25,0.34539276,cv,0
2026-03-29_1350096_D_26,0.2819395,cv,0
2026-03-29_1350096_D_27,0.268715,cv,0
2026-03-29_1350096_D_3,0.31045127,cv,0
2026-03-29_1350096_D_31,0.27976483,cv,0
2026-03-29_1350096_D_32,0.22637856,cv,0
2026-03-29_1350096_D_33,0.28042126,cv,0
2026-03-29_1350096_D_35,0.39242214,cv,0
2026-03-29_1350096_D_36,0.30927905,cv,0
2026-03-29_1350096_D_37,0.27709514,cv,0
2026-03-29_1350096_D_38,0.31361914,cv,0
2026-03-29_1350096_D_39,0.24496214,cv,0
2026-03-29_1350096_D_4,0.35593256,cv,0
2026-03-29_1350096_D_40,0.33802527,cv,0
2026-03-29_1350096_D_41,0.2625715,cv,0
2026-03-29_1350096_D_42,0.30484173,cv,0
2026-03-29_1350096_D_43,0.21740708,cv,0
2026-03-29_1350096_D_45,0.28413785,cv,0
2026-03-29_1350096_D_46,0.32379696,cv,0
2026-03-29_1350096_D_47,0.37191725,cv,1
2026-03-29_1350096_D_49,0.30017075,cv,0
2026-03-29_1350096_D_5,0.23632967,cv,0
2026-03-29_1350096_D_50,0.5853159,cv,0
2026-03-29_1350096_D_51,0.5323054,cv,0
2026-03-29_1350096_D_53,0.24832422,cv,0
2026-03-29_1350096_D_54,0.38278854,cv,0
2026-03-29_1350096_D_55,0.4482072,cv,0
2026-03-29_1350096_D_56,0.48169646,cv,0
2026-03-29_1350096_D_8,0.3224404,cv,0
2026-03-29_1350096_D_9,0.2808823,cv,0
2026-03-29_1350097_D_1,0.36586294,cv,0
2026-03-29_1350097_D_12,0.49735117,cv,0
2026-03-29_1350097_D_13,0.96146345,cv,0
2026-03-29_1350097_D_15,0.60361946,cv,0
2026-03-29_1350097_D_19,0.4550981,cv,0
2026-03-29_1350097_D_2,0.4759866,cv,0
2026-03-29_1350097_D_21,0.36609858,cv,0
2026-03-29_1350097_D_22,0.41978467,cv,1
2026-03-29_1350097_D_23,0.26151258,cv,0
2026-03-29_1350097_D_25,0.4623434,cv,0
2026-03-29_1350097_D_27,0.4625284,cv,0
2026-03-29_1350097_D_29,0.27407226,cv,0
2026-03-29_1350097_D_31,0.2746918,cv,0
2026-03-29_1350097_D_32,0.5749539,cv,1
2026-03-29_1350097_D_34,0.24928199,cv,0
2026-03-29_1350097_D_38,0.6414919,cv,0
2026-03-29_1350097_D_39,0.41878486,cv,1
2026-03-29_1350097_D_4,0.38606584,cv,0
2026-03-29_1350097_D_42,0.44834375,cv,1
2026-03-29_1350097_D_47,0.40034825,cv,1
2026-03-29_1350097_D_6,0.4648006,cv,0
2026-03-29_1350097_D_7,0.2656389,cv,0
2026-03-29_1350099_D_1,0.60204,cv,0
2026-03-29_1350099_D_10,0.3547028,cv,0
2026-03-29_1350099_D_11,0.75002784,cv,0
2026-03-29_1350099_D_13,0.6323642,cv,0
2026-03-29_1350099_D_14,0.36629534,cv,0
2026-03-29_1350099_D_15,0.5705497,cv,0
2026-03-29_1350099_D_16,0.29820877,cv,0
2026-03-29_1350099_D_17,0.3450182,cv,0
2026-03-29_1350099_D_2,1.1202412,cv,0
2026-03-29_1350099_D_22,0.20699541,cv,0
2026-03-29_1350099_D_23,0.49657938,cv,0
2026-03-29_1350099_D_25,0.22758995,cv,0
2026-03-29_1350099_D_26,0.36855793,cv,0
2026-03-29_1350099_D_28,0.29369974,cv,1
2026-03-29_1350099_D_31,0.5729677,cv,0
2026-03-29_1350099_D_32,0.66771257,cv,0
2026-03-29_1350099_D_33,0.5008318,cv,0
2026-03-29_1350099_D_36,0.79242957,cv,0
2026-03-29_1350099_D_37,0.40398026,cv,0
2026-03-29_1350099_D_38,0.40534025,cv,0
2026-03-29_1350099_D_39,0.5246388,cv,0
2026-03-29_1350099_D_41,0.24095824,cv,0
2026-03-29_1350099_D_42,0.36259755,cv,1
2026-03-29_1350099_D_43,0.3362097,cv,0
2026-03-29_1350099_D_45,0.38413543,cv,0
2026-03-29_1350099_D_50,0.9754188,cv,0
2026-03-29_1350099_D_51,1.3900656,cv,0
2026-03-29_1350099_D_52,0.8224346,cv,1
2026-03-29_1350099_D_54,0.9260706,cv,0
2026-03-29_1350099_D_55,0.4310994,cv,0
2026-03-29_1350099_D_56,0.5263026,cv,0
2026-03-29_1350099_D_58,0.6211226,cv,0
2026-03-29_1350099_D_6,0.89161944,cv,1
2026-03-29_1350099_D_61,0.3994851,cv,0
2026-03-29_1350099_D_7,0.48839712,cv,0
2026-03-29_1350099_D_8,0.41032386,cv,0
2026-03-29_1350100_D_1,0.40436006,cv,0
2026-03-29_1350100_D_10,0.3228267,cv,0
2026-03-29_1350100_D_11,0.38174793,cv,0
2026-03-29_1350100_D_12,0.41807038,cv,1
2026-03-29_1350100_D_16,0.42744946,cv,0
2026-03-29_1350100_D_17,0.45254406,cv,1
2026-03-29_1350100_D_18,0.7114781,cv,0
2026-03-29_1350100_D_2,0.2936282,cv,0
2026-03-29_1350100_D_3,0.28690314,cv,0
2026-03-29_1350100_D_4,0.27398425,cv,1
2026-03-29_1350100_D_6,0.38620293,cv,1
2026-03-29_1350100_D_7,0.32204396,cv,0
2026-03-29_1350100_D_8,0.35736585,cv,0
2026-03-29_1350100_D_9,0.35543174,cv,0
2026-03-29_1350101_D_1,0.2711087,cv,0
2026-03-29_1350101_D_10,0.31516626,cv,0
2026-03-29_1350101_D_11,0.24573803,cv,0
2026-03-29_1350101_D_12,0.21403937,cv,0
2026-03-29_1350101_D_13,0.2192356,cv,0
2026-03-29_1350101_D_14,0.20936565,cv,0
2026-03-29_1350101_D_15,0.32357427,cv,0
2026-03-29_1350101_D_16,0.16918008,cv,1
2026-03-29_1350101_D_18,0.18689165,cv,0
2026-03-29_1350101_D_19,0.16767237,cv,0
2026-03-29_1350101_D_2,0.16856527,cv,0
2026-03-29_1350101_D_20,0.19691107,cv,1
2026-03-29_1350101_D_22,0.17990601,cv,0
2026-03-29_1350101_D_23,0.26633558,cv,1
2026-03-29_1350101_D_25,0.99272156,cv,0
2026-03-29_1350101_D_26,0.19558299,cv,0
2026-03-29_1350101_D_27,0.2134137,cv,0
2026-03-29_1350101_D_3,0.22679839,cv,0
2026-03-29_1350101_D_30,0.25299305,cv,1
2026-03-29_1350101_D_34,0.11936482,cv,0
2026-03-29_1350101_D_35,0.34783992,cv,1
2026-03-29_1350101_D_38,0.70812863,cv,1
2026-03-29_1350101_D_4,0.16422959,cv,1
2026-03-29_1350101_D_41,0.68767595,cv,1
2026-03-29_1350101_D_43,0.427682,cv,0
2026-03-29_1350101_D_44,0.52888954,cv,0
2026-03-29_1350101_D_45,0.19894287,cv,0
2026-03-29_1350101_D_46,0.6752278,cv,0
2026-03-29_1350101_D_47,0.3789054,cv,0
2026-03-29_1350101_D_48,0.3997514,cv,1
2026-03-29_1350101_D_49,0.34420723,cv,1
2026-03-29_1350101_D_5,0.2436479,cv,0
2026-03-29_1350101_D_50,1.0236483,cv,1
2026-03-29_1350101_D_51,0.16202943,cv,0
2026-03-29_1350101_D_54,0.32043055,cv,0
2026-03-29_1350101_D_58,0.23062007,cv,1
2026-03-29_1350101_D_6,0.21063936,cv,1
2026-03-29_1350101_D_60,0.14144525,cv,0
2026-03-29_1350101_D_62,0.49614558,cv,0
2026-03-29_1350101_D_7,0.8097598,cv,0
2026-03-29_1350101_D_8,0.16193916,cv,1
2026-03-29_1350103_D_1,0.7475678,cv,0
2026-03-29_1350103_D_11,0.56510043,cv,0
2026-03-29_1350103_D_12,0.60994774,cv,0
2026-03-29_1350103_D_13,0.73952997,cv,0
2026-03-29_1350103_D_15,0.36187324,cv,0
2026-03-29_1350103_D_16,0.70055026,cv,0
2026-03-29_1350103_D_18,0.5835614,cv,0
2026-03-29_1350103_D_2,0.6446698,cv,0
2026-03-29_1350103_D_20,0.51980203,cv,0
2026-03-29_1350103_D_21,0.63395715,cv,1
2026-03-29_1350103_D_23,0.5355277,cv,0
2026-03-29_1350103_D_24,0.3631688,cv,0
2026-03-29_1350103_D_25,0.7046913,cv,0
2026-03-29_1350103_D_26,0.84961617,cv,0
2026-03-29_1350103_D_27,0.45561284,cv,1
2026-03-29_1350103_D_28,0.37816334,cv,0
2026-03-29_1350103_D_29,0.5482764,cv,0
2026-03-29_1350103_D_3,0.5482323,cv,0
2026-03-29_1350103_D_4,0.4764514,cv,0
2026-03-29_1350103_D_5,0.6839986,cv,0
2026-03-29_1350103_D_6,0.6585295,cv,0
2026-03-29_1350103_D_7,0.49907106,cv,0
2026-03-29_1350103_D_8,0.6229894,cv,0
2026-03-29_1350103_D_9,0.4669866,cv,0
2026-03-29_1350104_D_10,0.27228826,cv,0
2026-03-29_1350104_D_11,0.27764398,cv,0
2026-03-29_1350104_D_12,0.22042844,cv,0
2026-03-29_1350104_D_13,0.18713526,cv,1
2026-03-29_1350104_D_14,0.24376714,cv,0
2026-03-29_1350104_D_16,0.39431208,cv,0
2026-03-29_1350104_D_17,0.32218972,cv,1
2026-03-29_1350104_D_2,0.43222046,cv,0
2026-03-29_1350104_D_21,0.26457798,cv,0
2026-03-29_1350104_D_22,0.3459445,cv,0
2026-03-29_1350104_D_27,0.2585898,cv,1
2026-03-29_1350104_D_28,0.25488728,cv,0
2026-03-29_1350104_D_29,0.28959787,cv,0
2026-03-29_1350104_D_3,0.2750796,cv,0
2026-03-29_1350104_D_30,0.2865699,cv,0
2026-03-29_1350104_D_31,0.24292207,cv,0
2026-03-29_1350104_D_32,0.26376134,cv,0
2026-03-29_1350104_D_35,0.49149534,cv,0
2026-03-29_1350104_D_36,0.3073495,cv,0
2026-03-29_1350104_D_37,0.38308632,cv,0
2026-03-29_1350104_D_38,0.32966843,cv,0
2026-03-29_1350104_D_39,0.35181567,cv,0
2026-03-29_1350104_D_4,0.32453927,cv,0
2026-03-29_1350104_D_41,0.33451292,cv,0
2026-03-29_1350104_D_42,0.23959437,cv,0
2026-03-29_1350104_D_43,0.27033922,cv,0
2026-03-29_1350104_D_44,0.31665066,cv,0
2026-03-29_1350104_D_45,0.3504454,cv,0
2026-03-29_1350104_D_48,0.36055386,cv,0
2026-03-29_1350104_D_49,0.35998273,cv,0
2026-03-29_1350104_D_5,0.39296275,cv,0
2026-03-29_1350104_D_50,0.32946473,cv,0
2026-03-29_1350104_D_51,0.33759165,cv,0
2026-03-29_1350104_D_52,0.38538373,cv,0
2026-03-29_1350104_D_54,0.47800323,cv,0
2026-03-29_1350104_D_55,0.14962807,cv,0
2026-03-29_1350104_D_57,0.31089464,cv,0
2026-03-29_1350104_D_58,0.4063531,cv,0
2026-03-29_1350104_D_59,0.2377221,cv,0
2026-03-29_1350104_D_60,0.28429905,cv,0
2026-03-29_1350104_D_7,0.2785657,cv,0
2026-03-29_1350104_D_8,0.38515902,cv,0
2026-03-29_1350104_D_9,0.30357942,cv,0
2026-03-29_1350107_D_1,0.50165856,cv,0
2026-03-29_1350107_D_11,0.53843135,cv,0
2026-03-29_1350107_D_12,0.77768916,cv,1
2026-03-29_1350107_D_13,0.50729275,cv,0
2026-03-29_1350107_D_14,0.4953562,cv,0
2026-03-29_1350107_D_15,0.31789783,cv,0
2026-03-29_1350107_D_18,0.5796332,cv,0
2026-03-29_1350107_D_19,0.6447638,cv,0
2026-03-29_1350107_D_2,0.46865043,cv,0
2026-03-29_1350107_D_20,0.30738893,cv,0
2026-03-29_1350107_D_21,0.6653489,cv,0
2026-03-29_1350107_D_23,0.24018906,cv,0
2026-03-29_1350107_D_26,0.7651999,cv,0
2026-03-29_1350107_D_27,0.67047924,cv,1
2026-03-29_1350107_D_28,0.47355628,cv,1
2026-03-29_1350107_D_3,1.8204874,cv,0
2026-03-29_1350107_D_33,0.48012924,cv,0
2026-03-29_1350107_D_6,0.71781003,cv,0
2026-03-29_1350107_D_7,0.6339079,cv,0
2026-03-29_1350107_D_8,0.69502544,cv,0
2026-03-29_1350107_D_9,0.3358961,cv,1
2026-03-29_1350108_D_12,0.71891725,cv,0
2026-03-29_1350108_D_15,0.57707137,cv,1
2026-03-29_1350108_D_17,0.4512396,cv,0
2026-03-29_1350108_D_23,0.5361118,cv,1
2026-03-29_1350108_D_26,0.6845237,cv,0
2026-03-29_1350108_D_27,0.47413272,cv,0
2026-03-29_1350108_D_28,0.57527834,cv,0
2026-03-29_1350108_D_29,0.6873888,cv,1
2026-03-29_1350108_D_30,0.6286356,cv,0
2026-03-29_1350108_D_31,0.62546194,cv,0
2026-03-29_1350108_D_33,0.6427009,cv,1
2026-03-29_1350108_D_34,0.48970956,cv,0
2026-03-29_1350108_D_36,0.41195172,cv,1
2026-03-29_1350108_D_39,0.7879667,cv,0
2026-03-29_1350108_D_6,0.6164834,cv,0
2026-03-29_1350108_D_7,0.41242504,cv,0
2026-03-29_1363305_D_1,0.30871904,cv,0
2026-03-29_1363305_D_10,0.31708872,cv,0
2026-03-29_1363305_D_11,0.32085386,cv,0
2026-03-29_1363305_D_12,0.27838147,cv,0
2026-03-29_1363305_D_13,0.27567837,cv,0
2026-03-29_1363305_D_14,0.27913317,cv,0
2026-03-29_1363305_D_17,0.24722195,cv,0
2026-03-29_1363305_D_18,0.30946645,cv,0
2026-03-29_1363305_D_2,0.25472102,cv,0
2026-03-29_1363305_D_20,0.24707215,cv,0
2026-03-29_1363305_D_24,0.1983546,cv,0
2026-03-29_1363305_D_25,0.25954807,cv,1
2026-03-29_1363305_D_3,0.27723044,cv,0
2026-03-29_1363305_D_4,0.34232765,cv,0
2026-03-29_1363305_D_6,0.41713518,cv,0
2026-03-29_1363305_D_9,0.29209632,cv,0
2026-03-29_1381482_D_10,0.54077405,cv,0
2026-03-29_1381482_D_11,0.34642738,cv,0
2026-03-29_1381482_D_12,0.28268883,cv,0
2026-03-29_1381482_D_13,0.32865596,cv,0
2026-03-29_1381482_D_14,0.25027966,cv,0
2026-03-29_1381482_D_15,0.26489767,cv,1
2026-03-29_1381482_D_16,0.19348359,cv,0
2026-03-29_1381482_D_17,0.22919822,cv,0
2026-03-29_1381482_D_18,0.27637112,cv,0
2026-03-29_1381482_D_19,0.30844298,cv,1
2026-03-29_1381482_D_2,0.24623892,cv,0
2026-03-29_1381482_D_20,0.638365,cv,1
2026-03-29_1381482_D_21,0.46694034,cv,1
2026-03-29_1381482_D_22,0.30066147,cv,1
2026-03-29_1381482_D_23,0.18746185,cv,1
2026-03-29_1381482_D_24,0.1411231,cv,1
2026-03-29_1381482_D_26,0.2626752,cv,0
2026-03-29_1381482_D_27,0.15983179,cv,0
2026-03-29_1381482_D_28,0.15801753,cv,1
2026-03-29_1381482_D_29,0.39610922,cv,1
2026-03-29_1381482_D_3,0.27762693,cv,1
2026-03-29_1381482_D_30,0.5079685,cv,1
2026-03-29_1381482_D_31,0.48349684,cv,1
2026-03-29_1381482_D_32,0.3608033,cv,0
2026-03-29_1381482_D_33,0.2138941,cv,1
2026-03-29_1381482_D_34,0.23189592,cv,1
2026-03-29_1381482_D_35,0.34492463,cv,0
2026-03-29_1381482_D_36,0.45598787,cv,1
2026-03-29_1381482_D_4,0.30186206,cv,1
2026-03-29_1381482_D_40,0.21986592,cv,1
2026-03-29_1381482_D_42,0.31283873,cv,0
2026-03-29_1381482_D_5,0.39995977,cv,0
2026-03-29_1381482_D_6,0.63417125,cv,0
2026-03-29_1381482_D_7,0.5352559,cv,1
2026-03-29_1381482_D_8,0.36820668,cv,0
2026-03-29_1381482_D_9,0.42268372,cv,0
2026-03-29_1402902_D_1,0.1977174,cv,0
2026-03-29_1402902_D_10,0.17300324,cv,0
2026-03-29_1402902_D_11,0.1316219,cv,0
2026-03-29_1402902_D_12,0.19909017,cv,0
2026-03-29_1402902_D_2,0.22062358,cv,0
2026-03-29_1402902_D_3,0.19934022,cv,0
2026-03-29_1402902_D_4,0.12123245,cv,0
2026-03-29_1402902_D_5,0.22055441,cv,0
2026-03-29_1402902_D_6,0.31802624,cv,0
2026-03-29_1402902_D_7,0.2993471,cv,0
2026-03-29_1402902_D_8,0.20677754,cv,0
2026-03-29_1402902_D_9,0.26092297,cv,0
2026-03-30_1247894_D_14,0.5589367,cv,0
2026-03-30_1247897_D_56,0.27154365,cv,1
2026-03-30_1247897_D_57,0.31124553,cv,0
2026-03-30_1247897_D_58,0.3391473,cv,0
2026-03-30_1247933_D_87,0.42335415,cv,0
2026-03-30_1247933_D_88,0.3120016,cv,0
2026-03-30_1247933_D_89,0.34271806,cv,1
2026-03-30_1247933_D_90,0.29015929,cv,0
2026-03-30_1247933_D_91,0.42919502,cv,0
2026-03-30_1289689_D_49,0.19061033,cv,0
2026-03-30_1289689_D_50,0.15939926,cv,0
2026-03-30_1289689_D_51,0.1406331,cv,0
2026-03-30_1348037_U_1,0.34736356,cv,0
2026-03-30_1348037_U_10,0.48293954,cv,0
2026-03-30_1348037_U_11,0.54383695,cv,0
2026-03-30_1348037_U_12,0.5225883,cv,0
2026-03-30_1348037_U_13,0.17194992,cv,0
2026-03-30_1348037_U_14,0.14936508,cv,0
2026-03-30_1348037_U_15,0.26858363,cv,0
2026-03-30_1348037_U_16,0.3011068,cv,0
2026-03-30_1348037_U_17,0.26183015,cv,0
2026-03-30_1348037_U_18,0.4787818,cv,0
2026-03-30_1348037_U_19,0.39407182,cv,0
2026-03-30_1348037_U_2,0.3907808,cv,0
2026-03-30_1348037_U_20,0.38915664,cv,0
2026-03-30_1348037_U_21,0.5209929,cv,0
2026-03-30_1348037_U_22,0.35085976,cv,0
2026-03-30_1348037_U_23,0.2957203,cv,0
2026-03-30_1348037_U_24,0.36029777,cv,0
2026-03-30_1348037_U_25,0.41120574,cv,0
2026-03-30_1348037_U_26,0.31455803,cv,1
2026-03-30_1348037_U_27,0.3010863,cv,0
2026-03-30_1348037_U_28,0.36168724,cv,0
2026-03-30_1348037_U_29,0.23168835,cv,0
2026-03-30_1348037_U_3,0.29116777,cv,0
2026-03-30_1348037_U_30,0.23815104,cv,0
2026-03-30_1348037_U_31,0.436059,cv,0
2026-03-30_1348037_U_34,0.4913206,cv,0
2026-03-30_1348037_U_35,0.22729164,cv,0
2026-03-30_1348037_U_36,0.5804538,cv,0
2026-03-30_1348037_U_37,0.6612203,cv,0
2026-03-30_1348037_U_38,0.23298095,cv,0
2026-03-30_1348037_U_39,0.34264824,cv,0
2026-03-30_1348037_U_4,0.34992278,cv,0
2026-03-30_1348037_U_41,0.44635743,cv,0
2026-03-30_1348037_U_42,0.38383147,cv,0
2026-03-30_1348037_U_44,0.18753347,cv,0
2026-03-30_1348037_U_46,0.22165708,cv,0
2026-03-30_1348037_U_47,0.41624182,cv,0
2026-03-30_1348037_U_48,0.5365974,cv,0
2026-03-30_1348037_U_49,0.7966141,cv,0
2026-03-30_1348037_U_5,0.24384603,cv,0
2026-03-30_1348037_U_50,0.58033526,cv,0
2026-03-30_1348037_U_51,0.86941814,cv,0
2026-03-30_1348037_U_52,0.36210322,cv,0
2026-03-30_1348037_U_6,0.60823405,cv,0
2026-03-30_1348037_U_7,0.43910223,cv,0
2026-03-30_1348037_U_8,0.36519593,cv,0
2026-03-30_1348037_U_9,0.15990731,cv,0
2026-03-30_1349260_U_1,1.0102146,cv,0
2026-03-30_1349260_U_11,0.5384085,cv,1
2026-03-30_1349260_U_12,1.0311049,cv,1
2026-03-30_1349260_U_16,0.5002269,cv,1
2026-03-30_1349260_U_19,0.33992028,cv,0
2026-03-30_1349260_U_2,1.0128903,cv,0
2026-03-30_1349260_U_21,0.11065012,cv,0
2026-03-30_1349260_U_23,0.23047233,cv,1
2026-03-30_1349260_U_25,0.19181514,cv,0
2026-03-30_1349260_U_26,0.14494938,cv,0
2026-03-30_1349260_U_27,0.39975056,cv,0
2026-03-30_1349260_U_29,1.0902424,cv,0
2026-03-30_1349260_U_32,0.11068618,cv,0
2026-03-30_1349260_U_33,0.15514183,cv,0
2026-03-30_1349260_U_34,0.34023654,cv,0
2026-03-30_1349260_U_35,1.1574745,cv,0
2026-03-30_1349260_U_5,1.1196334,cv,1
2026-03-30_1349260_U_7,0.8948993,cv,0
2026-03-30_1349260_U_8,0.98050785,cv,0
2026-03-30_1350092_D_82,0.33335304,cv,0
2026-03-30_1350092_D_83,0.56527674,cv,0
2026-03-30_1350095_D_61,0.36537045,cv,0
2026-03-30_1350095_D_62,0.28752816,cv,0
2026-03-30_1350095_D_63,0.26688898,cv,0
2026-03-30_1350095_D_64,0.32504493,cv,0
2026-03-30_1350096_D_58,0.43038195,cv,1
2026-03-30_1350099_D_57,0.37848568,cv,1
2026-03-30_1350099_D_59,1.0605123,cv,1
2026-03-30_1350099_D_60,0.88694036,cv,0
2026-03-30_1350099_D_62,0.34703645,cv,0
2026-03-30_1350099_D_63,0.44920856,cv,0
2026-03-30_1350101_D_26,0.65009826,cv,1
2026-03-30_1350101_D_63,0.320644,cv,0
2026-03-30_1350101_D_64,0.29289266,cv,0
2026-03-30_1350101_D_65,0.30809426,cv,0
2026-03-30_1350104_D_19,0.23074733,cv,1
2026-03-30_1350109_D_1,0.38673875,cv,1
2026-03-30_1350109_D_2,0.801841,cv,0
2026-03-30_1350109_D_3,1.558895,cv,1
2026-03-30_1350109_D_4,0.5293624,cv,0
2026-03-30_1359254_U_1,0.22859816,cv,0
2026-03-30_1359254_U_10,0.11858462,cv,0
2026-03-30_1359254_U_13,0.19501999,cv,0
2026-03-30_1359254_U_14,0.15076742,cv,1
2026-03-30_1359254_U_15,0.18891095,cv,0
2026-03-30_1359254_U_16,0.12147286,cv,0
2026-03-30_1359254_U_18,0.2850349,cv,1
2026-03-30_1359254_U_19,0.12278526,cv,1
2026-03-30_1359254_U_2,0.13652459,cv,1
2026-03-30_1359254_U_21,0.24388078,cv,1
2026-03-30_1359254_U_22,0.2677965,cv,0
2026-03-30_1359254_U_23,0.199483,cv,1
2026-03-30_1359254_U_24,0.1852434,cv,1
2026-03-30_1359254_U_25,0.26530316,cv,1
2026-03-30_1359254_U_28,0.18654022,cv,1
2026-03-30_1359254_U_31,0.20820038,cv,1
2026-03-30_1359254_U_32,0.23272036,cv,0
2026-03-30_1359254_U_34,0.14448096,cv,1
2026-03-30_1359254_U_35,0.370852,cv,0
2026-03-30_1359254_U_37,0.118774414,cv,1
2026-03-30_1359254_U_38,0.51368177,cv,0
2026-03-30_1359254_U_4,0.20582777,cv,0
2026-03-30_1359254_U_40,0.09348069,cv,1
2026-03-30_1359254_U_42,0.15202156,cv,1
2026-03-30_1359254_U_43,0.12213042,cv,1
2026-03-30_1359254_U_44,0.3001372,cv,0
2026-03-30_1359254_U_46,0.14117458,cv,0
2026-03-30_1359254_U_47,0.14876255,cv,0
2026-03-30_1359254_U_48,0.24760687,cv,0
2026-03-30_1359254_U_49,0.23534837,cv,0
2026-03-30_1359254_U_5,0.1272019,cv,1
2026-03-30_1359254_U_50,0.26134095,cv,0
2026-03-30_1359254_U_51,0.1817147,cv,0
2026-03-30_1359254_U_52,0.20978491,cv,0
2026-03-30_1359254_U_53,0.21456055,cv,0
2026-03-30_1359254_U_55,0.21346319,cv,0
2026-03-30_1359254_U_56,0.29664177,cv,1
2026-03-30_1359254_U_58,0.18492483,cv,1
2026-03-30_1359254_U_6,0.39009568,cv,0
2026-03-30_1359254_U_7,0.38800353,cv,0
2026-03-30_1359254_U_76,0.3216721,cv,0
2026-03-30_1359254_U_9,0.49962258,cv,0
2026-03-30_1390072_U_1,0.23560387,cv,1
2026-03-30_1390072_U_10,0.33684254,cv,1
2026-03-30_1390072_U_11,0.24188086,cv,0
2026-03-30_1390072_U_12,0.3572948,cv,1
2026-03-30_1390072_U_13,0.17389332,cv,0
2026-03-30_1390072_U_14,0.23690365,cv,0
2026-03-30_1390072_U_15,0.15391414,cv,0
2026-03-30_1390072_U_16,0.41533265,cv,1
2026-03-30_1390072_U_17,0.43012756,cv,0
2026-03-30_1390072_U_18,0.49588975,cv,0
2026-03-30_1390072_U_19,0.34044844,cv,0
2026-03-30_1390072_U_20,0.27938005,cv,1
2026-03-30_1390072_U_21,0.22897737,cv,1
2026-03-30_1390072_U_22,0.16034256,cv,0
2026-03-30_1390072_U_23,0.1979292,cv,1
2026-03-30_1390072_U_25,0.16345905,cv,0
2026-03-30_1390072_U_26,0.14714365,cv,0
2026-03-30_1390072_U_27,0.3135214,cv,0
2026-03-30_1390072_U_4,0.15907733,cv,0
2026-03-30_1390072_U_5,0.15957983,cv,1
2026-03-30_1390072_U_7,0.22977892,cv,1
2026-03-30_1390072_U_8,0.1547029,cv,0
2026-03-30_1407494_U_1,0.52939487,cv,1
2026-03-30_1407494_U_12,0.19537334,cv,0
2026-03-30_1407494_U_13,0.24135558,cv,1
2026-03-30_1407494_U_15,0.44282207,cv,0
2026-03-30_1407494_U_16,0.29048324,cv,0
2026-03-30_1407494_U_17,0.4045989,cv,0
2026-03-30_1407494_U_2,0.1572338,cv,0
2026-03-30_1407494_U_20,0.26024896,cv,1
2026-03-30_1407494_U_21,0.32029706,cv,0
2026-03-30_1407494_U_22,0.47340524,cv,0
2026-03-30_1407494_U_23,0.30415982,cv,1
2026-03-30_1407494_U_25,0.60348094,cv,0
2026-03-30_1407494_U_26,0.31870157,cv,0
2026-03-30_1407494_U_27,0.28990299,cv,1
2026-03-30_1407494_U_3,0.21813953,cv,0
2026-03-30_1407494_U_32,0.24165252,cv,1
2026-03-30_1407494_U_33,0.28251496,cv,0
2026-03-30_1407494_U_34,0.2817273,cv,1
2026-03-30_1407494_U_35,0.3051502,cv,1
2026-03-30_1407494_U_36,0.29485887,cv,1
2026-03-30_1407494_U_37,0.2131698,cv,0
2026-03-30_1407494_U_4,0.17999105,cv,0
2026-03-30_1407494_U_5,0.218889,cv,0
2026-03-30_1407494_U_7,0.1768326,cv,0
2026-03-30_1407494_U_8,0.15271448,cv,0
2026-03-30_1407495_U_1,0.27585244,cv,0
2026-03-30_1407495_U_10,0.20022538,cv,0
2026-03-30_1407495_U_11,0.19817773,cv,0
2026-03-30_1407495_U_12,0.19699416,cv,1
2026-03-30_1407495_U_13,0.23594189,cv,1
2026-03-30_1407495_U_17,0.2461978,cv,0
2026-03-30_1407495_U_18,0.26323104,cv,0
2026-03-30_1407495_U_19,0.2151246,cv,0
2026-03-30_1407495_U_2,0.1416781,cv,0
2026-03-30_1407495_U_20,0.17220394,cv,0
2026-03-30_1407495_U_21,0.29337978,cv,0
2026-03-30_1407495_U_22,0.7821232,cv,1
2026-03-30_1407495_U_23,0.3053497,cv,0
2026-03-30_1407495_U_25,0.36189437,cv,0
2026-03-30_1407495_U_26,0.30883586,cv,0
2026-03-30_1407495_U_3,0.20413285,cv,1
2026-03-30_1407495_U_6,0.22967218,cv,0
2026-03-30_1407495_U_7,0.2982059,cv,1
2026-03-30_1407495_U_8,0.20316777,cv,1
2026-03-30_1429985_U_12,0.13455716,cv,1
2026-03-30_1429985_U_127,0.31349975,cv,0
2026-03-30_1429985_U_17,0.1658955,cv,1
2026-03-30_1429985_U_22,0.24413131,cv,1
2026-03-30_1429985_U_33,0.16165155,cv,0
2026-03-30_1429985_U_36,0.21169874,cv,1
2026-03-30_1429985_U_46,0.27740216,cv,1
2026-03-30_1429985_U_5,0.23000702,cv,0
2026-03-30_1429985_U_51,0.159163,cv,1
2026-03-30_1429985_U_56,0.22041117,cv,1
2026-03-30_1429985_U_61,0.22034542,cv,1
2026-03-30_1429985_U_66,0.24380253,cv,1
2026-03-30_1429985_U_68,0.1887464,cv,0
2026-03-30_1429985_U_80,0.09330138,cv,0
2026-03-30_1429985_U_9,0.18014598,cv,0
2026-03-30_1431265_U_1,0.30089182,cv,0
2026-03-30_1431265_U_10,0.17484805,cv,1
2026-03-30_1431265_U_100,0.17283422,cv,0
2026-03-30_1431265_U_101,0.09104085,cv,0
2026-03-30_1431265_U_102,0.23856488,cv,0
2026-03-30_1431265_U_103,0.10943868,cv,1
2026-03-30_1431265_U_105,0.4984798,cv,0
2026-03-30_1431265_U_106,0.1830477,cv,0
2026-03-30_1431265_U_107,0.1838712,cv,0
2026-03-30_1431265_U_108,0.17847757,cv,0
2026-03-30_1431265_U_109,0.14404923,cv,1
2026-03-30_1431265_U_11,0.16688213,cv,0
2026-03-30_1431265_U_114,0.38619336,cv,0
2026-03-30_1431265_U_115,0.14498945,cv,0
2026-03-30_1431265_U_116,0.19131064,cv,0
2026-03-30_1431265_U_117,0.13523076,cv,0
2026-03-30_1431265_U_118,0.12583259,cv,0
2026-03-30_1431265_U_119,0.13666666,cv,0
2026-03-30_1431265_U_12,0.1237241,cv,0
2026-03-30_1431265_U_120,0.15335086,cv,1
2026-03-30_1431265_U_122,0.3058015,cv,0
2026-03-30_1431265_U_123,0.16214404,cv,0
2026-03-30_1431265_U_124,0.16606346,cv,1
2026-03-30_1431265_U_125,0.20707715,cv,0
2026-03-30_1431265_U_126,0.18140684,cv,1
2026-03-30_1431265_U_128,0.24452579,cv,0
2026-03-30_1431265_U_129,0.17655084,cv,0
2026-03-30_1431265_U_13,0.13092758,cv,0
2026-03-30_1431265_U_130,0.28490922,cv,0
2026-03-30_1431265_U_131,0.14737552,cv,0
2026-03-30_1431265_U_132,0.14781661,cv,0
2026-03-30_1431265_U_133,0.15566346,cv,0
2026-03-30_1431265_U_134,0.174276,cv,0
2026-03-30_1431265_U_135,0.22406116,cv,1
2026-03-30_1431265_U_136,0.112632,cv,0
2026-03-30_1431265_U_137,0.1720622,cv,0
2026-03-30_1431265_U_138,0.14391479,cv,0
2026-03-30_1431265_U_139,0.1316657,cv,0
2026-03-30_1431265_U_14,0.13588142,cv,0
2026-03-30_1431265_U_140,0.18575427,cv,0
2026-03-30_1431265_U_142,0.11343758,cv,0
2026-03-30_1431265_U_143,0.125938,cv,0
2026-03-30_1431265_U_144,0.11915451,cv,0
2026-03-30_1431265_U_145,0.1342626,cv,0
2026-03-30_1431265_U_146,0.20719104,cv,0
2026-03-30_1431265_U_147,0.177713,cv,0
2026-03-30_1431265_U_148,0.13755772,cv,0
2026-03-30_1431265_U_149,0.1426586,cv,0
2026-03-30_1431265_U_15,0.09896885,cv,1
2026-03-30_1431265_U_150,0.16144145,cv,0
2026-03-30_1431265_U_151,0.19911635,cv,0
2026-03-30_1431265_U_152,0.22300856,cv,1
2026-03-30_1431265_U_153,0.23412275,cv,0
2026-03-30_1431265_U_154,0.07507826,cv,0
2026-03-30_1431265_U_155,0.16022006,cv,0
2026-03-30_1431265_U_156,0.16773987,cv,0
2026-03-30_1431265_U_157,0.11025836,cv,0
2026-03-30_1431265_U_158,0.16560303,cv,0
2026-03-30_1431265_U_161,0.14849108,cv,0
2026-03-30_1431265_U_162,0.10832307,cv,0
2026-03-30_1431265_U_163,0.17596248,cv,0
2026-03-30_1431265_U_164,0.31374305,cv,0
2026-03-30_1431265_U_165,0.16439238,cv,0
2026-03-30_1431265_U_166,0.2932846,cv,0
2026-03-30_1431265_U_167,0.32576954,cv,0
2026-03-30_1431265_U_168,0.19914457,cv,1
2026-03-30_1431265_U_169,0.3423837,cv,0
2026-03-30_1431265_U_17,0.2876317,cv,0
2026-03-30_1431265_U_170,0.37568828,cv,0
2026-03-30_1431265_U_171,0.27827352,cv,0
2026-03-30_1431265_U_172,0.45828328,cv,0
2026-03-30_1431265_U_18,0.31780142,cv,0
2026-03-30_1431265_U_19,0.14202076,cv,0
2026-03-30_1431265_U_2,0.17007443,cv,0
2026-03-30_1431265_U_20,0.10055505,cv,1
2026-03-30_1431265_U_24,0.14545488,cv,0
2026-03-30_1431265_U_25,0.15111393,cv,0
2026-03-30_1431265_U_26,0.09599849,cv,1
2026-03-30_1431265_U_3,0.16035013,cv,1
2026-03-30_1431265_U_30,0.26518208,cv,0
2026-03-30_1431265_U_31,0.11908021,cv,0
2026-03-30_1431265_U_32,0.115319185,cv,1
2026-03-30_1431265_U_37,0.17874001,cv,0
2026-03-30_1431265_U_38,0.13221066,cv,1
2026-03-30_1431265_U_43,0.119238496,cv,0
2026-03-30_1431265_U_44,0.10249865,cv,1
2026-03-30_1431265_U_45,0.13713071,cv,0
2026-03-30_1431265_U_46,0.11111932,cv,0
2026-03-30_1431265_U_47,0.18305664,cv,0
2026-03-30_1431265_U_48,0.16371772,cv,0
2026-03-30_1431265_U_49,0.108388335,cv,0
2026-03-30_1431265_U_50,0.099705756,cv,1
2026-03-30_1431265_U_56,0.14763215,cv,1
2026-03-30_1431265_U_57,0.15479024,cv,0
2026-03-30_1431265_U_58,0.1920099,cv,0
2026-03-30_1431265_U_59,0.20595658,cv,0
2026-03-30_1431265_U_6,0.25206146,cv,0
2026-03-30_1431265_U_60,0.11139055,cv,0
2026-03-30_1431265_U_61,0.20586726,cv,0
2026-03-30_1431265_U_62,0.13604006,cv,1
2026-03-30_1431265_U_64,0.4838903,cv,0
2026-03-30_1431265_U_67,0.13564059,cv,1
2026-03-30_1431265_U_69,0.12201725,cv,0
2026-03-30_1431265_U_7,0.13073009,cv,0
2026-03-30_1431265_U_70,0.118475035,cv,0
2026-03-30_1431265_U_71,0.13684565,cv,0
2026-03-30_1431265_U_72,0.2221429,cv,0
2026-03-30_1431265_U_75,0.16771518,cv,0
2026-03-30_1431265_U_76,0.11576318,cv,0
2026-03-30_1431265_U_77,0.13098595,cv,0
2026-03-30_1431265_U_78,0.11454727,cv,1
2026-03-30_1431265_U_79,0.14767368,cv,1
2026-03-30_1431265_U_8,0.14202058,cv,0
2026-03-30_1431265_U_85,0.1310722,cv,1
2026-03-30_1431265_U_88,0.16539367,cv,0
2026-03-30_1431265_U_89,0.14056683,cv,0
2026-03-30_1431265_U_90,0.13744341,cv,0
2026-03-30_1431265_U_91,0.08560963,cv,1
2026-03-30_1431265_U_93,0.1451132,cv,0
2026-03-30_1431265_U_94,0.1581035,cv,0
2026-03-30_1431265_U_95,0.1829361,cv,0
2026-03-30_1431265_U_96,0.17536321,cv,0
2026-03-30_1431265_U_97,0.12999745,cv,1
2026-03-30_1431265_U_99,0.16689955,cv,0
2026-03-30_1439975_U_1,0.28488344,cv,1
2026-03-30_1439975_U_10,0.21251395,cv,0
2026-03-30_1439975_U_100,0.22578111,cv,0
2026-03-30_1439975_U_101,0.35539824,cv,0
2026-03-30_1439975_U_12,0.17137687,cv,1
2026-03-30_1439975_U_13,0.14472392,cv,0
2026-03-30_1439975_U_14,0.16288218,cv,0
2026-03-30_1439975_U_15,0.16275741,cv,0
2026-03-30_1439975_U_16,0.19027285,cv,1
2026-03-30_1439975_U_17,0.18215315,cv,0
2026-03-30_1439975_U_19,0.13603702,cv,1
2026-03-30_1439975_U_2,0.17485341,cv,0
2026-03-30_1439975_U_21,0.2151351,cv,0
2026-03-30_1439975_U_22,0.191463,cv,0
2026-03-30_1439975_U_23,0.18078625,cv,1
2026-03-30_1439975_U_24,0.16152202,cv,1
2026-03-30_1439975_U_25,0.12737903,cv,0
2026-03-30_1439975_U_29,0.26561022,cv,0
2026-03-30_1439975_U_30,0.23963588,cv,1
2026-03-30_1439975_U_32,0.32816777,cv,0
2026-03-30_1439975_U_33,0.19467193,cv,0
2026-03-30_1439975_U_34,0.26608694,cv,1
2026-03-30_1439975_U_37,0.14516138,cv,0
2026-03-30_1439975_U_38,0.1523731,cv,0
2026-03-30_1439975_U_40,0.12912507,cv,1
2026-03-30_1439975_U_41,0.17028408,cv,1
2026-03-30_1439975_U_44,0.13676164,cv,1
2026-03-30_1439975_U_45,0.2368156,cv,1
2026-03-30_1439975_U_46,0.19570464,cv,1
2026-03-30_1439975_U_48,0.17852628,cv,0
2026-03-30_1439975_U_49,0.16792366,cv,0
2026-03-30_1439975_U_5,0.19090042,cv,0
2026-03-30_1439975_U_50,0.21485686,cv,1
2026-03-30_1439975_U_52,0.15544152,cv,1
2026-03-30_1439975_U_53,0.18085194,cv,1
2026-03-30_1439975_U_54,0.22272663,cv,0
2026-03-30_1439975_U_56,0.17194673,cv,0
2026-03-30_1439975_U_57,0.28985918,cv,1
2026-03-30_1439975_U_58,0.22956517,cv,0
2026-03-30_1439975_U_59,0.1430564,cv,1
2026-03-30_1439975_U_60,0.23380923,cv,1
2026-03-30_1439975_U_62,0.12275671,cv,1
2026-03-30_1439975_U_64,0.15885428,cv,1
2026-03-30_1439975_U_66,0.14813095,cv,0
2026-03-30_1439975_U_67,0.18656942,cv,1
2026-03-30_1439975_U_70,0.253167,cv,1
2026-03-30_1439975_U_71,0.2178922,cv,1
2026-03-30_1439975_U_72,0.32473144,cv,1
2026-03-30_1439975_U_75,0.24470823,cv,0
2026-03-30_1439975_U_76,0.13434294,cv,0
2026-03-30_1439975_U_77,0.21685162,cv,1
2026-03-30_1439975_U_80,0.23871033,cv,1
2026-03-30_1439975_U_82,0.29998416,cv,1
2026-03-30_1439975_U_84,0.19070081,cv,0
2026-03-30_1439975_U_88,0.18484557,cv,1
2026-03-30_1439975_U_89,0.21879148,cv,1
2026-03-30_1439975_U_9,0.23034275,cv,0
2026-03-30_1439975_U_91,0.24381635,cv,1
2026-03-30_1439975_U_92,0.22139989,cv,1
2026-03-30_1439975_U_96,0.29657823,cv,0
2026-03-30_1439975_U_97,0.26739806,cv,1
2026-03-30_1439975_U_99,0.3026158,cv,1
2026-03-30_1441389_U_1,2.76554,cv,0
2026-03-30_1441389_U_10,2.122421,cv,0
2026-03-30_1441389_U_12,2.095667,cv,0
2026-03-30_1441389_U_13,0.3500927,cv,0
2026-03-30_1441389_U_14,2.0874507,cv,0
2026-03-30_1441389_U_16,0.28373045,cv,0
2026-03-30_1441389_U_17,2.1272316,cv,0
2026-03-30_1441389_U_18,2.2715113,cv,0
2026-03-30_1441389_U_19,2.2483726,cv,1
2026-03-30_1441389_U_2,0.20058155,cv,0
2026-03-30_1441389_U_20,0.27140698,cv,0
2026-03-30_1441389_U_21,1.7486763,cv,0
2026-03-30_1441389_U_3,2.294983,cv,0
2026-03-30_1441389_U_4,0.16416082,cv,0
2026-03-30_1441389_U_6,0.18717954,cv,0
2026-03-30_1441389_U_7,1.6191758,cv,0
2026-03-30_1441389_U_8,0.21567729,cv,1
2026-03-30_1441389_U_9,0.26744038,cv,0
2026-03-30_1474792_U_1,0.18495566,cv,0
2026-03-30_1474792_U_10,0.12903175,cv,0
2026-03-30_1474792_U_11,0.2228919,cv,0
2026-03-30_1474792_U_12,0.24017462,cv,1
2026-03-30_1474792_U_13,0.14356303,cv,0
2026-03-30_1474792_U_15,0.165319,cv,0
2026-03-30_1474792_U_16,0.18184683,cv,1
2026-03-30_1474792_U_17,0.118414305,cv,0
2026-03-30_1474792_U_19,0.22447932,cv,1
2026-03-30_1474792_U_2,0.1923517,cv,1
2026-03-30_1474792_U_22,0.1952704,cv,0
2026-03-30_1474792_U_23,0.21809459,cv,0
2026-03-30_1474792_U_24,0.20232698,cv,0
2026-03-30_1474792_U_27,0.14284128,cv,0
2026-03-30_1474792_U_28,0.1395342,cv,0
2026-03-30_1474792_U_29,0.25870392,cv,0
2026-03-30_1474792_U_3,0.13247176,cv,0
2026-03-30_1474792_U_30,0.21130157,cv,0
2026-03-30_1474792_U_31,0.26502344,cv,1
2026-03-30_1474792_U_32,0.15063864,cv,1
2026-03-30_1474792_U_33,0.24823485,cv,0
2026-03-30_1474792_U_34,0.23529324,cv,0
2026-03-30_1474792_U_35,0.23337547,cv,1
2026-03-30_1474792_U_37,0.34203312,cv,0
2026-03-30_1474792_U_38,0.20734146,cv,0
2026-03-30_1474792_U_39,0.2225709,cv,0
2026-03-30_1474792_U_4,0.18390219,cv,0
2026-03-30_1474792_U_5,0.22038373,cv,0
2026-03-30_1474792_U_6,0.23798391,cv,1
2026-03-30_1474792_U_7,0.1923835,cv,1
2026-03-30_1474793_U_2,0.112500034,cv,0
2026-03-30_1474793_U_3,0.3107841,cv,0
2026-03-30_1474793_U_4,0.16532463,cv,1
2026-03-30_1476582_U_1,0.25851047,cv,1
2026-03-30_1476582_U_10,0.3207406,cv,0
2026-03-30_1476582_U_11,0.3411792,cv,0
2026-03-30_1476582_U_12,0.24300587,cv,1
2026-03-30_1476582_U_13,0.29884517,cv,0
2026-03-30_1476582_U_15,0.3231737,cv,0
2026-03-30_1476582_U_16,0.3524449,cv,0
2026-03-30_1476582_U_17,0.37780595,cv,0
2026-03-30_1476582_U_18,0.4665451,cv,0
2026-03-30_1476582_U_19,0.28816664,cv,0
2026-03-30_1476582_U_2,0.32211432,cv,0
2026-03-30_1476582_U_20,0.5401475,cv,0
2026-03-30_1476582_U_21,0.32135007,cv,0
2026-03-30_1476582_U_22,0.49317622,cv,0
2026-03-30_1476582_U_23,0.29234654,cv,1
2026-03-30_1476582_U_24,0.32393882,cv,0
2026-03-30_1476582_U_25,0.19639973,cv,1
2026-03-30_1476582_U_26,0.28702816,cv,0
2026-03-30_1476582_U_27,0.51277703,cv,0
2026-03-30_1476582_U_28,0.26215285,cv,0
2026-03-30_1476582_U_29,0.31953236,cv,0
2026-03-30_1476582_U_30,1.3249841,cv,0
2026-03-30_1476582_U_31,0.30571553,cv,0
2026-03-30_1476582_U_32,0.3957394,cv,0
2026-03-30_1476582_U_33,0.4876039,cv,0
2026-03-30_1476582_U_34,0.44502687,cv,0
2026-03-30_1476582_U_35,0.45161113,cv,0
2026-03-30_1476582_U_36,0.2784438,cv,0
2026-03-30_1476582_U_37,0.42425674,cv,0
2026-03-30_1476582_U_38,0.16807447,cv,1
2026-03-30_1476582_U_4,0.3027091,cv,1
2026-03-30_1476582_U_5,0.74248934,cv,0
2026-03-30_1476582_U_7,0.4243297,cv,0
2026-03-30_1476582_U_8,0.36305523,cv,0
2026-03-30_1476582_U_9,0.5171737,cv,0
2026-03-30_1476584_U_1,0.31372485,cv,0
2026-03-30_1476584_U_10,0.81912845,cv,0
2026-03-30_1476584_U_12,0.3335709,cv,0
2026-03-30_1476584_U_13,0.21164727,cv,0
2026-03-30_1476584_U_2,0.114785634,cv,1
2026-03-30_1476584_U_3,0.36171123,cv,0
2026-03-30_1476584_U_5,0.2499772,cv,0
2026-03-30_1476584_U_6,0.19749126,cv,1
2026-03-30_1476584_U_7,0.26620257,cv,0
2026-03-30_1476584_U_8,0.3282123,cv,0
2026-03-30_1476584_U_9,0.33756,cv,0
2026-03-30_1477764_U_1,0.13602215,cv,0
2026-03-30_1477764_U_10,0.18945682,cv,1
2026-03-30_1477764_U_11,0.16709349,cv,0
2026-03-30_1477764_U_13,0.16041136,cv,0
2026-03-30_1477764_U_14,0.12849711,cv,0
2026-03-30_1477764_U_15,0.14254121,cv,0
2026-03-30_1477764_U_16,0.19629383,cv,1
2026-03-30_1477764_U_17,0.13772905,cv,0
2026-03-30_1477764_U_18,0.13679594,cv,0
2026-03-30_1477764_U_19,0.104453936,cv,0
2026-03-30_1477764_U_2,0.118725024,cv,0
2026-03-30_1477764_U_20,0.22563294,cv,0
2026-03-30_1477764_U_21,0.14066838,cv,0
2026-03-30_1477764_U_22,0.17450921,cv,1
2026-03-30_1477764_U_23,0.15097424,cv,0
2026-03-30_1477764_U_24,0.19886062,cv,1
2026-03-30_1477764_U_25,0.1619174,cv,0
2026-03-30_1477764_U_26,0.16280818,cv,0
2026-03-30_1477764_U_27,0.13757746,cv,1
2026-03-30_1477764_U_28,0.15052474,cv,0
2026-03-30_1477764_U_29,0.14388824,cv,0
2026-03-30_1477764_U_3,0.17351723,cv,0
2026-03-30_1477764_U_30,0.5155534,cv,0
2026-03-30_1477764_U_31,0.12523134,cv,0
2026-03-30_1477764_U_32,0.15128438,cv,0
2026-03-30_1477764_U_33,0.10282421,cv,0
2026-03-30_1477764_U_34,0.21891716,cv,0
2026-03-30_1477764_U_35,0.20946926,cv,0
2026-03-30_1477764_U_36,0.23629922,cv,1
2026-03-30_1477764_U_37,0.14248592,cv,0
2026-03-30_1477764_U_38,0.13441935,cv,0
2026-03-30_1477764_U_39,0.19323765,cv,0
2026-03-30_1477764_U_4,0.205671,cv,0
2026-03-30_1477764_U_41,0.12649962,cv,0
2026-03-30_1477764_U_42,0.2253959,cv,1
2026-03-30_1477764_U_43,0.14181587,cv,0
2026-03-30_1477764_U_44,0.19549786,cv,0
2026-03-30_1477764_U_45,0.18799017,cv,0
2026-03-30_1477764_U_46,0.7224063,cv,0
2026-03-30_1477764_U_48,0.17878804,cv,1
2026-03-30_1477764_U_49,0.13903868,cv,0
2026-03-30_1477764_U_5,0.14465684,cv,0
2026-03-30_1477764_U_50,0.121248394,cv,0
2026-03-30_1477764_U_54,0.15059467,cv,0
2026-03-30_1477764_U_55,0.20131943,cv,0
2026-03-30_1477764_U_56,0.14311324,cv,0
2026-03-30_1477764_U_57,0.16630086,cv,1
2026-03-30_1477764_U_58,0.1210237,cv,0
2026-03-30_1477764_U_59,0.19712606,cv,1
2026-03-30_1477764_U_6,0.13959956,cv,0
2026-03-30_1477764_U_60,0.24176447,cv,1
2026-03-30_1477764_U_61,0.22686999,cv,0
2026-03-30_1477764_U_63,0.22036076,cv,1
2026-03-30_1477764_U_64,0.19333929,cv,1
2026-03-30_1477764_U_65,0.19098923,cv,1
2026-03-30_1477764_U_66,0.21662681,cv,1
2026-03-30_1477764_U_67,0.21800278,cv,0
2026-03-30_1477764_U_7,0.11909973,cv,0
2026-03-30_1477764_U_70,0.23498723,cv,1
2026-03-30_1477764_U_71,0.22598152,cv,0
2026-03-30_1477764_U_72,0.13088192,cv,0
2026-03-30_1477764_U_73,0.10783808,cv,0
2026-03-30_1477764_U_74,0.2187672,cv,0
2026-03-30_1477764_U_75,0.16231273,cv,0
2026-03-30_1477764_U_79,0.13144754,cv,0
2026-03-30_1477764_U_8,0.20172851,cv,0
2026-03-30_1477764_U_80,0.11077156,cv,0
2026-03-30_1477764_U_81,0.13510095,cv,0
2026-03-30_1477764_U_82,0.1425483,cv,1
2026-03-30_1477764_U_85,0.12575577,cv,0
2026-03-30_1477764_U_86,0.12289095,cv,0
2026-03-30_1477764_U_87,0.16020864,cv,1
2026-03-30_1477764_U_88,0.16660516,cv,0
2026-03-30_1477764_U_89,0.19628376,cv,0
2026-03-30_1477764_U_9,0.17326002,cv,0
2026-03-30_1477766_U_1,0.20625174,cv,0
2026-03-30_1477766_U_10,0.17338584,cv,0
2026-03-30_1477766_U_11,0.58867145,cv,0
2026-03-30_1477766_U_12,0.23956904,cv,1
2026-03-30_1477766_U_13,0.20259762,cv,0
2026-03-30_1477766_U_14,0.21957046,cv,1
2026-03-30_1477766_U_15,0.26180723,cv,0
2026-03-30_1477766_U_16,0.23920588,cv,0
2026-03-30_1477766_U_17,0.1533591,cv,0
2026-03-30_1477766_U_18,0.15868138,cv,0
2026-03-30_1477766_U_19,0.2135853,cv,0
2026-03-30_1477766_U_2,0.2763754,cv,0
2026-03-30_1477766_U_24,0.16234845,cv,0
2026-03-30_1477766_U_25,0.31489754,cv,1
2026-03-30_1477766_U_28,0.1753262,cv,0
2026-03-30_1477766_U_29,0.16932116,cv,0
2026-03-30_1477766_U_3,0.22907054,cv,0
2026-03-30_1477766_U_31,0.15831237,cv,0
2026-03-30_1477766_U_4,0.28105897,cv,0
2026-03-30_1477766_U_5,0.14004427,cv,0
2026-03-30_1477766_U_6,0.25067115,cv,0
2026-03-30_1477766_U_7,0.19660029,cv,0
2026-03-30_1477766_U_9,0.29166293,cv,0
2026-03-30_1477767_U_1,0.23761988,cv,0
2026-03-30_1477767_U_11,0.39276573,cv,0
2026-03-30_1477767_U_14,0.21268468,cv,0
2026-03-30_1477767_U_15,0.082858205,cv,0
2026-03-30_1477767_U_16,0.18960872,cv,0
2026-03-30_1477767_U_18,1.0747035,cv,0
2026-03-30_1477767_U_19,0.9782243,cv,0
2026-03-30_1477767_U_2,0.26596922,cv,0
2026-03-30_1477767_U_21,0.10002184,cv,0
2026-03-30_1477767_U_24,0.1725646,cv,1
2026-03-30_1477767_U_25,0.11479177,cv,0
2026-03-30_1477767_U_26,0.10784929,cv,0
2026-03-30_1477767_U_3,0.28086042,cv,0
2026-03-30_1477767_U_31,0.12342818,cv,0
2026-03-30_1477767_U_32,0.6511828,cv,0
2026-03-30_1477767_U_33,1.210662,cv,1
2026-03-30_1477767_U_35,0.12747315,cv,0
2026-03-30_1477767_U_36,0.17409514,cv,0
2026-03-30_1477767_U_38,0.20482847,cv,0
2026-03-30_1477767_U_4,0.20212802,cv,0
2026-03-30_1477767_U_5,0.85691065,cv,0
2026-03-30_1477768_U_1,0.19153184,cv,0
2026-03-30_1477768_U_10,0.18095462,cv,0
2026-03-30_1477768_U_11,0.2347326,cv,0
2026-03-30_1477768_U_12,0.22453421,cv,0
2026-03-30_1477768_U_13,0.22177547,cv,0
2026-03-30_1477768_U_14,0.22380684,cv,0
2026-03-30_1477768_U_15,0.44411087,cv,0
2026-03-30_1477768_U_16,0.3611164,cv,0
2026-03-30_1477768_U_18,0.2591462,cv,0
2026-03-30_1477768_U_19,0.16421653,cv,1
2026-03-30_1477768_U_2,0.24201976,cv,0
2026-03-30_1477768_U_21,0.30288845,cv,1
2026-03-30_1477768_U_22,0.1499539,cv,0
2026-03-30_1477768_U_23,0.17542961,cv,0
2026-03-30_1477768_U_24,0.14466116,cv,0
2026-03-30_1477768_U_25,0.21104059,cv,0
2026-03-30_1477768_U_26,0.16747324,cv,0
2026-03-30_1477768_U_27,0.24353747,cv,0
2026-03-30_1477768_U_28,0.22657,cv,0
2026-03-30_1477768_U_3,0.14492446,cv,0
2026-03-30_1477768_U_30,0.3513621,cv,0
2026-03-30_1477768_U_34,0.10895006,cv,0
2026-03-30_1477768_U_35,0.17860469,cv,0
2026-03-30_1477768_U_36,0.17136487,cv,0
2026-03-30_1477768_U_37,0.117959335,cv,0
2026-03-30_1477768_U_38,0.22446617,cv,0
2026-03-30_1477768_U_39,0.18363321,cv,0
2026-03-30_1477768_U_4,0.16623509,cv,0
2026-03-30_1477768_U_41,0.2613107,cv,0
2026-03-30_1477768_U_42,0.32051426,cv,0
2026-03-30_1477768_U_43,0.76445127,cv,0
2026-03-30_1477768_U_44,0.28738794,cv,1
2026-03-30_1477768_U_45,0.29034352,cv,1
2026-03-30_1477768_U_47,0.160133,cv,0
2026-03-30_1477768_U_48,0.1391695,cv,0
2026-03-30_1477768_U_49,0.20600152,cv,0
2026-03-30_1477768_U_5,0.16040085,cv,0
2026-03-30_1477768_U_52,0.18226331,cv,0
2026-03-30_1477768_U_53,0.24347219,cv,0
2026-03-30_1477768_U_54,0.22994396,cv,0
2026-03-30_1477768_U_55,0.17211,cv,0
2026-03-30_1477768_U_56,0.17903301,cv,0
2026-03-30_1477768_U_57,0.18482086,cv,0
2026-03-30_1477768_U_58,0.21073762,cv,0
2026-03-30_1477768_U_8,0.197651,cv,0
2026-03-30_1477768_U_9,0.42580724,cv,0
2026-03-30_1477769_U_1,0.12884462,cv,0
2026-03-30_1477769_U_10,0.1976017,cv,0
2026-03-30_1477769_U_11,0.2591864,cv,0
2026-03-30_1477769_U_12,0.20633808,cv,0
2026-03-30_1477769_U_13,0.18075363,cv,0
2026-03-30_1477769_U_14,0.2626202,cv,0
2026-03-30_1477769_U_15,0.1471873,cv,0
2026-03-30_1477769_U_16,0.14873984,cv,0
2026-03-30_1477769_U_17,0.14599554,cv,0
2026-03-30_1477769_U_18,0.19269213,cv,0
2026-03-30_1477769_U_2,0.18438518,cv,0
2026-03-30_1477769_U_20,0.22887298,cv,0
2026-03-30_1477769_U_21,0.21198902,cv,0
2026-03-30_1477769_U_22,0.19779083,cv,0
2026-03-30_1477769_U_24,0.23089838,cv,0
2026-03-30_1477769_U_25,0.15335637,cv,1
2026-03-30_1477769_U_26,0.077529,cv,0
2026-03-30_1477769_U_27,0.16730177,cv,0
2026-03-30_1477769_U_28,0.12621242,cv,0
2026-03-30_1477769_U_29,0.14223772,cv,0
2026-03-30_1477769_U_3,0.13701917,cv,0
2026-03-30_1477769_U_31,0.1168028,cv,0
2026-03-30_1477769_U_32,0.3236211,cv,0
2026-03-30_1477769_U_33,0.2686716,cv,0
2026-03-30_1477769_U_35,0.3595553,cv,0
2026-03-30_1477769_U_36,0.13676666,cv,0
2026-03-30_1477769_U_39,0.14717071,cv,0
2026-03-30_1477769_U_4,0.17556009,cv,0
2026-03-30_1477769_U_40,0.2743038,cv,0
2026-03-30_1477769_U_41,0.19895399,cv,0
2026-03-30_1477769_U_42,0.17909303,cv,1
2026-03-30_1477769_U_43,0.19190966,cv,0
2026-03-30_1477769_U_44,0.64404094,cv,0
2026-03-30_1477769_U_45,0.19415647,cv,1
2026-03-30_1477769_U_46,0.21550164,cv,1
2026-03-30_1477769_U_47,0.26073653,cv,1
2026-03-30_1477769_U_48,0.19886109,cv,1
2026-03-30_1477769_U_5,0.22590172,cv,0
2026-03-30_1477769_U_6,0.38266152,cv,0
2026-03-30_1477769_U_7,0.12985288,cv,0
2026-03-30_1477769_U_8,0.21177088,cv,0
2026-03-30_1477769_U_9,0.11537777,cv,0
2026-03-30_1477770_U_1,0.6466799,cv,0
2026-03-30_1477770_U_10,0.34275588,cv,0
2026-03-30_1477770_U_11,0.43334222,cv,0
2026-03-30_1477770_U_12,0.4563756,cv,0
2026-03-30_1477770_U_13,0.43551072,cv,0
2026-03-30_1477770_U_14,0.38569403,cv,0
2026-03-30_1477770_U_15,0.6319401,cv,0
2026-03-30_1477770_U_16,1.1565464,cv,0
2026-03-30_1477770_U_17,0.41379,cv,0
2026-03-30_1477770_U_18,0.43419087,cv,0
2026-03-30_1477770_U_2,0.41794953,cv,0
2026-03-30_1477770_U_5,0.19975105,cv,0
2026-03-30_1477770_U_8,0.5116917,cv,0
2026-03-30_1477770_U_9,0.8757111,cv,0
2026-03-30_1481779_U_1,0.24385178,cv,0
2026-03-30_1481779_U_10,0.10824902,cv,0
2026-03-30_1481779_U_100,0.18155801,cv,1
2026-03-30_1481779_U_101,0.11458187,cv,0
2026-03-30_1481779_U_102,0.14909515,cv,0
2026-03-30_1481779_U_103,0.18204376,cv,0
2026-03-30_1481779_U_104,0.14550987,cv,0
2026-03-30_1481779_U_105,0.10692614,cv,0
2026-03-30_1481779_U_108,0.124610715,cv,0
2026-03-30_1481779_U_109,0.30390948,cv,0
2026-03-30_1481779_U_11,0.19657688,cv,0
2026-03-30_1481779_U_110,0.13286977,cv,0
2026-03-30_1481779_U_111,0.25647646,cv,0
2026-03-30_1481779_U_112,0.13257281,cv,0
2026-03-30_1481779_U_113,0.101894975,cv,0
2026-03-30_1481779_U_114,0.11665126,cv,0
2026-03-30_1481779_U_115,0.08018775,cv,0
2026-03-30_1481779_U_117,0.16446266,cv,1
2026-03-30_1481779_U_119,0.28207147,cv,0
2026-03-30_1481779_U_120,0.1581249,cv,0
2026-03-30_1481779_U_121,0.1598222,cv,0
2026-03-30_1481779_U_122,0.08814752,cv,0
2026-03-30_1481779_U_124,0.31104502,cv,0
2026-03-30_1481779_U_126,0.19906661,cv,0
2026-03-30_1481779_U_127,0.2458398,cv,0
2026-03-30_1481779_U_128,0.19898376,cv,0
2026-03-30_1481779_U_129,0.12584797,cv,0
2026-03-30_1481779_U_13,0.21159248,cv,0
2026-03-30_1481779_U_130,0.22171174,cv,0
2026-03-30_1481779_U_131,0.17582399,cv,0
2026-03-30_1481779_U_14,0.15958244,cv,0
2026-03-30_1481779_U_15,0.20976734,cv,1
2026-03-30_1481779_U_16,0.24223292,cv,0
2026-03-30_1481779_U_17,0.3615625,cv,0
2026-03-30_1481779_U_18,0.121518224,cv,0
2026-03-30_1481779_U_19,0.22333515,cv,0
2026-03-30_1481779_U_2,0.11476189,cv,0
2026-03-30_1481779_U_21,0.1495063,cv,0
2026-03-30_1481779_U_22,0.13473517,cv,0
2026-03-30_1481779_U_23,0.1083259,cv,0
2026-03-30_1481779_U_24,0.14059621,cv,0
2026-03-30_1481779_U_25,0.18435076,cv,0
2026-03-30_1481779_U_27,0.10383688,cv,0
2026-03-30_1481779_U_28,0.076031916,cv,0
2026-03-30_1481779_U_29,0.2067874,cv,0
2026-03-30_1481779_U_30,0.1610815,cv,0
2026-03-30_1481779_U_31,0.11931381,cv,0
2026-03-30_1481779_U_33,0.18266895,cv,0
2026-03-30_1481779_U_34,0.17298603,cv,0
2026-03-30_1481779_U_35,0.19032264,cv,0
2026-03-30_1481779_U_36,0.25582898,cv,0
2026-03-30_1481779_U_37,0.16065678,cv,0
2026-03-30_1481779_U_38,0.28750432,cv,0
2026-03-30_1481779_U_4,0.11431646,cv,0
2026-03-30_1481779_U_42,0.14372772,cv,0
2026-03-30_1481779_U_43,0.09513521,cv,0
2026-03-30_1481779_U_44,0.09533461,cv,0
2026-03-30_1481779_U_45,0.34585315,cv,1
2026-03-30_1481779_U_46,0.17441475,cv,0
2026-03-30_1481779_U_47,0.32562134,cv,0
2026-03-30_1481779_U_48,0.14537777,cv,0
2026-03-30_1481779_U_49,0.41934392,cv,0
2026-03-30_1481779_U_5,0.295586,cv,0
2026-03-30_1481779_U_50,0.11669889,cv,0
2026-03-30_1481779_U_51,0.07139837,cv,0
2026-03-30_1481779_U_52,0.32819033,cv,0
2026-03-30_1481779_U_53,0.18450078,cv,0
2026-03-30_1481779_U_54,0.90053576,cv,1
2026-03-30_1481779_U_55,0.2372934,cv,0
2026-03-30_1481779_U_58,0.13306625,cv,0
2026-03-30_1481779_U_59,0.08367461,cv,1
2026-03-30_1481779_U_6,0.100366734,cv,0
2026-03-30_1481779_U_60,0.15862572,cv,0
2026-03-30_1481779_U_61,0.18830201,cv,0
2026-03-30_1481779_U_63,0.13388214,cv,0
2026-03-30_1481779_U_64,0.15624385,cv,0
2026-03-30_1481779_U_65,0.20438349,cv,0
2026-03-30_1481779_U_66,0.15737362,cv,0
2026-03-30_1481779_U_67,0.08812268,cv,1
2026-03-30_1481779_U_68,0.12456849,cv,0
2026-03-30_1481779_U_69,0.17173652,cv,0
2026-03-30_1481779_U_7,0.114446305,cv,0
2026-03-30_1481779_U_70,0.41500777,cv,0
2026-03-30_1481779_U_71,0.15424249,cv,0
2026-03-30_1481779_U_72,0.14008598,cv,0
2026-03-30_1481779_U_74,0.11768414,cv,0
2026-03-30_1481779_U_76,0.15941831,cv,0
2026-03-30_1481779_U_77,0.11167574,cv,0
2026-03-30_1481779_U_78,0.34835932,cv,0
2026-03-30_1481779_U_79,0.18513623,cv,0
2026-03-30_1481779_U_8,0.14045665,cv,0
2026-03-30_1481779_U_80,0.090977155,cv,0
2026-03-30_1481779_U_81,0.2333051,cv,0
2026-03-30_1481779_U_82,0.14484587,cv,0
2026-03-30_1481779_U_83,0.8400092,cv,0
2026-03-30_1481779_U_84,0.11991358,cv,1
2026-03-30_1481779_U_89,0.19891682,cv,0
2026-03-30_1481779_U_90,0.28831375,cv,0
2026-03-30_1481779_U_91,0.1614461,cv,0
2026-03-30_1481779_U_92,0.26304734,cv,0
2026-03-30_1481779_U_93,0.25614038,cv,0
2026-03-30_1481779_U_94,0.12295773,cv,1
2026-03-30_1481779_U_96,0.1027911,cv,1
2026-03-30_1481779_U_97,0.09697674,cv,0
2026-03-30_1481779_U_98,0.08503127,cv,0
2026-03-30_1481779_U_99,0.1708818,cv,0
2026-03-30_1495854_U_1,0.51232433,cv,0
2026-03-30_1495854_U_11,0.3141222,cv,1
2026-03-30_1495854_U_12,0.37465882,cv,0
2026-03-30_1495854_U_13,0.43002504,cv,0
2026-03-30_1495854_U_14,0.16904315,cv,0
2026-03-30_1495854_U_15,0.12470549,cv,0
2026-03-30_1495854_U_17,0.20459199,cv,0
2026-03-30_1495854_U_18,0.4893455,cv,0
2026-03-30_1495854_U_19,0.1379486,cv,0
2026-03-30_1495854_U_2,0.13541651,cv,0
2026-03-30_1495854_U_20,0.17381462,cv,0
2026-03-30_1495854_U_21,0.2969156,cv,0
2026-03-30_1495854_U_22,0.22352055,cv,0
2026-03-30_1495854_U_23,0.22241318,cv,0
2026-03-30_1495854_U_24,0.2055692,cv,1
2026-03-30_1495854_U_27,0.3271995,cv,0
2026-03-30_1495854_U_28,0.19982378,cv,0
2026-03-30_1495854_U_31,0.2717479,cv,0
2026-03-30_1495854_U_32,0.21571416,cv,0
2026-03-30_1495854_U_33,0.21365122,cv,0
2026-03-30_1495854_U_34,0.35560054,cv,0
2026-03-30_1495854_U_35,0.34925234,cv,0
2026-03-30_1495854_U_36,0.42921263,cv,0
2026-03-30_1495854_U_37,0.25512847,cv,0
2026-03-30_1495854_U_38,0.34389818,cv,0
2026-03-30_1495854_U_39,0.40996897,cv,0
2026-03-30_1495854_U_40,0.41820908,cv,0
2026-03-30_1495854_U_41,0.38290614,cv,0
2026-03-30_1495854_U_42,0.17587623,cv,0
2026-03-30_1495854_U_45,0.24475381,cv,0
2026-03-30_1495854_U_46,0.279126,cv,0
2026-03-30_1495854_U_5,0.21705663,cv,0
2026-03-30_1496807_U_10,0.1407603,cv,1
2026-03-30_1496807_U_11,0.13693693,cv,0
2026-03-30_1496807_U_12,0.15778491,cv,0
2026-03-30_1496807_U_19,0.17609315,cv,0
2026-03-30_1496807_U_20,0.512216,cv,0
2026-03-30_1496807_U_25,0.16548452,cv,1
2026-03-30_1496807_U_26,0.22784758,cv,0
2026-03-30_1496807_U_27,0.48918793,cv,0
2026-03-30_1496807_U_36,0.15452276,cv,1
2026-03-30_1496807_U_37,0.20769438,cv,0
2026-03-30_1496807_U_38,0.497084,cv,0
2026-03-30_1496807_U_44,0.16087815,cv,0
2026-03-30_1496807_U_47,0.58849263,cv,0
2026-03-30_1496807_U_48,0.33798036,cv,0
2026-03-30_1496807_U_5,0.12859462,cv,0
2026-03-30_1496807_U_54,0.24944776,cv,0
2026-03-30_1496807_U_55,0.2962111,cv,1
2026-03-30_1496807_U_59,0.17228651,cv,0
2026-03-30_1496807_U_6,0.18519555,cv,1
2026-03-30_1496807_U_62,0.22027414,cv,0
2026-03-30_1496807_U_63,0.16957633,cv,0
2026-03-30_1496807_U_66,0.22759709,cv,0
2026-03-30_1496807_U_67,0.35468015,cv,0
2026-03-30_1496807_U_74,0.18750386,cv,0
2026-03-30_1496807_U_76,0.17371254,cv,0
2026-03-30_1496807_U_77,0.16983503,cv,0
2026-03-30_1496807_U_78,0.15868649,cv,0
2026-03-30_1496807_U_79,0.20087019,cv,1
2026-03-30_1496807_U_80,0.4450903,cv,0
2026-03-30_1496807_U_81,0.3878324,cv,0
2026-03-30_1496807_U_85,0.15709744,cv,1
2026-03-30_1496807_U_86,0.16115347,cv,0
2026-03-30_1496809_U_19,0.29968894,cv,1
2026-03-30_1496809_U_31,0.27822906,cv,1
2026-03-30_1496809_U_32,0.46270722,cv,1
2026-03-30_1496809_U_36,0.39049968,cv,0
2026-03-30_1496809_U_42,0.42462778,cv,1
2026-03-30_1496809_U_44,0.22321884,cv,1
2026-03-30_1496809_U_46,0.48574588,cv,1
2026-03-30_1496809_U_52,0.1981318,cv,1
2026-03-30_1496809_U_54,0.33747038,cv,0
2026-03-30_1496809_U_57,0.4203859,cv,0
2026-03-30_1496809_U_59,0.47901136,cv,1
2026-03-30_1496809_U_60,0.63359183,cv,0
2026-03-30_1496809_U_62,0.30976033,cv,1
2026-03-30_1496812_U_1,0.29092795,cv,0
2026-03-30_1496812_U_10,0.17444257,cv,0
2026-03-30_1496812_U_102,0.4170391,cv,0
2026-03-30_1496812_U_103,0.16933143,cv,1
2026-03-30_1496812_U_104,0.5251392,cv,0
2026-03-30_1496812_U_105,0.10171496,cv,0
2026-03-30_1496812_U_108,0.19151834,cv,0
2026-03-30_1496812_U_109,0.25799966,cv,0
2026-03-30_1496812_U_11,0.2696253,cv,0
2026-03-30_1496812_U_110,0.45334062,cv,0
2026-03-30_1496812_U_111,0.18093213,cv,0
2026-03-30_1496812_U_112,0.2750489,cv,0
2026-03-30_1496812_U_113,0.37869343,cv,0
2026-03-30_1496812_U_114,0.16491103,cv,1
2026-03-30_1496812_U_115,0.15085262,cv,0
2026-03-30_1496812_U_116,0.17661425,cv,0
2026-03-30_1496812_U_118,0.1663954,cv,1
2026-03-30_1496812_U_12,0.23095016,cv,0
2026-03-30_1496812_U_122,0.16240732,cv,1
2026-03-30_1496812_U_123,0.24132745,cv,1
2026-03-30_1496812_U_124,0.2745341,cv,0
2026-03-30_1496812_U_126,0.13279071,cv,0
2026-03-30_1496812_U_127,0.18636,cv,1
2026-03-30_1496812_U_128,0.21793388,cv,0
2026-03-30_1496812_U_129,0.13892451,cv,0
2026-03-30_1496812_U_130,0.27384752,cv,0
2026-03-30_1496812_U_131,0.34106597,cv,0
2026-03-30_1496812_U_132,0.27007583,cv,0
2026-03-30_1496812_U_133,0.21025738,cv,0
2026-03-30_1496812_U_134,0.10038629,cv,1
2026-03-30_1496812_U_135,0.2532233,cv,0
2026-03-30_1496812_U_137,0.20600075,cv,0
2026-03-30_1496812_U_138,0.22226098,cv,1
2026-03-30_1496812_U_139,0.08951911,cv,0
2026-03-30_1496812_U_14,0.29089758,cv,0
2026-03-30_1496812_U_141,0.31950387,cv,0
2026-03-30_1496812_U_142,0.30595052,cv,0
2026-03-30_1496812_U_143,0.24877,cv,0
2026-03-30_1496812_U_144,0.3511814,cv,0
2026-03-30_1496812_U_145,0.15135026,cv,0
2026-03-30_1496812_U_147,0.19945568,cv,0
2026-03-30_1496812_U_148,0.20537333,cv,1
2026-03-30_1496812_U_149,0.5117625,cv,0
2026-03-30_1496812_U_15,0.20278107,cv,0
2026-03-30_1496812_U_150,0.12658238,cv,0
2026-03-30_1496812_U_151,0.24979284,cv,0
2026-03-30_1496812_U_152,0.38125962,cv,0
2026-03-30_1496812_U_154,0.35825866,cv,0
2026-03-30_1496812_U_155,0.2956168,cv,0
2026-03-30_1496812_U_17,0.17645723,cv,1
2026-03-30_1496812_U_18,0.18894398,cv,1
2026-03-30_1496812_U_19,0.5817616,cv,0
2026-03-30_1496812_U_2,0.25747395,cv,0
2026-03-30_1496812_U_20,0.44104457,cv,1
2026-03-30_1496812_U_23,0.17059928,cv,0
2026-03-30_1496812_U_24,0.30146837,cv,1
2026-03-30_1496812_U_25,0.25994873,cv,0
2026-03-30_1496812_U_26,0.1621564,cv,0
2026-03-30_1496812_U_27,0.40756714,cv,0
2026-03-30_1496812_U_28,0.28084868,cv,0
2026-03-30_1496812_U_29,0.34870872,cv,0
2026-03-30_1496812_U_3,0.17281604,cv,0
2026-03-30_1496812_U_30,0.25202364,cv,0
2026-03-30_1496812_U_31,0.14076734,cv,0
2026-03-30_1496812_U_32,0.19970259,cv,0
2026-03-30_1496812_U_35,0.1606024,cv,0
2026-03-30_1496812_U_36,0.23672166,cv,0
2026-03-30_1496812_U_37,0.52634585,cv,0
2026-03-30_1496812_U_38,0.14969757,cv,1
2026-03-30_1496812_U_40,0.261144,cv,0
2026-03-30_1496812_U_42,0.08793475,cv,0
2026-03-30_1496812_U_43,0.18449774,cv,0
2026-03-30_1496812_U_44,0.15254103,cv,1
2026-03-30_1496812_U_45,0.17485248,cv,1
2026-03-30_1496812_U_46,0.409769,cv,0
2026-03-30_1496812_U_47,0.25124547,cv,0
2026-03-30_1496812_U_48,0.29415107,cv,0
2026-03-30_1496812_U_49,0.28887853,cv,1
2026-03-30_1496812_U_5,0.45235103,cv,0
2026-03-30_1496812_U_50,0.25826478,cv,0
2026-03-30_1496812_U_51,0.13983792,cv,0
2026-03-30_1496812_U_53,0.30389026,cv,0
2026-03-30_1496812_U_54,0.18100023,cv,0
2026-03-30_1496812_U_55,0.1772669,cv,0
2026-03-30_1496812_U_56,0.26817328,cv,0
2026-03-30_1496812_U_57,0.23271923,cv,0
2026-03-30_1496812_U_58,0.29961833,cv,0
2026-03-30_1496812_U_6,0.41999063,cv,0
2026-03-30_1496812_U_62,0.17715654,cv,0
2026-03-30_1496812_U_63,0.27488428,cv,0
2026-03-30_1496812_U_64,0.24638347,cv,1
2026-03-30_1496812_U_65,0.24298851,cv,0
2026-03-30_1496812_U_66,0.15324451,cv,0
2026-03-30_1496812_U_67,0.17849581,cv,1
2026-03-30_1496812_U_68,0.45628095,cv,0
2026-03-30_1496812_U_69,0.20685779,cv,0
2026-03-30_1496812_U_7,0.22599451,cv,0
2026-03-30_1496812_U_70,0.3190133,cv,0
2026-03-30_1496812_U_71,0.5267647,cv,0
2026-03-30_1496812_U_72,0.34602892,cv,0
2026-03-30_1496812_U_73,0.32356077,cv,0
2026-03-30_1496812_U_75,0.20555805,cv,0
2026-03-30_1496812_U_77,0.28191775,cv,0
2026-03-30_1496812_U_79,0.20456544,cv,1
2026-03-30_1496812_U_8,0.2994104,cv,0
2026-03-30_1496812_U_80,0.21150838,cv,1
2026-03-30_1496812_U_81,0.13468128,cv,1
2026-03-30_1496812_U_84,0.63591313,cv,1
2026-03-30_1496812_U_85,0.3358211,cv,0
2026-03-30_1496812_U_87,0.48685092,cv,1
2026-03-30_1496812_U_88,0.29596055,cv,0
2026-03-30_1496812_U_89,0.3895417,cv,0
2026-03-30_1496812_U_9,0.25269166,cv,0
2026-03-30_1496812_U_93,0.39747393,cv,0
2026-03-30_1496812_U_95,0.13351023,cv,0
2026-03-30_1496812_U_96,0.234009,cv,0
2026-03-30_1496812_U_98,0.55324763,cv,0
2026-03-30_1496812_U_99,0.26296985,cv,0
2026-03-30_1496820_U_1,0.15086108,cv,0
2026-03-30_1496820_U_10,0.3297964,cv,0
2026-03-30_1496820_U_2,0.16819923,cv,0
2026-03-30_1496820_U_3,0.20624462,cv,0
2026-03-30_1496820_U_4,0.16291986,cv,0
2026-03-30_1496820_U_5,0.20458804,cv,0
2026-03-30_1496820_U_6,0.18865845,cv,0
2026-03-30_1496820_U_7,0.18422513,cv,1
2026-03-30_1496820_U_8,0.28568256,cv,0
2026-03-30_1496820_U_9,0.22020511,cv,0
2026-03-30_1497250_U_1,0.13329975,cv,0
2026-03-30_1497250_U_10,0.12907293,cv,0
2026-03-30_1497250_U_11,0.13917622,cv,0
2026-03-30_1497250_U_12,0.22040634,cv,0
2026-03-30_1497250_U_14,0.2192271,cv,0
2026-03-30_1497250_U_15,0.095546395,cv,0
2026-03-30_1497250_U_16,0.06416887,cv,0
2026-03-30_1497250_U_17,0.1547789,cv,0
2026-03-30_1497250_U_18,0.17074573,cv,0
2026-03-30_1497250_U_19,3.820691,cv,0
2026-03-30_1497250_U_2,0.10446742,cv,0
2026-03-30_1497250_U_21,0.106197536,cv,0
2026-03-30_1497250_U_22,0.1776036,cv,0
2026-03-30_1497250_U_23,0.309566,cv,0
2026-03-30_1497250_U_24,0.14463194,cv,0
2026-03-30_1497250_U_25,0.10045917,cv,0
2026-03-30_1497250_U_26,0.13379484,cv,0
2026-03-30_1497250_U_28,0.14500771,cv,0
2026-03-30_1497250_U_3,0.11589186,cv,0
2026-03-30_1497250_U_31,0.12603357,cv,0
2026-03-30_1497250_U_33,0.07547281,cv,0
2026-03-30_1497250_U_34,0.14671096,cv,0
2026-03-30_1497250_U_35,0.11418924,cv,0
2026-03-30_1497250_U_36,0.108462855,cv,0
2026-03-30_1497250_U_37,3.319881,cv,0
2026-03-30_1497250_U_39,0.121867165,cv,0
2026-03-30_1497250_U_4,0.119544536,cv,0
2026-03-30_1497250_U_40,0.11900371,cv,0
2026-03-30_1497250_U_41,0.064252146,cv,0
2026-03-30_1497250_U_42,1.9419369,cv,0
2026-03-30_1497250_U_43,0.41832858,cv,0
2026-03-30_1497250_U_44,0.32637784,cv,0
2026-03-30_1497250_U_45,0.122115314,cv,0
2026-03-30_1497250_U_46,0.23302701,cv,0
2026-03-30_1497250_U_47,0.115152895,cv,0
2026-03-30_1497250_U_48,0.09375808,cv,0
2026-03-30_1497250_U_49,0.30962902,cv,0
2026-03-30_1497250_U_50,0.12575153,cv,0
2026-03-30_1497250_U_51,0.45852602,cv,0
2026-03-30_1497250_U_52,0.18432413,cv,0
2026-03-30_1497250_U_8,0.124399245,cv,0
2026-03-30_1497250_U_9,0.34623224,cv,0
2026-03-30_1497251_U_1,0.55940485,cv,0
2026-03-30_1497251_U_10,0.34380746,cv,0
2026-03-30_1497251_U_13,0.48762572,cv,0
2026-03-30_1497251_U_14,0.517595,cv,0
2026-03-30_1497251_U_15,0.7273953,cv,0
2026-03-30_1497251_U_16,0.65851915,cv,0
2026-03-30_1497251_U_17,0.5695405,cv,0
2026-03-30_1497251_U_18,0.25881773,cv,0
2026-03-30_1497251_U_19,0.48464355,cv,0
2026-03-30_1497251_U_2,0.5878049,cv,0
2026-03-30_1497251_U_20,0.95999587,cv,0
2026-03-30_1497251_U_22,1.2253187,cv,0
2026-03-30_1497251_U_23,0.37149167,cv,0
2026-03-30_1497251_U_26,0.4096273,cv,0
2026-03-30_1497251_U_27,0.66080606,cv,0
2026-03-30_1497251_U_28,0.58311296,cv,0
2026-03-30_1497251_U_29,0.75812405,cv,0
2026-03-30_1497251_U_3,0.6490977,cv,1
2026-03-30_1497251_U_30,0.554212,cv,0
2026-03-30_1497251_U_31,0.29513454,cv,0
2026-03-30_1497251_U_32,0.23448789,cv,1
2026-03-30_1497251_U_35,0.6231476,cv,0
2026-03-30_1497251_U_36,0.5813559,cv,1
2026-03-30_1497251_U_37,0.48796162,cv,0
2026-03-30_1497251_U_38,0.6014491,cv,0
2026-03-30_1497251_U_4,0.44485006,cv,0
2026-03-30_1497251_U_40,0.6833075,cv,0
2026-03-30_1497251_U_42,1.1265997,cv,0
2026-03-30_1497251_U_43,0.56401557,cv,0
2026-03-30_1497251_U_45,0.56729436,cv,0
2026-03-30_1497251_U_47,0.6082531,cv,0
2026-03-30_1497251_U_49,0.5594772,cv,0
2026-03-30_1497251_U_5,0.5391861,cv,1
2026-03-30_1497251_U_51,0.36598286,cv,0
2026-03-30_1497251_U_52,0.69640243,cv,0
2026-03-30_1497251_U_53,0.39775252,cv,0
2026-03-30_1497251_U_54,0.39888102,cv,1
2026-03-30_1497251_U_55,0.8883648,cv,0
2026-03-30_1497251_U_56,0.7851242,cv,0
2026-03-30_1497251_U_57,0.5166164,cv,0
2026-03-30_1497251_U_58,0.5745575,cv,0
2026-03-30_1497251_U_6,0.564824,cv,0
2026-03-30_1497251_U_61,0.74359226,cv,0
2026-03-30_1497251_U_62,0.34210545,cv,0
2026-03-30_1497251_U_63,0.7702031,cv,0
2026-03-30_1497251_U_64,0.6980797,cv,0
2026-03-30_1497251_U_65,0.6719048,cv,1
2026-03-30_1497251_U_67,0.6541652,cv,0
2026-03-30_1497251_U_68,0.6748876,cv,0
2026-03-30_1497251_U_7,0.46914428,cv,0
2026-03-30_1497251_U_72,0.71886194,cv,0
2026-03-30_1497251_U_73,0.5222362,cv,0
2026-03-30_1497251_U_74,0.61170626,cv,0
2026-03-30_1497251_U_75,1.8549618,cv,0
2026-03-30_1497251_U_8,0.7213609,cv,0
2026-03-30_1497251_U_9,0.50290906,cv,0
2026-03-30_1497256_U_1,0.26384592,cv,0
2026-03-30_1497256_U_10,0.22949009,cv,0
2026-03-30_1497256_U_11,0.23622815,cv,0
2026-03-30_1497256_U_12,0.33613133,cv,0
2026-03-30_1497256_U_13,0.30919236,cv,0
2026-03-30_1497256_U_14,0.17895588,cv,0
2026-03-30_1497256_U_15,0.26763678,cv,0
2026-03-30_1497256_U_16,0.21707976,cv,0
2026-03-30_1497256_U_17,0.2755298,cv,1
2026-03-30_1497256_U_18,0.31843013,cv,0
2026-03-30_1497256_U_19,0.21802095,cv,0
2026-03-30_1497256_U_2,0.20334023,cv,0
2026-03-30_1497256_U_20,0.2879758,cv,0
2026-03-30_1497256_U_21,0.16439067,cv,0
2026-03-30_1497256_U_22,0.25295755,cv,0
2026-03-30_1497256_U_23,0.2284877,cv,0
2026-03-30_1497256_U_24,0.24570154,cv,0
2026-03-30_1497256_U_25,0.23375861,cv,0
2026-03-30_1497256_U_26,0.35755062,cv,0
2026-03-30_1497256_U_27,0.23001108,cv,0
2026-03-30_1497256_U_29,0.45642683,cv,0
2026-03-30_1497256_U_31,0.30262762,cv,1
2026-03-30_1497256_U_32,0.24120651,cv,0
2026-03-30_1497256_U_33,0.19471358,cv,0
2026-03-30_1497256_U_34,0.20218202,cv,1
2026-03-30_1497256_U_36,0.24191944,cv,0
2026-03-30_1497256_U_37,0.37901992,cv,0
2026-03-30_1497256_U_38,0.34361935,cv,0
2026-03-30_1497256_U_39,0.2203123,cv,0
2026-03-30_1497256_U_40,0.40515193,cv,0
2026-03-30_1497256_U_44,0.22006339,cv,0
2026-03-30_1497256_U_45,0.2763964,cv,0
2026-03-30_1497256_U_46,0.25112605,cv,0
2026-03-30_1497256_U_48,0.26649174,cv,1
2026-03-30_1497256_U_49,0.21650314,cv,0
2026-03-30_1497256_U_5,0.26501596,cv,0
2026-03-30_1497256_U_50,0.26110902,cv,0
2026-03-30_1497256_U_51,0.30228162,cv,0
2026-03-30_1497256_U_52,0.19023788,cv,1
2026-03-30_1497256_U_54,0.47958717,cv,0
2026-03-30_1497256_U_55,0.20785856,cv,1
2026-03-30_1497256_U_56,0.15673536,cv,0
2026-03-30_1497256_U_57,0.20887384,cv,0
2026-03-30_1497256_U_58,0.24634501,cv,0
2026-03-30_1497256_U_59,0.23524061,cv,1
2026-03-30_1497256_U_6,0.4246031,cv,1
2026-03-30_1497256_U_60,0.33319205,cv,0
2026-03-30_1497256_U_62,0.4727862,cv,1
2026-03-30_1497256_U_63,0.49322015,cv,1
2026-03-30_1497256_U_66,0.6754215,cv,0
2026-03-30_1497256_U_67,0.44816288,cv,0
2026-03-30_1497256_U_7,0.24878626,cv,0
2026-03-30_1497256_U_71,0.25339806,cv,1
2026-03-30_1497256_U_73,0.40014586,cv,1
2026-03-30_1497256_U_74,0.17981875,cv,0
2026-03-30_1497256_U_77,0.32529062,cv,0
2026-03-30_1497256_U_78,0.21506792,cv,0
2026-03-30_1497256_U_79,0.3293509,cv,0
2026-03-30_1497256_U_8,0.24102448,cv,0
2026-03-30_1497256_U_80,0.74884903,cv,1
2026-03-30_1497256_U_82,0.33643588,cv,1
2026-03-30_1497256_U_83,0.2845667,cv,1
2026-03-30_1497256_U_85,0.31036642,cv,0
2026-03-30_1497256_U_86,0.23952411,cv,1
2026-03-30_1497256_U_88,0.30793053,cv,0
2026-03-30_1497256_U_89,0.32559782,cv,1
2026-03-30_1497256_U_9,0.22347693,cv,0
2026-03-30_1497256_U_92,0.16652612,cv,0
2026-03-30_1497256_U_95,0.38408512,cv,1
2026-03-31_1348037_U_1,0.4400948,cv,0
2026-03-31_1348037_U_10,0.5374898,cv,0
2026-03-31_1348037_U_11,0.32730082,cv,0
2026-03-31_1348037_U_12,0.38070866,cv,1
2026-03-31_1348037_U_13,0.63302803,cv,0
2026-03-31_1348037_U_14,0.39143944,cv,0
2026-03-31_1348037_U_15,0.8356604,cv,0
2026-03-31_1348037_U_16,0.27428034,cv,0
2026-03-31_1348037_U_17,0.36212516,cv,0
2026-03-31_1348037_U_18,0.2961281,cv,0
2026-03-31_1348037_U_19,0.2659002,cv,0
2026-03-31_1348037_U_2,0.38557765,cv,0
2026-03-31_1348037_U_20,0.36177513,cv,0
2026-03-31_1348037_U_21,0.32796836,cv,0
2026-03-31_1348037_U_22,0.26019943,cv,0
2026-03-31_1348037_U_23,0.3036654,cv,0
2026-03-31_1348037_U_24,0.5170011,cv,0
2026-03-31_1348037_U_25,0.2476325,cv,0
2026-03-31_1348037_U_26,0.30532318,cv,1
2026-03-31_1348037_U_27,0.64934826,cv,1
2026-03-31_1348037_U_29,0.4010509,cv,0
2026-03-31_1348037_U_3,0.37287077,cv,0
2026-03-31_1348037_U_30,0.32675746,cv,1
2026-03-31_1348037_U_34,0.4160434,cv,1
2026-03-31_1348037_U_35,0.23563366,cv,0
2026-03-31_1348037_U_4,0.35267705,cv,0
2026-03-31_1348037_U_47,0.26822108,cv,0
2026-03-31_1348037_U_48,0.45701575,cv,0
2026-03-31_1348037_U_49,0.43276185,cv,0
2026-03-31_1348037_U_5,0.32682955,cv,1
2026-03-31_1348037_U_50,0.42092735,cv,0
2026-03-31_1348037_U_52,1.1540651,cv,0
2026-03-31_1348037_U_6,0.3253858,cv,1
2026-03-31_1348037_U_7,0.41468704,cv,0
2026-03-31_1348037_U_8,0.3519412,cv,0
2026-03-31_1348037_U_9,0.39238524,cv,0
2026-03-31_1349260_U_1,0.85688275,cv,0
2026-03-31_1349260_U_12,1.037991,cv,1
2026-03-31_1349260_U_16,0.13206854,cv,0
2026-03-31_1349260_U_17,0.18292636,cv,1
2026-03-31_1349260_U_18,0.37366235,cv,0
2026-03-31_1349260_U_19,1.221658,cv,0
2026-03-31_1349260_U_2,1.0402329,cv,1
2026-03-31_1349260_U_20,1.0502961,cv,0
2026-03-31_1349260_U_22,0.114292175,cv,0
2026-03-31_1349260_U_27,0.15660796,cv,0
2026-03-31_1349260_U_28,0.28974226,cv,0
2026-03-31_1349260_U_29,1.2891426,cv,0
2026-03-31_1349260_U_32,0.108343214,cv,0
2026-03-31_1349260_U_33,0.22576424,cv,0
2026-03-31_1349260_U_34,0.7886516,cv,0
2026-03-31_1349260_U_35,1.0257038,cv,0
2026-03-31_1349260_U_36,0.44793984,cv,0
2026-03-31_1349260_U_6,0.24116269,cv,1
2026-03-31_1349260_U_7,0.90207785,cv,0
2026-03-31_1349260_U_8,0.17786899,cv,1
2026-03-31_1359254_U_1,0.17387716,cv,0
2026-03-31_1359254_U_10,0.26566726,cv,1
2026-03-31_1359254_U_13,0.20390758,cv,1
2026-03-31_1359254_U_15,0.4415353,cv,1
2026-03-31_1359254_U_16,0.14958571,cv,1
2026-03-31_1359254_U_17,0.20894693,cv,0
2026-03-31_1359254_U_19,0.14679231,cv,1
2026-03-31_1359254_U_2,0.13252892,cv,1
2026-03-31_1359254_U_20,0.14412564,cv,0
2026-03-31_1359254_U_22,0.20605743,cv,1
2026-03-31_1359254_U_25,0.13166502,cv,1
2026-03-31_1359254_U_26,0.3644175,cv,0
2026-03-31_1359254_U_28,0.13414863,cv,1
2026-03-31_1359254_U_29,0.19658515,cv,0
2026-03-31_1359254_U_3,0.32976538,cv,0
2026-03-31_1359254_U_31,0.08277944,cv,1
2026-03-31_1359254_U_32,0.18315855,cv,0
2026-03-31_1359254_U_34,0.105779946,cv,1
2026-03-31_1359254_U_35,0.167745,cv,0
2026-03-31_1359254_U_37,0.13326345,cv,1
2026-03-31_1359254_U_38,0.15483917,cv,0
2026-03-31_1359254_U_4,0.22583859,cv,0
2026-03-31_1359254_U_40,0.100469194,cv,1
2026-03-31_1359254_U_41,0.19847143,cv,1
2026-03-31_1359254_U_43,0.101598255,cv,1
2026-03-31_1359254_U_44,0.16517751,cv,0
2026-03-31_1359254_U_46,0.16676109,cv,0
2026-03-31_1359254_U_48,0.12233071,cv,0
2026-03-31_1359254_U_49,0.16450322,cv,1
2026-03-31_1359254_U_5,0.17889446,cv,1
2026-03-31_1359254_U_52,0.15557727,cv,1
2026-03-31_1359254_U_55,0.3147481,cv,1
2026-03-31_1359254_U_58,0.21036744,cv,0
2026-03-31_1359254_U_59,0.18732747,cv,0
2026-03-31_1359254_U_6,0.14845596,cv,0
2026-03-31_1359254_U_60,0.17691436,cv,0
2026-03-31_1359254_U_61,0.1752402,cv,1
2026-03-31_1359254_U_63,0.29118764,cv,0
2026-03-31_1359254_U_65,0.16091762,cv,0
2026-03-31_1359254_U_67,0.23843324,cv,0
2026-03-31_1359254_U_7,0.24553701,cv,1
2026-03-31_1359254_U_70,0.16476998,cv,0
2026-03-31_1359254_U_71,0.17131492,cv,1
2026-03-31_1359254_U_73,0.14100432,cv,1
2026-03-31_1359254_U_74,0.23008168,cv,1
2026-03-31_1359254_U_76,0.4193294,cv,0
2026-03-31_1359254_U_77,0.17309657,cv,1
2026-03-31_1359254_U_8,0.16519338,cv,1
2026-03-31_1390072_U_10,0.10892008,cv,0
2026-03-31_1390072_U_12,0.52695584,cv,1
2026-03-31_1390072_U_13,0.22601867,cv,0
2026-03-31_1390072_U_14,0.21562074,cv,0
2026-03-31_1390072_U_15,0.2738632,cv,0
2026-03-31_1390072_U_16,0.26158708,cv,0
2026-03-31_1390072_U_17,0.16731125,cv,0
2026-03-31_1390072_U_2,0.22534434,cv,0
2026-03-31_1390072_U_20,0.15359965,cv,0
2026-03-31_1390072_U_22,0.2195051,cv,0
2026-03-31_1390072_U_23,0.16727468,cv,1
2026-03-31_1390072_U_25,0.11532767,cv,0
2026-03-31_1390072_U_27,0.6212894,cv,0
2026-03-31_1390072_U_4,0.11488317,cv,0
2026-03-31_1390072_U_7,0.26282376,cv,1
2026-03-31_1390072_U_8,0.16949145,cv,0
2026-03-31_1390072_U_9,0.30092284,cv,1
2026-03-31_1407494_U_1,0.80001974,cv,1
2026-03-31_1407494_U_12,0.2221375,cv,0
2026-03-31_1407494_U_13,0.28925633,cv,0
2026-03-31_1407494_U_14,0.29393113,cv,0
2026-03-31_1407494_U_16,0.3095883,cv,0
2026-03-31_1407494_U_17,0.5089797,cv,0
2026-03-31_1407494_U_18,0.08366701,cv,0
2026-03-31_1407494_U_2,0.23441419,cv,0
2026-03-31_1407494_U_25,0.52706367,cv,0
2026-03-31_1407494_U_26,0.25393698,cv,0
2026-03-31_1407494_U_27,0.18981817,cv,0
2026-03-31_1407494_U_28,0.35315725,cv,0
2026-03-31_1407494_U_3,0.26913065,cv,1
2026-03-31_1407494_U_32,0.30827898,cv,1
2026-03-31_1407494_U_34,0.28226933,cv,1
2026-03-31_1407494_U_36,0.3074323,cv,0
2026-03-31_1407494_U_37,0.18817085,cv,0
2026-03-31_1407494_U_4,0.19443241,cv,0
2026-03-31_1407494_U_6,0.19312946,cv,0
2026-03-31_1407494_U_7,0.21564281,cv,0
2026-03-31_1407494_U_8,0.18345091,cv,0
2026-03-31_1407494_U_9,0.113196194,cv,0
2026-03-31_1407495_U_1,0.29447895,cv,0
2026-03-31_1407495_U_12,0.16642873,cv,1
2026-03-31_1407495_U_13,0.12295498,cv,1
2026-03-31_1407495_U_15,0.14477646,cv,0
2026-03-31_1407495_U_2,0.25768873,cv,1
2026-03-31_1407495_U_20,0.18057196,cv,0
2026-03-31_1407495_U_22,0.3093234,cv,1
2026-03-31_1407495_U_23,0.29510212,cv,0
2026-03-31_1407495_U_24,0.22243959,cv,0
2026-03-31_1407495_U_25,0.13189393,cv,0
2026-03-31_1407495_U_26,0.66151434,cv,0
2026-03-31_1407495_U_27,0.24813114,cv,1
2026-03-31_1407495_U_4,0.12755287,cv,0
2026-03-31_1407495_U_5,0.10891296,cv,0
2026-03-31_1407495_U_6,0.14786479,cv,0
2026-03-31_1407495_U_7,0.20963739,cv,1
2026-03-31_1407495_U_8,0.111906916,cv,0
2026-03-31_1407495_U_9,0.42245346,cv,1
2026-03-31_1429985_U_10,0.12401079,cv,0
2026-03-31_1429985_U_107,0.07445149,cv,0
2026-03-31_1429985_U_111,0.14758283,cv,0
2026-03-31_1429985_U_121,0.8780972,cv,0
2026-03-31_1429985_U_14,0.13557127,cv,1
2026-03-31_1429985_U_15,0.20846415,cv,0
2026-03-31_1429985_U_22,0.12977684,cv,1
2026-03-31_1429985_U_24,0.12264779,cv,0
2026-03-31_1429985_U_25,0.43566167,cv,1
2026-03-31_1429985_U_29,0.14111039,cv,0
2026-03-31_1429985_U_30,0.2029144,cv,1
2026-03-31_1429985_U_41,0.22173396,cv,1
2026-03-31_1429985_U_43,0.11444529,cv,0
2026-03-31_1429985_U_44,0.15478763,cv,0
2026-03-31_1429985_U_45,0.1351777,cv,0
2026-03-31_1429985_U_46,0.1757285,cv,1
2026-03-31_1429985_U_5,0.09282741,cv,0
2026-03-31_1429985_U_51,0.106865674,cv,1
2026-03-31_1429985_U_54,0.1572566,cv,0
2026-03-31_1429985_U_55,0.22770068,cv,0
2026-03-31_1429985_U_56,0.23575884,cv,1
2026-03-31_1429985_U_69,0.19703206,cv,0
2026-03-31_1429985_U_7,0.20877889,cv,1
2026-03-31_1429985_U_70,0.19233708,cv,1
2026-03-31_1429985_U_71,0.1633962,cv,1
2026-03-31_1429985_U_9,0.13636705,cv,0
2026-03-31_1429985_U_91,0.07120395,cv,0
2026-03-31_1429985_U_92,0.12553397,cv,0
2026-03-31_1429985_U_94,0.1937086,cv,0
2026-03-31_1429985_U_98,0.0961599,cv,0
2026-03-31_1431265_U_1,0.33229452,cv,0
2026-03-31_1431265_U_103,0.11042622,cv,1
2026-03-31_1431265_U_109,0.14247203,cv,1
2026-03-31_1431265_U_113,0.15696745,cv,0
2026-03-31_1431265_U_114,0.16123313,cv,0
2026-03-31_1431265_U_115,0.1527845,cv,0
2026-03-31_1431265_U_116,0.120449565,cv,0
2026-03-31_1431265_U_117,0.1264121,cv,0
2026-03-31_1431265_U_119,0.15572071,cv,0
2026-03-31_1431265_U_120,0.13955596,cv,0
2026-03-31_1431265_U_122,0.17244653,cv,0
2026-03-31_1431265_U_123,0.19483265,cv,0
2026-03-31_1431265_U_13,0.13891158,cv,0
2026-03-31_1431265_U_133,0.1485862,cv,1
2026-03-31_1431265_U_14,0.11529395,cv,0
2026-03-31_1431265_U_140,0.17733222,cv,0
2026-03-31_1431265_U_147,0.17549974,cv,1
2026-03-31_1431265_U_15,0.08132926,cv,1
2026-03-31_1431265_U_153,0.21398649,cv,0
2026-03-31_1431265_U_155,0.38157237,cv,1
2026-03-31_1431265_U_172,0.223912,cv,0
2026-03-31_1431265_U_19,0.19999383,cv,0
2026-03-31_1431265_U_2,0.24067676,cv,0
2026-03-31_1431265_U_20,0.15085953,cv,0
2026-03-31_1431265_U_21,0.103755444,cv,1
2026-03-31_1431265_U_25,0.14056678,cv,0
2026-03-31_1431265_U_26,0.16290042,cv,0
2026-03-31_1431265_U_3,0.17214516,cv,0
2026-03-31_1431265_U_31,0.20780496,cv,0
2026-03-31_1431265_U_32,0.12653664,cv,1
2026-03-31_1431265_U_37,0.18546844,cv,0
2026-03-31_1431265_U_38,0.15791427,cv,0
2026-03-31_1431265_U_43,0.15404436,cv,0
2026-03-31_1431265_U_44,0.13653518,cv,1
2026-03-31_1431265_U_45,0.16332477,cv,0
2026-03-31_1431265_U_46,0.18389368,cv,0
2026-03-31_1431265_U_47,0.110675335,cv,0
2026-03-31_1431265_U_49,0.11007886,cv,0
2026-03-31_1431265_U_50,0.16956852,cv,1
2026-03-31_1431265_U_55,0.21576068,cv,0
2026-03-31_1431265_U_57,0.17589796,cv,1
2026-03-31_1431265_U_58,0.18123159,cv,0
2026-03-31_1431265_U_6,0.17965303,cv,0
2026-03-31_1431265_U_61,0.14648473,cv,0
2026-03-31_1431265_U_62,0.1726337,cv,1
2026-03-31_1431265_U_67,0.20595208,cv,0
2026-03-31_1431265_U_69,0.12952922,cv,0
2026-03-31_1431265_U_7,0.12018054,cv,0
2026-03-31_1431265_U_70,0.22358772,cv,0
2026-03-31_1431265_U_73,0.26199257,cv,1
2026-03-31_1431265_U_74,0.11484489,cv,1
2026-03-31_1431265_U_75,0.13529497,cv,0
2026-03-31_1431265_U_76,0.18458241,cv,0
2026-03-31_1431265_U_79,0.13515034,cv,0
2026-03-31_1431265_U_8,0.21334457,cv,0
2026-03-31_1431265_U_80,0.17225695,cv,1
2026-03-31_1431265_U_85,0.13879642,cv,0
2026-03-31_1431265_U_86,0.14882426,cv,1
2026-03-31_1431265_U_9,0.14685944,cv,1
2026-03-31_1431265_U_91,0.1545845,cv,1
2026-03-31_1431265_U_92,0.10099836,cv,1
2026-03-31_1431265_U_93,0.120121025,cv,0
2026-03-31_1431265_U_94,0.13508052,cv,0
2026-03-31_1431265_U_97,0.16771589,cv,0
2026-03-31_1431265_U_99,0.21036872,cv,0
2026-03-31_1439975_U_1,0.3187022,cv,1
2026-03-31_1439975_U_10,0.17436402,cv,1
2026-03-31_1439975_U_100,0.2573182,cv,0
2026-03-31_1439975_U_101,0.2468693,cv,0
2026-03-31_1439975_U_13,0.17216271,cv,0
2026-03-31_1439975_U_14,0.16387872,cv,0
2026-03-31_1439975_U_15,0.13096851,cv,0
2026-03-31_1439975_U_17,0.18095963,cv,0
2026-03-31_1439975_U_18,0.1664313,cv,0
2026-03-31_1439975_U_19,0.21585345,cv,1
2026-03-31_1439975_U_2,0.21012098,cv,0
2026-03-31_1439975_U_21,0.23418383,cv,0
2026-03-31_1439975_U_25,0.14176647,cv,0
2026-03-31_1439975_U_27,0.2351133,cv,0
2026-03-31_1439975_U_29,0.23792142,cv,0
2026-03-31_1439975_U_30,0.19276726,cv,1
2026-03-31_1439975_U_34,0.1539222,cv,0
2026-03-31_1439975_U_36,0.4565553,cv,0
2026-03-31_1439975_U_38,0.19703934,cv,0
2026-03-31_1439975_U_40,0.1902239,cv,1
2026-03-31_1439975_U_42,0.24018538,cv,1
2026-03-31_1439975_U_46,0.21950659,cv,1
2026-03-31_1439975_U_49,0.16862535,cv,0
2026-03-31_1439975_U_5,0.16683355,cv,0
2026-03-31_1439975_U_50,0.2566652,cv,1
2026-03-31_1439975_U_6,0.18326116,cv,0
2026-03-31_1439975_U_61,0.17016427,cv,0
2026-03-31_1439975_U_62,0.11139053,cv,1
2026-03-31_1439975_U_65,0.19879124,cv,0
2026-03-31_1439975_U_66,0.17448184,cv,0
2026-03-31_1439975_U_69,0.13478851,cv,0
2026-03-31_1439975_U_70,0.17640525,cv,1
2026-03-31_1439975_U_73,0.19864655,cv,0
2026-03-31_1439975_U_74,0.15714101,cv,0
2026-03-31_1439975_U_75,0.18268725,cv,0
2026-03-31_1439975_U_8,0.20701587,cv,0
2026-03-31_1439975_U_84,0.17149375,cv,1
2026-03-31_1439975_U_86,0.22813937,cv,1
2026-03-31_1439975_U_88,0.16430059,cv,1
2026-03-31_1439975_U_89,0.15805617,cv,1
2026-03-31_1439975_U_9,0.2117908,cv,0
2026-03-31_1439975_U_91,0.34868872,cv,0
2026-03-31_1439975_U_93,0.16941993,cv,1
2026-03-31_1439975_U_94,0.34415466,cv,0
2026-03-31_1439975_U_95,0.18904129,cv,0
2026-03-31_1439975_U_98,0.26792866,cv,1
2026-03-31_1441389_U_1,2.7190318,cv,0
2026-03-31_1441389_U_12,2.1589055,cv,0
2026-03-31_1441389_U_13,1.7803438,cv,1
2026-03-31_1441389_U_16,0.25324297,cv,0
2026-03-31_1441389_U_17,2.4859314,cv,1
2026-03-31_1441389_U_19,0.31331158,cv,0
2026-03-31_1441389_U_2,2.10081,cv,0
2026-03-31_1441389_U_21,2.314024,cv,0
2026-03-31_1441389_U_3,0.16952942,cv,0
2026-03-31_1441389_U_4,0.18996334,cv,0
2026-03-31_1441389_U_6,2.0110292,cv,0
2026-03-31_1441389_U_7,0.21922195,cv,0
2026-03-31_1441389_U_8,2.2574482,cv,0
2026-03-31_1474792_U_1,0.17213073,cv,0
2026-03-31_1474792_U_10,0.19247757,cv,0
2026-03-31_1474792_U_11,0.14208916,cv,1
2026-03-31_1474792_U_13,0.11629249,cv,1
2026-03-31_1474792_U_14,0.18665138,cv,0
2026-03-31_1474792_U_15,0.3076463,cv,0
2026-03-31_1474792_U_16,0.1963141,cv,0
2026-03-31_1474792_U_17,0.21824759,cv,1
2026-03-31_1474792_U_19,0.21477693,cv,1
2026-03-31_1474792_U_2,0.08344713,cv,1
2026-03-31_1474792_U_20,0.27148294,cv,1
2026-03-31_1474792_U_21,0.12870733,cv,0
2026-03-31_1474792_U_22,0.23479292,cv,0
2026-03-31_1474792_U_23,0.22023122,cv,0
2026-03-31_1474792_U_24,0.18113981,cv,1
2026-03-31_1474792_U_26,0.10795644,cv,1
2026-03-31_1474792_U_29,0.14084847,cv,0
2026-03-31_1474792_U_30,0.21395972,cv,1
2026-03-31_1474792_U_31,0.107281946,cv,0
2026-03-31_1474792_U_32,0.14573377,cv,0
2026-03-31_1474792_U_33,0.12860043,cv,0
2026-03-31_1474792_U_34,0.22769988,cv,0
2026-03-31_1474792_U_35,0.19902603,cv,1
2026-03-31_1474792_U_36,0.15948331,cv,0
2026-03-31_1474792_U_37,0.2712927,cv,0
2026-03-31_1474792_U_38,0.27711195,cv,0
2026-03-31_1474792_U_39,0.27370197,cv,0
2026-03-31_1474792_U_4,0.19193602,cv,1
2026-03-31_1474792_U_7,0.13323924,cv,1
2026-03-31_1474792_U_8,0.10640697,cv,0
2026-03-31_1474793_U_1,0.14245585,cv,0
2026-03-31_1474793_U_2,0.10583301,cv,0
2026-03-31_1476582_U_1,0.24898803,cv,0
2026-03-31_1476582_U_10,0.34215736,cv,0
2026-03-31_1476582_U_11,0.36658275,cv,0
2026-03-31_1476582_U_12,0.35714775,cv,0
2026-03-31_1476582_U_13,0.35149246,cv,0
2026-03-31_1476582_U_16,0.30207378,cv,0
2026-03-31_1476582_U_17,0.4112657,cv,0
2026-03-31_1476582_U_18,0.29743695,cv,0
2026-03-31_1476582_U_19,0.2881992,cv,0
2026-03-31_1476582_U_2,0.4136219,cv,0
2026-03-31_1476582_U_20,0.352352,cv,0
2026-03-31_1476582_U_21,0.70893973,cv,0
2026-03-31_1476582_U_22,0.36038774,cv,1
2026-03-31_1476582_U_23,0.31307733,cv,1
2026-03-31_1476582_U_24,0.28335655,cv,0
2026-03-31_1476582_U_25,0.3290325,cv,0
2026-03-31_1476582_U_26,0.27215815,cv,0
2026-03-31_1476582_U_27,0.31418642,cv,0
2026-03-31_1476582_U_28,0.389515,cv,1
2026-03-31_1476582_U_29,0.38855729,cv,1
2026-03-31_1476582_U_30,0.5180124,cv,0
2026-03-31_1476582_U_31,0.25809872,cv,1
2026-03-31_1476582_U_32,0.2953723,cv,0
2026-03-31_1476582_U_33,0.37987572,cv,0
2026-03-31_1476582_U_34,0.39299893,cv,0
2026-03-31_1476582_U_35,0.39291734,cv,0
2026-03-31_1476582_U_36,0.34342587,cv,0
2026-03-31_1476582_U_37,0.5458504,cv,0
2026-03-31_1476582_U_38,0.2920807,cv,1
2026-03-31_1476582_U_4,0.59020954,cv,1
2026-03-31_1476582_U_5,1.2571986,cv,0
2026-03-31_1476582_U_6,0.23018861,cv,0
2026-03-31_1476582_U_8,0.35443592,cv,0
2026-03-31_1476582_U_9,0.33204213,cv,0
2026-03-31_1476584_U_1,0.31177732,cv,0
2026-03-31_1476584_U_10,1.3341993,cv,0
2026-03-31_1476584_U_11,0.19917735,cv,0
2026-03-31_1476584_U_12,0.78010553,cv,0
2026-03-31_1476584_U_13,0.2150964,cv,0
2026-03-31_1476584_U_2,0.18326744,cv,0
2026-03-31_1476584_U_3,0.32382563,cv,0
2026-03-31_1476584_U_4,0.26277834,cv,0
2026-03-31_1476584_U_5,0.16835189,cv,0
2026-03-31_1476584_U_6,0.28362,cv,1
2026-03-31_1476584_U_7,0.3688339,cv,0
2026-03-31_1476584_U_8,0.31755993,cv,1
2026-03-31_1477764_U_1,0.19467609,cv,0
2026-03-31_1477764_U_10,0.11859298,cv,0
2026-03-31_1477764_U_11,0.10806783,cv,0
2026-03-31_1477764_U_12,0.10431409,cv,1
2026-03-31_1477764_U_13,0.19669197,cv,0
2026-03-31_1477764_U_14,0.2607344,cv,0
2026-03-31_1477764_U_15,0.1903354,cv,0
2026-03-31_1477764_U_16,0.21033815,cv,0
2026-03-31_1477764_U_17,0.1272788,cv,0
2026-03-31_1477764_U_18,0.13929226,cv,0
2026-03-31_1477764_U_19,0.17428666,cv,0
2026-03-31_1477764_U_2,0.12921187,cv,0
2026-03-31_1477764_U_20,0.13526067,cv,0
2026-03-31_1477764_U_21,0.1747942,cv,0
2026-03-31_1477764_U_22,0.18478176,cv,0
2026-03-31_1477764_U_23,0.56495243,cv,0
2026-03-31_1477764_U_24,0.083401404,cv,1
2026-03-31_1477764_U_25,0.32826424,cv,1
2026-03-31_1477764_U_26,0.21504317,cv,0
2026-03-31_1477764_U_27,0.15895572,cv,0
2026-03-31_1477764_U_28,0.11246347,cv,0
2026-03-31_1477764_U_29,0.094913304,cv,1
2026-03-31_1477764_U_3,0.1400283,cv,0
2026-03-31_1477764_U_30,0.118871436,cv,1
2026-03-31_1477764_U_31,0.21134333,cv,0
2026-03-31_1477764_U_32,0.17738806,cv,0
2026-03-31_1477764_U_33,0.15404475,cv,0
2026-03-31_1477764_U_34,0.22574592,cv,0
2026-03-31_1477764_U_35,0.18251197,cv,0
2026-03-31_1477764_U_36,0.15072504,cv,1
2026-03-31_1477764_U_37,0.10517164,cv,0
2026-03-31_1477764_U_38,0.17814821,cv,1
2026-03-31_1477764_U_39,0.18373117,cv,0
2026-03-31_1477764_U_4,0.26666868,cv,0
2026-03-31_1477764_U_40,0.21193206,cv,1
2026-03-31_1477764_U_43,0.1740611,cv,0
2026-03-31_1477764_U_44,0.18857563,cv,0
2026-03-31_1477764_U_45,0.16442879,cv,0
2026-03-31_1477764_U_47,0.12732992,cv,0
2026-03-31_1477764_U_48,0.09919357,cv,0
2026-03-31_1477764_U_49,0.14722641,cv,0
2026-03-31_1477764_U_5,0.16098784,cv,1
2026-03-31_1477764_U_50,0.13514805,cv,1
2026-03-31_1477764_U_51,0.18522009,cv,0
2026-03-31_1477764_U_52,0.1817801,cv,1
2026-03-31_1477764_U_53,0.13907233,cv,0
2026-03-31_1477764_U_54,0.21908295,cv,0
2026-03-31_1477764_U_55,0.14899155,cv,0
2026-03-31_1477764_U_56,0.14432621,cv,0
2026-03-31_1477764_U_57,0.18501973,cv,1
2026-03-31_1477764_U_58,0.18921226,cv,1
2026-03-31_1477764_U_59,0.18552446,cv,0
2026-03-31_1477764_U_60,0.12949894,cv,0
2026-03-31_1477764_U_61,0.12747042,cv,0
2026-03-31_1477764_U_62,0.13721584,cv,1
2026-03-31_1477764_U_63,0.15693352,cv,1
2026-03-31_1477764_U_64,0.09298994,cv,0
2026-03-31_1477764_U_65,0.1575675,cv,1
2026-03-31_1477764_U_66,0.12439589,cv,0
2026-03-31_1477764_U_67,0.19432744,cv,0
2026-03-31_1477764_U_68,0.1770489,cv,1
2026-03-31_1477764_U_7,0.14745799,cv,0
2026-03-31_1477764_U_70,0.20726809,cv,0
2026-03-31_1477764_U_71,0.26091325,cv,0
2026-03-31_1477764_U_72,0.12105027,cv,0
2026-03-31_1477764_U_73,0.19768402,cv,0
2026-03-31_1477764_U_74,0.17963505,cv,0
2026-03-31_1477764_U_75,0.17611384,cv,0
2026-03-31_1477764_U_76,0.13763613,cv,1
2026-03-31_1477764_U_77,0.2337533,cv,0
2026-03-31_1477764_U_78,0.13289343,cv,0
2026-03-31_1477764_U_79,0.15047938,cv,0
2026-03-31_1477764_U_8,0.111417554,cv,0
2026-03-31_1477764_U_80,0.1217173,cv,0
2026-03-31_1477764_U_81,0.12215485,cv,0
2026-03-31_1477764_U_82,0.09267689,cv,1
2026-03-31_1477764_U_83,0.12259689,cv,1
2026-03-31_1477764_U_84,0.22513728,cv,0
2026-03-31_1477764_U_85,0.15238203,cv,0
2026-03-31_1477764_U_86,0.15105332,cv,0
2026-03-31_1477764_U_87,0.19657958,cv,1
2026-03-31_1477764_U_88,0.17941515,cv,0
2026-03-31_1477764_U_89,0.14301242,cv,0
2026-03-31_1477764_U_9,0.13550189,cv,0
2026-03-31_1477764_U_90,0.1607631,cv,0
2026-03-31_1477764_U_91,0.15314957,cv,1
2026-03-31_1477764_U_93,0.13214807,cv,0
2026-03-31_1477764_U_94,0.2653445,cv,0
2026-03-31_1477766_U_1,0.20845807,cv,0
2026-03-31_1477766_U_10,0.42823467,cv,0
2026-03-31_1477766_U_11,0.19560109,cv,0
2026-03-31_1477766_U_12,0.43726987,cv,0
2026-03-31_1477766_U_13,0.19787048,cv,0
2026-03-31_1477766_U_14,0.18629569,cv,0
2026-03-31_1477766_U_15,0.16859154,cv,1
2026-03-31_1477766_U_16,0.21429443,cv,0
2026-03-31_1477766_U_17,0.10451036,cv,0
2026-03-31_1477766_U_18,0.09145743,cv,0
2026-03-31_1477766_U_2,0.14147584,cv,0
2026-03-31_1477766_U_20,0.25480026,cv,1
2026-03-31_1477766_U_21,0.19592778,cv,0
2026-03-31_1477766_U_22,0.17550313,cv,0
2026-03-31_1477766_U_23,0.15126388,cv,1
2026-03-31_1477766_U_24,0.24363053,cv,0
2026-03-31_1477766_U_25,0.1675938,cv,0
2026-03-31_1477766_U_26,0.13628654,cv,1
2026-03-31_1477766_U_29,0.13595214,cv,1
2026-03-31_1477766_U_3,0.16301738,cv,0
2026-03-31_1477766_U_30,0.22859018,cv,1
2026-03-31_1477766_U_31,0.52259827,cv,1
2026-03-31_1477766_U_4,0.15602784,cv,0
2026-03-31_1477766_U_5,0.08494742,cv,0
2026-03-31_1477766_U_6,0.19975458,cv,0
2026-03-31_1477766_U_7,0.15819371,cv,0
2026-03-31_1477766_U_8,0.4245581,cv,0
2026-03-31_1477766_U_9,0.2612054,cv,0
2026-03-31_1477767_U_1,0.22801512,cv,0
2026-03-31_1477767_U_10,0.20241301,cv,1
2026-03-31_1477767_U_11,0.5421469,cv,1
2026-03-31_1477767_U_14,0.14186393,cv,0
2026-03-31_1477767_U_15,0.12031399,cv,0
2026-03-31_1477767_U_17,0.10446503,cv,1
2026-03-31_1477767_U_18,0.16357666,cv,0
2026-03-31_1477767_U_19,0.0920842,cv,0
2026-03-31_1477767_U_2,0.13846698,cv,0
2026-03-31_1477767_U_21,0.31048912,cv,1
2026-03-31_1477767_U_22,0.25645602,cv,0
2026-03-31_1477767_U_23,0.14970708,cv,1
2026-03-31_1477767_U_24,0.08956596,cv,0
2026-03-31_1477767_U_25,0.15433644,cv,1
2026-03-31_1477767_U_26,0.06473013,cv,0
2026-03-31_1477767_U_27,0.18587945,cv,0
2026-03-31_1477767_U_28,0.14725411,cv,0
2026-03-31_1477767_U_29,0.3044216,cv,0
2026-03-31_1477767_U_3,0.2906874,cv,0
2026-03-31_1477767_U_31,0.22701548,cv,1
2026-03-31_1477767_U_32,1.1053236,cv,0
2026-03-31_1477767_U_33,0.67016697,cv,0
2026-03-31_1477767_U_35,0.14866313,cv,0
2026-03-31_1477767_U_36,0.17200896,cv,0
2026-03-31_1477767_U_38,0.21091697,cv,0
2026-03-31_1477767_U_39,0.1896182,cv,0
2026-03-31_1477767_U_4,0.2126051,cv,0
2026-03-31_1477767_U_40,0.19923529,cv,0
2026-03-31_1477767_U_5,0.214904,cv,0
2026-03-31_1477767_U_7,0.20948951,cv,0
2026-03-31_1477767_U_8,0.23078614,cv,0
2026-03-31_1477767_U_9,0.18690094,cv,0
2026-03-31_1477768_U_1,0.16501094,cv,0
2026-03-31_1477768_U_10,0.16388418,cv,0
2026-03-31_1477768_U_12,0.23536603,cv,1
2026-03-31_1477768_U_13,0.12221107,cv,0
2026-03-31_1477768_U_14,0.13482863,cv,0
2026-03-31_1477768_U_15,0.29833442,cv,0
2026-03-31_1477768_U_16,0.29286623,cv,0
2026-03-31_1477768_U_18,0.35012156,cv,0
2026-03-31_1477768_U_19,0.17356226,cv,0
2026-03-31_1477768_U_2,0.16444166,cv,0
2026-03-31_1477768_U_20,0.13788377,cv,1
2026-03-31_1477768_U_21,0.3990415,cv,0
2026-03-31_1477768_U_22,0.110636875,cv,0
2026-03-31_1477768_U_23,0.17626837,cv,0
2026-03-31_1477768_U_24,0.11414839,cv,0
2026-03-31_1477768_U_25,0.12849423,cv,1
2026-03-31_1477768_U_26,0.29321188,cv,1
2026-03-31_1477768_U_27,0.13469315,cv,0
2026-03-31_1477768_U_28,0.19015953,cv,0
2026-03-31_1477768_U_29,0.3116474,cv,0
2026-03-31_1477768_U_3,0.24971323,cv,0
2026-03-31_1477768_U_30,0.27948385,cv,0
2026-03-31_1477768_U_31,0.24736473,cv,0
2026-03-31_1477768_U_32,0.38582787,cv,0
2026-03-31_1477768_U_33,0.3344888,cv,0
2026-03-31_1477768_U_34,0.23325357,cv,0
2026-03-31_1477768_U_35,0.20215654,cv,0
2026-03-31_1477768_U_36,0.15144776,cv,1
2026-03-31_1477768_U_37,0.17453258,cv,0
2026-03-31_1477768_U_38,0.16496253,cv,0
2026-03-31_1477768_U_39,0.16475418,cv,0
2026-03-31_1477768_U_4,0.41512173,cv,1
2026-03-31_1477768_U_43,0.11038175,cv,0
2026-03-31_1477768_U_44,0.17490482,cv,1
2026-03-31_1477768_U_45,0.12524024,cv,0
2026-03-31_1477768_U_46,0.23824301,cv,0
2026-03-31_1477768_U_47,0.12565783,cv,0
2026-03-31_1477768_U_48,0.17072141,cv,0
2026-03-31_1477768_U_49,0.17153208,cv,0
2026-03-31_1477768_U_5,0.21538495,cv,0
2026-03-31_1477768_U_50,0.41695914,cv,0
2026-03-31_1477768_U_51,0.23413992,cv,0
2026-03-31_1477768_U_52,0.20884651,cv,0
2026-03-31_1477768_U_53,0.19749033,cv,0
2026-03-31_1477768_U_54,0.2691447,cv,0
2026-03-31_1477768_U_55,0.11925351,cv,0
2026-03-31_1477768_U_56,0.16244304,cv,0
2026-03-31_1477768_U_57,0.19092391,cv,0
2026-03-31_1477768_U_58,0.10930291,cv,0
2026-03-31_1477768_U_6,0.39493483,cv,0
2026-03-31_1477768_U_7,0.21368478,cv,0
2026-03-31_1477768_U_9,0.11106723,cv,0
2026-03-31_1477769_U_1,0.15869135,cv,0
2026-03-31_1477769_U_10,0.14560784,cv,0
2026-03-31_1477769_U_11,0.22884783,cv,0
2026-03-31_1477769_U_12,0.38731635,cv,0
2026-03-31_1477769_U_13,0.17394535,cv,0
2026-03-31_1477769_U_14,0.09089512,cv,0
2026-03-31_1477769_U_16,0.14216048,cv,0
2026-03-31_1477769_U_17,0.29052326,cv,0
2026-03-31_1477769_U_18,0.1796596,cv,0
2026-03-31_1477769_U_19,0.2513191,cv,1
2026-03-31_1477769_U_2,0.16837662,cv,0
2026-03-31_1477769_U_20,0.14407547,cv,0
2026-03-31_1477769_U_21,0.23928007,cv,0
2026-03-31_1477769_U_22,0.25517285,cv,0
2026-03-31_1477769_U_23,0.22578752,cv,1
2026-03-31_1477769_U_24,0.11865936,cv,0
2026-03-31_1477769_U_25,0.2015537,cv,0
2026-03-31_1477769_U_26,0.10003412,cv,1
2026-03-31_1477769_U_27,0.21166536,cv,0
2026-03-31_1477769_U_28,0.3671639,cv,0
2026-03-31_1477769_U_29,0.118707,cv,0
2026-03-31_1477769_U_3,0.15953925,cv,0
2026-03-31_1477769_U_30,0.17307715,cv,0
2026-03-31_1477769_U_31,0.11012219,cv,0
2026-03-31_1477769_U_32,0.22936545,cv,0
2026-03-31_1477769_U_33,0.13870442,cv,0
2026-03-31_1477769_U_34,0.398244,cv,1
2026-03-31_1477769_U_35,0.122914635,cv,1
2026-03-31_1477769_U_37,0.14905298,cv,0
2026-03-31_1477769_U_38,0.12063735,cv,0
2026-03-31_1477769_U_39,0.13327,cv,0
2026-03-31_1477769_U_4,0.12867215,cv,1
2026-03-31_1477769_U_40,0.20270821,cv,0
2026-03-31_1477769_U_41,0.1995084,cv,0
2026-03-31_1477769_U_43,0.16434883,cv,0
2026-03-31_1477769_U_46,0.22595541,cv,1
2026-03-31_1477769_U_47,0.14873336,cv,0
2026-03-31_1477769_U_48,0.21986786,cv,0
2026-03-31_1477769_U_5,0.09797131,cv,0
2026-03-31_1477769_U_6,0.38072646,cv,0
2026-03-31_1477769_U_7,0.22735617,cv,0
2026-03-31_1477769_U_8,0.16806328,cv,0
2026-03-31_1477769_U_9,0.14980459,cv,0
2026-03-31_1477770_U_1,0.9394211,cv,0
2026-03-31_1477770_U_10,0.37729442,cv,0
2026-03-31_1477770_U_11,0.49304247,cv,0
2026-03-31_1477770_U_12,0.3992086,cv,0
2026-03-31_1477770_U_13,0.48658592,cv,0
2026-03-31_1477770_U_14,0.634758,cv,0
2026-03-31_1477770_U_15,0.5203623,cv,0
2026-03-31_1477770_U_17,0.36749756,cv,0
2026-03-31_1477770_U_18,0.4921177,cv,0
2026-03-31_1477770_U_3,0.20293117,cv,0
2026-03-31_1477770_U_5,0.2808668,cv,0
2026-03-31_1477770_U_6,0.18825743,cv,0
2026-03-31_1477770_U_7,0.12359785,cv,0
2026-03-31_1477770_U_9,1.0596842,cv,0
2026-03-31_1481779_U_1,0.22772533,cv,0
2026-03-31_1481779_U_10,0.20719454,cv,0
2026-03-31_1481779_U_100,0.1494497,cv,0
2026-03-31_1481779_U_101,0.11532779,cv,0
2026-03-31_1481779_U_102,0.37688607,cv,0
2026-03-31_1481779_U_105,0.13724528,cv,1
2026-03-31_1481779_U_107,0.3011467,cv,1
2026-03-31_1481779_U_108,0.123427585,cv,0
2026-03-31_1481779_U_109,0.48981428,cv,0
2026-03-31_1481779_U_11,0.12392669,cv,0
2026-03-31_1481779_U_110,0.19226985,cv,0
2026-03-31_1481779_U_111,0.2010579,cv,0
2026-03-31_1481779_U_113,0.16732644,cv,0
2026-03-31_1481779_U_114,0.08708485,cv,0
2026-03-31_1481779_U_115,0.46364278,cv,0
2026-03-31_1481779_U_116,0.1563847,cv,0
2026-03-31_1481779_U_117,0.075150415,cv,0
2026-03-31_1481779_U_118,0.1715891,cv,0
2026-03-31_1481779_U_119,0.17524317,cv,0
2026-03-31_1481779_U_120,0.11042255,cv,0
2026-03-31_1481779_U_124,0.12539405,cv,0
2026-03-31_1481779_U_13,0.1897912,cv,0
2026-03-31_1481779_U_131,0.17012107,cv,0
2026-03-31_1481779_U_14,0.24598967,cv,0
2026-03-31_1481779_U_15,0.16782396,cv,0
2026-03-31_1481779_U_16,0.2082665,cv,0
2026-03-31_1481779_U_18,0.12238942,cv,0
2026-03-31_1481779_U_19,0.3264178,cv,0
2026-03-31_1481779_U_2,0.14425454,cv,0
2026-03-31_1481779_U_20,0.2651292,cv,0
2026-03-31_1481779_U_21,0.2092449,cv,0
2026-03-31_1481779_U_22,0.17497373,cv,0
2026-03-31_1481779_U_23,0.097709864,cv,0
2026-03-31_1481779_U_24,0.09763694,cv,0
2026-03-31_1481779_U_25,0.104009286,cv,0
2026-03-31_1481779_U_27,0.28397954,cv,1
2026-03-31_1481779_U_28,0.18990445,cv,1
2026-03-31_1481779_U_29,0.18550837,cv,0
2026-03-31_1481779_U_3,0.1383304,cv,0
2026-03-31_1481779_U_30,0.20300516,cv,0
2026-03-31_1481779_U_31,0.14058551,cv,0
2026-03-31_1481779_U_33,0.22688377,cv,0
2026-03-31_1481779_U_34,0.38844022,cv,0
2026-03-31_1481779_U_35,0.20989129,cv,0
2026-03-31_1481779_U_36,0.13861424,cv,0
2026-03-31_1481779_U_37,0.18559968,cv,0
2026-03-31_1481779_U_38,0.25037426,cv,0
2026-03-31_1481779_U_39,0.34615976,cv,0
2026-03-31_1481779_U_4,0.12319307,cv,0
2026-03-31_1481779_U_40,0.15232792,cv,0
2026-03-31_1481779_U_41,0.3888027,cv,0
2026-03-31_1481779_U_42,0.1694572,cv,0
2026-03-31_1481779_U_43,0.09416698,cv,0
2026-03-31_1481779_U_44,0.17044461,cv,0
2026-03-31_1481779_U_45,0.11741452,cv,1
2026-03-31_1481779_U_46,0.113826394,cv,0
2026-03-31_1481779_U_47,0.23095158,cv,0
2026-03-31_1481779_U_48,0.15899655,cv,0
2026-03-31_1481779_U_49,0.1055431,cv,0
2026-03-31_1481779_U_50,0.16800696,cv,0
2026-03-31_1481779_U_51,0.09526932,cv,1
2026-03-31_1481779_U_52,0.11998354,cv,1
2026-03-31_1481779_U_53,0.16096017,cv,0
2026-03-31_1481779_U_54,0.20635417,cv,0
2026-03-31_1481779_U_55,0.14452384,cv,0
2026-03-31_1481779_U_56,0.15252417,cv,0
2026-03-31_1481779_U_57,0.19967131,cv,0
2026-03-31_1481779_U_58,0.19979602,cv,0
2026-03-31_1481779_U_59,0.089888856,cv,0
2026-03-31_1481779_U_6,0.12349286,cv,0
2026-03-31_1481779_U_60,0.091340415,cv,0
2026-03-31_1481779_U_61,0.12290984,cv,0
2026-03-31_1481779_U_62,0.09722382,cv,0
2026-03-31_1481779_U_63,0.20758003,cv,0
2026-03-31_1481779_U_64,0.14862888,cv,0
2026-03-31_1481779_U_65,0.13246247,cv,0
2026-03-31_1481779_U_66,0.076902345,cv,0
2026-03-31_1481779_U_67,0.067230046,cv,0
2026-03-31_1481779_U_68,0.13831435,cv,0
2026-03-31_1481779_U_69,0.11436619,cv,0
2026-03-31_1481779_U_7,0.12216874,cv,0
2026-03-31_1481779_U_70,0.17145339,cv,0
2026-03-31_1481779_U_71,0.39632913,cv,0
2026-03-31_1481779_U_72,0.15670234,cv,0
2026-03-31_1481779_U_73,0.11030751,cv,0
2026-03-31_1481779_U_75,0.08204737,cv,1
2026-03-31_1481779_U_76,0.22516751,cv,0
2026-03-31_1481779_U_77,0.14496534,cv,0
2026-03-31_1481779_U_79,0.11910548,cv,0
2026-03-31_1481779_U_8,0.13901699,cv,0
2026-03-31_1481779_U_80,0.2256558,cv,0
2026-03-31_1481779_U_83,0.08509968,cv,0
2026-03-31_1481779_U_84,0.12959866,cv,0
2026-03-31_1481779_U_85,0.16769221,cv,0
2026-03-31_1481779_U_86,0.09755708,cv,0
2026-03-31_1481779_U_87,0.11442411,cv,0
2026-03-31_1481779_U_90,0.10571998,cv,0
2026-03-31_1481779_U_91,0.14500815,cv,0
2026-03-31_1481779_U_92,0.14282918,cv,0
2026-03-31_1481779_U_94,0.29145533,cv,0
2026-03-31_1481779_U_97,0.13519326,cv,0
2026-03-31_1481779_U_99,0.13152908,cv,0
2026-03-31_1495854_U_1,0.26086363,cv,0
2026-03-31_1495854_U_10,0.19170336,cv,1
2026-03-31_1495854_U_12,0.31004837,cv,0
2026-03-31_1495854_U_14,0.21654058,cv,0
2026-03-31_1495854_U_15,0.16837284,cv,0
2026-03-31_1495854_U_16,0.35587686,cv,0
2026-03-31_1495854_U_17,0.30480748,cv,0
2026-03-31_1495854_U_18,0.09096017,cv,0
2026-03-31_1495854_U_19,0.28353226,cv,0
2026-03-31_1495854_U_2,0.27412212,cv,0
2026-03-31_1495854_U_20,0.12687886,cv,0
2026-03-31_1495854_U_22,0.3265038,cv,0
2026-03-31_1495854_U_23,0.25390112,cv,1
2026-03-31_1495854_U_25,0.31763262,cv,0
2026-03-31_1495854_U_26,0.2496413,cv,0
2026-03-31_1495854_U_27,0.24057904,cv,0
2026-03-31_1495854_U_28,0.16807234,cv,0
2026-03-31_1495854_U_29,0.19388258,cv,0
2026-03-31_1495854_U_30,0.47509703,cv,0
2026-03-31_1495854_U_31,0.25912303,cv,0
2026-03-31_1495854_U_32,0.2854662,cv,1
2026-03-31_1495854_U_33,0.21518612,cv,0
2026-03-31_1495854_U_35,0.3274231,cv,0
2026-03-31_1495854_U_36,0.5236301,cv,0
2026-03-31_1495854_U_37,0.25837559,cv,1
2026-03-31_1495854_U_38,0.3297771,cv,1
2026-03-31_1495854_U_4,0.29258165,cv,0
2026-03-31_1495854_U_40,0.25362158,cv,0
2026-03-31_1495854_U_42,0.3272236,cv,1
2026-03-31_1495854_U_43,0.23946874,cv,0
2026-03-31_1495854_U_44,0.42925617,cv,0
2026-03-31_1495854_U_45,0.21209477,cv,0
2026-03-31_1495854_U_46,0.34245738,cv,0
2026-03-31_1495854_U_5,0.50560844,cv,0
2026-03-31_1495854_U_6,0.35824007,cv,0
2026-03-31_1495854_U_7,0.23514776,cv,0
2026-03-31_1495854_U_8,0.28170767,cv,0
2026-03-31_1495854_U_9,0.3092881,cv,0
2026-03-31_1495855_U_10,0.23404376,cv,0
2026-03-31_1495855_U_11,0.24778306,cv,0
2026-03-31_1495855_U_13,0.30937055,cv,0
2026-03-31_1495855_U_19,0.270331,cv,1
2026-03-31_1495855_U_21,0.39136094,cv,0
2026-03-31_1495855_U_22,0.26644808,cv,0
2026-03-31_1495855_U_24,0.15341978,cv,0
2026-03-31_1495855_U_25,0.49524042,cv,0
2026-03-31_1495855_U_27,0.21045154,cv,0
2026-03-31_1495855_U_29,0.14544496,cv,0
2026-03-31_1495855_U_30,0.24285719,cv,0
2026-03-31_1495855_U_31,0.18103075,cv,0
2026-03-31_1495855_U_38,0.23402014,cv,1
2026-03-31_1495855_U_39,0.2891984,cv,1
2026-03-31_1495855_U_44,0.2715583,cv,1
2026-03-31_1495855_U_5,0.37932324,cv,1
2026-03-31_1496807_U_1,0.37426648,cv,0
2026-03-31_1496807_U_10,0.12478721,cv,0
2026-03-31_1496807_U_11,0.21895707,cv,0
2026-03-31_1496807_U_12,0.22524077,cv,0
2026-03-31_1496807_U_13,0.2823793,cv,0
2026-03-31_1496807_U_14,0.11814176,cv,0
2026-03-31_1496807_U_15,0.16833225,cv,0
2026-03-31_1496807_U_16,0.15205166,cv,0
2026-03-31_1496807_U_18,0.19778936,cv,0
2026-03-31_1496807_U_19,0.21812312,cv,1
2026-03-31_1496807_U_2,0.19017881,cv,0
2026-03-31_1496807_U_20,0.33297575,cv,0
2026-03-31_1496807_U_21,0.20661587,cv,0
2026-03-31_1496807_U_22,0.14345989,cv,0
2026-03-31_1496807_U_23,0.15173183,cv,0
2026-03-31_1496807_U_24,0.1688255,cv,0
2026-03-31_1496807_U_25,0.13379428,cv,1
2026-03-31_1496807_U_26,0.13532291,cv,0
2026-03-31_1496807_U_27,0.25679493,cv,0
2026-03-31_1496807_U_3,0.10908087,cv,0
2026-03-31_1496807_U_33,0.16104765,cv,0
2026-03-31_1496807_U_34,0.21465352,cv,1
2026-03-31_1496807_U_36,0.19904992,cv,1
2026-03-31_1496807_U_37,0.24723941,cv,0
2026-03-31_1496807_U_38,0.15494421,cv,0
2026-03-31_1496807_U_39,0.15936926,cv,0
2026-03-31_1496807_U_42,0.1592482,cv,1
2026-03-31_1496807_U_44,0.1788786,cv,0
2026-03-31_1496807_U_45,0.35749316,cv,0
2026-03-31_1496807_U_46,0.3220854,cv,0
2026-03-31_1496807_U_47,0.38553533,cv,1
2026-03-31_1496807_U_48,0.16587731,cv,0
2026-03-31_1496807_U_49,0.12002407,cv,0
2026-03-31_1496807_U_5,0.19757357,cv,0
2026-03-31_1496807_U_50,0.14171867,cv,0
2026-03-31_1496807_U_51,0.2187638,cv,0
2026-03-31_1496807_U_53,0.14311656,cv,1
2026-03-31_1496807_U_54,0.3046206,cv,0
2026-03-31_1496807_U_57,0.2255113,cv,1
2026-03-31_1496807_U_58,0.20601165,cv,0
2026-03-31_1496807_U_59,0.16645673,cv,0
2026-03-31_1496807_U_60,0.15282081,cv,0
2026-03-31_1496807_U_61,0.1735324,cv,0
2026-03-31_1496807_U_62,0.20579082,cv,1
2026-03-31_1496807_U_63,0.15220892,cv,0
2026-03-31_1496807_U_64,0.1373046,cv,0
2026-03-31_1496807_U_65,0.285531,cv,1
2026-03-31_1496807_U_66,0.17342035,cv,0
2026-03-31_1496807_U_67,0.17934406,cv,0
2026-03-31_1496807_U_68,0.11437003,cv,0
2026-03-31_1496807_U_69,0.13347572,cv,0
2026-03-31_1496807_U_7,0.25846812,cv,0
2026-03-31_1496807_U_70,0.15103817,cv,0
2026-03-31_1496807_U_72,0.15516675,cv,0
2026-03-31_1496807_U_73,0.16894898,cv,0
2026-03-31_1496807_U_74,0.2489134,cv,1
2026-03-31_1496807_U_75,0.15436152,cv,0
2026-03-31_1496807_U_76,0.24743181,cv,0
2026-03-31_1496807_U_77,0.21923666,cv,0
2026-03-31_1496807_U_78,0.16781549,cv,0
2026-03-31_1496807_U_79,0.32463205,cv,1
2026-03-31_1496807_U_8,0.12953198,cv,0
2026-03-31_1496807_U_81,0.24374032,cv,0
2026-03-31_1496807_U_82,0.5041372,cv,1
2026-03-31_1496807_U_83,0.13347797,cv,0
2026-03-31_1496807_U_84,0.14603752,cv,1
2026-03-31_1496807_U_85,0.1320686,cv,1
2026-03-31_1496807_U_86,0.14452922,cv,0
2026-03-31_1496807_U_9,0.111364625,cv,0
2026-03-31_1496809_U_26,0.2343224,cv,1
2026-03-31_1496809_U_27,0.44052193,cv,1
2026-03-31_1496809_U_31,0.31842676,cv,1
2026-03-31_1496809_U_32,0.52251863,cv,0
2026-03-31_1496809_U_36,0.49128804,cv,0
2026-03-31_1496809_U_37,0.8933534,cv,0
2026-03-31_1496809_U_38,0.17262821,cv,0
2026-03-31_1496809_U_39,0.41302642,cv,1
2026-03-31_1496809_U_42,0.6802895,cv,0
2026-03-31_1496809_U_46,0.456757,cv,0
2026-03-31_1496809_U_49,0.37671167,cv,1
2026-03-31_1496809_U_50,0.6437287,cv,1
2026-03-31_1496809_U_56,0.98103416,cv,0
2026-03-31_1496812_U_1,0.24244303,cv,0
2026-03-31_1496812_U_10,0.21335876,cv,0
2026-03-31_1496812_U_103,0.15036932,cv,0
2026-03-31_1496812_U_105,0.1762299,cv,0
2026-03-31_1496812_U_107,0.15038063,cv,0
2026-03-31_1496812_U_108,0.1956818,cv,1
2026-03-31_1496812_U_109,0.18670338,cv,0
2026-03-31_1496812_U_11,0.24437195,cv,0
2026-03-31_1496812_U_110,0.21768747,cv,0
2026-03-31_1496812_U_111,0.062495448,cv,0
2026-03-31_1496812_U_112,0.13661861,cv,0
2026-03-31_1496812_U_114,0.12439619,cv,1
2026-03-31_1496812_U_115,0.16777116,cv,0
2026-03-31_1496812_U_117,0.14454746,cv,1
2026-03-31_1496812_U_118,0.2671153,cv,1
2026-03-31_1496812_U_12,0.102800325,cv,0
2026-03-31_1496812_U_120,0.20419729,cv,0
2026-03-31_1496812_U_123,0.2158194,cv,0
2026-03-31_1496812_U_126,0.16537854,cv,1
2026-03-31_1496812_U_128,0.30536896,cv,0
2026-03-31_1496812_U_129,0.16603625,cv,0
2026-03-31_1496812_U_130,0.15231425,cv,0
2026-03-31_1496812_U_132,0.2484766,cv,0
2026-03-31_1496812_U_133,0.1416046,cv,1
2026-03-31_1496812_U_134,0.14386326,cv,0
2026-03-31_1496812_U_136,0.13483332,cv,0
2026-03-31_1496812_U_137,0.2600219,cv,1
2026-03-31_1496812_U_138,0.54215074,cv,1
2026-03-31_1496812_U_139,0.47147584,cv,1
2026-03-31_1496812_U_14,0.17440456,cv,0
2026-03-31_1496812_U_142,2.4179938,cv,1
2026-03-31_1496812_U_143,0.51104563,cv,1
2026-03-31_1496812_U_145,0.13225761,cv,0
2026-03-31_1496812_U_146,0.1383845,cv,1
2026-03-31_1496812_U_148,0.25420702,cv,0
2026-03-31_1496812_U_151,0.16229704,cv,0
2026-03-31_1496812_U_153,0.33243755,cv,0
2026-03-31_1496812_U_154,0.36239946,cv,0
2026-03-31_1496812_U_156,0.6281714,cv,0
2026-03-31_1496812_U_157,0.6519035,cv,0
2026-03-31_1496812_U_158,0.35805422,cv,0
2026-03-31_1496812_U_159,0.25975513,cv,0
2026-03-31_1496812_U_16,0.3301296,cv,1
2026-03-31_1496812_U_160,0.26663673,cv,0
2026-03-31_1496812_U_18,0.2513799,cv,0
2026-03-31_1496812_U_2,0.22938687,cv,0
2026-03-31_1496812_U_20,0.31776026,cv,0
2026-03-31_1496812_U_21,0.22843844,cv,0
2026-03-31_1496812_U_24,0.15944356,cv,0
2026-03-31_1496812_U_25,0.22711322,cv,0
2026-03-31_1496812_U_26,0.28238404,cv,0
2026-03-31_1496812_U_27,0.23506624,cv,0
2026-03-31_1496812_U_28,0.1432593,cv,1
2026-03-31_1496812_U_3,0.12255333,cv,0
2026-03-31_1496812_U_30,0.27126408,cv,0
2026-03-31_1496812_U_31,0.20702219,cv,0
2026-03-31_1496812_U_33,0.26321578,cv,0
2026-03-31_1496812_U_35,0.13421255,cv,1
2026-03-31_1496812_U_39,0.088839315,cv,0
2026-03-31_1496812_U_4,0.22912428,cv,0
2026-03-31_1496812_U_40,0.3300095,cv,1
2026-03-31_1496812_U_41,0.417127,cv,0
2026-03-31_1496812_U_43,0.40962195,cv,0
2026-03-31_1496812_U_46,0.2510148,cv,0
2026-03-31_1496812_U_47,0.23677588,cv,0
2026-03-31_1496812_U_48,0.25337172,cv,0
2026-03-31_1496812_U_5,0.20473811,cv,0
2026-03-31_1496812_U_50,0.31086826,cv,0
2026-03-31_1496812_U_51,0.24305622,cv,0
2026-03-31_1496812_U_53,0.23572254,cv,0
2026-03-31_1496812_U_56,0.45521998,cv,0
2026-03-31_1496812_U_57,0.2819873,cv,0
2026-03-31_1496812_U_58,0.36850345,cv,0
2026-03-31_1496812_U_6,0.44114703,cv,0
2026-03-31_1496812_U_60,0.2549495,cv,0
2026-03-31_1496812_U_61,0.15500203,cv,0
2026-03-31_1496812_U_64,0.16149756,cv,0
2026-03-31_1496812_U_65,0.2072793,cv,0
2026-03-31_1496812_U_66,0.16532846,cv,0
2026-03-31_1496812_U_67,0.17846584,cv,1
2026-03-31_1496812_U_68,0.22385585,cv,0
2026-03-31_1496812_U_7,0.18173477,cv,0
2026-03-31_1496812_U_71,0.23823178,cv,0
2026-03-31_1496812_U_73,0.64163697,cv,0
2026-03-31_1496812_U_75,0.24603721,cv,0
2026-03-31_1496812_U_78,0.13294433,cv,0
2026-03-31_1496812_U_8,0.22221594,cv,0
2026-03-31_1496812_U_83,0.1516018,cv,0
2026-03-31_1496812_U_85,0.21873896,cv,0
2026-03-31_1496812_U_87,0.22793156,cv,0
2026-03-31_1496812_U_88,0.188309,cv,0
2026-03-31_1496812_U_89,0.19781691,cv,0
2026-03-31_1496812_U_9,0.17130071,cv,1
2026-03-31_1496812_U_90,0.2008965,cv,0
2026-03-31_1496812_U_91,0.1681371,cv,1
2026-03-31_1496812_U_92,0.11812745,cv,1
2026-03-31_1496812_U_93,0.35943854,cv,0
2026-03-31_1496812_U_94,0.21941946,cv,0
2026-03-31_1496812_U_95,0.20301676,cv,0
2026-03-31_1496812_U_98,0.24929236,cv,0
2026-03-31_1496820_U_1,0.12861882,cv,0
2026-03-31_1496820_U_10,0.6113827,cv,1
2026-03-31_1496820_U_2,0.18024322,cv,1
2026-03-31_1496820_U_3,0.1353705,cv,0
2026-03-31_1496820_U_4,0.16118188,cv,0
2026-03-31_1496820_U_5,0.42789835,cv,1
2026-03-31_1496820_U_6,0.18500742,cv,1
2026-03-31_1496820_U_7,0.18008891,cv,1
2026-03-31_1496820_U_8,0.36227596,cv,0
2026-03-31_1496820_U_9,0.5732116,cv,1
2026-03-31_1497250_U_1,0.13147593,cv,0
2026-03-31_1497250_U_10,0.08792041,cv,0
2026-03-31_1497250_U_11,0.11287114,cv,0
2026-03-31_1497250_U_15,0.09737282,cv,0
2026-03-31_1497250_U_16,0.13974221,cv,0
2026-03-31_1497250_U_18,0.2535547,cv,0
2026-03-31_1497250_U_2,0.1368806,cv,0
2026-03-31_1497250_U_21,3.017437,cv,0
2026-03-31_1497250_U_22,0.07422744,cv,0
2026-03-31_1497250_U_23,0.08274984,cv,0
2026-03-31_1497250_U_24,0.19524585,cv,0
2026-03-31_1497250_U_25,0.09474521,cv,0
2026-03-31_1497250_U_26,0.15375784,cv,0
2026-03-31_1497250_U_3,0.13983645,cv,0
2026-03-31_1497250_U_30,0.3545069,cv,1
2026-03-31_1497250_U_34,0.11607166,cv,0
2026-03-31_1497250_U_35,0.1143219,cv,0
2026-03-31_1497250_U_36,0.16632235,cv,0
2026-03-31_1497250_U_37,0.106276296,cv,0
2026-03-31_1497250_U_38,0.094314635,cv,0
2026-03-31_1497250_U_39,0.07976878,cv,0
2026-03-31_1497250_U_4,0.12625183,cv,0
2026-03-31_1497250_U_40,0.14832151,cv,0
2026-03-31_1497250_U_41,1.8491292,cv,0
2026-03-31_1497250_U_42,3.4739158,cv,0
2026-03-31_1497250_U_45,0.18041979,cv,0
2026-03-31_1497250_U_46,0.07618236,cv,0
2026-03-31_1497250_U_47,0.1420052,cv,0
2026-03-31_1497250_U_48,0.27577257,cv,0
2026-03-31_1497250_U_49,0.11091062,cv,0
2026-03-31_1497250_U_50,0.13903818,cv,0
2026-03-31_1497250_U_51,0.15896982,cv,0
2026-03-31_1497250_U_8,0.47568774,cv,0
2026-03-31_1497250_U_9,0.11012988,cv,0
2026-03-31_1497251_U_1,0.6954292,cv,0
2026-03-31_1497251_U_10,0.35335082,cv,0
2026-03-31_1497251_U_12,0.27454197,cv,0
2026-03-31_1497251_U_13,0.6845056,cv,0
2026-03-31_1497251_U_14,0.5456749,cv,0
2026-03-31_1497251_U_16,0.27969322,cv,0
2026-03-31_1497251_U_17,0.5677924,cv,0
2026-03-31_1497251_U_18,0.58347654,cv,1
2026-03-31_1497251_U_2,0.54577845,cv,0
2026-03-31_1497251_U_20,0.6242703,cv,0
2026-03-31_1497251_U_21,0.6731396,cv,0
2026-03-31_1497251_U_22,0.47154897,cv,0
2026-03-31_1497251_U_23,0.40921974,cv,0
2026-03-31_1497251_U_25,0.15453628,cv,0
2026-03-31_1497251_U_26,0.7079281,cv,0
2026-03-31_1497251_U_27,0.701733,cv,0
2026-03-31_1497251_U_28,0.86789477,cv,0
2026-03-31_1497251_U_29,0.44631347,cv,0
2026-03-31_1497251_U_3,0.61153024,cv,1
2026-03-31_1497251_U_30,0.6053988,cv,0
2026-03-31_1497251_U_31,0.5896222,cv,0
2026-03-31_1497251_U_33,0.28858593,cv,0
2026-03-31_1497251_U_36,0.6995405,cv,0
2026-03-31_1497251_U_37,0.6625099,cv,0
2026-03-31_1497251_U_38,0.6279368,cv,0
2026-03-31_1497251_U_40,0.5797367,cv,0
2026-03-31_1497251_U_41,1.058887,cv,0
2026-03-31_1497251_U_42,0.41276574,cv,0
2026-03-31_1497251_U_43,0.45830148,cv,0
2026-03-31_1497251_U_46,0.57842207,cv,0
2026-03-31_1497251_U_48,0.8276354,cv,0
2026-03-31_1497251_U_49,0.98459303,cv,0
2026-03-31_1497251_U_50,0.5017586,cv,0
2026-03-31_1497251_U_51,0.4747826,cv,1
2026-03-31_1497251_U_55,0.7288035,cv,0
2026-03-31_1497251_U_56,0.805655,cv,0
2026-03-31_1497251_U_57,0.7447593,cv,1
2026-03-31_1497251_U_59,0.33818874,cv,0
2026-03-31_1497251_U_6,0.59982,cv,0
2026-03-31_1497251_U_61,0.5883931,cv,1
2026-03-31_1497251_U_65,0.7460708,cv,1
2026-03-31_1497251_U_67,0.4098935,cv,0
2026-03-31_1497251_U_68,0.7870397,cv,0
2026-03-31_1497251_U_69,0.6537759,cv,0
2026-03-31_1497251_U_7,0.51994604,cv,0
2026-03-31_1497251_U_72,0.61125374,cv,0
2026-03-31_1497251_U_73,0.69412124,cv,0
2026-03-31_1497251_U_74,0.5099051,cv,0
2026-03-31_1497251_U_8,0.4025863,cv,0
2026-03-31_1497251_U_9,0.7648284,cv,0
2026-03-31_1497256_U_1,0.3692418,cv,0
2026-03-31_1497256_U_10,0.27444813,cv,0
2026-03-31_1497256_U_11,0.35613662,cv,0
2026-03-31_1497256_U_12,0.3201751,cv,1
2026-03-31_1497256_U_13,0.32797903,cv,0
2026-03-31_1497256_U_14,0.19712114,cv,0
2026-03-31_1497256_U_15,0.21006167,cv,1
2026-03-31_1497256_U_16,0.21430427,cv,1
2026-03-31_1497256_U_18,0.19684207,cv,0
2026-03-31_1497256_U_19,0.23222105,cv,1
2026-03-31_1497256_U_2,0.1447324,cv,0
2026-03-31_1497256_U_20,0.19592798,cv,0
2026-03-31_1497256_U_22,0.38246816,cv,1
2026-03-31_1497256_U_23,0.24677181,cv,1
2026-03-31_1497256_U_25,0.23670803,cv,1
2026-03-31_1497256_U_26,0.23589554,cv,0
2026-03-31_1497256_U_27,0.28840852,cv,0
2026-03-31_1497256_U_28,0.25321138,cv,1
2026-03-31_1497256_U_29,0.31274408,cv,1
2026-03-31_1497256_U_3,0.3662097,cv,1
2026-03-31_1497256_U_30,0.20867667,cv,1
2026-03-31_1497256_U_32,0.19984226,cv,0
2026-03-31_1497256_U_33,0.2219437,cv,0
2026-03-31_1497256_U_34,0.27215368,cv,0
2026-03-31_1497256_U_36,0.3232866,cv,0
2026-03-31_1497256_U_37,0.2752971,cv,0
2026-03-31_1497256_U_38,0.25406608,cv,0
2026-03-31_1497256_U_39,0.3197335,cv,1
2026-03-31_1497256_U_4,0.24733333,cv,0
2026-03-31_1497256_U_40,0.3425492,cv,1
2026-03-31_1497256_U_42,0.20631006,cv,1
2026-03-31_1497256_U_43,0.28421953,cv,0
2026-03-31_1497256_U_44,0.27377406,cv,0
2026-03-31_1497256_U_45,0.19647083,cv,0
2026-03-31_1497256_U_46,0.22491902,cv,1
2026-03-31_1497256_U_47,0.2498709,cv,1
2026-03-31_1497256_U_48,0.21127856,cv,1
2026-03-31_1497256_U_5,0.26841635,cv,0
2026-03-31_1497256_U_50,0.24432155,cv,0
2026-03-31_1497256_U_51,0.27816713,cv,0
2026-03-31_1497256_U_52,0.35044837,cv,0
2026-03-31_1497256_U_55,0.42445529,cv,0
2026-03-31_1497256_U_56,0.1587462,cv,0
2026-03-31_1497256_U_57,0.4943206,cv,1
2026-03-31_1497256_U_58,0.42168963,cv,0
2026-03-31_1497256_U_59,0.22969048,cv,1
2026-03-31_1497256_U_6,0.18572478,cv,1
2026-03-31_1497256_U_62,0.22824341,cv,1
2026-03-31_1497256_U_66,0.28682584,cv,1
2026-03-31_1497256_U_69,0.44380888,cv,1
2026-03-31_1497256_U_7,0.4582953,cv,0
2026-03-31_1497256_U_70,0.15564609,cv,1
2026-03-31_1497256_U_71,0.29117262,cv,0
2026-03-31_1497256_U_72,0.22699308,cv,0
2026-03-31_1497256_U_74,0.16662785,cv,1
2026-03-31_1497256_U_75,0.3851273,cv,0
2026-03-31_1497256_U_76,0.53573656,cv,0
2026-03-31_1497256_U_78,0.16693412,cv,0
2026-03-31_1497256_U_8,0.3286102,cv,0
2026-03-31_1497256_U_80,0.28386992,cv,0
2026-03-31_1497256_U_82,0.27414137,cv,0
2026-03-31_1497256_U_83,0.3355289,cv,0
2026-03-31_1497256_U_84,0.27703196,cv,0
2026-03-31_1497256_U_86,0.2372611,cv,1
2026-03-31_1497256_U_87,0.18119276,cv,1
2026-03-31_1497256_U_89,0.22308241,cv,1
2026-03-31_1497256_U_9,0.25507414,cv,1
2026-03-31_1497256_U_91,0.2884234,cv,1
2026-03-31_1497256_U_95,0.30980897,cv,0
2026-03-31_1497256_U_96,0.52307177,cv,1
2026-03-31_1497256_U_97,0.61848646,cv,0
