date,trip_id,n_vehicles,points_kept,points_total,kept_span_sec,union_span_sec,span_ratio,overlap_sec,overlap_frac_of_kept,line_id,hour
2026-03-11,1483711_U_195,2,119,163,1772.0,2207.0,0.8028998640688718,210.0,0.11851015801354402,33,0
2026-03-11,1393827_U_152,2,86,130,1276.0,86385.0,0.014771082942640505,0.0,0.0,45,23
2026-03-11,1379485_U_129,2,138,182,2477.0,86385.0,0.0286739595994675,0.0,0.0,53,23
2026-03-11,1345046_U_44,2,350,389,5240.0,86385.0,0.06065867916883718,0.0,0.0,39A,22
2026-03-11,1393827_U_154,2,226,233,3378.0,86385.0,0.03910401111304046,0.0,0.0,45,23
2026-03-11,1414833_U_68,2,426,470,6380.0,85754.0,0.07439886186067123,0.0,0.0,OC1,22
2026-03-11,1414833_U_76,2,228,326,4339.0,86385.0,0.05022862765526422,0.0,0.0,OC1,0
2026-03-11,1364748_U_83,2,185,267,2928.0,86385.0,0.033894773398159404,0.0,0.0,36,0
2026-03-11,1364751_U_97,2,278,280,4158.0,82241.0,0.050558723750927154,0.0,0.0,46,1
2026-03-11,1374663_U_117,2,350,394,5390.0,86385.0,0.062395091740464204,0.0,0.0,48,22
2026-03-11,1413903_U_99,2,512,541,7672.0,86385.0,0.08881171499681657,0.0,0.0,OC3,21
2026-03-11,1364751_U_68,2,342,386,5120.0,86385.0,0.05926954911153557,0.0,0.0,46,22
2026-03-11,1364751_U_99,2,306,494,5960.0,86385.0,0.06899345951264688,0.0,0.0,46,0
2026-03-11,1399122_U_49,2,667,711,10163.0,86385.0,0.11764773976963593,0.0,0.0,38A,21
2026-03-11,1364751_U_73,2,252,296,3829.0,83893.0,0.04564147187488825,0.0,0.0,46,22
2026-03-11,1374663_U_98,2,285,359,5780.0,86385.0,0.06690976442669445,0.0,0.0,48,0
2026-03-11,1413903_U_86,2,384,428,5750.0,86385.0,0.06656248191236905,0.0,0.0,OC3,22
2026-03-11,1413903_U_101,2,238,255,3558.0,86385.0,0.04118770619899288,0.0,0.0,OC3,23
2026-03-11,1411585_U_29,2,294,338,4399.0,86385.0,0.050923192683915035,0.0,0.0,35,22
2026-03-11,1431265_U_173,2,136,162,2928.0,86385.0,0.033894773398159404,0.0,0.0,49.2,0
2026-03-11,1431265_U_166,2,146,190,2177.0,86385.0,0.025201134456213463,0.0,0.0,49.2,23
2026-03-11,1359254_U_80,2,242,350,4039.0,86385.0,0.04675580251201019,0.0,0.0,62,0
2026-03-11,1359254_U_76,2,324,368,5060.0,86385.0,0.05857498408288476,0.0,0.0,62,22
2026-03-11,1481779_U_12,2,204,222,4219.0,86385.0,0.04883949759796261,0.0,0.0,67,0
2026-03-11,1429985_U_121,2,224,266,3887.0,80109.0,0.04852138960666093,0.0,0.0,49.1,21
2026-03-11,1477768_U_58,2,206,220,3078.0,86385.0,0.03563118596978642,0.0,0.0,41JB,23
2026-03-11,1481779_U_38,2,148,282,2207.0,86385.0,0.025548416970538865,0.0,0.0,67,0
2026-03-11,1399122_U_5,3,351,725,6021.0,11908.0,0.5056264696002687,0.0,0.0,38A,5
2026-03-11,1399122_U_9,2,406,808,6081.0,12116.0,0.5018983162759987,0.0,0.0,38A,5
2026-03-11,1364748_U_69,3,373,546,5584.0,61476.0,0.09083219467759776,0.0,0.0,36,20
2026-03-11,1374663_U_2,2,512,635,7672.0,46464.0,0.16511707988980717,0.0,0.0,48,5
2026-03-11,1374663_U_60,2,643,697,9833.0,10825.0,0.9083602771362587,0.0,0.0,48,5
2026-03-11,1374663_U_9,2,590,675,8843.0,9955.0,0.8882973380210949,166.0,0.018771909985299106,48,6
2026-03-11,1399122_U_25,2,591,877,9264.0,13557.0,0.6833370214649259,0.0,0.0,38A,6
2026-03-11,1374663_U_65,2,528,659,8001.0,9983.0,0.8014624862265852,0.0,0.0,48,6
2026-03-11,1399122_U_33,2,490,950,8542.0,15899.0,0.5372664947480974,0.0,0.0,38A,6
2026-03-11,1374663_U_16,2,659,696,9955.0,40399.0,0.2464169905195673,0.0,0.0,48,6
2026-03-11,1407495_U_17,2,320,438,4804.0,30491.0,0.15755468826866945,0.0,0.0,22,13
2026-03-11,1399122_U_29,2,529,929,7943.0,13946.0,0.5695539939767675,0.0,0.0,38A,6
2026-03-11,1481779_U_113,2,432,699,6469.0,50591.0,0.1278685932280445,0.0,0.0,67,6
2026-03-11,1374663_U_78,3,667,707,10012.0,11484.0,0.8718216649251131,0.0,0.0,48,6
2026-03-11,1399122_U_42,2,514,1007,8511.0,15506.0,0.5488843028505095,404.0,0.04746798261073904,38A,8
2026-03-11,1379485_U_46,2,250,394,3947.0,5690.0,0.6936731107205624,435.0,0.11021028629338739,53,7
2026-03-11,1379485_U_142,2,216,335,3497.0,5899.0,0.5928123410747584,0.0,0.0,53,7
2026-03-11,1379485_U_27,2,380,384,5690.0,15388.0,0.3697686508968027,0.0,0.0,53,9
2026-03-11,1379485_U_16,2,378,380,5659.0,14844.0,0.3812314739962274,0.0,0.0,53,9
2026-03-11,1431265_U_97,2,268,290,4008.0,4158.0,0.963924963924964,165.0,0.04116766467065868,49.2,7
2026-03-11,1407495_U_18,2,388,504,5808.0,33702.0,0.17233398611358378,0.0,0.0,22,14
2026-03-11,1413903_U_65,2,724,766,10854.0,37726.0,0.28770609128982666,0.0,0.0,OC3,14
2026-03-11,1374663_U_29,2,563,761,8453.0,11394.0,0.741881692118659,16.0,0.0018928191174730864,48,7
2026-03-11,1379485_U_114,3,189,381,2838.0,6530.0,0.4346094946401225,0.0,0.0,53,8
2026-03-11,1364751_U_87,2,460,588,7277.0,9229.0,0.78849279445227,0.0,0.0,46,7
2026-03-11,1411585_U_23,3,367,729,5510.0,10942.0,0.5035642478523122,0.0,0.0,35,8
2026-03-11,1379485_U_64,2,219,353,3530.0,5782.0,0.610515392597717,47.0,0.013314447592067988,53,8
2026-03-11,1411585_U_78,2,529,679,8212.0,10462.0,0.784935958707704,0.0,0.0,35,8
2026-03-11,1374663_U_34,3,236,673,3529.0,11004.0,0.32070156306797526,0.0,0.0,48,7
2026-03-11,1364751_U_26,3,771,895,13556.0,13556.0,1.0,1726.0,0.12732369430510476,46,7
2026-03-11,1374663_U_104,2,200,351,2987.0,5239.0,0.5701469746134759,16.0,0.005356545028456646,48,7
2026-03-11,1393827_U_143,2,191,247,2867.0,3738.0,0.7669876939539861,0.0,0.0,45,7
2026-03-11,1379485_U_74,2,277,337,4159.0,5450.0,0.7631192660550459,15.0,0.0036066362106275548,53,7
2026-03-11,1411585_U_3,2,443,549,7010.0,8601.0,0.8150215091268457,0.0,0.0,35,7
2026-03-11,1481779_U_90,2,411,506,6200.0,43161.0,0.14364820092212877,0.0,0.0,67,7
2026-03-11,1374663_U_43,2,363,673,5450.0,10104.0,0.5393903404592241,0.0,0.0,48,8
2026-03-11,1374663_U_3,2,365,583,5480.0,8813.0,0.6218086917054352,0.0,0.0,48,8
2026-03-11,1399122_U_2,2,834,1041,12776.0,15538.0,0.8222422448191531,347.0,0.02716030056355667,38A,8
2026-03-11,1364751_U_93,2,331,423,4969.0,7281.0,0.6824612003845626,0.0,0.0,46,8
2026-03-11,1399122_U_51,2,732,879,11605.0,14188.0,0.817944742035523,0.0,0.0,38A,8
2026-03-11,1407495_U_19,3,257,469,3843.0,36090.0,0.10648379052369077,16.0,0.004163413999479573,22,17
2026-03-11,1374663_U_74,2,209,313,3138.0,4699.0,0.6678016599276442,0.0,0.0,48,8
2026-03-11,1364751_U_24,2,694,702,10448.0,50246.0,0.20793695020499145,0.0,0.0,46,19
2026-03-11,1374663_U_24,2,265,355,3978.0,5570.0,0.7141831238779174,0.0,0.0,48,8
2026-03-11,1413904_U_32,2,637,681,9564.0,35432.0,0.26992549108150826,0.0,0.0,OC2,8
2026-03-11,1481779_U_114,2,399,744,6651.0,49136.0,0.13535900358189515,0.0,0.0,67,8
2026-03-11,1374663_U_55,3,457,765,7252.0,11786.0,0.615306295604955,376.0,0.05184776613348042,48,8
2026-03-11,1374663_U_92,2,213,255,3197.0,3828.0,0.8351619644723093,0.0,0.0,48,8
2026-03-11,1364746_U_61,2,400,490,5990.0,7401.0,0.8093500878259695,0.0,0.0,34A,8
2026-03-11,1407495_U_20,2,324,396,5329.0,39003.0,0.136630515601364,0.0,0.0,22,18
2026-03-11,1364751_U_44,3,836,1008,12836.0,14697.0,0.8733755188133633,195.0,0.015191648488625741,46,9
2026-03-11,1345046_U_2,2,504,640,7551.0,9594.0,0.7870544090056285,0.0,0.0,39A,8
2026-03-11,1364746_U_53,2,302,314,4517.0,7370.0,0.6128900949796472,0.0,0.0,34A,8
2026-03-11,1374663_U_10,3,430,788,6441.0,9233.0,0.6976064117838189,3648.0,0.5663716814159292,48,9
2026-03-11,1374663_U_63,3,166,230,2867.0,3347.0,0.8565879892440992,376.0,0.13114754098360656,48,9
2026-03-11,1379485_U_115,2,264,358,4130.0,5871.0,0.7034576733094873,0.0,0.0,53,9
2026-03-11,1379485_U_75,2,268,360,4670.0,6111.0,0.7641957126493208,45.0,0.009635974304068522,53,9
2026-03-11,1374663_U_17,3,282,638,4219.0,10014.0,0.4213101657679249,676.0,0.16022754207158094,48,10
2026-03-11,1413904_U_66,2,566,708,8573.0,10673.0,0.8032418251663075,16.0,0.001866324507173685,OC2,9
2026-03-11,1374663_U_111,3,106,200,1576.0,2927.0,0.5384352579432866,0.0,0.0,48,9
2026-03-11,1364751_U_49,3,382,491,5721.0,13452.0,0.4252899197145406,0.0,0.0,46,9
2026-03-11,1374663_U_85,2,198,310,2957.0,4789.0,0.6174566715389435,0.0,0.0,48,9
2026-03-11,1413904_U_3,2,502,745,7524.0,11200.0,0.6717857142857143,0.0,0.0,OC2,9
2026-03-11,1359254_U_41,2,458,777,6861.0,35370.0,0.19397794741306193,0.0,0.0,62,9
2026-03-11,1374663_U_25,2,252,256,3768.0,8963.0,0.42039495704563207,0.0,0.0,48,11
2026-03-11,1374663_U_93,2,448,548,6711.0,8212.0,0.8172187043351193,0.0,0.0,48,10
2026-03-11,1374663_U_79,2,486,584,7521.0,8992.0,0.8364101423487544,0.0,0.0,48,10
2026-03-11,1374663_U_61,3,231,363,3453.0,5644.0,0.6118001417434443,0.0,0.0,48,10
2026-03-11,1413904_U_72,2,638,652,9563.0,33178.0,0.28823316655615167,0.0,0.0,OC2,10
2026-03-11,1364748_U_65,2,140,172,2086.0,6560.0,0.3179878048780488,0.0,0.0,36,10
2026-03-11,1345046_U_16,2,392,698,5870.0,10854.0,0.5408144462870831,0.0,0.0,39A,10
2026-03-11,1374663_U_35,2,188,264,2809.0,3950.0,0.7111392405063292,0.0,0.0,48,10
2026-03-11,1379485_U_66,2,314,368,4728.0,5840.0,0.8095890410958904,0.0,0.0,53,10
2026-03-11,1345046_U_22,2,311,511,4654.0,7972.0,0.5837932764676367,0.0,0.0,39A,11
2026-03-11,1379485_U_76,2,308,362,4760.0,5720.0,0.8321678321678322,15.0,0.0031512605042016808,53,10
2026-03-11,1374663_U_30,2,434,684,6515.0,9878.0,0.6595464668961328,376.0,0.057712970069071376,48,11
2026-03-11,1399122_U_30,2,417,803,6244.0,11800.0,0.5291525423728813,225.0,0.0360345932094811,38A,12
2026-03-11,1364746_U_54,2,224,324,3348.0,6741.0,0.49666221628838453,0.0,0.0,34A,11
2026-03-11,1364746_U_62,2,257,433,4009.0,6290.0,0.6373608903020668,527.0,0.1314542279870292,34A,11
2026-03-11,1374663_U_4,3,234,278,3498.0,4849.0,0.7213858527531449,0.0,0.0,48,11
2026-03-11,1345046_U_76,2,233,253,5029.0,9323.0,0.5394186420680038,0.0,0.0,39A,12
2026-03-11,1364749_U_14,2,386,424,5780.0,8962.0,0.6449453247043071,0.0,0.0,44,11
2026-03-11,1413904_U_70,2,607,718,9097.0,29904.0,0.3042067950775816,0.0,0.0,OC2,11
2026-03-11,1374663_U_44,2,361,605,5435.0,9278.0,0.5857943522310843,0.0,0.0,48,12
2026-03-11,1399122_U_43,2,405,809,6741.0,12821.0,0.5257780204352235,0.0,0.0,38A,11
2026-03-11,1364748_U_90,2,292,486,4803.0,7295.0,0.6583961617546265,405.0,0.08432229856339787,36,11
2026-03-11,1413903_U_17,2,352,392,5270.0,25041.0,0.21045485403937542,0.0,0.0,OC3,11
2026-03-11,1441389_U_6,3,682,839,10239.0,10990.0,0.9316651501364878,2042.0,0.19943353843148745,60,11
2026-03-11,1374663_U_67,3,316,687,4744.0,11050.0,0.4293212669683258,0.0,0.0,48,13
2026-03-11,1345046_U_3,2,112,192,1666.0,2836.0,0.5874471086036671,16.0,0.009603841536614645,39A,11
2026-03-11,1345046_U_37,2,259,345,3873.0,5164.0,0.75,0.0,0.0,39A,12
2026-03-11,1364748_U_5,3,335,388,5208.0,6980.0,0.7461318051575931,0.0,0.0,36,12
2026-03-11,1374663_U_56,2,301,600,4503.0,8662.0,0.5198568459939967,316.0,0.07017543859649122,48,11
2026-03-11,1386442_U_22,2,350,394,5269.0,6290.0,0.8376788553259141,0.0,0.0,37,11
2026-03-11,1364748_U_50,2,417,638,6291.0,10074.0,0.6244788564621798,0.0,0.0,36,12
2026-03-11,1474792_U_19,2,94,135,2040.0,15371.0,0.13271745494762865,0.0,0.0,26,11
2026-03-11,1374663_U_70,2,350,665,5240.0,9999.0,0.5240524052405241,16.0,0.0030534351145038168,48,11
2026-03-11,1386442_U_27,2,302,396,5044.0,6141.0,0.8213645985995767,300.0,0.05947660586835844,37,11
2026-03-11,1393827_U_81,2,172,214,2569.0,3618.0,0.7100608070757325,0.0,0.0,45,12
2026-03-11,1379485_U_67,2,329,407,4926.0,6576.0,0.7490875912408759,0.0,0.0,53,12
2026-03-11,1364748_U_58,2,286,451,4279.0,7792.0,0.5491529774127311,0.0,0.0,36,12
2026-03-11,1379485_U_77,2,338,418,5930.0,7282.0,0.8143367206811316,135.0,0.022765598650927487,53,12
2026-03-11,1364748_U_66,2,295,501,4579.0,8242.0,0.5555690366415919,0.0,0.0,36,12
2026-03-11,1374663_U_80,2,282,539,4234.0,6246.0,0.6778738392571245,1833.0,0.4329239489844119,48,13
2026-03-11,1379485_U_105,2,277,397,4640.0,7432.0,0.6243272335844995,0.0,0.0,53,12
2026-03-11,1374663_U_26,2,261,405,3904.0,6065.0,0.6436933223413026,0.0,0.0,48,13
2026-03-11,1349260_U_17,2,251,385,5193.0,9277.0,0.5597714778484424,0.0,0.0,24,13
2026-03-11,1345046_U_77,2,179,347,2673.0,5194.0,0.5146322680015403,0.0,0.0,39A,13
2026-03-11,1364748_U_93,3,393,625,6635.0,10058.0,0.6596738914297077,0.0,0.0,36,13
2026-03-11,1364748_U_13,3,225,409,4143.0,7356.0,0.5632137030995106,0.0,0.0,36,13
2026-03-11,1364751_U_72,2,253,273,3783.0,31540.0,0.1199429296131896,0.0,0.0,46,20
2026-03-11,1364749_U_6,2,250,357,3737.0,4969.0,0.7520627892936205,359.0,0.09606636339309607,44,13
2026-03-11,1399122_U_38,2,366,460,5495.0,6906.0,0.7956849116710107,0.0,0.0,38A,13
2026-03-11,1379485_U_18,2,246,381,3679.0,5705.0,0.6448729184925504,0.0,0.0,53,12
2026-03-11,1374663_U_94,3,134,226,1997.0,3378.0,0.5911782119597395,0.0,0.0,48,13
2026-03-11,1411585_U_10,2,211,225,3153.0,3153.0,1.0,195.0,0.06184586108468126,35,12
2026-03-11,1429985_U_86,2,353,379,5299.0,27473.0,0.1928802824591417,0.0,0.0,49.1,13
2026-03-11,1364748_U_78,2,441,575,7160.0,9172.0,0.7806367204535543,0.0,0.0,36,13
2026-03-11,1345046_U_4,2,306,338,4595.0,5555.0,0.8271827182718272,0.0,0.0,39A,13
2026-03-11,1345046_U_71,2,321,323,4819.0,6591.0,0.7311485358822637,0.0,0.0,39A,13
2026-03-11,1345046_U_34,2,589,637,8825.0,29650.0,0.2976391231028668,0.0,0.0,39A,18
2026-03-11,1345046_U_38,2,637,663,9593.0,10224.0,0.9382824726134585,0.0,0.0,39A,13
2026-03-11,1364755_U_34,2,260,498,5119.0,8962.0,0.5711894666369114,0.0,0.0,55A,14
2026-03-11,1379485_U_39,2,345,455,5569.0,7011.0,0.7943232063899587,195.0,0.035015263063386606,53,13
2026-03-11,1379485_U_57,2,307,371,5332.0,6322.0,0.8434039860803543,0.0,0.0,53,13
2026-03-11,1379485_U_144,2,368,410,5524.0,6335.0,0.8719810576164168,0.0,0.0,53,13
2026-03-11,1364749_U_15,2,451,506,6769.0,7851.0,0.8621831613807158,0.0,0.0,44,13
2026-03-11,1364749_U_40,2,403,442,6050.0,7281.0,0.8309298173327839,0.0,0.0,44,13
2026-03-11,1364748_U_34,2,129,147,1921.0,2192.0,0.8763686131386861,0.0,0.0,36,13
2026-03-11,1429985_U_95,2,375,478,5630.0,26603.0,0.21163026726309062,0.0,0.0,49.1,13
2026-03-11,1411585_U_43,2,448,591,7518.0,9502.0,0.7912018522416333,148.0,0.01968608672519287,35,14
2026-03-11,1414833_U_5,2,433,515,6500.0,7731.0,0.840770922261027,0.0,0.0,OC1,13
2026-03-11,1429985_U_104,3,367,617,5674.0,25986.0,0.21834834141460788,0.0,0.0,49.1,13
2026-03-11,1364748_U_86,2,293,530,4398.0,8632.0,0.5094995366079703,0.0,0.0,36,14
2026-03-11,1364748_U_14,3,212,468,3168.0,8572.0,0.36957536164255717,0.0,0.0,36,15
2026-03-11,1431265_U_114,2,222,320,3333.0,20927.0,0.1592679313805132,0.0,0.0,49.2,14
2026-03-11,1393827_U_84,2,265,405,3978.0,5901.0,0.6741230299949161,165.0,0.04147812971342383,45,14
2026-03-11,1481779_U_109,2,267,392,4189.0,6456.0,0.6488537794299876,555.0,0.1324898543805204,67,15
2026-03-11,1364748_U_94,2,314,468,4698.0,6800.0,0.6908823529411765,196.0,0.04171988080034057,36,14
2026-03-11,1429985_U_48,2,343,619,5299.0,12490.0,0.4242594075260208,0.0,0.0,49.1,14
2026-03-11,1393827_U_117,2,150,272,2236.0,4248.0,0.5263653483992468,0.0,0.0,45,14
2026-03-11,1431265_U_46,2,248,272,3708.0,4098.0,0.9048316251830161,0.0,0.0,49.2,15
2026-03-11,1414833_U_14,2,391,483,6020.0,7612.0,0.790856542301629,0.0,0.0,OC1,15
2026-03-11,1477768_U_41,2,291,295,5435.0,8182.0,0.6642630163774138,0.0,0.0,41JB,16
2026-03-11,1414833_U_29,2,367,527,5630.0,8033.0,0.7008589568031869,0.0,0.0,OC1,15
2026-03-11,1414833_U_42,2,324,559,4849.0,8377.0,0.5788468425450639,0.0,0.0,OC1,15
2026-03-11,1413903_U_89,2,701,800,10539.0,11996.0,0.878542847615872,14.0,0.001328399278868963,OC3,15
2026-03-11,1364749_U_16,2,259,380,3875.0,7358.0,0.5266376732807828,15.0,0.003870967741935484,44,16
2026-03-11,1429985_U_73,2,330,334,4941.0,5511.0,0.8965704953728906,0.0,0.0,49.1,15
2026-03-11,1414833_U_65,3,298,517,4459.0,7538.0,0.5915362165030512,193.0,0.04328324736488002,OC1,15
2026-03-11,1393827_U_52,2,103,205,1532.0,4370.0,0.3505720823798627,0.0,0.0,45,15
2026-03-11,1413903_U_76,2,677,973,10148.0,14638.0,0.6932641071184588,0.0,0.0,OC3,15
2026-03-11,1393827_U_125,2,304,485,4548.0,7298.0,0.6231844340915319,0.0,0.0,45,15
2026-03-11,1364749_U_41,3,324,528,4850.0,7973.0,0.608303022701618,0.0,0.0,44,16
2026-03-11,1393827_U_138,3,268,352,4010.0,5301.0,0.7564610450858329,0.0,0.0,45,15
2026-03-11,1345046_U_17,3,539,658,8077.0,9549.0,0.8458477327468845,269.0,0.0333044447195741,39A,16
2026-03-11,1393827_U_27,2,173,319,2582.0,5510.0,0.46860254083484576,0.0,0.0,45,15
2026-03-11,1414833_U_6,2,391,629,5854.0,9429.0,0.6208505673984516,0.0,0.0,OC1,16
2026-03-11,1374661_U_6,2,526,574,7882.0,7882.0,1.0,706.0,0.08957117482872368,48SP,15
2026-03-11,1399122_U_62,2,832,1106,12520.0,16755.0,0.7472396299612056,0.0,0.0,38A,17
2026-03-11,1374663_U_62,2,438,509,6562.0,10346.0,0.6342547844577614,0.0,0.0,48,16
2026-03-11,1393827_U_118,2,236,369,3528.0,5585.0,0.6316920322291854,0.0,0.0,45,16
2026-03-11,1414833_U_51,2,327,517,4894.0,7748.0,0.6316468766133195,0.0,0.0,OC1,16
2026-03-11,1431265_U_155,2,324,338,4849.0,5089.0,0.952839457653763,0.0,0.0,49.2,16
2026-03-11,1393827_U_111,2,168,270,2507.0,5570.0,0.45008976660682226,0.0,0.0,45,17
2026-03-11,1393827_U_95,2,281,521,4203.0,8072.0,0.5206888007928642,0.0,0.0,45,17
2026-03-11,1364748_U_87,2,432,618,6470.0,9324.0,0.6939081939081939,0.0,0.0,36,17
2026-03-11,1429985_U_112,2,337,406,5042.0,16496.0,0.3056498545101843,0.0,0.0,49.1,16
2026-03-11,1364748_U_95,2,354,557,5298.0,8617.0,0.6148311477312289,0.0,0.0,36,17
2026-03-11,1364748_U_15,2,553,671,8331.0,10043.0,0.8295330080653192,45.0,0.005401512423478574,36,17
2026-03-11,1414833_U_22,2,552,616,8273.0,9233.0,0.896025127260912,0.0,0.0,OC1,16
2026-03-11,1364755_U_53,2,590,603,9022.0,9488.0,0.950885328836425,0.0,0.0,55A,16
2026-03-11,1393827_U_46,2,315,425,4713.0,7626.0,0.6180173092053501,0.0,0.0,45,17
2026-03-11,1429985_U_116,2,373,389,5584.0,15146.0,0.36867819886438663,0.0,0.0,49.1,16
2026-03-11,1414833_U_60,2,517,541,7747.0,8106.0,0.955711818406119,0.0,0.0,OC1,16
2026-03-11,1393827_U_19,3,209,415,3663.0,6844.0,0.5352133255406195,0.0,0.0,45,17
2026-03-11,1364755_U_41,2,502,508,7521.0,7642.0,0.9841664485736719,0.0,0.0,55A,16
2026-03-11,1393827_U_147,3,306,455,4579.0,7039.0,0.6505185395652792,15.0,0.0032758244158113126,45,17
2026-03-11,1393827_U_53,3,231,364,3678.0,7489.0,0.4911203097876886,90.0,0.024469820554649267,45,18
2026-03-11,1364748_U_79,2,472,621,7099.0,9292.0,0.7639905294877314,30.0,0.004225947316523454,36,17
2026-03-11,1393827_U_62,2,182,244,2713.0,3584.0,0.7569754464285714,45.0,0.016586804275709546,45,17
2026-03-11,1413904_U_55,2,492,671,7372.0,10464.0,0.7045107033639144,0.0,0.0,OC2,17
2026-03-11,1399122_U_44,2,806,846,12506.0,12984.0,0.9631854590264941,106.0,0.00847593155285463,38A,17
2026-03-11,1399122_U_31,2,648,663,9772.0,10013.0,0.975931289323879,0.0,0.0,38A,17
2026-03-11,1364751_U_29,2,707,766,10596.0,11482.0,0.9228357429019335,0.0,0.0,46,17
2026-03-11,1431265_U_167,2,245,279,3660.0,4173.0,0.8770668583752695,0.0,0.0,49.2,17
2026-03-11,1364748_U_29,2,445,538,6666.0,8784.0,0.7588797814207651,29.0,0.00435043504350435,36,17
2026-03-11,1429985_U_122,2,444,460,6651.0,6801.0,0.9779444199382443,75.0,0.011276499774470004,49.1,17
2026-03-11,1393827_U_126,2,238,451,3559.0,7821.0,0.45505689809487276,0.0,0.0,45,17
2026-03-11,1364751_U_85,2,651,811,9757.0,12159.0,0.8024508594456781,0.0,0.0,46,17
2026-03-11,1393827_U_28,2,221,369,4023.0,6348.0,0.6337429111531191,0.0,0.0,45,18
2026-03-11,1413904_U_22,2,463,577,6938.0,8588.0,0.8078714485328365,46.0,0.006630152781781493,OC2,17
2026-03-11,1364749_U_42,2,282,534,4217.0,8075.0,0.5222291021671827,0.0,0.0,44,17
2026-03-11,1393827_U_139,2,139,267,2075.0,4233.0,0.49019607843137253,0.0,0.0,45,17
2026-03-11,1364751_U_52,2,712,856,10703.0,12159.0,0.8802533103051238,706.0,0.06596281416425301,46,18
2026-03-11,1393827_U_112,3,185,326,2763.0,5840.0,0.4731164383561644,0.0,0.0,45,17
2026-03-11,1364749_U_17,2,174,264,2597.0,5884.0,0.4413664174031271,0.0,0.0,44,18
2026-03-11,1374663_U_46,3,579,754,8676.0,11633.0,0.7458093355110461,15.0,0.0017289073305670815,48,17
2026-03-11,1481779_U_129,2,331,620,5239.0,17459.0,0.30007446016381234,0.0,0.0,67,17
2026-03-11,1374663_U_77,2,507,573,7597.0,8617.0,0.8816293373563885,0.0,0.0,48,18
2026-03-11,1414833_U_7,2,504,551,7550.0,8255.0,0.9145972138098122,0.0,0.0,OC1,18
2026-03-11,1429985_U_117,2,423,488,6335.0,11094.0,0.5710293852532901,0.0,0.0,49.1,18
2026-03-11,1374663_U_37,2,516,555,7731.0,8526.0,0.9067558057705841,0.0,0.0,48,18
2026-03-11,1413903_U_61,2,546,621,8182.0,8362.0,0.9784740492705094,932.0,0.11390857980933757,OC3,19
2026-03-11,1429985_U_123,2,328,558,4910.0,14517.0,0.3382241509953847,0.0,0.0,49.1,19
2026-03-11,1364755_U_42,2,458,580,6860.0,8451.0,0.8117382558277128,225.0,0.03279883381924198,55A,19
2026-03-11,1393827_U_140,2,230,269,3438.0,5406.0,0.6359600443951166,0.0,0.0,45,19
2026-03-11,1413903_U_33,2,510,722,7641.0,10764.0,0.709866220735786,45.0,0.005889281507656066,OC3,19
2026-03-11,1481779_U_131,2,206,315,3078.0,6065.0,0.5075020610057708,0.0,0.0,67,19
2026-03-11,1429985_U_114,2,82,84,1215.0,3587.0,0.33872316699191524,0.0,0.0,49.1,20
2026-03-11,1413903_U_85,2,438,732,6560.0,11154.0,0.5881298188990497,0.0,0.0,OC3,19
2026-03-11,1364755_U_9,2,243,484,3633.0,8136.0,0.4465339233038348,0.0,0.0,55A,21
2026-03-11,1429985_U_118,2,126,249,1877.0,5585.0,0.3360787824529991,0.0,0.0,49.1,20
2026-03-11,1393827_U_48,2,216,333,3287.0,5508.0,0.5967683369644154,0.0,0.0,45,20
2026-03-11,1414833_U_70,2,80,88,1186.0,1306.0,0.9081163859111792,0.0,0.0,OC1,20
2026-03-11,1364755_U_23,2,304,437,5194.0,7595.0,0.6838709677419355,0.0,0.0,55A,21
2026-03-11,1374663_U_47,2,452,557,6770.0,8422.0,0.8038470672049395,0.0,0.0,48,21
2026-03-11,1429985_U_125,2,176,210,2808.0,12326.0,0.2278111309427227,0.0,0.0,49.1,23
2026-03-11,1429985_U_119,2,124,220,1847.0,3978.0,0.46430367018602314,0.0,0.0,49.1,20
2026-03-11,1364748_U_54,2,116,134,1727.0,1997.0,0.8647971957936905,0.0,0.0,36,20
2026-03-11,1374663_U_38,2,533,551,8062.0,9113.0,0.8846702512893668,0.0,0.0,48,21
2026-03-11,1364755_U_33,2,435,451,6651.0,6891.0,0.9651719634305616,0.0,0.0,55A,21
2026-03-11,1481779_U_11,2,322,506,5090.0,9984.0,0.5098157051282052,0.0,0.0,67,22
2026-03-12,1414833_U_76,2,244,339,4278.0,86385.0,0.04952248654280257,0.0,0.0,OC1,0
2026-03-12,1345046_U_44,2,367,399,5510.0,86385.0,0.06378422179776581,0.0,0.0,39A,22
2026-03-12,1393827_U_152,2,95,135,2027.0,86385.0,0.023464721884586443,0.0,0.0,45,23
2026-03-12,1379485_U_112,2,152,154,3017.0,86385.0,0.03492504485732477,0.0,0.0,53,0
2026-03-12,1374663_U_98,2,488,734,7431.0,76521.0,0.09711059709099464,0.0,0.0,48,19
2026-03-12,1364751_U_99,2,320,332,6080.0,86385.0,0.07038258956994849,0.0,0.0,46,0
2026-03-12,1374663_U_117,2,627,667,9713.0,50429.0,0.19260742826548216,0.0,0.0,48,11
2026-03-12,1413903_U_99,2,379,407,5690.0,86385.0,0.06586791688371824,0.0,0.0,OC3,22
2026-03-12,1413903_U_86,2,381,531,5871.0,86385.0,0.0679631880534815,0.0,0.0,OC3,22
2026-03-12,1364748_U_83,2,194,279,2957.0,86385.0,0.03423047982867396,0.0,0.0,36,0
2026-03-12,1431265_U_166,2,237,277,3709.0,77752.0,0.047702952978701516,0.0,0.0,49.2,20
2026-03-12,1431265_U_173,2,227,363,3933.0,86054.0,0.04570386036674646,0.0,0.0,49.2,22
2026-03-12,1429985_U_126,2,211,293,3153.0,85214.0,0.037000962283192905,0.0,0.0,49.1,22
2026-03-12,1359254_U_80,2,228,349,4008.0,86385.0,0.04639694391387394,0.0,0.0,62,0
2026-03-12,1481779_U_12,2,194,210,4068.0,86385.0,0.04709150894252474,0.0,0.0,67,0
2026-03-12,1481779_U_130,2,341,381,5149.0,78232.0,0.06581705695878924,0.0,0.0,67,20
2026-03-12,1413903_U_101,2,235,239,3528.0,86385.0,0.040840423684667476,0.0,0.0,OC3,23
2026-03-12,1359254_U_76,2,337,373,5060.0,86385.0,0.05857498408288476,0.0,0.0,62,22
2026-03-12,1429985_U_125,2,260,288,3889.0,82046.0,0.04740023889037857,0.0,0.0,49.1,21
2026-03-12,1477768_U_58,2,28,54,405.0,73518.0,0.0055088549742920104,0.0,0.0,41JB,0
2026-03-12,1399122_U_49,2,268,294,4024.0,86385.0,0.04658216125484749,0.0,0.0,38A,22
2026-03-12,1481779_U_38,2,142,279,2116.0,86385.0,0.024494993343751808,0.0,0.0,67,0
2026-03-12,1411585_U_57,2,216,349,3257.0,86385.0,0.037703304971927996,0.0,0.0,35,0
2026-03-12,1374663_U_118,2,665,1037,10029.0,58882.0,0.17032369824394553,0.0,0.0,48,14
2026-03-12,1374663_U_119,3,387,981,5795.0,79209.0,0.07316087818303475,0.0,0.0,48,1
2026-03-12,1364751_U_98,2,558,1113,8407.0,78548.0,0.10703009624688088,0.0,0.0,46,21
2026-03-12,1364751_U_101,2,495,666,8694.0,74810.0,0.11621440983825691,0.0,0.0,46,3
2026-03-12,1364751_U_1,2,590,918,8964.0,44529.0,0.2013070134069932,0.0,0.0,46,4
2026-03-12,1374663_U_8,2,495,953,7552.0,62934.0,0.11999872882702514,0.0,0.0,48,19
2026-03-12,1364748_U_1,2,351,355,5255.0,5255.0,1.0,45.0,0.008563273073263558,36,4
2026-03-12,1374663_U_15,2,481,918,7207.0,64044.0,0.112532009243645,0.0,0.0,48,4
2026-03-12,1374663_U_23,2,491,948,7537.0,68548.0,0.10995215031802533,0.0,0.0,48,4
2026-03-12,1374663_U_28,2,528,1056,8258.0,54451.0,0.15165929000385667,0.0,0.0,48,5
2026-03-12,1439975_U_9,2,353,389,5781.0,33704.0,0.1715226679325896,0.0,0.0,31,5
2026-03-12,1477768_U_23,2,248,488,4266.0,61297.0,0.06959557563991713,0.0,0.0,41JB,5
2026-03-12,1364751_U_37,2,695,757,10614.0,46194.0,0.2297701000129887,0.0,0.0,46,5
2026-03-12,1364751_U_48,2,558,942,8662.0,30970.0,0.2796900226025186,0.0,0.0,46,5
2026-03-12,1374663_U_52,3,662,1517,9922.0,50518.0,0.19640524169602913,3196.0,0.3221124773231203,48,17
2026-03-12,1476582_U_12,2,641,733,9623.0,43134.0,0.22309546993091298,0.0,0.0,52,5
2026-03-12,1364751_U_43,2,600,1155,9008.0,62483.0,0.14416721348206712,0.0,0.0,46,20
2026-03-12,1374663_U_54,2,651,1263,9806.0,39441.0,0.2486245277756649,0.0,0.0,48,14
2026-03-12,1374663_U_60,2,615,1080,9442.0,62902.0,0.15010651489618773,0.0,0.0,48,6
2026-03-12,1477764_U_2,2,386,467,6739.0,8963.0,0.7518687939306036,0.0,0.0,61,6
2026-03-12,1364751_U_58,2,781,1242,12055.0,45322.0,0.2659856140505715,0.0,0.0,46,15
2026-03-12,1364751_U_54,2,600,1072,9009.0,62588.0,0.14394133060650605,0.0,0.0,46,21
2026-03-12,1374663_U_9,2,457,609,7221.0,9503.0,0.7598653056929391,0.0,0.0,48,6
2026-03-12,1374663_U_65,2,477,589,7161.0,8933.0,0.8016343893428859,0.0,0.0,48,6
2026-03-12,1364751_U_63,2,500,902,7491.0,14097.0,0.5313896573739093,15.0,0.002002402883460152,46,8
2026-03-12,1364751_U_62,2,770,1209,12296.0,48927.0,0.2513131808612831,0.0,0.0,46,16
2026-03-12,1431265_U_61,2,278,282,4160.0,18721.0,0.22221035201111053,0.0,0.0,49.2,6
2026-03-12,1431265_U_67,2,296,517,4430.0,20702.0,0.21398898657134577,0.0,0.0,49.2,6
2026-03-12,1374663_U_16,3,433,523,6501.0,40399.0,0.16091982474813732,0.0,0.0,48,6
2026-03-12,1431265_U_73,2,326,644,4879.0,21916.0,0.22262274137616353,0.0,0.0,49.2,11
2026-03-12,1374663_U_69,5,466,1189,7567.0,28284.0,0.2675364163484656,0.0,0.0,48,12
2026-03-12,1481779_U_113,2,411,490,6170.0,55771.0,0.11063097308637106,0.0,0.0,67,6
2026-03-12,1431265_U_79,2,333,627,5017.0,26170.0,0.19170806266717616,0.0,0.0,49.2,12
2026-03-12,1374663_U_78,2,487,865,7397.0,41295.0,0.1791258021552246,0.0,0.0,48,6
2026-03-12,1413903_U_91,2,548,803,8210.0,12460.0,0.658908507223114,0.0,0.0,OC3,8
2026-03-12,1374663_U_81,3,381,623,5720.0,14878.0,0.3844602769189407,0.0,0.0,48,6
2026-03-12,1413903_U_90,2,271,407,4067.0,6109.0,0.6657390734981176,0.0,0.0,OC3,6
2026-03-12,1431265_U_91,2,293,344,4399.0,27684.0,0.1589004479121514,0.0,0.0,49.2,6
2026-03-12,1364751_U_69,2,339,450,5240.0,61221.0,0.0855915453847536,0.0,0.0,46,22
2026-03-12,1413904_U_24,2,639,641,9651.0,10342.0,0.9331850705859601,0.0,0.0,OC2,7
2026-03-12,1364751_U_77,2,496,765,8588.0,24770.0,0.34670972951150586,0.0,0.0,46,11
2026-03-12,1431265_U_97,2,456,755,6876.0,32637.0,0.21068112878021877,0.0,0.0,49.2,14
2026-03-12,1364751_U_82,3,373,902,5615.0,29565.0,0.18992051412142735,210.0,0.037399821905609976,46,12
2026-03-12,1374663_U_99,2,528,915,7927.0,57978.0,0.13672427472489565,0.0,0.0,48,21
2026-03-12,1364751_U_86,2,395,595,6021.0,35550.0,0.16936708860759495,0.0,0.0,46,15
2026-03-12,1411585_U_78,2,397,681,5960.0,10884.0,0.5475927967658949,0.0,0.0,35,7
2026-03-12,1374663_U_66,3,177,465,2652.0,6706.0,0.39546674619743516,0.0,0.0,48,7
2026-03-12,1364751_U_87,3,344,749,5149.0,38654.0,0.133207430020179,0.0,0.0,46,8
2026-03-12,1431265_U_62,2,299,405,4486.0,5807.0,0.7725159290511452,253.0,0.05639768167632635,49.2,7
2026-03-12,1411585_U_23,2,395,669,5927.0,10191.0,0.5815916004317535,0.0,0.0,35,7
2026-03-12,1399122_U_51,2,514,899,8062.0,15506.0,0.5199277698955244,15.0,0.0018605805011163482,38A,9
2026-03-12,1364751_U_90,2,121,231,1814.0,23582.0,0.07692307692307693,0.0,0.0,46,7
2026-03-12,1364751_U_26,2,610,846,10282.0,13915.0,0.7389148401006108,0.0,0.0,46,7
2026-03-12,1364751_U_93,2,344,417,5720.0,24842.0,0.23025521294581758,0.0,0.0,46,13
2026-03-12,1374663_U_108,2,697,952,10525.0,32229.0,0.32656923888423467,0.0,0.0,48,13
2026-03-12,1411585_U_3,2,341,585,5115.0,8478.0,0.6033262561924982,284.0,0.055522971652003913,35,7
2026-03-12,1431265_U_109,2,331,608,4970.0,32740.0,0.1518020769700672,0.0,0.0,49.2,15
2026-03-12,1399122_U_2,2,571,997,8572.0,14630.0,0.5859193438140806,316.0,0.036864209052729816,38A,9
2026-03-12,1431265_U_74,2,296,490,4425.0,16135.0,0.27424852804462346,0.0,0.0,49.2,7
2026-03-12,1431265_U_80,2,304,497,4545.0,20023.0,0.22698896269290317,0.0,0.0,49.2,8
2026-03-12,1374663_U_3,2,706,758,10580.0,26914.0,0.3931039607639147,0.0,0.0,48,8
2026-03-12,1429985_U_8,2,192,294,2867.0,5807.0,0.49371448252109523,0.0,0.0,49.1,8
2026-03-12,1374663_U_114,2,164,212,2448.0,8662.0,0.28261371507734934,0.0,0.0,48,8
2026-03-12,1364751_U_94,2,414,593,6200.0,25311.0,0.2449527873256687,0.0,0.0,46,8
2026-03-12,1364751_U_83,2,178,255,2657.0,27473.0,0.09671313653405161,0.0,0.0,46,8
2026-03-12,1431265_U_86,2,276,418,4128.0,21751.0,0.18978437772975956,0.0,0.0,49.2,8
2026-03-12,1399122_U_6,2,815,1145,12221.0,17534.0,0.6969887076537014,0.0,0.0,38A,9
2026-03-12,1374663_U_74,4,82,222,2056.0,15207.0,0.13520089432498192,1125.0,0.5471789883268483,48,8
2026-03-12,1379485_U_26,2,366,370,5480.0,53655.0,0.10213400428664617,0.0,0.0,53,8
2026-03-12,1431265_U_98,2,330,532,4939.0,26782.0,0.18441490553356732,0.0,0.0,49.2,8
2026-03-12,1379485_U_137,2,229,373,3603.0,5824.0,0.618646978021978,0.0,0.0,53,8
2026-03-12,1379485_U_36,2,222,370,3467.0,6019.0,0.576009303871075,0.0,0.0,53,8
2026-03-12,1413904_U_46,2,588,764,8811.0,11483.0,0.7673081947226335,0.0,0.0,OC2,8
2026-03-12,1359254_U_29,2,442,848,7400.0,35713.0,0.20720745946854086,0.0,0.0,62,8
2026-03-12,1364751_U_38,2,904,1178,13707.0,39888.0,0.34363718411552346,0.0,0.0,46,8
2026-03-12,1431265_U_104,2,370,505,5780.0,27670.0,0.20889049512106975,0.0,0.0,49.2,8
2026-03-12,1364748_U_72,2,374,490,6291.0,7791.0,0.8074701578744705,226.0,0.0359243363535209,36,8
2026-03-12,1364746_U_61,2,358,500,5360.0,7430.0,0.721399730820996,45.0,0.008395522388059701,34A,8
2026-03-12,1413904_U_52,2,542,684,8123.0,10223.0,0.7945808471094591,15.0,0.00184660839591284,OC2,8
2026-03-12,1374663_U_92,2,349,361,5255.0,27592.0,0.19045375471151058,0.0,0.0,48,15
2026-03-12,1481779_U_118,2,420,448,6291.0,6739.0,0.9335212939605283,0.0,0.0,67,8
2026-03-12,1374663_U_70,2,668,670,10119.0,30717.0,0.32942670182635025,0.0,0.0,48,14
2026-03-12,1374663_U_93,2,356,358,5329.0,37456.0,0.1422736010252029,0.0,0.0,48,17
2026-03-12,1374663_U_109,2,638,650,9619.0,38026.0,0.2529585020775259,0.0,0.0,48,16
2026-03-12,1374663_U_115,2,668,670,10073.0,38657.0,0.26057376413068783,0.0,0.0,48,16
2026-03-12,1374663_U_25,2,190,284,2837.0,3378.0,0.8398460627590291,854.0,0.30102220655622136,48,8
2026-03-12,1374663_U_80,2,138,152,2057.0,3948.0,0.5210233029381965,0.0,0.0,48,8
2026-03-12,1374663_U_30,2,180,354,2687.0,5269.0,0.5099639400265705,15.0,0.005582433941198363,48,8
2026-03-12,1374663_U_62,2,320,614,4789.0,9172.0,0.5221325774095072,15.0,0.0031321779077051574,48,9
2026-03-12,1364746_U_53,2,284,292,4248.0,7400.0,0.5740540540540541,0.0,0.0,34A,8
2026-03-12,1374663_U_113,3,182,356,2747.0,5390.0,0.5096474953617811,0.0,0.0,48,9
2026-03-12,1374663_U_101,2,172,292,2567.0,4370.0,0.5874141876430206,0.0,0.0,48,8
2026-03-12,1431265_U_110,2,312,601,4669.0,28839.0,0.16189881757342486,0.0,0.0,49.2,8
2026-03-12,1374663_U_11,2,272,350,4069.0,5239.0,0.7766749379652605,0.0,0.0,48,9
2026-03-12,1364748_U_32,2,398,494,5959.0,7401.0,0.8051614646669369,0.0,0.0,36,9
2026-03-12,1431265_U_22,2,260,348,3888.0,4668.0,0.8329048843187661,525.0,0.13503086419753085,49.2,9
2026-03-12,1364748_U_76,3,298,404,4458.0,6920.0,0.6442196531791907,0.0,0.0,36,9
2026-03-12,1364751_U_50,2,348,458,5209.0,7521.0,0.6925940699375083,45.0,0.008638894221539644,46,9
2026-03-12,1431265_U_81,2,350,693,5238.0,16273.0,0.3218828734713943,0.0,0.0,49.2,9
2026-03-12,1364748_U_89,2,280,496,4368.0,7041.0,0.6203664252236898,555.0,0.12706043956043955,36,10
2026-03-12,1393827_U_133,2,282,346,4218.0,5870.0,0.7185689948892675,0.0,0.0,45,9
2026-03-12,1431265_U_87,2,372,509,5660.0,18481.0,0.3062604837400574,0.0,0.0,49.2,9
2026-03-12,1359254_U_41,2,444,882,6859.0,35564.0,0.19286356990214823,0.0,0.0,62,17
2026-03-12,1413904_U_25,2,692,766,10464.0,11155.0,0.9380546839982071,405.0,0.03870412844036697,OC2,9
2026-03-12,1374663_U_95,2,254,334,3798.0,8872.0,0.4280883678990081,0.0,0.0,48,11
2026-03-12,1413903_U_80,2,740,766,11334.0,34964.0,0.3241619951950578,0.0,0.0,OC3,9
2026-03-12,1374663_U_26,3,462,596,6921.0,8933.0,0.7747677152132543,0.0,0.0,48,10
2026-03-12,1429985_U_53,2,212,376,3168.0,5088.0,0.6226415094339622,527.0,0.1663510101010101,49.1,10
2026-03-12,1431265_U_111,2,290,358,4398.0,24365.0,0.18050482249127847,0.0,0.0,49.2,15
2026-03-12,1364748_U_21,2,186,338,2778.0,8483.0,0.32747848638453375,0.0,0.0,36,12
2026-03-12,1399122_U_43,3,570,1006,8542.0,14968.0,0.5706841261357563,555.0,0.0649730742214938,38A,10
2026-03-12,1431265_U_82,2,330,462,4956.0,11171.0,0.4436487333273655,0.0,0.0,49.2,12
2026-03-12,1364746_U_54,2,232,314,3467.0,7461.0,0.46468301836214987,0.0,0.0,34A,11
2026-03-12,1386441_U_31,2,244,457,4882.0,9053.0,0.5392687506903788,0.0,0.0,32,10
2026-03-12,1364748_U_57,2,116,150,1726.0,2236.0,0.7719141323792487,0.0,0.0,36,11
2026-03-12,1364748_U_77,2,426,550,7510.0,10633.0,0.7062917332831751,0.0,0.0,36,11
2026-03-12,1364746_U_62,2,220,376,3408.0,6321.0,0.5391551969625059,0.0,0.0,34A,10
2026-03-12,1374663_U_4,3,236,304,3528.0,5270.0,0.669449715370019,0.0,0.0,48,11
2026-03-12,1399122_U_47,2,432,832,6516.0,13841.0,0.4707752330033957,0.0,0.0,38A,13
2026-03-12,1374663_U_45,2,645,892,11050.0,11050.0,1.0,3694.0,0.33429864253393665,48,11
2026-03-12,1364751_U_27,2,264,331,4970.0,6036.0,0.8233929754804507,0.0,0.0,46,11
2026-03-12,1364749_U_39,2,320,462,5029.0,7312.0,0.68777352297593,0.0,0.0,44,11
2026-03-12,1374663_U_57,2,344,534,5704.0,8526.0,0.6690124325592306,15.0,0.002629733520336606,48,12
2026-03-12,1413904_U_47,2,561,637,8437.0,9607.0,0.878213802435724,0.0,0.0,OC2,11
2026-03-12,1364749_U_14,2,312,487,4669.0,7146.0,0.6533725160929191,135.0,0.028914114371385736,44,11
2026-03-12,1413903_U_75,2,677,1015,10178.0,23797.0,0.42770097071059376,0.0,0.0,OC3,11
2026-03-12,1379485_U_56,2,353,407,5675.0,6801.0,0.8344361123364211,0.0,0.0,53,11
2026-03-12,1413904_U_53,3,471,732,7071.0,11333.0,0.623930115591635,15.0,0.0021213406873143827,OC2,11
2026-03-12,1379485_U_123,3,288,360,5448.0,7340.0,0.7422343324250681,0.0,0.0,53,11
2026-03-12,1439975_U_58,2,382,470,5720.0,6771.0,0.8447792054349431,525.0,0.09178321678321678,31,12
2026-03-12,1364751_U_96,2,345,535,5195.0,7988.0,0.650350525788683,44.0,0.00846968238691049,46,12
2026-03-12,1379485_U_47,2,338,427,5059.0,6365.0,0.794815396700707,15.0,0.0029650128483890096,53,11
2026-03-12,1411585_U_4,2,614,792,9233.0,9233.0,1.0,2657.0,0.2877721217372468,35,11
2026-03-12,1364749_U_47,2,288,450,4339.0,7402.0,0.5861929208322075,0.0,0.0,44,12
2026-03-12,1364748_U_58,2,276,527,4158.0,8152.0,0.5100588812561334,0.0,0.0,36,13
2026-03-12,1474792_U_19,2,132,186,1968.0,14549.0,0.13526702866176368,0.0,0.0,26,12
2026-03-12,1364748_U_66,2,464,651,7162.0,10314.0,0.6943959666472755,0.0,0.0,36,13
2026-03-12,1349260_U_17,2,160,290,2931.0,7885.0,0.37171845275840204,0.0,0.0,24,13
2026-03-12,1374663_U_82,2,276,401,4159.0,10975.0,0.37895216400911164,0.0,0.0,48,14
2026-03-12,1413904_U_4,2,314,482,5645.0,9759.0,0.5784404139768419,14.0,0.0024800708591674048,OC2,13
2026-03-12,1364749_U_6,2,321,459,4836.0,6908.0,0.7000579038795599,0.0,0.0,44,12
2026-03-12,1413903_U_58,2,266,394,3977.0,5871.0,0.6773973769374894,44.0,0.011063615790797083,OC3,12
2026-03-12,1399122_U_38,2,285,493,4292.0,8046.0,0.5334327616206811,0.0,0.0,38A,13
2026-03-12,1413903_U_88,2,338,460,5389.0,7281.0,0.7401455843977476,0.0,0.0,OC3,14
2026-03-12,1374663_U_96,3,193,407,3468.0,5436.0,0.6379690949227373,2086.0,0.6014994232987313,48,12
2026-03-12,1379485_U_94,2,361,365,5915.0,5915.0,1.0,45.0,0.0076077768385460695,53,12
2026-03-12,1411585_U_10,2,71,115,1064.0,5209.0,0.20426185448262624,0.0,0.0,35,13
2026-03-12,1379485_U_7,2,238,402,3588.0,6590.0,0.5444613050075873,0.0,0.0,53,13
2026-03-12,1379485_U_105,3,170,328,3798.0,6621.0,0.5736293611236973,104.0,0.02738283307003686,53,13
2026-03-12,1374663_U_27,3,381,541,5735.0,11260.0,0.5093250444049734,0.0,0.0,48,14
2026-03-12,1364748_U_93,3,345,479,5210.0,7252.0,0.7184225041367899,0.0,0.0,36,13
2026-03-12,1414833_U_64,2,303,573,4578.0,8813.0,0.5194598888006354,104.0,0.022717343818261248,OC1,13
2026-03-12,1364748_U_13,4,263,454,5169.0,7482.0,0.6908580593424218,0.0,0.0,36,13
2026-03-12,1379485_U_132,2,254,414,4789.0,7251.0,0.6604606261205351,76.0,0.015869701399039465,53,13
2026-03-12,1439975_U_62,2,384,461,6560.0,7191.0,0.9122514253928522,542.0,0.0826219512195122,31,12
2026-03-12,1374663_U_102,3,494,610,7536.0,10419.0,0.7232939821479989,0.0,0.0,48,13
2026-03-12,1413904_U_73,2,278,305,4174.0,4580.0,0.911353711790393,0.0,0.0,OC2,12
2026-03-12,1379485_U_18,2,241,313,3636.0,5528.0,0.6577424023154848,0.0,0.0,53,13
2026-03-12,1386442_U_38,2,268,351,4038.0,4788.0,0.843358395989975,479.0,0.11862308073303615,37,13
2026-03-12,1364746_U_13,2,247,273,3723.0,5044.0,0.7381046788263284,0.0,0.0,34A,13
2026-03-12,1414833_U_13,2,318,519,4804.0,7957.0,0.6037451300741485,0.0,0.0,OC1,13
2026-03-12,1364748_U_34,2,487,507,7821.0,9531.0,0.8205854579792257,0.0,0.0,36,13
2026-03-12,1345046_U_4,2,280,346,4219.0,5240.0,0.8051526717557251,0.0,0.0,39A,13
2026-03-12,1393827_U_116,2,139,157,2070.0,2341.0,0.8842375053395984,0.0,0.0,45,13
2026-03-12,1345046_U_38,2,415,579,6260.0,8844.0,0.707824513794663,0.0,0.0,39A,13
2026-03-12,1364748_U_85,2,283,291,4578.0,4698.0,0.9744572158365262,0.0,0.0,36,13
2026-03-12,1413904_U_78,2,263,407,4279.0,6891.0,0.6209548686692787,135.0,0.0315494274363169,OC2,13
2026-03-12,1345046_U_88,2,207,247,3122.0,3692.0,0.8456121343445288,14.0,0.004484304932735426,39A,13
2026-03-12,1364749_U_32,2,337,403,5089.0,6080.0,0.8370065789473684,0.0,0.0,44,13
2026-03-12,1364749_U_60,2,135,199,2041.0,3002.0,0.6798800799467022,0.0,0.0,44,13
2026-03-12,1413903_U_18,2,732,778,11052.0,20251.0,0.5457508271196484,0.0,0.0,OC3,13
2026-03-12,1345046_U_64,2,291,297,4384.0,4474.0,0.9798837729101475,0.0,0.0,39A,13
2026-03-12,1386442_U_23,2,213,420,3213.0,6935.0,0.46330209084354723,0.0,0.0,37,14
2026-03-12,1429985_U_95,2,226,230,4984.0,5164.0,0.965143299767622,0.0,0.0,49.1,13
2026-03-12,1411585_U_43,2,341,468,6411.0,9624.0,0.6661471321695761,0.0,0.0,35,14
2026-03-12,1345046_U_94,2,300,343,4536.0,5197.0,0.872811237252261,0.0,0.0,39A,13
2026-03-12,1364748_U_6,3,288,410,5209.0,6891.0,0.7559135103758525,15.0,0.002879631407179881,36,13
2026-03-12,1393827_U_26,2,212,284,3183.0,5946.0,0.5353178607467205,0.0,0.0,45,14
2026-03-12,1364751_U_6,2,694,810,10463.0,20010.0,0.5228885557221389,0.0,0.0,46,16
2026-03-12,1364749_U_7,2,266,437,4008.0,6381.0,0.6281147155618242,194.0,0.04840319361277445,44,14
2026-03-12,1364755_U_48,2,592,719,8918.0,9128.0,0.9769938650306749,1697.0,0.19028930253420048,55A,14
2026-03-12,1393827_U_84,3,168,371,2537.0,6140.0,0.41319218241042344,0.0,0.0,45,14
2026-03-12,1364748_U_51,2,229,417,3437.0,6501.0,0.5286878941701276,0.0,0.0,36,15
2026-03-12,1364748_U_94,2,348,599,5691.0,9745.0,0.5839917906618779,0.0,0.0,36,14
2026-03-12,1429985_U_98,2,376,479,5630.0,20132.0,0.2796542817405126,0.0,0.0,49.1,18
2026-03-12,1379485_U_78,2,340,404,5600.0,7041.0,0.7953415707996023,0.0,0.0,53,14
2026-03-12,1393827_U_94,2,275,403,4127.0,5780.0,0.7140138408304498,287.0,0.06954204022292222,45,15
2026-03-12,1364748_U_14,3,216,473,3258.0,7139.0,0.4563664378764533,0.0,0.0,36,14
2026-03-12,1393827_U_104,2,295,400,4430.0,5871.0,0.7545562936467382,135.0,0.030474040632054177,45,15
2026-03-12,1399122_U_39,2,712,1004,10759.0,15142.0,0.7105402192576938,0.0,0.0,38A,14
2026-03-12,1364748_U_23,2,97,185,1456.0,3332.0,0.4369747899159664,0.0,0.0,36,15
2026-03-12,1393827_U_117,2,133,199,1996.0,3048.0,0.6548556430446194,0.0,0.0,45,15
2026-03-12,1477766_U_9,2,255,338,3845.0,5226.0,0.7357443551473403,0.0,0.0,42T,15
2026-03-12,1393827_U_36,2,195,203,2933.0,5067.0,0.5788434971383462,0.0,0.0,45,15
2026-03-12,1413903_U_89,2,741,757,12175.0,12745.0,0.955276579050608,0.0,0.0,OC3,15
2026-03-12,1379485_U_95,2,194,358,2957.0,5479.0,0.5396970250045628,0.0,0.0,53,15
2026-03-12,1386441_U_33,2,381,385,5797.0,5797.0,1.0,40.0,0.006900120752113162,32,15
2026-03-12,1393827_U_18,2,163,321,2445.0,5570.0,0.43895870736086173,0.0,0.0,45,15
2026-03-12,1393827_U_52,3,192,360,2883.0,6592.0,0.4373483009708738,90.0,0.031217481789802288,45,15
2026-03-12,1439975_U_88,2,385,421,6353.0,6894.0,0.9215259646069045,0.0,0.0,31,15
2026-03-12,1393827_U_125,2,328,410,4984.0,5810.0,0.8578313253012049,510.0,0.10232744783306581,45,15
2026-03-12,1413903_U_76,2,687,699,10734.0,10854.0,0.9889441680486457,1365.0,0.1271660145332588,OC3,15
2026-03-12,1393827_U_138,2,206,311,3163.0,5660.0,0.5588339222614841,0.0,0.0,45,16
2026-03-12,1379485_U_79,2,261,263,5418.0,6681.0,0.8109564436461607,0.0,0.0,53,16
2026-03-12,1364749_U_41,2,248,419,3827.0,7671.0,0.49889193064789467,77.0,0.020120198588973084,44,16
2026-03-12,1393827_U_85,2,275,389,4309.0,6051.0,0.7121137002148406,0.0,0.0,45,16
2026-03-12,1364755_U_31,2,346,654,5239.0,9863.0,0.5311771266348981,0.0,0.0,55A,16
2026-03-12,1364748_U_67,2,302,504,4520.0,7913.0,0.5712119297358776,0.0,0.0,36,17
2026-03-12,1393827_U_118,2,265,357,4037.0,5389.0,0.7491185748747449,13.0,0.0032202130294773346,45,16
2026-03-12,1364749_U_8,3,328,520,4954.0,7942.0,0.6237723495341224,0.0,0.0,44,17
2026-03-12,1429985_U_119,2,252,304,3783.0,21584.0,0.17526871756856932,0.0,0.0,49.1,21
2026-03-12,1393827_U_95,2,189,332,2825.0,5600.0,0.5044642857142857,0.0,0.0,45,17
2026-03-12,1364755_U_41,2,336,632,5028.0,9532.0,0.5274863617289132,0.0,0.0,55A,17
2026-03-12,1429985_U_112,2,348,374,5270.0,5660.0,0.931095406360424,0.0,0.0,49.1,16
2026-03-12,1364749_U_25,2,300,448,4534.0,6771.0,0.6696204401122434,0.0,0.0,44,17
2026-03-12,1393827_U_111,2,212,345,3198.0,5419.0,0.5901457833548626,0.0,0.0,45,17
2026-03-12,1439975_U_52,2,410,440,6198.0,6830.0,0.9074670571010249,0.0,0.0,31,16
2026-03-12,1364748_U_95,2,502,628,7608.0,9589.0,0.7934091146104912,0.0,0.0,36,17
2026-03-12,1364755_U_53,3,408,614,6139.0,9500.0,0.6462105263157895,0.0,0.0,55A,17
2026-03-12,1393827_U_46,3,317,445,5837.0,7850.0,0.7435668789808917,0.0,0.0,45,17
2026-03-12,1393827_U_62,3,126,246,1876.0,7038.0,0.2665529980107985,0.0,0.0,45,18
2026-03-12,1364748_U_79,2,390,530,6173.0,8305.0,0.7432871763997592,15.0,0.0024299368216426373,36,17
2026-03-12,1393827_U_147,2,326,402,5026.0,6319.0,0.795379015667036,0.0,0.0,45,17
2026-03-12,1393827_U_28,2,244,427,3648.0,6588.0,0.5537340619307832,0.0,0.0,45,17
2026-03-12,1393827_U_53,2,298,442,4458.0,7128.0,0.6254208754208754,46.0,0.01031852848811126,45,17
2026-03-12,1393827_U_68,3,126,154,2625.0,2806.0,0.9354953670705631,135.0,0.05142857142857143,45,17
2026-03-12,1399122_U_23,2,210,352,3136.0,5658.0,0.5542594556380347,0.0,0.0,38A,17
2026-03-12,1393827_U_126,3,256,394,3828.0,6678.0,0.573225516621743,0.0,0.0,45,18
2026-03-12,1393827_U_139,2,134,172,1992.0,2562.0,0.7775175644028103,0.0,0.0,45,17
2026-03-12,1364748_U_15,2,370,402,5538.0,6135.0,0.9026894865525672,0.0,0.0,36,17
2026-03-12,1399122_U_52,4,374,434,5594.0,6020.0,0.9292358803986711,285.0,0.0509474436896675,38A,17
2026-03-12,1393827_U_86,2,358,420,5359.0,6289.0,0.8521227540149467,0.0,0.0,45,17
2026-03-12,1481779_U_125,2,444,615,7070.0,17969.0,0.3934553954031944,0.0,0.0,67,17
2026-03-12,1374663_U_112,2,642,745,9623.0,11455.0,0.8400698384984723,0.0,0.0,48,17
2026-03-12,1393827_U_119,2,312,354,4670.0,5301.0,0.8809658554989624,0.0,0.0,45,17
2026-03-12,1364749_U_9,3,292,452,4369.0,7401.0,0.5903256316713957,0.0,0.0,44,18
2026-03-12,1364751_U_12,2,630,774,9473.0,11694.0,0.8100735419873439,0.0,0.0,46,17
2026-03-12,1364748_U_45,2,272,400,4068.0,8902.0,0.45697596045832395,0.0,0.0,36,19
2026-03-12,1413903_U_66,2,470,598,7035.0,9737.0,0.7225017972681524,196.0,0.027860696517412936,OC3,17
2026-03-12,1413904_U_29,2,438,532,6891.0,10254.0,0.6720304271503803,0.0,0.0,OC2,18
2026-03-12,1481779_U_129,2,470,714,7071.0,21379.0,0.33074512371953785,0.0,0.0,67,18
2026-03-12,1413903_U_6,2,500,674,7490.0,11638.0,0.6435813713696511,0.0,0.0,OC3,18
2026-03-12,1364749_U_42,2,326,406,5057.0,6290.0,0.8039745627980922,0.0,0.0,44,18
2026-03-12,1349260_U_26,2,108,116,1605.0,3107.0,0.5165754747344705,0.0,0.0,24,18
2026-03-12,1364748_U_68,2,524,590,7852.0,8811.0,0.8911587787992282,16.0,0.0020376974019358125,36,18
2026-03-12,1364751_U_53,2,297,327,4459.0,7522.0,0.5927944695559692,0.0,0.0,46,20
2026-03-12,1364749_U_26,2,296,366,4428.0,5478.0,0.8083242059145673,0.0,0.0,44,18
2026-03-12,1413903_U_95,2,452,648,6770.0,9712.0,0.6970757825370676,0.0,0.0,OC3,18
2026-03-12,1393827_U_47,2,360,374,5390.0,6019.0,0.8954975909619538,0.0,0.0,45,18
2026-03-12,1393827_U_38,2,344,348,5150.0,5240.0,0.982824427480916,0.0,0.0,45,18
2026-03-12,1413903_U_77,3,403,633,6055.0,9898.0,0.6117397454031117,44.0,0.00726672171758877,OC3,19
2026-03-12,1413903_U_61,3,409,691,6141.0,8933.0,0.6874510242919512,16.0,0.0026054388536069046,OC3,19
2026-03-12,1411585_U_13,2,430,514,6440.0,7671.0,0.8395254855950984,15.0,0.002329192546583851,35,19
2026-03-12,1364749_U_50,2,294,483,4400.0,7762.0,0.5668642102550889,0.0,0.0,44,19
2026-03-12,1411585_U_45,2,388,470,5810.0,7071.0,0.8216659595531042,0.0,0.0,35,19
2026-03-12,1364748_U_16,2,132,252,1967.0,5749.0,0.34214646025395723,0.0,0.0,36,20
2026-03-12,1413903_U_13,3,144,176,2146.0,3347.0,0.6411711980878398,0.0,0.0,OC3,19
2026-03-12,1364749_U_27,2,162,266,2416.0,3948.0,0.6119554204660588,14.0,0.005794701986754967,44,20
2026-03-12,1364749_U_43,2,112,210,1664.0,3167.0,0.525418377012946,0.0,0.0,44,20
2026-03-12,1477768_U_35,2,54,64,798.0,1125.0,0.7093333333333334,0.0,0.0,41JB,20
2026-03-12,1414833_U_8,2,255,374,4513.0,6270.0,0.7197767145135566,12.0,0.002658985153999557,OC1,20
2026-03-12,1345046_U_34,2,104,126,1546.0,1937.0,0.7981414558595766,0.0,0.0,39A,20
2026-03-12,1414833_U_71,3,215,399,3213.0,6259.0,0.5133407892634606,0.0,0.0,OC1,21
2026-03-12,1414833_U_45,2,293,387,4384.0,5750.0,0.7624347826086957,45.0,0.010264598540145985,OC1,21
2026-03-12,1364746_U_59,2,272,274,4065.0,5345.0,0.7605238540692236,0.0,0.0,34A,21
2026-03-13,1414833_U_72,2,251,295,4354.0,86385.0,0.050402268912426926,0.0,0.0,OC1,22
2026-03-13,1393827_U_154,2,174,196,3273.0,86385.0,0.037888522312901546,0.0,0.0,45,23
2026-03-13,1364748_U_83,2,196,281,2957.0,86385.0,0.03423047982867396,0.0,0.0,36,0
2026-03-13,1364751_U_69,3,376,700,5630.0,86385.0,0.06517335185506742,0.0,0.0,46,6
2026-03-13,1413903_U_86,2,302,412,5711.0,86385.0,0.06611101464374602,0.0,0.0,OC3,22
2026-03-13,1413903_U_99,2,436,468,7677.0,86385.0,0.0888695954158708,0.0,0.0,OC3,21
2026-03-13,1413903_U_101,2,199,243,3573.0,86385.0,0.041361347456155585,0.0,0.0,OC3,23
2026-03-13,1379485_U_129,2,147,191,2191.0,86385.0,0.02536319962956532,0.0,0.0,53,23
2026-03-13,1411585_U_29,2,256,344,4474.0,86385.0,0.05179139896972854,0.0,0.0,35,22
2026-03-13,1399122_U_56,2,434,478,7647.0,86385.0,0.08852231290154541,0.0,0.0,38A,21
2026-03-13,1399122_U_49,2,606,650,10230.0,86385.0,0.11842333738496266,0.0,0.0,38A,21
2026-03-13,1429985_U_127,2,160,237,2387.0,86385.0,0.027632112056491288,0.0,0.0,49.1,0
2026-03-13,1359254_U_80,2,240,365,4008.0,86385.0,0.04639694391387394,0.0,0.0,62,0
2026-03-13,1359254_U_76,2,280,324,4789.0,86385.0,0.05543786537014528,0.0,0.0,62,22
2026-03-13,1429985_U_121,2,174,218,2597.0,86385.0,0.030063089656769116,0.0,0.0,49.1,23
2026-03-13,1481779_U_12,2,206,223,4188.0,86385.0,0.04848063899982636,0.0,0.0,67,0
2026-03-13,1481779_U_129,3,310,561,4728.0,86385.0,0.05473172425768363,0.0,0.0,67,17
2026-03-13,1411585_U_57,2,220,394,3288.0,86385.0,0.03806216357006425,0.0,0.0,35,0
2026-03-13,1481779_U_38,2,139,159,2342.0,86385.0,0.027111188285003182,0.0,0.0,67,23
2026-03-13,1477764_U_79,2,528,536,7941.0,32925.0,0.24118451025056947,0.0,0.0,61,6
2026-03-13,1374663_U_100,2,266,366,3978.0,5600.0,0.7103571428571429,0.0,0.0,48,13
2026-03-13,1364748_U_1,2,332,334,4987.0,4987.0,1.0,15.0,0.00300782033286545,36,4
2026-03-13,1374663_U_2,3,556,648,8633.0,45844.0,0.1883125381729343,164.0,0.01899687246611838,48,5
2026-03-13,1364751_U_48,2,592,996,9119.0,31016.0,0.29400954346143926,0.0,0.0,46,5
2026-03-13,1476582_U_12,2,625,729,9383.0,43352.0,0.2164375346004798,0.0,0.0,52,5
2026-03-13,1364751_U_82,3,474,737,7972.0,38398.0,0.20761497994687222,0.0,0.0,46,15
2026-03-13,1399122_U_22,2,1031,1197,15463.0,28164.0,0.5490342280926005,0.0,0.0,38A,9
2026-03-13,1364751_U_62,2,803,1311,12250.0,49342.0,0.24826719630335212,0.0,0.0,46,16
2026-03-13,1399122_U_29,2,612,909,9565.0,14157.0,0.675637493819312,0.0,0.0,38A,6
2026-03-13,1364751_U_54,2,506,1006,8728.0,62569.0,0.13949399862551742,0.0,0.0,46,21
2026-03-13,1374663_U_108,2,404,482,6411.0,10944.0,0.5858004385964912,0.0,0.0,48,8
2026-03-13,1399122_U_33,2,580,913,8695.0,13647.0,0.637136366967099,77.0,0.008855664174813111,38A,6
2026-03-13,1374663_U_16,2,689,766,10404.0,40652.0,0.25592836760798976,0.0,0.0,48,6
2026-03-13,1364751_U_63,2,669,1091,10074.0,16409.0,0.613931379121214,0.0,0.0,46,8
2026-03-13,1345046_U_30,2,649,656,9775.0,9969.0,0.9805396729862574,0.0,0.0,39A,6
2026-03-13,1374661_U_14,2,538,540,8062.0,49323.0,0.16345315572856478,0.0,0.0,48SP,6
2026-03-13,1413904_U_59,2,349,509,5241.0,7686.0,0.6818891491022638,0.0,0.0,OC2,7
2026-03-13,1393827_U_13,2,408,800,6110.0,26962.0,0.2266152362584378,0.0,0.0,45,12
2026-03-13,1413903_U_91,2,675,764,10163.0,11454.0,0.8872882835690589,29.0,0.002853488143264784,OC3,7
2026-03-13,1364748_U_84,2,440,526,6621.0,7942.0,0.8336691009821203,0.0,0.0,36,7
2026-03-13,1374663_U_31,2,657,943,10370.0,32993.0,0.31430909586882066,0.0,0.0,48,13
2026-03-13,1374663_U_29,3,460,618,6922.0,10254.0,0.6750536376048372,0.0,0.0,48,7
2026-03-13,1345046_U_55,2,500,581,7519.0,8751.0,0.8592160895897611,0.0,0.0,39A,7
2026-03-13,1364751_U_86,2,770,1024,12579.0,48017.0,0.26196971905783367,0.0,0.0,46,17
2026-03-13,1364751_U_87,2,235,435,3563.0,6679.0,0.5334630932774368,0.0,0.0,46,7
2026-03-13,1399122_U_53,2,577,946,8662.0,14397.0,0.6016531221782315,0.0,0.0,38A,9
2026-03-13,1411585_U_23,3,457,725,7339.0,11335.0,0.6474636082928981,0.0,0.0,35,7
2026-03-13,1364751_U_58,2,785,997,11966.0,40861.0,0.29284647952815646,0.0,0.0,46,15
2026-03-13,1364751_U_90,2,371,542,6528.0,29693.0,0.219849796248274,0.0,0.0,46,13
2026-03-13,1477764_U_20,2,321,401,5254.0,6410.0,0.8196567862714509,61.0,0.01161020175104682,61,7
2026-03-13,1411585_U_78,3,645,665,10043.0,10043.0,1.0,225.0,0.022403664243751866,35,7
2026-03-13,1399122_U_2,2,749,999,11364.0,16288.0,0.6976915520628684,0.0,0.0,38A,9
2026-03-13,1399122_U_51,2,619,935,9324.0,13948.0,0.6684829366217379,136.0,0.014586014586014585,38A,8
2026-03-13,1411585_U_3,2,425,691,6410.0,10404.0,0.6161091887735486,0.0,0.0,35,7
2026-03-13,1364751_U_93,2,865,967,13212.0,38311.0,0.34486178904231163,0.0,0.0,46,14
2026-03-13,1359254_U_20,2,545,715,8453.0,9324.0,0.9065851565851566,1667.0,0.1972080918017272,62,8
2026-03-13,1345046_U_82,3,220,329,3318.0,5269.0,0.629721009679256,0.0,0.0,39A,8
2026-03-13,1374663_U_99,2,247,472,3739.0,6591.0,0.5672887270520407,1063.0,0.28430061513773736,48,8
2026-03-13,1364751_U_24,2,637,657,11258.0,49427.0,0.22777024703097498,0.0,0.0,46,19
2026-03-13,1413904_U_66,3,605,826,9082.0,13448.0,0.6753420582986318,195.0,0.021471041620788372,OC2,9
2026-03-13,1359254_U_29,2,344,671,5271.0,34039.0,0.15485178765533653,0.0,0.0,62,16
2026-03-13,1390072_U_9,2,275,461,4217.0,30590.0,0.13785550833605753,0.0,0.0,26A,8
2026-03-13,1379485_U_102,2,69,78,1036.0,3311.0,0.3128964059196617,0.0,0.0,53,9
2026-03-13,1476584_U_11,2,339,593,5119.0,7882.0,0.6494544531844709,1036.0,0.20238327798398126,52A,8
2026-03-13,1364748_U_76,2,455,475,6830.0,7341.0,0.9303909549107751,0.0,0.0,36,9
2026-03-13,1364751_U_50,2,408,617,6111.0,10584.0,0.5773809523809523,0.0,0.0,46,10
2026-03-13,1374663_U_10,3,659,736,9895.0,30441.0,0.3250550244735718,0.0,0.0,48,9
2026-03-13,1374663_U_17,2,480,530,7251.0,10345.0,0.7009183180280328,0.0,0.0,48,10
2026-03-13,1413904_U_3,2,532,616,7972.0,9443.0,0.8442232341416923,0.0,0.0,OC2,9
2026-03-13,1374663_U_25,2,542,586,8242.0,8902.0,0.9258593574477646,0.0,0.0,48,10
2026-03-13,1374663_U_93,2,557,573,8528.0,8768.0,0.9726277372262774,0.0,0.0,48,10
2026-03-13,1374663_U_112,2,427,679,6396.0,10179.0,0.6283524904214559,0.0,0.0,48,11
2026-03-13,1374663_U_30,3,403,735,7566.0,10749.0,0.7038794306447111,1787.0,0.23618821041501453,48,11
2026-03-13,1399122_U_30,2,593,1101,9263.0,16800.0,0.5513690476190476,78.0,0.008420598078376336,38A,12
2026-03-13,1411585_U_79,2,600,604,9849.0,10569.0,0.9318762418393415,0.0,0.0,35,10
2026-03-13,1374663_U_35,2,194,294,2898.0,4311.0,0.6722338204592901,75.0,0.025879917184265012,48,10
2026-03-13,1345046_U_22,2,625,695,9369.0,9908.0,0.9455995155429956,497.0,0.05304728359483403,39A,10
2026-03-13,1374663_U_4,3,201,297,3003.0,4564.0,0.6579754601226994,0.0,0.0,48,11
2026-03-13,1399122_U_43,2,457,840,6846.0,11741.0,0.5830849161059535,841.0,0.12284545720128542,38A,12
2026-03-13,1374663_U_44,2,326,607,5686.0,8708.0,0.6529627928341755,1182.0,0.20787900105522336,48,12
2026-03-13,1374663_U_72,2,148,174,2206.0,2597.0,0.849441663457836,0.0,0.0,48,11
2026-03-13,1345046_U_37,2,289,329,4322.0,4893.0,0.8833026772940936,15.0,0.0034706154558074966,39A,11
2026-03-13,1364751_U_96,2,368,458,5656.0,25606.0,0.22088572990705305,0.0,0.0,46,17
2026-03-13,1399122_U_38,2,450,493,6741.0,9127.0,0.7385778459515723,0.0,0.0,38A,12
2026-03-13,1413904_U_67,2,422,707,6320.0,10599.0,0.5962826681762431,0.0,0.0,OC2,13
2026-03-13,1474792_U_19,2,127,172,1891.0,14437.0,0.1309828911823786,0.0,0.0,26,12
2026-03-13,1364748_U_66,2,308,399,4850.0,7506.0,0.6461497468691714,0.0,0.0,36,12
2026-03-13,1345046_U_32,2,115,191,1711.0,5705.0,0.2999123575810692,0.0,0.0,39A,12
2026-03-13,1413904_U_4,2,411,651,6230.0,9833.0,0.6335807993491305,0.0,0.0,OC2,13
2026-03-13,1364748_U_85,2,238,376,3558.0,6741.0,0.5278148642634624,0.0,0.0,36,13
2026-03-13,1345046_U_51,3,302,671,4589.0,11075.0,0.4143566591422122,0.0,0.0,39A,14
2026-03-13,1364755_U_13,2,554,594,8302.0,8483.0,0.9786632087704822,405.0,0.0487834256805589,55A,12
2026-03-13,1374663_U_26,2,474,602,7101.0,9234.0,0.7690058479532164,0.0,0.0,48,13
2026-03-13,1349260_U_17,2,236,368,4369.0,8092.0,0.5399159663865546,0.0,0.0,24,13
2026-03-13,1393827_U_135,2,252,340,3768.0,5119.0,0.7360812658722407,0.0,0.0,45,13
2026-03-13,1431265_U_126,2,273,317,4084.0,4745.0,0.860695468914647,0.0,0.0,49.2,12
2026-03-13,1393827_U_25,2,82,138,1216.0,2027.0,0.5999013320177602,14.0,0.011513157894736841,45,12
2026-03-13,1431265_U_120,2,241,273,3603.0,4204.0,0.8570409134157945,0.0,0.0,49.2,12
2026-03-13,1374663_U_94,2,240,308,3588.0,4277.0,0.8389057750759878,316.0,0.08807134894091416,48,13
2026-03-13,1431265_U_131,2,247,346,3693.0,5284.0,0.6989023467070401,0.0,0.0,49.2,13
2026-03-13,1431265_U_136,2,276,350,4128.0,5164.0,0.7993803253292022,59.0,0.014292635658914728,49.2,13
2026-03-13,1413903_U_29,2,168,243,2507.0,26776.0,0.09362862264714669,0.0,0.0,OC3,13
2026-03-13,1413903_U_18,2,730,881,11030.0,21719.0,0.5078502693494176,0.0,0.0,OC3,13
2026-03-13,1345046_U_38,2,485,521,7336.0,7935.0,0.9245116572148708,0.0,0.0,39A,13
2026-03-13,1414833_U_35,2,525,573,7936.0,8116.0,0.9778215869886644,525.0,0.06615423387096774,OC1,13
2026-03-13,1393827_U_60,2,200,232,3057.0,5684.0,0.5378254750175933,0.0,0.0,45,14
2026-03-13,T75280,28,1835,36254,28979.0,29624.0,0.9782271131514988,26411.0,0.9113841057317368,47,15
2026-03-13,T75279,64,1843,48634,29624.0,36270.0,0.8167631651502619,29624.0,1.0,30,15
2026-03-13,T75282,3,1230,2199,18929.0,25575.0,0.7401368523949169,14274.0,0.7540810396745734,47A,15
2026-03-13,T75281,5,1142,3750,17578.0,32862.0,0.5349035359990262,16347.0,0.9299692797815451,47B,15
2026-03-13,1393827_U_17,2,215,356,3719.0,5416.0,0.6866691285081241,405.0,0.10890024200053777,45,14
2026-03-13,1393827_U_136,2,85,168,1261.0,2807.0,0.4492340577128607,0.0,0.0,45,14
2026-03-13,1399122_U_19,2,822,928,12516.0,14122.0,0.8862767313411698,0.0,0.0,38A,14
2026-03-13,1393827_U_124,2,229,312,4875.0,4875.0,1.0,1233.0,0.2529230769230769,45,14
2026-03-13,1364755_U_48,2,532,589,9258.0,9258.0,1.0,840.0,0.09073233959818536,55A,14
2026-03-13,1411585_U_12,2,228,260,3469.0,11226.0,0.3090147871013718,0.0,0.0,35,16
2026-03-13,1364755_U_52,2,269,397,4549.0,7081.0,0.6424233865273267,0.0,0.0,55A,15
2026-03-13,1399122_U_34,2,825,837,12565.0,12730.0,0.9870384917517675,0.0,0.0,38A,14
2026-03-13,1413904_U_21,2,569,581,8642.0,9183.0,0.9410867908091037,0.0,0.0,OC2,14
2026-03-13,1364755_U_7,2,425,634,6410.0,9303.0,0.6890250456841879,495.0,0.07722308892355695,55A,15
2026-03-13,1364755_U_25,2,446,575,6741.0,9258.0,0.7281270252754375,0.0,0.0,55A,15
2026-03-13,1414833_U_29,2,328,617,4999.0,9053.0,0.5521926433226555,285.0,0.05701140228045609,OC1,16
2026-03-13,1393827_U_18,2,240,405,3619.0,5241.0,0.6905170768937225,915.0,0.2528322741088699,45,15
2026-03-13,1393827_U_27,2,266,395,4009.0,5870.0,0.6829642248722317,75.0,0.018707907208780246,45,16
2026-03-13,1414833_U_65,2,284,501,4308.0,7881.0,0.546631138180434,0.0,0.0,OC1,16
2026-03-13,1393827_U_52,2,284,377,4282.0,5783.0,0.7404461352239322,0.0,0.0,45,16
2026-03-13,1364755_U_35,2,500,635,7671.0,10494.0,0.730989136649514,15.0,0.0019554165037152915,55A,16
2026-03-13,1364755_U_21,2,398,535,6487.0,8589.0,0.7552683665153103,0.0,0.0,55A,16
2026-03-13,1345046_U_17,2,532,581,8150.0,9894.0,0.823731554477461,0.0,0.0,39A,16
2026-03-13,1364755_U_31,2,516,594,8120.0,9562.0,0.849194729136164,0.0,0.0,55A,16
2026-03-13,1399122_U_4,2,836,997,12728.0,15100.0,0.8429139072847682,45.0,0.003535512256442489,38A,16
2026-03-13,1364755_U_41,2,623,645,9563.0,9861.0,0.9697799411824358,15.0,0.0015685454355327825,55A,16
2026-03-13,1413904_U_35,2,562,933,8600.0,13719.0,0.6268678475107515,465.0,0.05406976744186046,OC2,16
2026-03-13,1399122_U_44,2,824,907,12549.0,13869.0,0.9048237075492105,0.0,0.0,38A,16
2026-03-13,1364746_U_63,2,114,146,1719.0,2267.0,0.7582708425231584,0.0,0.0,34A,16
2026-03-13,1393827_U_46,2,347,406,5331.0,6081.0,0.876665022200296,135.0,0.025323579065841307,45,16
2026-03-13,1364751_U_29,2,753,879,11438.0,14558.0,0.785684846819618,0.0,0.0,46,17
2026-03-13,1364755_U_53,2,323,640,5607.0,10595.0,0.5292118924020764,0.0,0.0,55A,18
2026-03-13,1364751_U_6,2,665,838,10133.0,12654.0,0.8007744586691955,136.0,0.013421494128096319,46,17
2026-03-13,1393827_U_62,2,127,211,1906.0,3049.0,0.6251229911446375,135.0,0.0708289611752361,45,16
2026-03-13,1364748_U_79,2,245,264,3737.0,6890.0,0.5423802612481857,0.0,0.0,36,17
2026-03-13,1364755_U_49,2,337,600,5149.0,9142.0,0.5632246773134981,18.0,0.0034958244319285296,55A,18
2026-03-13,1393827_U_147,2,318,394,4910.0,6200.0,0.7919354838709678,0.0,0.0,45,17
2026-03-13,1413903_U_54,2,384,477,5779.0,11243.0,0.5140087165347327,0.0,0.0,OC3,18
2026-03-13,1393827_U_53,2,368,457,5656.0,7039.0,0.8035232277312118,0.0,0.0,45,17
2026-03-13,1393827_U_126,2,299,456,4564.0,7085.0,0.6441778405081158,0.0,0.0,45,17
2026-03-13,1393827_U_28,2,388,455,6079.0,7070.0,0.8598302687411599,15.0,0.0024675111037999672,45,17
2026-03-13,1393827_U_68,2,113,211,1699.0,3138.0,0.541427660930529,75.0,0.04414361389052384,45,17
2026-03-13,1481779_U_125,2,226,390,3377.0,17995.0,0.18766323978883023,0.0,0.0,67,21
2026-03-13,1374663_U_110,2,617,678,9548.0,11979.0,0.7970615243342516,0.0,0.0,48,17
2026-03-13,1414833_U_30,2,547,651,8331.0,15491.0,0.5377961396940159,0.0,0.0,OC1,17
2026-03-13,1364751_U_12,2,700,826,10583.0,11962.0,0.8847182745360308,571.0,0.053954455258433336,46,18
2026-03-13,1364751_U_53,2,741,743,11199.0,12970.0,0.8634541249036237,0.0,0.0,46,18
2026-03-13,1413904_U_29,2,173,300,2595.0,4486.0,0.5784663397235845,74.0,0.028516377649325627,OC2,18
2026-03-13,1359254_U_77,2,330,465,4970.0,7131.0,0.6969569485345674,0.0,0.0,62,18
2026-03-13,1364748_U_8,2,170,276,2553.0,3648.0,0.6998355263157895,482.0,0.18879749314531924,36,19
2026-03-13,1413904_U_6,2,246,329,3691.0,5103.0,0.7233000195963158,0.0,0.0,OC2,18
2026-03-13,1399122_U_20,2,447,800,7505.0,12938.0,0.5800742000309167,0.0,0.0,38A,19
2026-03-13,1393827_U_38,2,318,388,4790.0,5900.0,0.811864406779661,0.0,0.0,45,18
2026-03-13,1399122_U_55,2,605,901,9667.0,14141.0,0.6836150201541616,0.0,0.0,38A,19
2026-03-13,1414833_U_52,2,501,515,7535.0,10793.0,0.6981376818308163,0.0,0.0,OC1,18
2026-03-13,1393827_U_47,2,351,391,5284.0,5851.0,0.9030934882925996,19.0,0.003595760787282362,45,18
2026-03-13,1393827_U_148,2,333,359,5014.0,6214.0,0.8068876729964596,0.0,0.0,45,18
2026-03-13,1393827_U_63,2,151,167,2266.0,5509.0,0.41132691958613177,0.0,0.0,45,19
2026-03-13,1413903_U_61,2,607,750,9127.0,9127.0,1.0,2131.0,0.23348307220335268,OC3,18
2026-03-13,1364748_U_16,2,321,465,4938.0,7069.0,0.6985429339369076,15.0,0.003037667071688943,36,18
2026-03-13,1477764_U_92,2,436,575,6770.0,8121.0,0.8336411771949267,721.0,0.10649926144756278,61,19
2026-03-13,1364748_U_80,2,267,493,4007.0,7475.0,0.5360535117056856,0.0,0.0,36,19
2026-03-13,1414833_U_23,2,441,687,6612.0,12518.0,0.5281993928742611,0.0,0.0,OC1,19
2026-03-13,1393827_U_120,2,156,184,2341.0,8121.0,0.2882649919960596,0.0,0.0,45,19
2026-03-13,1413904_U_50,2,472,541,7083.0,9185.0,0.7711486118671748,0.0,0.0,OC2,19
2026-03-13,1379485_U_43,2,262,301,4683.0,8977.0,0.521666481007018,0.0,0.0,53,19
2026-03-13,1413904_U_56,2,441,657,6620.0,10769.0,0.6147274584455381,0.0,0.0,OC2,19
2026-03-13,1374663_U_21,3,247,532,3858.0,8557.0,0.45085894589225195,0.0,0.0,48,20
2026-03-13,1393827_U_149,2,172,283,2567.0,5044.0,0.5089214908802537,0.0,0.0,45,20
2026-03-13,1393827_U_141,2,137,182,2042.0,5074.0,0.4024438312968073,0.0,0.0,45,21
2026-03-13,1374663_U_14,2,259,387,3918.0,5720.0,0.6849650349650349,105.0,0.02679938744257274,48,20
2026-03-13,1349260_U_28,2,131,225,1953.0,3288.0,0.593978102189781,61.0,0.03123399897593446,24,20
2026-03-13,1374663_U_47,2,354,538,5299.0,8427.0,0.628812151418061,165.0,0.031137950556708812,48,20
2026-03-13,1379485_U_109,2,211,314,4730.0,5945.0,0.7956265769554247,316.0,0.0668076109936575,53,20
2026-03-13,1374663_U_38,2,220,435,3864.0,7887.0,0.4899201217192849,0.0,0.0,48,22
2026-03-13,1374663_U_97,2,319,480,5921.0,8473.0,0.6988079782839608,0.0,0.0,48,21
2026-03-14,T75279,52,4159,57541,65623.0,86387.0,0.7596397606121291,60683.0,0.9247215153223717,30,4
2026-03-14,T75280,17,3868,34716,58431.0,84450.0,0.6919005328596803,57590.0,0.9856069552121306,47,5
2026-03-14,1314437_S_1,3,390,489,5841.0,21981.0,0.2657294936536099,0.0,0.0,36,8
2026-03-14,T75281,3,3244,6292,48853.0,54813.0,0.8912666703154362,22940.0,0.46957198124987204,47B,6
2026-03-14,1437078_S_4,2,166,241,2509.0,3560.0,0.7047752808988764,75.0,0.029892387405340774,41BC,8
2026-03-14,1357583_S_83,2,206,342,4158.0,6230.0,0.6674157303370787,0.0,0.0,33,8
2026-03-14,1257558_S_17,2,158,308,2357.0,4128.0,0.5709786821705426,465.0,0.1972846839202376,32,9
2026-03-14,1357583_S_39,3,202,388,3017.0,6921.0,0.4359196647883254,0.0,0.0,33,10
2026-03-14,1357583_S_4,2,208,342,3108.0,5120.0,0.60703125,14.0,0.0045045045045045045,33,9
2026-03-14,1357583_S_106,2,154,274,2301.0,4733.0,0.4861609972533277,0.0,0.0,33,10
2026-03-14,1357583_S_50,2,212,282,3228.0,4279.0,0.7543818649217107,0.0,0.0,33,9
2026-03-14,1289456_S_68,2,341,379,5495.0,6184.0,0.8885834411384217,0.0,0.0,67,10
2026-03-14,1365861_S_37,2,279,404,4171.0,8315.0,0.5016235718580878,0.0,0.0,49.2,10
2026-03-14,1357583_S_95,2,439,451,6935.0,7506.0,0.9239275246469492,0.0,0.0,33,11
2026-03-14,1247883_S_50,2,616,670,9308.0,10088.0,0.9226804123711341,15.0,0.0016115169746454662,48,11
2026-03-14,1247889_S_85,2,511,685,8347.0,10961.0,0.7615181096615272,0.0,0.0,46,11
2026-03-14,1357583_S_10,2,385,459,5765.0,7417.0,0.7772684373736012,0.0,0.0,33,11
2026-03-14,1247864_S_7,2,352,424,5795.0,11380.0,0.5092267135325131,0.0,0.0,53,11
2026-03-14,1357583_S_52,2,270,392,4036.0,6108.0,0.6607727570399476,0.0,0.0,33,12
2026-03-14,1247889_S_32,2,455,675,7086.0,10389.0,0.6820675714698239,0.0,0.0,46,11
2026-03-14,1357583_S_21,3,540,907,8092.0,13061.0,0.6195543985912257,931.0,0.11505190311418685,33,13
2026-03-14,1257562_S_17,2,329,611,4924.0,8648.0,0.5693802035152636,495.0,0.10052802599512592,OC2,11
2026-03-14,1357583_S_85,3,284,444,4834.0,7116.0,0.6793142214727375,195.0,0.04033926354985519,33,11
2026-03-14,1357583_S_41,2,236,434,3526.0,8497.0,0.4149699894080264,0.0,0.0,33,13
2026-03-14,1247889_S_53,2,344,421,5840.0,6455.0,0.9047250193648335,525.0,0.0898972602739726,46,12
2026-03-14,1357583_S_108,2,233,390,3585.0,6077.0,0.5899292414020075,0.0,0.0,33,12
2026-03-14,1220192_S_39,2,190,194,2838.0,6171.0,0.45989304812834225,0.0,0.0,62,13
2026-03-14,1285376_S_42,2,228,230,3408.0,3482.0,0.9787478460654796,0.0,0.0,49.1,12
2026-03-14,1357583_S_63,2,87,167,1292.0,2493.0,0.5182511030886482,0.0,0.0,33,12
2026-03-14,1247864_S_8,2,339,447,5942.0,11377.0,0.52228179660719,0.0,0.0,53,12
2026-03-14,1220192_S_35,2,112,121,1668.0,1923.0,0.8673946957878315,0.0,0.0,62,12
2026-03-14,1357583_S_11,2,604,630,10824.0,11215.0,0.9651359786000892,0.0,0.0,33,13
2026-03-14,1257562_S_51,2,44,80,642.0,1213.0,0.5292662819455894,0.0,0.0,OC2,13
2026-03-14,1247889_S_15,2,606,699,9534.0,12777.0,0.7461845503639352,0.0,0.0,46,14
2026-03-14,1247889_S_9,2,409,449,7461.0,7461.0,1.0,2252.0,0.3018362149845865,46,13
2026-03-14,1247889_S_80,2,710,788,11065.0,12893.0,0.8582176374777011,0.0,0.0,46,13
2026-03-14,1257562_S_52,2,542,636,8122.0,9743.0,0.8336241404084984,0.0,0.0,OC2,13
2026-03-14,1247857_S_17,2,64,108,2056.0,5449.0,0.3773169388878693,0.0,0.0,34A,14
2026-03-14,1257562_S_10,2,466,504,7132.0,8212.0,0.8684851436921578,0.0,0.0,OC2,13
2026-03-14,1247889_S_83,2,712,718,11575.0,11575.0,1.0,76.0,0.006565874730021598,46,13
2026-03-14,1247889_S_28,2,186,362,2807.0,5450.0,0.515045871559633,0.0,0.0,46,13
2026-03-14,1247864_S_9,2,264,368,4158.0,9233.0,0.45034116755117515,0.0,0.0,53,14
2026-03-14,1257562_S_18,2,530,708,8092.0,10764.0,0.7517651430694909,0.0,0.0,OC2,14
2026-03-14,1247889_S_21,3,562,602,8483.0,9113.0,0.9308679907823988,0.0,0.0,46,14
2026-03-14,1257562_S_24,2,410,575,6893.0,9670.0,0.71282316442606,0.0,0.0,OC2,14
2026-03-14,1247883_S_27,2,570,602,8542.0,9743.0,0.8767320127270861,0.0,0.0,48,14
2026-03-14,1257563_S_6,2,358,660,5571.0,10374.0,0.5370156159629844,0.0,0.0,OC3,15
2026-03-14,1247879_S_4,2,619,763,9517.0,11680.0,0.8148116438356164,0.0,0.0,38A,15
2026-03-14,1247889_S_55,2,564,720,8872.0,11184.0,0.7932761087267525,45.0,0.005072137060414788,46,15
2026-03-14,1247889_S_10,2,545,655,8421.0,10554.0,0.797896532120523,0.0,0.0,46,15
2026-03-14,1257562_S_42,2,272,505,4069.0,7868.0,0.5171581087951195,15.0,0.0036864094372081593,OC2,15
2026-03-14,1257563_S_33,2,400,692,6005.0,10119.0,0.5934380867674671,256.0,0.042631140716069944,OC3,16
2026-03-14,1247879_S_29,2,697,741,10808.0,11469.0,0.9423663789345191,0.0,0.0,38A,15
2026-03-14,1247857_S_29,2,128,206,2508.0,5089.0,0.49282766751817647,0.0,0.0,34A,15
2026-03-14,1247889_S_76,2,524,762,7851.0,11424.0,0.6872373949579832,0.0,0.0,46,17
2026-03-14,1247889_S_22,2,688,903,10313.0,12971.0,0.7950813352864081,555.0,0.053815572578299234,46,17
2026-03-14,1365861_S_68,2,287,341,4294.0,4429.0,0.9695190787988259,661.0,0.15393572426641824,49.2,16
2026-03-14,1247889_S_4,2,483,601,7341.0,9113.0,0.805552507407001,0.0,0.0,46,17
2026-03-14,1247883_S_57,2,111,145,1652.0,1697.0,0.9734826163818503,451.0,0.27300242130750607,48,16
2026-03-14,1357583_S_55,2,266,437,3979.0,6681.0,0.5955695255201318,0.0,0.0,33,16
2026-03-14,1357583_S_33,2,229,401,3438.0,6020.0,0.5710963455149501,15.0,0.004363001745200698,33,16
2026-03-14,1247883_S_28,2,550,708,8241.0,10615.0,0.7763542157324541,0.0,0.0,48,17
2026-03-14,1247882_S_45,2,396,506,5929.0,7581.0,0.7820867959372114,0.0,0.0,39A,17
2026-03-14,1247883_S_58,2,491,601,7551.0,9203.0,0.8204933173965011,0.0,0.0,48,17
2026-03-14,1247889_S_38,2,579,834,8722.0,12520.0,0.6966453674121406,15.0,0.00171978903921119,46,17
2026-03-14,1247882_S_28,2,408,468,6110.0,7011.0,0.8714876622450435,0.0,0.0,39A,17
2026-03-14,1247889_S_44,3,563,850,8437.0,12281.0,0.6869961729500855,420.0,0.04978072774682944,46,17
2026-03-14,1247889_S_50,2,478,847,7161.0,13211.0,0.5420482930890924,0.0,0.0,46,17
2026-03-14,1220192_S_51,3,358,728,5360.0,21364.0,0.2508893465643138,0.0,0.0,62,18
2026-03-14,1247889_S_56,2,384,757,5780.0,11590.0,0.4987057808455565,0.0,0.0,46,18
2026-03-14,1247861_S_51,2,169,201,2523.0,3078.0,0.8196881091617934,0.0,0.0,45,18
2026-03-14,1247889_S_11,2,459,804,6875.0,12280.0,0.5598534201954397,195.0,0.028363636363636365,46,19
2026-03-14,1357583_S_26,2,282,378,4309.0,7161.0,0.6017316017316018,0.0,0.0,33,19
2026-03-14,1357583_S_67,2,238,381,3618.0,5766.0,0.627471383975026,0.0,0.0,33,19
2026-03-14,1357583_S_79,2,412,426,6200.0,7656.0,0.8098223615464994,0.0,0.0,33,19
2026-03-14,1247883_S_29,2,433,564,6485.0,8452.0,0.7672740179839092,0.0,0.0,48,19
2026-03-14,1357583_S_90,2,347,371,5435.0,5435.0,1.0,345.0,0.06347746090156393,33,20
2026-03-14,1247883_S_59,2,385,580,5765.0,8753.0,0.6586313264023763,0.0,0.0,48,20
2026-03-15,T75279,33,5331,27842,84458.0,86381.0,0.9777381600120397,64294.0,0.761254114471098,30,0
2026-03-15,T75280,8,3729,21151,57433.0,85736.0,0.6698819632359803,54220.0,0.9440565528528895,47,5
2026-03-15,1350107_D_7,2,412,524,6171.0,7853.0,0.7858143384693748,0.0,0.0,OC3,5
2026-03-15,1363305_D_3,2,192,310,2868.0,4129.0,0.6945991765560668,496.0,0.17294281729428174,32,7
2026-03-15,1350100_D_2,2,462,544,6921.0,8183.0,0.8457778320909202,0.0,0.0,55A,8
2026-03-15,1247897_D_34,2,472,544,7072.0,7072.0,1.0,1067.0,0.15087669683257918,39A,11
2026-03-15,1350094_D_6,2,120,164,1787.0,5510.0,0.32431941923774954,0.0,0.0,34A,12
2026-03-15,1350092_D_24,2,288,450,4309.0,7131.0,0.6042630767073341,0.0,0.0,33,12
2026-03-15,1350092_D_74,2,284,410,4279.0,5870.0,0.7289608177172061,285.0,0.06660434681000234,33,12
2026-03-15,1350092_D_45,2,186,361,2778.0,6081.0,0.4568327577701036,135.0,0.04859611231101512,33,13
2026-03-15,1350092_D_65,2,274,410,4246.0,5897.0,0.7200271324402239,375.0,0.08831841733396137,33,14
2026-03-15,1350095_D_26,2,217,297,3377.0,6139.0,0.5500895911386219,0.0,0.0,36,14
2026-03-15,1350094_D_17,2,245,257,3891.0,5449.0,0.7140759772435309,0.0,0.0,34A,14
2026-03-15,1285364_D_30,2,149,161,2354.0,3555.0,0.6621659634317862,0.0,0.0,49.1,14
2026-03-15,1247933_D_60,2,217,303,3318.0,4636.0,0.7157031924072477,75.0,0.022603978300180832,45,15
2026-03-15,1247933_D_27,2,199,237,2995.0,4043.0,0.7407865446450655,0.0,0.0,45,15
2026-03-15,1350092_D_46,2,243,464,4023.0,7473.0,0.5383380168606985,17.0,0.004225702212279393,33,15
2026-03-15,1350092_D_66,2,255,365,3828.0,5509.0,0.6948629515338537,0.0,0.0,33,15
2026-03-15,1350095_D_45,2,275,317,4129.0,4249.0,0.9717580607201695,495.0,0.11988374909178978,36,15
2026-03-15,1247933_D_28,2,218,226,3272.0,3723.0,0.8788611334944937,0.0,0.0,45,15
2026-03-15,1247933_D_61,2,216,236,3272.0,3573.0,0.9157570668905681,0.0,0.0,45,15
2026-03-15,1247897_D_6,2,247,269,3918.0,8745.0,0.4480274442538594,0.0,0.0,39A,17
2026-03-15,1247933_D_29,2,213,215,3198.0,4484.0,0.7132024977698483,0.0,0.0,45,17
2026-03-15,1350092_D_67,2,328,334,5059.0,5059.0,1.0,75.0,0.014825064241945048,33,17
2026-03-15,1247897_D_22,2,371,502,5570.0,7552.0,0.737552966101695,0.0,0.0,39A,17
2026-03-15,1350107_D_29,2,398,412,5976.0,12732.0,0.46936852026390197,0.0,0.0,OC3,19
2026-03-15,1247897_D_52,2,368,372,5840.0,5900.0,0.9898305084745763,0.0,0.0,39A,17
2026-03-15,1247933_D_63,2,196,281,2988.0,4459.0,0.6701054047992824,0.0,0.0,45,18
2026-03-15,1247933_D_30,2,210,290,3678.0,4699.0,0.7827197276016173,167.0,0.04540511147362697,45,18
2026-03-15,1350092_D_48,2,316,320,4954.0,5043.0,0.9823517747372595,0.0,0.0,33,18
2026-03-15,1350092_D_28,2,177,348,4293.0,7475.0,0.5743143812709031,0.0,0.0,33,18
2026-03-15,1247894_D_53,2,294,534,4399.0,8002.0,0.5497375656085979,0.0,0.0,35,18
2026-03-15,1350092_D_19,2,266,430,4008.0,6921.0,0.5791070654529692,0.0,0.0,33,18
2026-03-15,1247933_D_31,2,138,222,3199.0,5750.0,0.5563478260869565,0.0,0.0,45,19
2026-03-15,1247933_D_64,2,163,305,2675.0,4430.0,0.6038374717832957,393.0,0.1469158878504673,45,19
2026-03-15,1247894_D_11,2,214,365,3197.0,5597.0,0.5711988565302841,0.0,0.0,35,19
2026-03-15,1247897_D_37,2,382,528,5781.0,8061.0,0.7171566803126163,0.0,0.0,39A,19
2026-03-15,1350092_D_78,3,190,404,2956.0,6861.0,0.43084098527911385,0.0,0.0,33,21
2026-03-15,1350092_D_57,2,236,409,4564.0,7687.0,0.5937296734746975,180.0,0.03943908851884312,33,20
2026-03-15,1247933_D_32,2,190,241,3618.0,5659.0,0.6393355716557696,60.0,0.01658374792703151,45,20
2026-03-15,1350092_D_49,2,194,268,3167.0,4278.0,0.7402992052360916,15.0,0.00473634354278497,33,20
2026-03-15,1247933_D_65,2,137,213,2072.0,3333.0,0.6216621662166216,0.0,0.0,45,20
2026-03-15,1350092_D_29,2,331,347,5136.0,6667.0,0.7703614819259037,0.0,0.0,33,21
2026-03-15,1247894_D_54,2,252,348,3903.0,5374.0,0.7262746557499069,0.0,0.0,35,21
2026-03-15,1247894_D_12,2,321,391,5525.0,6606.0,0.8363608840448078,0.0,0.0,35,21
2026-03-16,T75279,69,5021,103381,77795.0,86067.0,0.9038888307946135,60515.0,0.7778777556398226,30,0
2026-03-16,T75280,35,3808,73209,57813.0,85797.0,0.6738347494667646,57333.0,0.9916973691038348,47,5
2026-03-16,1359254_U_4,2,502,596,7553.0,9804.0,0.7703998368013056,0.0,0.0,62,5
2026-03-16,1359254_U_7,2,249,353,3725.0,9324.0,0.3995066495066495,0.0,0.0,62,5
2026-03-16,1359254_U_10,2,478,818,7162.0,12086.0,0.5925864636769816,164.0,0.022898631667132085,62,5
2026-03-16,1359254_U_13,2,476,762,7131.0,13512.0,0.5277531083481349,0.0,0.0,62,7
2026-03-16,1359254_U_22,2,576,938,9049.0,16589.0,0.5454819458677437,0.0,0.0,62,8
2026-03-16,1359254_U_25,2,316,474,4729.0,12475.0,0.37907815631262526,0.0,0.0,62,6
2026-03-16,T75281,8,3237,10367,49675.0,60377.0,0.8227470725607433,48923.0,0.984861600402617,47B,6
2026-03-16,1359254_U_28,2,627,917,11153.0,20583.0,0.5418549288247583,0.0,0.0,62,8
2026-03-16,1359254_U_16,3,412,599,6170.0,9712.0,0.6352965403624382,15.0,0.0024311183144246355,62,7
2026-03-16,1359254_U_31,2,527,741,8661.0,18361.0,0.4717063340776646,0.0,0.0,62,9
2026-03-16,1431265_U_67,2,302,542,4517.0,20910.0,0.21602104256336682,0.0,0.0,49.2,6
2026-03-16,1359254_U_34,2,459,651,7342.0,18540.0,0.3960086299892125,0.0,0.0,62,9
2026-03-16,1431265_U_73,2,348,639,5208.0,23342.0,0.22311712792391397,0.0,0.0,49.2,11
2026-03-16,T75282,7,1534,6143,23647.0,52752.0,0.448267364270549,21936.0,0.9276440986171607,47A,6
2026-03-16,1431265_U_79,2,329,619,4926.0,24816.0,0.1985009671179884,0.0,0.0,49.2,6
2026-03-16,1359254_U_37,2,448,586,6950.0,19739.0,0.3520948376310857,0.0,0.0,62,10
2026-03-16,1431265_U_85,2,318,618,4819.0,27937.0,0.17249525718581094,0.0,0.0,49.2,13
2026-03-16,1431265_U_91,2,324,627,4849.0,30190.0,0.1606160980457105,0.0,0.0,49.2,6
2026-03-16,1359254_U_40,2,721,811,12069.0,26451.0,0.45627764545763866,0.0,0.0,62,10
2026-03-16,1431265_U_103,2,317,589,4761.0,32683.0,0.14567206192821958,0.0,0.0,49.2,15
2026-03-16,1429985_U_76,2,246,430,3678.0,6500.0,0.5658461538461539,0.0,0.0,49.1,7
2026-03-16,1481779_U_75,2,45,49,663.0,663.0,1.0,46.0,0.0693815987933635,67,7
2026-03-16,1431265_U_62,2,296,420,4429.0,14277.0,0.31021923373257687,0.0,0.0,49.2,7
2026-03-16,1431265_U_68,2,308,606,4639.0,16919.0,0.2741887818428985,0.0,0.0,49.2,11
2026-03-16,1431265_U_109,2,325,597,4911.0,33550.0,0.1463785394932936,0.0,0.0,49.2,15
2026-03-16,1431265_U_74,2,350,516,5241.0,19411.0,0.2700015455154294,0.0,0.0,49.2,11
2026-03-16,1431265_U_86,2,320,628,4863.0,23929.0,0.2032262108738351,0.0,0.0,49.2,13
2026-03-16,1431265_U_80,2,302,574,4519.0,20849.0,0.21674900474842917,0.0,0.0,49.2,12
2026-03-16,1431265_U_92,2,294,588,4395.0,25562.0,0.1719349033721931,0.0,0.0,49.2,8
2026-03-16,1474792_U_9,2,324,346,4844.0,20727.0,0.2337048294495103,0.0,0.0,26,8
2026-03-16,1431265_U_104,2,330,653,4935.0,28926.0,0.17060775772661274,0.0,0.0,49.2,8
2026-03-16,1431265_U_98,2,240,363,3584.0,26493.0,0.13528101762729777,0.0,0.0,49.2,8
2026-03-16,1431265_U_63,3,270,545,4095.0,24602.0,0.1664498821234046,0.0,0.0,49.2,8
2026-03-16,1431265_U_110,2,308,593,4667.0,29678.0,0.1572545319765483,0.0,0.0,49.2,9
2026-03-16,1431265_U_81,2,314,615,4878.0,17267.0,0.2825041987606417,0.0,0.0,49.2,9
2026-03-16,1431265_U_87,2,318,630,4969.0,19742.0,0.25169688987944483,0.0,0.0,49.2,13
2026-03-16,1431265_U_111,2,321,530,4852.0,25208.0,0.1924785782291336,0.0,0.0,49.2,15
2026-03-16,1431265_U_64,2,207,393,3109.0,5810.0,0.5351118760757315,77.0,0.024766806046960438,49.2,10
2026-03-16,1431265_U_82,2,316,441,4774.0,12910.0,0.3697908597986057,0.0,0.0,49.2,12
2026-03-16,1359254_U_41,2,422,520,6323.0,8426.0,0.7504153809636839,0.0,0.0,62,11
2026-03-16,1359254_U_48,2,242,274,3615.0,4369.0,0.8274204623483634,0.0,0.0,62,11
2026-03-16,1474792_U_19,2,152,242,2326.0,14847.0,0.15666464605644237,0.0,0.0,26,12
2026-03-16,1359254_U_47,2,196,202,2927.0,3108.0,0.9417631917631918,0.0,0.0,62,12
2026-03-16,1431265_U_78,2,338,362,5061.0,14067.0,0.35977820430795476,0.0,0.0,49.2,12
2026-03-16,1349260_U_17,2,281,357,4998.0,9232.0,0.5413778162911612,0.0,0.0,24,13
2026-03-16,1359254_U_53,2,464,490,7551.0,8062.0,0.9366162242619698,0.0,0.0,62,13
2026-03-16,1359254_U_54,2,228,232,3650.0,3712.0,0.9832974137931034,0.0,0.0,62,12
2026-03-16,1439975_U_79,2,442,460,6861.0,8752.0,0.7839351005484461,0.0,0.0,31,14
2026-03-16,1477768_U_41,2,346,366,5569.0,13015.0,0.4278908951210142,0.0,0.0,41JB,16
2026-03-16,1359254_U_61,2,292,323,4414.0,9789.0,0.45091429155174173,0.0,0.0,62,16
2026-03-16,1429985_U_63,2,262,311,3920.0,7013.0,0.5589619278482818,0.0,0.0,49.1,15
2026-03-16,1431265_U_105,2,327,564,4912.0,5720.0,0.8587412587412587,2780.0,0.5659609120521173,49.2,15
2026-03-16,1431265_U_107,2,219,255,3317.0,3888.0,0.8531378600823045,0.0,0.0,49.2,16
2026-03-16,1429985_U_39,2,251,416,3842.0,5946.0,0.6461486713757147,359.0,0.09344091618948465,49.1,16
2026-03-16,1439975_U_68,2,253,349,4398.0,7521.0,0.5847626645392899,0.0,0.0,31,17
2026-03-16,1429985_U_40,2,393,395,5938.0,8587.0,0.6915104227320368,0.0,0.0,49.1,17
2026-03-17,T75280,32,1537,31528,23197.0,38810.0,0.5977067766039681,6247.0,0.2693020649221882,47,0
2026-03-17,T75279,65,2336,39864,36229.0,38810.0,0.9334965215150735,22251.0,0.6141764884484805,30,0
2026-03-17,T75281,6,1020,4220,16078.0,16679.0,0.9639666646681456,15387.0,0.9570220176638885,47B,6
2026-03-17,1477764_U_65,2,326,406,5418.0,8452.0,0.6410317084713677,0.0,0.0,61,7
2026-03-17,1429985_U_12,2,189,271,2836.0,4426.0,0.6407591504744691,0.0,0.0,49.1,7
2026-03-17,T75282,3,583,1030,8750.0,12382.0,0.7066709739945082,2838.0,0.32434285714285715,47A,7
2026-03-20,T75279,69,2107,55332,32857.0,32857.0,1.0,31746.0,0.9661868095078674,30,14
2026-03-20,T75280,29,1903,42273,28824.0,32857.0,0.8772559880695133,26842.0,0.9312378573411046,47,15
2026-03-20,T75281,4,1431,4388,21662.0,29089.0,0.7446801196328509,11243.0,0.5190194811190102,47B,16
2026-03-20,1429985_U_63,2,356,374,5390.0,5719.0,0.9424724602203183,0.0,0.0,49.1,15
2026-03-20,1429985_U_78,2,344,426,5149.0,7041.0,0.7312881692941343,135.0,0.026218683239463973,49.1,16
2026-03-20,1481779_U_87,2,374,382,5599.0,9803.0,0.5711516882586963,0.0,0.0,67,16
2026-03-20,1429985_U_73,2,222,264,3318.0,4638.0,0.7153945666235446,0.0,0.0,49.1,16
2026-03-20,1429985_U_83,2,268,409,4009.0,5659.0,0.7084290510690935,451.0,0.1124968820154652,49.1,16
2026-03-20,1429985_U_112,2,404,443,6052.0,8004.0,0.7561219390304847,0.0,0.0,49.1,16
2026-03-20,1431265_U_167,2,353,367,5285.0,7446.0,0.7097770615095353,0.0,0.0,49.2,16
2026-03-20,1493653_U_101,2,182,200,4144.0,4144.0,1.0,300.0,0.07239382239382239,33,16
2026-03-20,1496812_U_38,2,227,237,5014.0,5194.0,0.9653446284174046,91.0,0.01814918228958915,45,16
2026-03-20,1496812_U_124,2,96,102,2343.0,2643.0,0.8864926220204313,0.0,0.0,45,16
2026-03-20,1496812_U_149,2,183,270,3468.0,5930.0,0.584822934232715,0.0,0.0,45,17
2026-03-20,1496812_U_102,2,183,277,3464.0,6320.0,0.5481012658227848,0.0,0.0,45,17
2026-03-20,1497251_U_41,2,347,349,7161.0,7281.0,0.9835187474248043,0.0,0.0,OC1,16
2026-03-20,1497251_U_46,2,23,34,915.0,1186.0,0.7715008431703204,29.0,0.03169398907103825,OC1,16
2026-03-20,1496812_U_93,3,114,205,2116.0,5359.0,0.3948497854077253,0.0,0.0,45,17
2026-03-20,1496812_U_110,4,212,358,4006.0,6380.0,0.6278996865203762,419.0,0.10459311033449825,45,17
2026-03-20,1496812_U_27,2,276,361,5239.0,6981.0,0.750465549348231,0.0,0.0,45,17
2026-03-20,1493653_U_8,2,335,389,6424.0,8257.0,0.7780065399055347,60.0,0.00933997509339975,33,17
2026-03-20,1493653_U_83,2,329,332,7268.0,7268.0,1.0,29.0,0.0039900935608145295,33,16
2026-03-20,1496812_U_48,2,236,307,5614.0,7041.0,0.7973299247266014,0.0,0.0,45,17
2026-03-20,1496808_U_95,2,254,423,5734.0,8872.0,0.6463029756537421,75.0,0.013079874433205442,36,17
2026-03-20,1493653_U_183,3,254,315,4787.0,5825.0,0.8218025751072962,103.0,0.021516607478587843,33,17
2026-03-20,1496812_U_73,2,224,329,4608.0,6650.0,0.6929323308270676,0.0,0.0,45,17
2026-03-20,1493653_U_24,3,179,241,3407.0,4542.0,0.7501100836635843,0.0,0.0,33,17
2026-03-20,1497253_U_62,2,295,318,5599.0,5599.0,1.0,421.0,0.07519199857117342,OC3,17
2026-03-20,1493653_U_92,3,217,420,4172.0,8061.0,0.5175536533928793,0.0,0.0,33,18
2026-03-20,1481779_U_20,2,381,656,6199.0,11604.0,0.5342123405722164,0.0,0.0,67,17
2026-03-20,1497253_U_36,2,522,574,10026.0,11632.0,0.8619325997248969,0.0,0.0,OC3,17
2026-03-20,1493653_U_193,2,201,246,3766.0,4848.0,0.7768151815181518,0.0,0.0,33,17
2026-03-20,1496808_U_16,2,251,407,4835.0,8212.0,0.5887725280077934,0.0,0.0,36,18
2026-03-20,1493653_U_67,3,157,345,3018.0,6619.0,0.45596011482096993,301.0,0.09973492379058979,33,18
2026-03-20,1493653_U_188,2,216,231,4278.0,4609.0,0.928183987849859,0.0,0.0,33,17
2026-03-20,1496812_U_18,3,261,342,5270.0,6771.0,0.7783193029094668,0.0,0.0,45,17
2026-03-20,1496812_U_131,2,224,277,5599.0,6545.0,0.8554621848739495,14.0,0.0025004465083050546,45,17
2026-03-20,1496808_U_25,2,236,391,4549.0,7099.0,0.6407944780955064,364.0,0.08001758628269949,36,18
2026-03-20,1496812_U_83,2,286,344,6124.0,7190.0,0.8517385257301808,0.0,0.0,45,17
2026-03-20,1493653_U_16,2,193,283,3723.0,5750.0,0.6474782608695652,0.0,0.0,33,18
2026-03-20,1497253_U_54,2,480,553,9233.0,10703.0,0.8626553302812295,0.0,0.0,OC3,17
2026-03-20,1496808_U_68,2,247,459,4746.0,8902.0,0.5331386205347113,0.0,0.0,36,17
2026-03-20,1493653_U_33,2,236,374,4609.0,7310.0,0.6305061559507524,0.0,0.0,33,18
2026-03-20,1496812_U_119,2,236,272,4699.0,5375.0,0.8742325581395349,0.0,0.0,45,17
2026-03-20,1481779_U_125,2,399,737,5975.0,18210.0,0.32811641954969795,0.0,0.0,67,17
2026-03-20,1493653_U_102,3,251,370,5074.0,7535.0,0.6733908427339085,0.0,0.0,33,18
2026-03-20,1497253_U_68,3,497,688,9743.0,12129.0,0.803281391705829,1172.0,0.12029149132710663,OC3,17
2026-03-20,1493653_U_60,3,261,356,5150.0,7115.0,0.7238229093464511,0.0,0.0,33,18
2026-03-20,1496812_U_125,2,241,309,4639.0,6290.0,0.7375198728139905,0.0,0.0,45,18
2026-03-20,1496808_U_32,2,192,360,3665.0,6935.0,0.528478731074261,0.0,0.0,36,17
2026-03-20,1481779_U_129,2,321,565,4950.0,21884.0,0.226192652165966,0.0,0.0,67,17
2026-03-20,1496812_U_150,2,214,336,4173.0,6470.0,0.6449768160741886,16.0,0.003834172058471124,45,18
2026-03-20,1493653_U_43,2,258,316,5390.0,6741.0,0.7995846313603323,0.0,0.0,33,18
2026-03-20,1496812_U_39,2,236,273,4534.0,5195.0,0.872762271414822,34.0,0.007498897220996913,45,18
2026-03-20,1497253_U_46,4,176,347,3378.0,10344.0,0.3265661252900232,0.0,0.0,OC3,18
2026-03-20,1496808_U_91,2,210,379,4129.0,7911.0,0.521931487801795,0.0,0.0,36,19
2026-03-20,1496812_U_94,3,204,312,4068.0,6260.0,0.6498402555910543,0.0,0.0,45,18
2026-03-20,1496808_U_40,2,261,422,5327.0,8031.0,0.6633046943095505,381.0,0.07152243288905576,36,18
2026-03-20,1497252_U_67,2,471,530,9247.0,10343.0,0.8940346127815915,0.0,0.0,OC2,18
2026-03-20,1496812_U_111,2,112,206,2173.0,4098.0,0.530258662762323,0.0,0.0,45,18
2026-03-20,1497253_U_95,2,524,533,10314.0,10314.0,1.0,165.0,0.015997673065735893,OC3,18
2026-03-20,1496812_U_103,2,167,227,3212.0,4459.0,0.7203408836061898,0.0,0.0,45,18
2026-03-20,1497253_U_73,2,55,108,1066.0,2026.0,0.5261599210266535,31.0,0.029080675422138838,OC3,18
2026-03-20,1493653_U_9,2,280,347,5494.0,7235.0,0.759364201796821,165.0,0.030032763014197307,33,19
2026-03-20,1496812_U_140,2,241,356,4698.0,7040.0,0.6673295454545455,0.0,0.0,45,18
2026-03-20,1496812_U_74,2,201,308,4514.0,6496.0,0.6948891625615764,164.0,0.03633141338059371,45,18
2026-03-20,1496812_U_132,2,215,317,4188.0,6365.0,0.6579732914375491,0.0,0.0,45,18
2026-03-20,1493653_U_25,2,264,316,5164.0,6237.0,0.8279621612954946,0.0,0.0,33,19
2026-03-20,1496812_U_84,2,194,293,3843.0,5810.0,0.6614457831325301,0.0,0.0,45,19
2026-03-20,1493653_U_93,3,270,486,5299.0,10823.0,0.48960546983276354,0.0,0.0,33,19
2026-03-20,1497253_U_12,2,175,180,3423.0,3527.0,0.9705131840090728,0.0,0.0,OC3,19
2026-03-20,1496808_U_17,2,220,348,4128.0,6695.0,0.6165795369678865,0.0,0.0,36,20
2026-03-20,1496812_U_19,2,133,232,2597.0,4564.0,0.5690184049079755,0.0,0.0,45,19
2026-03-20,1496808_U_61,2,337,457,5930.0,8256.0,0.718265503875969,15.0,0.002529510961214165,36,20
2026-03-20,1493653_U_34,2,217,275,4263.0,5569.0,0.7654875202011133,0.0,0.0,33,19
2026-03-20,1496808_U_69,2,200,393,3934.0,6666.0,0.5901590159015901,435.0,0.11057447890188103,36,19
2026-03-20,1496812_U_112,2,146,289,2882.0,5494.0,0.5245722606479796,0.0,0.0,45,19
2026-03-20,1496808_U_33,2,247,380,3856.0,6921.0,0.557144921254154,0.0,0.0,36,20
2026-03-20,1496812_U_141,2,207,281,3588.0,4999.0,0.717743548709742,15.0,0.004180602006688963,45,20
2026-03-20,1497251_U_29,2,325,415,6020.0,8152.0,0.73846908734053,0.0,0.0,OC1,20
2026-03-20,1496812_U_152,2,278,280,4518.0,4939.0,0.9147600728892489,0.0,0.0,45,20
2026-03-20,1439975_U_99,2,294,430,4429.0,7221.0,0.613349951530259,0.0,0.0,31,20
2026-03-20,1496812_U_104,2,62,67,1186.0,1186.0,1.0,75.0,0.06323777403035413,45,20
2026-03-20,1493653_U_94,2,224,276,4488.0,4488.0,1.0,766.0,0.17067736185383245,33,20
2026-03-20,1497251_U_63,2,345,405,5299.0,6199.0,0.8548152927891596,0.0,0.0,OC1,20
2026-03-21,T75279,64,3078,50201,60376.0,86294.0,0.6996546689225207,58861.0,0.974907247913078,30,4
2026-03-21,T75280,18,3035,32327,55156.0,85889.0,0.6421776944661133,53925.0,0.9776814852418595,47,4
2026-03-21,1314437_S_1,2,394,416,5901.0,15450.0,0.3819417475728155,0.0,0.0,36,8
2026-03-21,1247889_S_33,2,540,672,8153.0,10406.0,0.7834902940611186,0.0,0.0,46,6
2026-03-21,1247889_S_39,2,520,656,7823.0,9594.0,0.8154054617469252,256.0,0.03272401891857344,46,6
2026-03-21,T75281,3,2670,4873,47229.0,54821.0,0.8615129238795353,22490.0,0.47619047619047616,47B,6
2026-03-21,1314437_S_27,2,44,56,5596.0,44015.0,0.1271384755197092,0.0,0.0,36,17
2026-03-21,1289455_S_25,2,204,275,3047.0,7160.0,0.4255586592178771,0.0,0.0,61,8
2026-03-21,1247889_S_31,2,388,704,5810.0,11276.0,0.5152536360411494,0.0,0.0,46,9
2026-03-21,1247889_S_84,3,350,700,5599.0,48484.0,0.11548139592442867,0.0,0.0,46,9
2026-03-21,1247889_S_40,2,444,668,7133.0,11876.0,0.6006231054227013,0.0,0.0,46,9
2026-03-21,1289455_S_39,2,388,434,5811.0,5811.0,1.0,676.0,0.116331096196868,61,8
2026-03-21,1247889_S_34,2,468,736,7011.0,11035.0,0.6353420933393747,74.0,0.010554842390529168,46,9
2026-03-21,1289455_S_18,2,304,508,4548.0,8722.0,0.5214400366888329,524.0,0.11521547933157432,61,10
2026-03-21,1247883_S_55,2,386,618,5810.0,9503.0,0.6113858781437441,45.0,0.00774526678141136,48,8
2026-03-21,1247883_S_61,2,314,528,4700.0,7973.0,0.5894895271541453,0.0,0.0,48,9
2026-03-21,1247879_S_55,2,450,853,7071.0,12641.0,0.559370302982359,465.0,0.06576156130674586,38A,9
2026-03-21,1247879_S_28,2,410,778,6141.0,12446.0,0.49341153784348385,0.0,0.0,38A,11
2026-03-21,1289455_S_12,2,575,577,8618.0,10059.0,0.8567452033005268,0.0,0.0,61,11
2026-03-21,1247889_S_32,2,419,735,6576.0,11380.0,0.5778558875219684,0.0,0.0,46,12
2026-03-21,1247883_S_62,2,364,622,6246.0,10179.0,0.6136162687886826,0.0,0.0,48,11
2026-03-21,1247889_S_85,2,439,719,6576.0,10749.0,0.6117778397990511,16.0,0.0024330900243309003,46,12
2026-03-21,1247883_S_56,2,354,562,5435.0,8527.0,0.6373871232555413,15.0,0.0027598896044158236,48,11
2026-03-21,1247889_S_35,2,182,307,2927.0,4804.0,0.6092839300582847,0.0,0.0,46,11
2026-03-21,1247889_S_41,2,192,365,2867.0,5464.0,0.5247071742313324,0.0,0.0,46,11
2026-03-21,1247861_S_59,2,244,362,4714.0,4714.0,1.0,1756.0,0.3725074246924056,45,11
2026-03-21,1247861_S_20,2,71,97,1050.0,1516.0,0.6926121372031663,0.0,0.0,45,12
2026-03-21,1247879_S_3,2,543,696,8135.0,10478.0,0.7763886237831648,0.0,0.0,38A,12
2026-03-21,1247889_S_53,2,349,439,5225.0,6576.0,0.7945559610705596,0.0,0.0,46,12
2026-03-21,1247864_S_53,2,317,404,5104.0,6035.0,0.8457332228666115,360.0,0.07053291536050156,53,12
2026-03-21,1247889_S_9,2,361,707,6455.0,10629.0,0.6073007808824913,1066.0,0.165143299767622,46,12
2026-03-21,1247889_S_65,2,251,357,3963.0,5074.0,0.7810405991328341,2162.0,0.5455463033055766,46,13
2026-03-21,1247889_S_59,3,114,258,1877.0,4414.0,0.4252378794743996,0.0,0.0,46,13
2026-03-21,1247877_S_47,2,234,377,3498.0,6906.0,0.5065160729800173,0.0,0.0,35,13
2026-03-21,1247889_S_42,2,242,360,3617.0,5390.0,0.6710575139146567,0.0,0.0,46,13
2026-03-21,1247889_S_36,2,190,286,2836.0,4503.0,0.6298023539862314,0.0,0.0,46,13
2026-03-21,1247889_S_15,3,308,418,5328.0,6349.0,0.8391872735863916,2175.0,0.40822072072072074,46,13
2026-03-21,1247889_S_74,2,162,166,2416.0,2477.0,0.9753734356075898,0.0,0.0,46,13
2026-03-21,1257562_S_24,2,326,604,5329.0,11216.0,0.47512482168330955,0.0,0.0,OC2,14
2026-03-21,1257563_S_40,2,315,603,6501.0,11245.0,0.5781236104935527,15.0,0.0023073373327180432,OC3,16
2026-03-21,1314438_S_56,2,302,342,4519.0,6171.0,0.7322962242748339,0.0,0.0,44,15
2026-03-21,1247882_S_44,2,347,571,5390.0,8903.0,0.6054139054251376,0.0,0.0,39A,15
2026-03-21,1314438_S_38,2,180,222,2687.0,3318.0,0.8098251959011453,0.0,0.0,44,15
2026-03-21,1257563_S_6,2,303,489,5270.0,8813.0,0.5979802564393509,0.0,0.0,OC3,16
2026-03-21,1247882_S_52,2,339,513,5104.0,7716.0,0.6614826334888543,0.0,0.0,39A,15
2026-03-21,1257563_S_33,2,330,476,8497.0,10689.0,0.7949293666386005,0.0,0.0,OC3,16
2026-03-21,1247889_S_10,2,422,429,11393.0,12233.0,0.9313332788359355,0.0,0.0,46,15
2026-03-21,1257562_S_38,2,353,417,7071.0,8422.0,0.8395867964853954,0.0,0.0,OC2,15
2026-03-21,1247889_S_16,3,198,219,7235.0,10041.0,0.7205457623742655,0.0,0.0,46,16
2026-03-21,1247889_S_61,2,407,421,10041.0,13658.0,0.7351735246741836,0.0,0.0,46,15
2026-03-21,1247883_S_41,2,268,357,4009.0,8316.0,0.48208273208273206,0.0,0.0,48,15
2026-03-21,1257562_S_53,2,364,376,8691.0,8841.0,0.9830335934848999,15.0,0.0017259233690024164,OC2,15
2026-03-21,1247889_S_67,2,364,366,10072.0,10072.0,1.0,14.0,0.0013899920571882446,46,15
2026-03-21,1247883_S_20,2,222,349,3319.0,9201.0,0.36072166068905553,16.0,0.004820729135281711,48,15
2026-03-21,1257562_S_30,2,295,325,6320.0,6471.0,0.976665121310462,285.0,0.04509493670886076,OC2,16
2026-03-21,1247889_S_76,2,280,293,9291.0,11272.0,0.8242547906316536,0.0,0.0,46,16
2026-03-21,1257563_S_24,2,298,317,8736.0,11542.0,0.7568878877144343,0.0,0.0,OC3,16
2026-03-21,1247859_S_15,2,62,118,917.0,2839.0,0.3230010567101092,0.0,0.0,34B,16
2026-03-21,1247889_S_4,3,256,268,8435.0,9665.0,0.8727366787377134,0.0,0.0,46,16
2026-03-21,1257563_S_45,2,231,252,7745.0,10551.0,0.7340536442043408,0.0,0.0,OC3,16
2026-03-21,1247883_S_63,2,125,203,5464.0,6815.0,0.8017608217168012,0.0,0.0,48,16
2026-03-21,1247889_S_29,2,70,87,7309.0,10115.0,0.7225902125556105,0.0,0.0,46,16
2026-03-21,1257563_S_30,2,148,177,6724.0,10746.0,0.6257211985855202,0.0,0.0,OC3,16
2026-03-21,1247882_S_61,2,117,134,5658.0,8059.0,0.7020722173966993,0.0,0.0,39A,16
2026-03-21,1247879_S_35,2,117,172,5658.0,12892.0,0.4388768228358672,53.0,0.009367267585719336,38A,16
2026-03-21,1257563_S_51,2,94,129,5703.0,10520.0,0.5421102661596958,0.0,0.0,OC3,17
2026-03-21,1257562_S_43,2,51,88,5808.0,11046.0,0.5258011950027159,0.0,0.0,OC2,17
2026-03-21,1247882_S_45,2,40,69,4455.0,8477.0,0.525539695647045,0.0,0.0,39A,17
2026-03-21,1247882_S_53,2,32,62,4000.0,8022.0,0.4986287708800798,0.0,0.0,39A,17
2026-03-21,1247889_S_38,2,72,84,9271.0,10877.0,0.8523489932885906,0.0,0.0,46,17
2026-03-21,1257563_S_41,2,47,80,6084.0,10083.0,0.6033918476643856,7.0,0.0011505588428665351,OC3,18
2026-03-21,1247889_S_44,2,59,81,7680.0,11646.0,0.6594538897475528,0.0,0.0,46,17
2026-03-21,1257562_S_31,2,33,64,4020.0,8447.0,0.47590860660589557,0.0,0.0,OC2,17
2026-03-21,1247882_S_12,2,43,58,5643.0,8052.0,0.7008196721311475,0.0,0.0,39A,18
2026-03-21,1257563_S_34,2,66,87,8852.0,11667.0,0.7587211793948744,0.0,0.0,OC3,18
2026-03-21,1247889_S_50,2,55,75,7241.0,10454.0,0.6926535297493782,0.0,0.0,46,17
2026-03-21,1247882_S_77,2,58,71,7653.0,9297.0,0.8231687641174572,0.0,0.0,39A,18
2026-03-21,1247889_S_56,3,44,87,5681.0,11292.0,0.503099539496989,0.0,0.0,46,18
2026-03-21,1247883_S_64,2,52,72,6887.0,9702.0,0.709853638425067,0.0,0.0,48,18
2026-03-21,1247877_S_25,2,46,52,6047.0,6085.0,0.9937551355792933,405.0,0.06697535968248719,35,18
2026-03-21,1247889_S_11,3,73,91,10478.0,12453.0,0.8414036778286357,402.0,0.038366100400839855,46,18
2026-03-21,1247882_S_38,2,59,63,8853.0,9297.0,0.952242658922233,0.0,0.0,39A,18
2026-03-21,1247882_S_28,2,19,22,2040.0,2454.0,0.8312958435207825,0.0,0.0,39A,18
2026-03-21,1247883_S_21,2,49,62,6482.0,8097.0,0.8005434111399283,0.0,0.0,48,18
2026-03-21,1289456_S_73,2,32,38,4067.0,4481.0,0.9076099085025664,45.0,0.011064666830587657,67,18
2026-03-21,1247889_S_62,4,39,75,4825.0,9299.0,0.518872997096462,405.0,0.08393782383419689,46,20
2026-03-21,1247889_S_17,3,49,78,4837.0,12875.0,0.3756893203883495,0.0,0.0,46,21
2026-03-21,1247882_S_29,2,37,60,4455.0,7652.0,0.5822007318348145,0.0,0.0,39A,20
2026-03-21,1247882_S_62,2,33,55,4020.0,7247.0,0.5547122947426522,0.0,0.0,39A,20
2026-03-21,1247889_S_5,4,33,79,3256.0,8867.0,0.36720424044208866,0.0,0.0,46,21
2026-03-21,1247882_S_54,2,62,74,7261.0,9646.0,0.7527472527472527,0.0,0.0,39A,20
2026-03-21,1247889_S_77,2,37,45,4455.0,6059.0,0.7352698465093249,0.0,0.0,46,20
2026-03-21,1247882_S_46,2,55,66,6481.0,8080.0,0.8021039603960396,0.0,0.0,39A,20
2026-03-21,1247889_S_68,2,24,30,2865.0,3661.0,0.7825730674679049,0.0,0.0,46,20
2026-03-21,1247882_S_70,2,73,76,9247.0,9652.0,0.9580397845006217,0.0,0.0,39A,20
2026-03-21,1247889_S_23,2,82,85,8851.0,10462.0,0.8460141464347161,0.0,0.0,46,20
2026-03-21,1257562_S_44,2,51,76,5247.0,8462.0,0.6200661782084613,0.0,0.0,OC2,21
2026-03-21,1257562_S_32,2,77,95,8397.0,10831.0,0.7752746745452866,0.0,0.0,OC2,21
2026-03-22,T75279,38,489,3802,57898.0,86011.0,0.6731464580111847,50261.0,0.8680956164288922,30,7
2026-03-22,T75280,8,477,2502,57847.0,83595.0,0.6919911477959209,54261.0,0.9380088855083237,47,5
2026-03-22,1350101_D_18,2,50,64,5280.0,50644.0,0.10425716768027801,0.0,0.0,48,5
2026-03-22,1350092_D_11,2,39,77,4064.0,56299.0,0.07218600685624967,0.0,0.0,33,5
2026-03-22,1350092_D_20,2,57,68,6491.0,44606.0,0.1455185401067121,0.0,0.0,33,5
2026-03-22,1350092_D_40,2,38,64,4066.0,37394.0,0.10873402150077553,0.0,0.0,33,5
2026-03-22,1350092_D_30,2,23,32,2440.0,46188.0,0.052827574261713,0.0,0.0,33,17
2026-03-22,1350092_D_31,2,61,99,6883.0,46188.0,0.14902139083744695,0.0,0.0,33,17
2026-03-22,1350092_D_21,2,59,83,6873.0,44613.0,0.1540582341469975,0.0,0.0,33,7
2026-03-22,1350104_D_50,2,16,31,1636.0,3273.0,0.4998472349526428,41.0,0.02506112469437653,53,7
2026-03-22,1350092_D_32,2,65,112,7652.0,47027.0,0.16271503604312415,0.0,0.0,33,7
2026-03-22,1350092_D_3,2,27,46,2873.0,4464.0,0.6435931899641577,450.0,0.15663069961712495,33,8
2026-03-22,1350092_D_72,2,37,40,3661.0,26525.0,0.13802073515551366,0.0,0.0,33,15
2026-03-22,1350092_D_43,2,32,63,3646.0,35743.0,0.10200598718630222,0.0,0.0,33,18
2026-03-22,1350092_D_73,2,41,44,4848.0,26515.0,0.18283990194229682,0.0,0.0,33,9
2026-03-22,1350092_D_63,2,52,89,6107.0,39398.0,0.15500786841971673,0.0,0.0,33,18
2026-03-22,1350092_D_22,2,50,82,6535.0,40627.0,0.16085361951411623,0.0,0.0,33,18
2026-03-22,1350092_D_34,2,26,42,2859.0,7218.0,0.39609310058187863,0.0,0.0,33,9
2026-03-22,1350092_D_33,2,45,64,4844.0,44625.0,0.10854901960784313,0.0,0.0,33,20
2026-03-22,1350092_D_54,2,54,102,6058.0,34974.0,0.17321438783096013,0.0,0.0,33,9
2026-03-22,1350092_D_44,2,31,42,3286.0,38622.0,0.08508104189322148,0.0,0.0,33,19
2026-03-22,1350092_D_64,2,43,44,4862.0,40169.0,0.12103861186487092,0.0,0.0,33,20
2026-03-22,1350092_D_65,2,39,73,4396.0,44972.0,0.09774971093124611,0.0,0.0,33,10
2026-03-22,1350092_D_74,2,53,59,7255.0,29261.0,0.24794094528553365,0.0,0.0,33,16
2026-03-22,1350092_D_75,2,45,86,5267.0,34543.0,0.15247662333902673,0.0,0.0,33,10
2026-03-22,1350107_D_13,2,36,72,4497.0,8837.0,0.5088831051261741,15.0,0.00333555703802535,OC3,11
2026-03-22,1350092_D_66,2,34,52,3281.0,43841.0,0.07483862138181155,0.0,0.0,33,23
2026-03-22,1350104_D_27,2,23,30,3676.0,5672.0,0.6480959097320169,0.0,0.0,53,11
2026-03-22,1350092_D_76,2,45,63,5289.0,34993.0,0.15114451461720915,0.0,0.0,33,20
2026-03-22,1350104_D_41,2,25,35,2864.0,4439.0,0.6451903581887812,0.0,0.0,53,12
2026-03-22,1350107_D_17,2,49,57,5642.0,6842.0,0.8246126863490207,0.0,0.0,OC3,13
2026-03-22,1350101_D_15,2,64,81,8853.0,8853.0,1.0,2040.0,0.2304303625889529,48,13
2026-03-22,1350101_D_46,2,19,30,2052.0,3253.0,0.6308023363049493,0.0,0.0,48,13
2026-03-22,1350104_D_28,2,20,37,2438.0,4419.0,0.5517085313419325,57.0,0.023379819524200166,53,13
2026-03-22,1350104_D_42,2,16,31,1660.0,4046.0,0.4102817597627286,0.0,0.0,53,13
2026-03-22,1350099_D_16,2,85,91,9660.0,10863.0,0.8892571112952223,0.0,0.0,46,14
2026-03-22,1350099_D_22,2,86,93,9663.0,10068.0,0.9597735399284862,45.0,0.0046569388388699165,46,14
2026-03-22,1350104_D_43,2,20,32,2056.0,4830.0,0.42567287784679086,0.0,0.0,53,15
2026-03-22,1350104_D_29,2,24,37,2446.0,3661.0,0.6681234635345534,45.0,0.01839738348323794,53,15
2026-03-22,1350099_D_46,2,53,61,6468.0,11675.0,0.5540042826552463,0.0,0.0,46,15
2026-03-22,1350104_D_30,2,29,34,2864.0,4426.0,0.6470854044283778,0.0,0.0,53,16
2026-03-22,1350104_D_44,2,30,37,3267.0,3667.0,0.890919007362967,56.0,0.017141108050198958,53,16
2026-03-22,1350092_D_29,2,20,23,2063.0,2461.0,0.8382771231206827,0.0,0.0,33,16
2026-03-22,1350096_D_23,2,27,48,3616.0,5672.0,0.6375176304654443,0.0,0.0,44,16
2026-03-22,1350092_D_83,2,21,24,2054.0,3268.0,0.6285189718482252,0.0,0.0,33,17
2026-03-22,1350092_D_84,2,38,52,4034.0,5681.0,0.7100862524203485,0.0,0.0,33,17
2026-03-22,1350096_D_33,2,23,40,2416.0,4427.0,0.5457420374971764,0.0,0.0,44,16
2026-03-22,1350099_D_17,2,46,85,4879.0,10100.0,0.48306930693069305,0.0,0.0,46,16
2026-03-22,1350104_D_31,2,34,47,3647.0,5624.0,0.6484708392603129,0.0,0.0,53,17
2026-03-22,1350099_D_23,2,45,88,5278.0,10096.0,0.5227812995245642,0.0,0.0,46,18
2026-03-22,1350104_D_45,2,31,42,3255.0,4455.0,0.7306397306397306,0.0,0.0,53,17
2026-03-22,1350099_D_29,2,54,91,6509.0,10519.0,0.6187850556136515,0.0,0.0,46,18
2026-03-22,1350099_D_35,2,62,88,7666.0,10504.0,0.7298172124904798,0.0,0.0,46,18
2026-03-22,1247933_D_46,2,20,31,2440.0,3645.0,0.6694101508916324,0.0,0.0,45,17
2026-03-22,1247897_D_50,2,61,76,7299.0,9340.0,0.7814775160599572,0.0,0.0,39A,18
2026-03-22,1247897_D_7,2,56,72,6513.0,7743.0,0.8411468423091825,53.0,0.00813757101182251,39A,18
2026-03-22,1247933_D_30,2,20,34,2087.0,3246.0,0.6429451632778804,421.0,0.2017249640632487,45,18
2026-03-22,1247933_D_47,2,14,24,1623.0,4922.0,0.32974400650142216,0.0,0.0,45,18
2026-03-22,1350104_D_33,2,26,32,3276.0,3707.0,0.8837334772052873,34.0,0.010378510378510378,53,19
2026-03-22,1350104_D_47,2,17,31,2011.0,3671.0,0.5478071370198856,0.0,0.0,53,19
2026-03-22,1381482_D_40,2,47,53,5290.0,6088.0,0.8689224704336399,0.0,0.0,62,19
2026-03-22,1350096_D_35,2,19,33,2071.0,3692.0,0.5609425785482124,0.0,0.0,44,19
2026-03-22,1350103_D_15,2,44,81,4899.0,11307.0,0.433271424781109,0.0,0.0,OC1,19
2026-03-22,1247933_D_48,2,20,36,2055.0,4080.0,0.5036764705882353,0.0,0.0,45,20
2026-03-22,1350099_D_30,2,40,78,4051.0,9228.0,0.43899003034243606,0.0,0.0,46,21
2026-03-22,1350099_D_36,2,70,99,7284.0,12049.0,0.6045314963897419,0.0,0.0,46,21
2026-03-22,1247933_D_16,2,18,32,1998.0,3676.0,0.543525571273123,0.0,0.0,45,20
2026-03-22,1247933_D_65,3,19,50,1651.0,4873.0,0.33880566386209726,46.0,0.02786190187764991,45,21
2026-03-22,1247933_D_32,2,12,13,847.0,1591.0,0.5323695788812068,0.0,0.0,45,21
2026-03-22,1350103_D_23,2,22,37,2408.0,4456.0,0.5403949730700179,0.0,0.0,OC1,22
2026-03-22,1247933_D_66,2,24,36,2443.0,3654.0,0.6685823754789272,0.0,0.0,45,22
2026-03-22,1247933_D_81,2,27,35,3604.0,4410.0,0.8172335600907029,0.0,0.0,45,22
2026-03-22,1350101_D_61,2,44,52,4870.0,5275.0,0.9232227488151659,53.0,0.010882956878850103,48,21
2026-03-23,T75279,72,3385,78024,54191.0,85787.0,0.6316924475736417,54191.0,1.0,30,8
2026-03-23,T75280,41,3110,71141,49388.0,85736.0,0.5760474013249977,47526.0,0.962298534056856,47,8
2026-03-23,1497253_U_1,2,74,143,1094.0,49743.0,0.0219930442474318,0.0,0.0,OC3,17
2026-03-23,1493653_U_36,2,189,218,2823.0,61574.0,0.04584727319972716,0.0,0.0,33,21
2026-03-23,1497253_U_31,2,28,46,4833.0,44370.0,0.10892494929006086,0.0,0.0,OC3,5
2026-03-23,1495856_U_10,2,23,25,3242.0,4069.0,0.7967559596952568,0.0,0.0,32,5
2026-03-23,1493653_U_76,2,166,177,2479.0,49521.0,0.05005957068718322,0.0,0.0,33,19
2026-03-23,1493653_U_95,3,116,125,1727.0,61784.0,0.027952220639647807,0.0,0.0,33,22
2026-03-23,1481779_U_74,2,432,445,6469.0,53782.0,0.12028187869547433,0.0,0.0,67,19
2026-03-23,1439975_U_38,2,11,12,2461.0,5673.0,0.4338092719901287,0.0,0.0,31,6
2026-03-23,1481779_U_82,2,386,396,5779.0,55329.0,0.1044479386939941,0.0,0.0,67,19
2026-03-23,1493653_U_84,3,94,104,1396.0,49054.0,0.02845843356301219,0.0,0.0,33,19
2026-03-23,1439975_U_34,2,11,12,2461.0,5673.0,0.4338092719901287,0.0,0.0,31,6
2026-03-23,T75281,6,2404,7419,40396.0,50769.0,0.7956824046169907,21033.0,0.5206703634023171,47B,8
2026-03-23,1497256_U_51,2,8,11,2025.0,7895.0,0.2564914502849905,0.0,0.0,39A,6
2026-03-23,1495856_U_2,2,4,7,414.0,1644.0,0.2518248175182482,0.0,0.0,32,6
2026-03-23,1493653_U_110,2,204,210,3044.0,42172.0,0.07218059375889216,0.0,0.0,33,17
2026-03-23,1481779_U_97,2,167,173,3076.0,50990.0,0.060325554030202,0.0,0.0,67,19
2026-03-23,1493653_U_125,2,93,97,1381.0,54413.0,0.025379964346755372,0.0,0.0,33,21
2026-03-23,1493653_U_117,2,148,152,2206.0,48063.0,0.045898092087468534,0.0,0.0,33,19
2026-03-23,1493653_U_138,2,70,74,2778.0,37435.0,0.07420862828903432,0.0,0.0,33,16
2026-03-23,1497253_U_8,2,49,53,720.0,46592.0,0.015453296703296704,0.0,0.0,OC3,19
2026-03-23,1497252_U_59,2,3,6,808.0,6678.0,0.12099430967355496,0.0,0.0,OC2,6
2026-03-23,1493653_U_133,2,149,152,2220.0,53495.0,0.041499205533227404,0.0,0.0,33,20
2026-03-23,1493653_U_145,2,164,166,2445.0,52130.0,0.04690197582965663,0.0,0.0,33,20
2026-03-23,1497252_U_28,2,2,3,403.0,3615.0,0.11147994467496543,0.0,0.0,OC2,6
2026-03-23,1439975_U_22,2,63,64,3285.0,11164.0,0.29424937298459336,0.0,0.0,31,8
2026-03-23,1439975_U_46,2,3,4,453.0,5870.0,0.07717206132879045,0.0,0.0,31,8
2026-03-23,1481779_U_113,2,448,451,6723.0,45034.0,0.1492872052227206,0.0,0.0,67,18
2026-03-23,1359254_U_14,2,304,307,4547.0,33189.0,0.1370032239597457,0.0,0.0,62,16
2026-03-23,1481779_U_67,2,44,47,645.0,20098.0,0.03209274554682058,0.0,0.0,67,13
2026-03-23,T75282,6,1316,6080,20387.0,40845.0,0.49913086057044925,10625.0,0.5211654485701672,47A,14
2026-03-23,1493653_U_170,2,102,145,1516.0,2237.0,0.6776933392936969,0.0,0.0,33,21
2026-03-23,1493653_U_161,2,406,409,6200.0,30517.0,0.20316544876626144,0.0,0.0,33,15
2026-03-23,1493653_U_178,2,456,459,6844.0,44253.0,0.1546561815018191,0.0,0.0,33,18
2026-03-23,1497256_U_8,2,109,112,1995.0,6467.0,0.3084892531312819,0.0,0.0,39A,9
2026-03-23,1497256_U_45,2,121,124,2175.0,6647.0,0.3272152850910185,0.0,0.0,39A,9
2026-03-23,1493653_U_96,2,208,209,3137.0,58858.0,0.05329776750824017,0.0,0.0,33,23
2026-03-23,1493653_U_188,2,186,189,2778.0,31960.0,0.08692115143929913,0.0,0.0,33,16
2026-03-23,1431265_U_92,2,37,54,2895.0,25563.0,0.11324961858936744,0.0,0.0,49.2,8
2026-03-23,1493653_U_127,2,187,298,5150.0,47511.0,0.10839595041148366,0.0,0.0,33,8
2026-03-23,1497256_U_61,2,305,492,6919.0,9799.0,0.7060924584141239,0.0,0.0,39A,8
2026-03-23,1497251_U_32,2,506,508,8000.0,10010.0,0.7992007992007992,0.0,0.0,OC1,9
2026-03-23,1497251_U_66,2,382,384,6138.0,8148.0,0.7533136966126657,0.0,0.0,OC1,9
2026-03-23,1497252_U_53,2,322,439,4822.0,14096.0,0.34208286038592506,0.0,0.0,OC2,11
2026-03-23,1390072_U_9,2,128,213,3438.0,31208.0,0.11016406049730838,0.0,0.0,26A,16
2026-03-23,1481779_U_114,2,328,427,4923.0,47511.0,0.10361810949043379,0.0,0.0,67,20
2026-03-23,1493653_U_162,3,286,672,4279.0,34121.0,0.12540664107148092,0.0,0.0,33,17
2026-03-23,1497256_U_15,2,305,444,6138.0,8269.0,0.7422904825250938,0.0,0.0,39A,9
2026-03-23,1493653_U_171,2,323,327,5239.0,43564.0,0.12025984758057111,0.0,0.0,33,9
2026-03-23,1497256_U_28,3,181,482,2716.0,7880.0,0.3446700507614213,0.0,0.0,39A,10
2026-03-23,1496808_U_89,2,436,856,7039.0,15686.0,0.4487441030218029,0.0,0.0,36,9
2026-03-23,1497256_U_39,2,339,577,5118.0,9471.0,0.5403864428254672,15.0,0.0029308323563892145,39A,10
2026-03-23,1496808_U_4,2,384,668,5870.0,16409.0,0.3577305137424584,0.0,0.0,36,14
2026-03-23,1497252_U_23,2,463,613,6980.0,9352.0,0.7463644140290847,0.0,0.0,OC2,10
2026-03-23,1497256_U_3,4,403,567,6078.0,9741.0,0.6239605789959963,104.0,0.017110891740704178,39A,10
2026-03-23,1497256_U_46,2,377,535,5689.0,8572.0,0.6636724218385441,45.0,0.007910001757778168,39A,10
2026-03-23,1497252_U_70,3,251,329,3796.0,5179.0,0.732960030893995,0.0,0.0,OC2,10
2026-03-23,1497256_U_9,3,437,615,6590.0,9355.0,0.7044361304115446,0.0,0.0,39A,10
2026-03-23,1497253_U_92,2,690,772,11604.0,11604.0,1.0,1217.0,0.10487762840399863,OC3,10
2026-03-23,1493653_U_128,2,393,651,5929.0,44722.0,0.13257457179911453,0.0,0.0,33,10
2026-03-23,1497252_U_5,3,209,498,3166.0,5508.0,0.574800290486565,3166.0,1.0,OC2,10
2026-03-23,1497252_U_60,2,82,84,1215.0,1336.0,0.9094311377245509,0.0,0.0,OC2,10
2026-03-23,1477764_U_39,2,501,540,7554.0,14682.0,0.5145075602778912,0.0,0.0,61,10
2026-03-23,1497253_U_15,2,239,269,3618.0,4278.0,0.8457223001402524,0.0,0.0,OC3,10
2026-03-23,1496805_U_54,2,179,353,2716.0,7582.0,0.35821682933262994,0.0,0.0,34A,10
2026-03-23,1496805_U_62,2,363,611,5705.0,9698.0,0.5882656217776862,0.0,0.0,34A,12
2026-03-23,1497252_U_34,2,594,705,9022.0,10659.0,0.8464208649967164,1696.0,0.1879849257370871,OC2,11
2026-03-23,1496808_U_29,2,522,530,7821.0,7911.0,0.9886234357224118,16.0,0.002045774197672932,36,11
2026-03-23,1497255_U_28,2,294,380,4398.0,6143.0,0.7159368386781703,0.0,0.0,53,11
2026-03-23,1497255_U_49,4,192,450,4518.0,7912.0,0.5710313447927199,0.0,0.0,53,11
2026-03-23,1493653_U_172,2,232,247,4127.0,37064.0,0.11134793870062594,0.0,0.0,33,11
2026-03-23,1497255_U_139,3,262,394,4188.0,6322.0,0.6624485922176526,15.0,0.0035816618911174787,53,11
2026-03-23,1497255_U_59,4,148,395,4062.0,8221.0,0.4941004743948425,0.0,0.0,53,11
2026-03-23,1497252_U_54,2,364,554,5495.0,10269.0,0.5351056578050443,0.0,0.0,OC2,13
2026-03-23,1497255_U_70,2,195,281,2912.0,6937.0,0.41977800201816345,0.0,0.0,53,13
2026-03-23,1497255_U_99,3,197,327,2943.0,7507.0,0.39203410150526175,0.0,0.0,53,13
2026-03-23,1495854_U_5,2,396,503,6485.0,8407.0,0.7713809920304509,0.0,0.0,40,12
2026-03-23,1497252_U_6,2,477,752,7266.0,11680.0,0.6220890410958904,0.0,0.0,OC2,13
2026-03-23,1497255_U_81,3,82,148,1216.0,3591.0,0.3386243386243386,0.0,0.0,53,12
2026-03-23,1474792_U_19,2,140,252,2115.0,14608.0,0.14478368017524645,0.0,0.0,26,15
2026-03-23,1497255_U_7,2,178,224,2657.0,4520.0,0.5878318584070796,0.0,0.0,53,13
2026-03-23,1496805_U_30,2,256,362,3830.0,5330.0,0.7185741088180112,77.0,0.02010443864229765,34A,12
2026-03-23,1493653_U_173,3,80,87,1186.0,34123.0,0.03475661577235296,0.0,0.0,33,21
2026-03-23,1493653_U_174,2,14,18,195.0,33072.0,0.00589622641509434,0.0,0.0,33,21
2026-03-23,1349260_U_17,2,180,326,2687.0,6921.0,0.38823869383037135,0.0,0.0,24,13
2026-03-23,1493653_U_175,2,164,257,2447.0,35475.0,0.06897815362931642,0.0,0.0,33,21
2026-03-23,1493653_U_98,2,172,287,2568.0,6201.0,0.4141267537493953,0.0,0.0,33,13
2026-03-23,1496811_U_6,2,241,401,3604.0,7358.0,0.48980701277521066,0.0,0.0,44,13
2026-03-23,1431265_U_120,2,263,345,3933.0,4684.0,0.839666951323655,467.0,0.11873887617594711,49.2,12
2026-03-23,1497253_U_28,2,170,293,2538.0,4173.0,0.608195542774982,196.0,0.07722616233254531,OC3,12
2026-03-23,1496808_U_93,2,393,510,5930.0,7191.0,0.8246419135029899,480.0,0.08094435075885328,36,13
2026-03-23,1431265_U_126,2,286,306,4279.0,4969.0,0.8611390621855504,0.0,0.0,49.2,12
2026-03-23,1429985_U_81,2,122,222,1818.0,5329.0,0.34115218615124787,0.0,0.0,49.1,12
2026-03-23,1496811_U_22,2,363,527,6080.0,8062.0,0.7541552964524931,466.0,0.07664473684210527,44,13
2026-03-23,1497252_U_71,2,564,664,8739.0,10120.0,0.8635375494071146,108.0,0.012358393408856848,OC2,13
2026-03-23,1493653_U_176,3,320,547,5192.0,36538.0,0.14209863703541517,0.0,0.0,33,12
2026-03-23,1497253_U_34,2,195,271,2912.0,4263.0,0.6830870279146142,0.0,0.0,OC3,13
2026-03-23,1439975_U_66,2,285,460,5509.0,7551.0,0.7295722420871408,570.0,0.10346705391178072,31,13
2026-03-23,1439975_U_79,2,428,474,7192.0,10225.0,0.7033740831295844,0.0,0.0,31,13
2026-03-23,1496805_U_67,2,129,221,1922.0,3393.0,0.5664603595638078,0.0,0.0,34A,13
2026-03-23,1429985_U_90,2,182,271,4339.0,5780.0,0.7506920415224914,0.0,0.0,49.1,13
2026-03-23,1497253_U_17,2,764,804,11620.0,11801.0,0.9846623167528176,406.0,0.03493975903614458,OC3,13
2026-03-23,1497252_U_49,2,112,212,1666.0,3167.0,0.5260498894853174,0.0,0.0,OC2,13
2026-03-23,1496811_U_30,2,253,474,3902.0,8137.0,0.4795379132358363,0.0,0.0,44,14
2026-03-23,1429985_U_95,2,123,187,1951.0,5646.0,0.34555437477860435,0.0,0.0,49.1,14
2026-03-23,1496808_U_38,2,277,456,4219.0,8180.0,0.5157701711491443,0.0,0.0,36,14
2026-03-23,1493653_U_14,2,198,272,3078.0,5270.0,0.5840607210626186,0.0,0.0,33,14
2026-03-23,1496811_U_38,3,361,554,5824.0,8617.0,0.6758732737611698,30.0,0.005151098901098901,44,14
2026-03-23,1493653_U_89,2,331,459,5090.0,7012.0,0.7258984597832288,0.0,0.0,33,14
2026-03-23,1497255_U_109,2,305,371,6202.0,6532.0,0.9494794856093081,646.0,0.10415994840374072,53,13
2026-03-23,1496811_U_15,2,301,405,5059.0,6502.0,0.7780682866810212,104.0,0.020557422415497136,44,14
2026-03-23,1481779_U_81,2,223,277,3346.0,20433.0,0.16375471051730045,0.0,0.0,67,18
2026-03-23,1496812_U_81,2,261,375,3979.0,5736.0,0.6936889818688982,0.0,0.0,45,14
2026-03-23,1497251_U_26,2,202,347,3094.0,5315.0,0.5821260583254939,0.0,0.0,OC1,14
2026-03-23,1493653_U_99,2,183,335,3197.0,5570.0,0.573967684021544,0.0,0.0,33,14
2026-03-23,1496812_U_16,2,263,345,4009.0,5285.0,0.7585619678334911,0.0,0.0,45,14
2026-03-23,1493653_U_182,2,163,170,2552.0,26286.0,0.09708590124020391,0.0,0.0,33,14
2026-03-23,1495854_U_38,2,211,274,3634.0,6381.0,0.5695032126625921,0.0,0.0,40,14
2026-03-23,1497255_U_82,2,201,218,3318.0,4234.0,0.783656117146906,0.0,0.0,53,14
2026-03-23,1496808_U_45,2,316,400,4746.0,6817.0,0.6962006747836291,0.0,0.0,36,15
2026-03-23,1496811_U_7,2,389,555,6996.0,6996.0,1.0,2491.0,0.3560606060606061,44,14
2026-03-23,1493653_U_137,2,262,353,4790.0,6503.0,0.7365831154851606,13.0,0.0027139874739039666,33,15
2026-03-23,1496808_U_94,2,472,541,7356.0,8437.0,0.8718738888230414,15.0,0.0020391517128874386,36,14
2026-03-23,1496805_U_75,2,354,686,5390.0,19140.0,0.28160919540229884,0.0,0.0,34A,14
2026-03-23,1496808_U_59,2,475,486,7133.0,7328.0,0.9733897379912664,0.0,0.0,36,14
2026-03-23,1493653_U_49,2,300,326,4971.0,5391.0,0.9220923761825265,0.0,0.0,33,15
2026-03-23,1497255_U_51,2,273,351,4367.0,5540.0,0.7882671480144404,0.0,0.0,53,15
2026-03-23,1493653_U_183,2,377,391,6081.0,23584.0,0.2578443012211669,0.0,0.0,33,15
2026-03-23,1497255_U_61,2,107,147,1590.0,2550.0,0.6235294117647059,0.0,0.0,53,15
2026-03-23,1497255_U_92,2,361,403,6141.0,7042.0,0.8720533939221812,15.0,0.002442598925256473,53,15
2026-03-23,1429985_U_100,2,271,275,4068.0,5945.0,0.6842724978973928,0.0,0.0,49.1,15
2026-03-23,1497255_U_133,2,310,322,4652.0,4833.0,0.9625491413200911,0.0,0.0,53,15
2026-03-23,1493653_U_90,2,259,376,3918.0,6289.0,0.6229925266338051,0.0,0.0,33,16
2026-03-23,1497255_U_83,2,110,128,1652.0,5869.0,0.2814789572329187,0.0,0.0,53,15
2026-03-23,1493653_U_15,2,228,340,3429.0,5469.0,0.6269884805266045,0.0,0.0,33,16
2026-03-23,1496812_U_124,2,298,345,4788.0,6740.0,0.7103857566765579,0.0,0.0,45,16
2026-03-23,1431265_U_146,2,223,260,3333.0,3903.0,0.8539584934665642,0.0,0.0,49.2,16
2026-03-23,1431265_U_99,2,187,215,2792.0,3198.0,0.8730456535334584,15.0,0.0053724928366762174,49.2,16
2026-03-23,1496805_U_74,2,392,435,6607.0,9100.0,0.726043956043956,0.0,0.0,34A,16
2026-03-23,1429985_U_80,2,312,464,4668.0,16138.0,0.2892551741231875,0.0,0.0,49.1,19
2026-03-23,1496812_U_63,2,336,402,5374.0,6321.0,0.8501819332384116,30.0,0.005582433941198363,45,16
2026-03-23,1493653_U_75,2,260,306,3888.0,6350.0,0.6122834645669292,0.0,0.0,33,16
2026-03-23,1495854_U_39,2,392,482,5871.0,7311.0,0.8030365203118588,0.0,0.0,40,16
2026-03-23,1495854_U_33,2,308,400,5210.0,7641.0,0.6818479256641801,0.0,0.0,40,16
2026-03-23,1439975_U_52,2,402,450,7537.0,8437.0,0.8933270119710798,0.0,0.0,31,16
2026-03-23,1348037_U_43,2,98,126,1533.0,2418.0,0.6339950372208437,0.0,0.0,15,16
2026-03-23,1493653_U_184,2,476,482,7671.0,18180.0,0.42194719471947195,0.0,0.0,33,16
2026-03-23,1497255_U_62,2,272,319,4242.0,5764.0,0.7359472588480223,10.0,0.0023573785950023575,53,17
2026-03-23,1493653_U_83,2,340,468,5118.0,7163.0,0.7145050956303225,0.0,0.0,33,17
2026-03-23,1493653_U_8,3,389,510,6077.0,8151.0,0.7455526929211139,0.0,0.0,33,17
2026-03-23,1497255_U_93,3,327,403,5375.0,6636.0,0.8099758890898131,0.0,0.0,53,17
2026-03-23,1496808_U_95,2,402,485,6828.0,8871.0,0.7696990192762936,0.0,0.0,36,17
2026-03-23,1497252_U_66,2,289,381,4323.0,9893.0,0.43697563934094813,0.0,0.0,OC2,16
2026-03-23,1496808_U_60,2,325,448,4936.0,8916.0,0.5536114849708389,0.0,0.0,36,18
2026-03-23,1493653_U_16,2,533,556,7998.0,9668.0,0.8272652047993381,0.0,0.0,33,17
2026-03-23,1497255_U_10,3,393,459,5902.0,6802.0,0.8676859747133197,0.0,0.0,53,17
2026-03-23,1493653_U_24,2,383,477,5778.0,7371.0,0.7838827838827839,0.0,0.0,33,17
2026-03-23,1497255_U_73,2,413,449,6606.0,7143.0,0.9248215035699286,0.0,0.0,53,17
2026-03-23,1493653_U_91,2,68,76,1006.0,1006.0,1.0,105.0,0.10437375745526839,33,17
2026-03-23,1496812_U_125,2,329,359,5054.0,5597.0,0.9029837412899768,0.0,0.0,45,18
2026-03-23,1493653_U_194,2,471,479,7127.0,7250.0,0.9830344827586207,0.0,0.0,33,17
2026-03-23,1497251_U_54,2,334,645,4999.0,9680.0,0.5164256198347107,0.0,0.0,OC1,17
2026-03-23,1496812_U_64,2,341,417,5114.0,6858.0,0.7456984543598717,71.0,0.013883457176378568,45,18
2026-03-23,1497251_U_21,2,287,573,4308.0,8598.0,0.5010467550593162,0.0,0.0,OC1,18
2026-03-23,1493653_U_59,2,229,422,3422.0,6527.0,0.5242837444461468,0.0,0.0,33,17
2026-03-23,1481779_U_129,2,303,535,5179.0,18132.0,0.2856276196779175,0.0,0.0,67,21
2026-03-23,1493653_U_132,2,323,501,4846.0,7518.0,0.644586326150572,0.0,0.0,33,18
2026-03-23,1495854_U_34,2,406,420,6467.0,6467.0,1.0,194.0,0.02999845368795423,40,18
2026-03-23,1495854_U_40,2,360,427,5699.0,7379.0,0.772326873560103,0.0,0.0,40,18
2026-03-23,1493653_U_101,2,176,265,3634.0,4878.0,0.7449774497744978,77.0,0.021188772702256466,33,18
2026-03-23,1497252_U_74,2,474,514,7297.0,18854.0,0.3870266256497295,0.0,0.0,OC2,21
2026-03-23,1497255_U_11,3,217,390,3274.0,6756.0,0.4846062759029011,0.0,0.0,53,19
2026-03-23,1493653_U_43,2,237,244,3814.0,4007.0,0.9518342899925131,0.0,0.0,33,18
2026-03-23,1497251_U_62,2,428,451,6949.0,7266.0,0.9563721442334159,14.0,0.0020146783709886315,OC1,18
2026-03-23,1497251_U_8,2,437,444,6560.0,6695.0,0.9798356982823002,0.0,0.0,OC1,18
2026-03-23,1497255_U_63,2,166,289,2476.0,5087.0,0.4867308826420287,0.0,0.0,53,19
2026-03-23,1493653_U_25,2,314,348,4699.0,6618.0,0.7100332426715019,0.0,0.0,33,19
2026-03-23,1493653_U_92,2,355,425,5659.0,7099.0,0.7971545288068742,405.0,0.07156741473758614,33,19
2026-03-23,1497255_U_74,3,235,391,3528.0,6364.0,0.5543683218101823,0.0,0.0,53,19
2026-03-23,1495855_U_8,2,256,420,3827.0,6286.0,0.6088132357620109,0.0,0.0,37,19
2026-03-23,1497252_U_2,2,608,720,9397.0,11693.0,0.8036432053365261,0.0,0.0,OC2,19
2026-03-23,1495855_U_42,2,246,315,3692.0,5284.0,0.6987130961392884,0.0,0.0,37,19
2026-03-23,1496808_U_61,2,336,419,5029.0,7311.0,0.6878675967719874,0.0,0.0,36,19
2026-03-23,1497255_U_85,2,235,272,3903.0,4054.0,0.9627528367044894,391.0,0.10017934921854983,53,19
2026-03-23,1497253_U_39,2,541,589,8107.0,8692.0,0.9326967326277036,120.0,0.014802022943135562,OC3,19
2026-03-23,1497252_U_57,2,350,392,5614.0,9472.0,0.5926942567567568,0.0,0.0,OC2,20
2026-03-23,1495854_U_35,2,186,305,4623.0,6439.0,0.717968628669048,0.0,0.0,40,19
2026-03-23,1495854_U_41,2,290,366,4549.0,6620.0,0.6871601208459215,15.0,0.003297428006155199,40,19
2026-03-23,1497256_U_49,2,54,96,800.0,1547.0,0.5171299288946348,0.0,0.0,39A,20
2026-03-23,1497255_U_75,2,136,264,2087.0,4893.0,0.4265276926221132,0.0,0.0,53,21
2026-03-23,1497255_U_86,2,236,317,3604.0,5688.0,0.6336146272855133,0.0,0.0,53,21
2026-03-23,1497255_U_64,2,139,247,2071.0,4053.0,0.5109795213422157,15.0,0.007242877836793819,53,21
2026-03-23,1493653_U_179,2,139,243,2072.0,3678.0,0.5633496465470365,0.0,0.0,33,20
2026-03-24,1431265_U_166,2,254,296,3798.0,77843.0,0.04879051424020143,0.0,0.0,49.2,20
2026-03-24,1359254_U_76,2,338,380,5060.0,86386.0,0.05857430602180909,0.0,0.0,62,22
2026-03-24,1429985_U_127,2,158,217,2358.0,86386.0,0.027296089644155305,0.0,0.0,49.1,0
2026-03-24,1431265_U_173,2,232,370,3467.0,86055.0,0.04028818778688048,0.0,0.0,49.2,22
2026-03-24,1359254_U_80,2,228,311,3919.0,86386.0,0.04536614729238534,0.0,0.0,62,0
2026-03-24,1477764_U_94,2,238,280,3558.0,86386.0,0.04118722941217327,0.0,0.0,61,23
2026-03-24,1481779_U_12,2,198,216,4159.0,86386.0,0.048144375245988934,0.0,0.0,67,0
2026-03-24,1481779_U_130,2,364,406,5929.0,78353.0,0.07567036361083813,0.0,0.0,67,20
2026-03-24,T75279,71,5476,105360,85605.0,86386.0,0.9909591832009816,63187.0,0.7381227732024999,30,0
2026-03-24,T75280,37,4199,83342,63263.0,86386.0,0.7323293126201005,57678.0,0.9117177497115218,47,5
2026-03-24,1429985_U_121,2,188,230,2808.0,86386.0,0.03250526705716204,0.0,0.0,49.1,23
2026-03-24,1493653_U_96,2,339,551,5210.0,61852.0,0.08423333117764988,0.0,0.0,33,6
2026-03-24,1496811_U_70,2,180,190,3649.0,86386.0,0.0422406408445813,0.0,0.0,44,0
2026-03-24,1496812_U_155,2,216,230,3228.0,86386.0,0.03736716597596833,0.0,0.0,45,23
2026-03-24,1496808_U_79,2,228,291,3409.0,86386.0,0.039462412890977704,0.0,0.0,36,0
2026-03-24,1496808_U_97,2,234,276,3498.0,86386.0,0.04049267242377237,0.0,0.0,36,23
2026-03-24,1497251_U_75,2,248,335,4309.0,86386.0,0.04988076771699118,0.0,0.0,OC1,0
2026-03-24,1497255_U_123,2,115,157,1712.0,86386.0,0.019818026069038965,0.0,0.0,53,23
2026-03-24,1497251_U_64,2,292,334,4369.0,86386.0,0.050575324705392076,0.0,0.0,OC1,22
2026-03-24,1497256_U_95,2,379,421,5676.0,86386.0,0.06570509110272497,0.0,0.0,39A,22
2026-03-24,1497253_U_40,2,355,397,5315.0,86386.0,0.06152617322251291,0.0,0.0,OC3,22
2026-03-24,1497253_U_100,2,236,246,3528.0,86386.0,0.04083995091797282,0.0,0.0,OC3,23
2026-03-24,1497252_U_39,2,324,366,4850.0,86386.0,0.05614335656240595,0.0,0.0,OC2,22
2026-03-24,1481779_U_38,2,138,168,2057.0,86386.0,0.02381172875234413,0.0,0.0,67,23
2026-03-24,1496811_U_62,2,130,246,1936.0,85754.0,0.022576206357720924,0.0,0.0,44,0
2026-03-24,1493653_U_106,2,322,592,4909.0,29683.0,0.16538085773001382,0.0,0.0,33,6
2026-03-24,1493653_U_10,4,389,789,6291.0,57183.0,0.11001521431194586,0.0,0.0,33,4
2026-03-24,1493653_U_17,3,380,720,5928.0,51780.0,0.11448435689455388,0.0,0.0,33,17
2026-03-24,1390072_U_1,2,244,294,4070.0,4340.0,0.9377880184331797,465.0,0.11425061425061425,26A,5
2026-03-24,1493653_U_26,2,144,250,2145.0,55532.0,0.03862637758409566,0.0,0.0,33,20
2026-03-24,1493653_U_44,3,314,678,5777.0,51689.0,0.11176459207955271,945.0,0.16357971265362645,33,18
2026-03-24,1497253_U_31,2,621,649,9312.0,45025.0,0.20681843420322044,0.0,0.0,OC3,5
2026-03-24,1493653_U_60,3,313,677,4730.0,52320.0,0.09040519877675841,0.0,0.0,33,5
2026-03-24,1493653_U_76,2,208,320,3106.0,50607.0,0.0613749086094809,0.0,0.0,33,19
2026-03-24,1493653_U_68,2,184,212,2747.0,53759.0,0.051098420729552264,0.0,0.0,33,20
2026-03-24,1493653_U_84,2,208,318,3106.0,52318.0,0.05936771283305937,0.0,0.0,33,19
2026-03-24,1493653_U_95,2,112,217,1665.0,60889.0,0.027344840611604724,0.0,0.0,33,6
2026-03-24,T75281,8,2573,11090,39433.0,60799.0,0.6485797463774076,20761.0,0.5264879669312504,47B,8
2026-03-24,1497253_U_58,2,667,713,10014.0,47636.0,0.2102191619783357,0.0,0.0,OC3,6
2026-03-24,1497256_U_60,2,480,679,7192.0,9894.0,0.7269051950677178,282.0,0.03921023359288098,39A,6
2026-03-24,1497255_U_16,2,342,358,6260.0,18751.0,0.333848861394059,0.0,0.0,53,9
2026-03-24,1493653_U_110,2,173,285,2645.0,41767.0,0.06332750736227165,0.0,0.0,33,17
2026-03-24,1493653_U_105,2,149,258,2221.0,63097.0,0.035199771779957846,0.0,0.0,33,6
2026-03-24,1493653_U_138,3,319,647,5449.0,43791.0,0.12443196090520883,0.0,0.0,33,6
2026-03-24,1493653_U_117,2,162,282,2416.0,48985.0,0.049321220781872004,0.0,0.0,33,19
2026-03-24,1497256_U_14,2,432,597,6471.0,9266.0,0.6983595942154112,0.0,0.0,39A,6
2026-03-24,1497253_U_8,2,717,721,10764.0,48415.0,0.22232779097387173,0.0,0.0,OC3,6
2026-03-24,1431265_U_46,2,322,560,4820.0,34784.0,0.13856945722171113,0.0,0.0,49.2,14
2026-03-24,1431265_U_67,2,304,468,4549.0,27518.0,0.16530997892288685,0.0,0.0,49.2,6
2026-03-24,1493653_U_160,2,218,384,3254.0,43250.0,0.07523699421965319,0.0,0.0,33,17
2026-03-24,1493653_U_155,2,158,302,2353.0,41631.0,0.05652038144651822,0.0,0.0,33,17
2026-03-24,1497256_U_74,2,697,701,10464.0,10705.0,0.9774871555347968,0.0,0.0,39A,6
2026-03-24,1497256_U_2,2,613,625,9204.0,10016.0,0.9189297124600639,0.0,0.0,39A,6
2026-03-24,1493653_U_126,2,372,388,6141.0,54540.0,0.11259625962596259,0.0,0.0,33,6
2026-03-24,1359254_U_5,2,359,561,5837.0,10283.0,0.5676359039190898,0.0,0.0,62,8
2026-03-24,1477769_U_46,2,272,282,4218.0,51267.0,0.08227514775586635,0.0,0.0,41BC,20
2026-03-24,1497256_U_38,2,629,693,9445.0,10403.0,0.9079111794674614,0.0,0.0,39A,7
2026-03-24,T75282,6,1758,5187,27939.0,50847.0,0.5494719452475072,11065.0,0.39604137585454025,47A,13
2026-03-24,1497252_U_22,2,663,725,10074.0,11065.0,0.9104383190239493,0.0,0.0,OC2,7
2026-03-24,1493653_U_177,2,162,304,2416.0,53668.0,0.045017515092792726,0.0,0.0,33,21
2026-03-24,1359254_U_8,2,513,785,7701.0,34545.0,0.22292661745549283,0.0,0.0,62,7
2026-03-24,1497253_U_20,2,683,757,10255.0,10854.0,0.9448129721761562,497.0,0.048464163822525594,OC3,7
2026-03-24,1493653_U_12,2,305,379,4574.0,5655.0,0.808841732979664,15.0,0.003279405334499344,33,8
2026-03-24,1493653_U_170,3,405,419,6230.0,52589.0,0.11846583886364069,0.0,0.0,33,7
2026-03-24,1497255_U_131,2,345,355,6230.0,6230.0,1.0,136.0,0.021829855537720707,53,7
2026-03-24,1493653_U_187,2,172,268,2564.0,40909.0,0.06267569483487741,0.0,0.0,33,18
2026-03-24,1496812_U_22,2,431,459,6530.0,6952.0,0.9392980437284235,0.0,0.0,45,7
2026-03-24,1493653_U_70,2,196,284,2925.0,7609.0,0.3844131949007754,0.0,0.0,33,7
2026-03-24,1496812_U_134,3,365,413,5835.0,6526.0,0.8941158443150475,0.0,0.0,45,7
2026-03-24,1431265_U_76,2,313,413,4684.0,27980.0,0.16740528949249464,0.0,0.0,49.2,14
2026-03-24,1497255_U_114,2,225,331,3674.0,4877.0,0.7533319663727701,375.0,0.10206859009254218,53,8
2026-03-24,1497255_U_125,2,171,305,2773.0,6225.0,0.44546184738955824,0.0,0.0,53,8
2026-03-24,1497252_U_76,2,663,869,10128.0,10128.0,1.0,3077.0,0.3038112164296998,OC2,8
2026-03-24,1497255_U_96,2,152,283,2536.0,4726.0,0.5366060093101989,0.0,0.0,53,9
2026-03-24,1496805_U_53,2,361,521,6256.0,8990.0,0.6958843159065629,0.0,0.0,34A,8
2026-03-24,1359254_U_29,2,489,789,7341.0,34273.0,0.21419192950719226,0.0,0.0,62,8
2026-03-24,1493653_U_127,2,409,479,6137.0,49432.0,0.12415034795274316,0.0,0.0,33,8
2026-03-24,1497252_U_69,2,275,293,4127.0,4337.0,0.9515794327876412,45.0,0.01090380421613763,OC2,8
2026-03-24,1496805_U_61,2,324,486,4848.0,7821.0,0.6198695818948984,0.0,0.0,34A,8
2026-03-24,1497252_U_53,2,262,484,4489.0,7071.0,0.634846556356951,735.0,0.16373357095121407,OC2,10
2026-03-24,1497256_U_61,2,428,634,6413.0,8905.0,0.720157215047726,586.0,0.09137689069078435,39A,9
2026-03-24,1497256_U_15,2,438,590,6560.0,9442.0,0.6947680576149121,0.0,0.0,39A,9
2026-03-24,1496808_U_28,2,286,464,4278.0,6380.0,0.6705329153605015,555.0,0.1297335203366059,36,9
2026-03-24,1493653_U_171,3,288,378,4310.0,47634.0,0.09048158878112272,0.0,0.0,33,9
2026-03-24,1496812_U_23,2,352,482,5509.0,7461.0,0.7383728722691328,0.0,0.0,45,9
2026-03-24,1496812_U_135,2,348,448,5209.0,6711.0,0.7761883474891969,0.0,0.0,45,9
2026-03-24,1497252_U_60,2,172,254,2567.0,3798.0,0.6758820431806214,0.0,0.0,OC2,9
2026-03-24,1497255_U_97,2,160,202,2536.0,3438.0,0.7376381617219313,0.0,0.0,53,9
2026-03-24,1497255_U_115,2,216,362,3976.0,6410.0,0.6202808112324493,254.0,0.06388329979879276,53,10
2026-03-24,1497252_U_23,3,527,805,7912.0,11967.0,0.6611514999582184,135.0,0.017062689585439838,OC2,10
2026-03-24,1497251_U_18,2,495,663,7431.0,10012.0,0.7422093487814623,0.0,0.0,OC1,10
2026-03-24,1497252_U_70,2,609,625,9381.0,9595.0,0.9776967170401251,11.0,0.0011725828802899478,OC2,10
2026-03-24,1497251_U_59,2,497,597,7462.0,8995.0,0.8295719844357977,0.0,0.0,OC1,10
2026-03-24,1497251_U_12,3,553,625,9562.0,10763.0,0.888414010963486,15.0,0.001568709475005229,OC1,10
2026-03-24,1493653_U_129,2,246,399,3677.0,9383.0,0.3918789299797506,0.0,0.0,33,10
2026-03-24,1493653_U_172,3,194,388,2898.0,45563.0,0.0636042402826855,0.0,0.0,33,22
2026-03-24,1497253_U_92,2,210,252,3138.0,12236.0,0.2564563582870219,0.0,0.0,OC3,10
2026-03-24,1496812_U_5,2,361,449,5540.0,6860.0,0.8075801749271136,0.0,0.0,45,10
2026-03-24,1493653_U_114,2,105,163,1576.0,2477.0,0.6362535324989907,0.0,0.0,33,11
2026-03-24,1359254_U_52,2,259,315,3889.0,4220.0,0.921563981042654,496.0,0.12753921316533814,62,11
2026-03-24,1493653_U_164,2,154,284,2296.0,7433.0,0.308892775460783,0.0,0.0,33,10
2026-03-24,1496812_U_14,2,272,278,4077.0,4166.0,0.9786365818530965,0.0,0.0,45,10
2026-03-24,1496805_U_54,2,314,388,5481.0,6951.0,0.7885196374622356,0.0,0.0,34A,11
2026-03-24,1497252_U_77,2,649,681,9864.0,11455.0,0.8611086861632475,0.0,0.0,OC2,11
2026-03-24,1493653_U_173,3,194,294,2899.0,42712.0,0.06787319722794531,0.0,0.0,33,22
2026-03-24,1496805_U_62,2,525,567,8782.0,9593.0,0.9154591889919733,0.0,0.0,34A,11
2026-03-24,1493653_U_57,2,60,76,887.0,5900.0,0.15033898305084745,0.0,0.0,33,12
2026-03-24,1497251_U_33,2,479,596,7492.0,9428.0,0.7946542214679677,166.0,0.02215696743192739,OC1,11
2026-03-24,1493653_U_142,3,247,375,3709.0,6050.0,0.6130578512396694,16.0,0.004313831221353465,33,11
2026-03-24,1497253_U_66,2,573,739,8873.0,11214.0,0.791243088995898,166.0,0.01870844133889327,OC3,11
2026-03-24,1493653_U_73,2,436,495,8571.0,8571.0,1.0,886.0,0.10337183525842959,33,11
2026-03-24,1493653_U_49,3,239,395,3678.0,7161.0,0.5136154168412232,0.0,0.0,33,11
2026-03-24,1493653_U_32,2,189,313,4820.0,6650.0,0.724812030075188,16.0,0.0033195020746887966,33,11
2026-03-24,1477766_U_6,2,284,298,4521.0,12238.0,0.36942310835103775,0.0,0.0,42T,11
2026-03-24,1493653_U_81,2,300,472,4582.0,7252.0,0.6318257032542747,0.0,0.0,33,11
2026-03-24,1431265_U_65,2,97,164,1457.0,2449.0,0.5949367088607594,0.0,0.0,49.2,11
2026-03-24,1497252_U_54,2,290,517,4339.0,11605.0,0.37389056441189145,0.0,0.0,OC2,13
2026-03-24,1497252_U_64,2,131,259,1966.0,4039.0,0.4867541470661055,0.0,0.0,OC2,11
2026-03-24,1497255_U_59,2,308,454,4909.0,7191.0,0.6826588791544986,0.0,0.0,53,11
2026-03-24,1497255_U_70,2,256,382,4460.0,7792.0,0.5723819301848049,16.0,0.003587443946188341,53,11
2026-03-24,1497253_U_4,2,498,749,7462.0,11456.0,0.6513617318435754,0.0,0.0,OC3,13
2026-03-24,1359254_U_58,2,547,581,8206.0,11059.0,0.742020074147753,0.0,0.0,62,12
2026-03-24,1497255_U_81,2,216,342,3829.0,5810.0,0.6590361445783133,0.0,0.0,53,12
2026-03-24,1497255_U_7,2,240,407,3588.0,5945.0,0.6035323801513878,135.0,0.03762541806020067,53,12
2026-03-24,1497253_U_10,3,464,720,6951.0,12176.0,0.570877135348226,0.0,0.0,OC3,13
2026-03-24,1431265_U_116,2,172,202,4189.0,4700.0,0.8912765957446809,0.0,0.0,49.2,12
2026-03-24,1496812_U_129,2,361,415,5855.0,5855.0,1.0,796.0,0.1359521776259607,45,12
2026-03-24,1496812_U_69,2,132,162,2387.0,2717.0,0.8785425101214575,105.0,0.04398826979472141,45,12
2026-03-24,1497255_U_99,3,232,412,3468.0,6591.0,0.5261720527992717,195.0,0.056228373702422146,53,13
2026-03-24,1439975_U_58,2,308,316,6170.0,6290.0,0.9809220985691574,0.0,0.0,31,12
2026-03-24,1497252_U_6,2,316,577,4729.0,8617.0,0.5487988859231752,15.0,0.0031719179530556143,OC2,12
2026-03-24,1497255_U_117,3,341,351,5735.0,5735.0,1.0,75.0,0.013077593722755012,53,12
2026-03-24,1497253_U_28,2,276,286,4157.0,4157.0,1.0,135.0,0.032475342795285064,OC3,12
2026-03-24,1431265_U_121,3,245,423,3663.0,19562.0,0.18725079235252018,556.0,0.15178815178815178,49.2,12
2026-03-24,1497252_U_78,2,303,345,4534.0,4909.0,0.9236096964758607,239.0,0.052712836347595944,OC2,12
2026-03-24,1497255_U_108,2,251,405,3753.0,5975.0,0.6281171548117155,76.0,0.020250466293631763,53,13
2026-03-24,1349260_U_17,2,230,346,4820.0,8513.0,0.5661928814753906,0.0,0.0,24,13
2026-03-24,1496808_U_93,3,370,546,5554.0,9338.0,0.5947740415506533,0.0,0.0,36,13
2026-03-24,1497251_U_5,2,150,293,2266.0,4203.0,0.5391387104449203,195.0,0.08605472197705208,OC1,12
2026-03-24,1431265_U_127,3,260,466,3888.0,20702.0,0.18780794126171385,0.0,0.0,49.2,13
2026-03-24,1493653_U_165,2,39,53,569.0,4804.0,0.11844296419650291,0.0,0.0,33,14
2026-03-24,1497251_U_19,2,501,559,7507.0,8678.0,0.8650610739801797,0.0,0.0,OC1,13
2026-03-24,1497253_U_88,2,505,685,8094.0,10796.0,0.7497221193034457,0.0,0.0,OC3,13
2026-03-24,1431265_U_132,2,264,489,3945.0,20911.0,0.18865668786762949,0.0,0.0,49.2,17
2026-03-24,1474792_U_17,2,146,160,2176.0,2176.0,1.0,195.0,0.0896139705882353,26,13
2026-03-24,1496808_U_14,2,64,124,947.0,1577.0,0.6005072923272036,256.0,0.2703273495248152,36,13
2026-03-24,1497251_U_13,2,548,558,8212.0,8332.0,0.9855976956313011,15.0,0.001826595226497808,OC1,13
2026-03-24,1439975_U_75,2,393,407,6859.0,7792.0,0.8802618069815195,0.0,0.0,31,13
2026-03-24,1431265_U_137,2,313,337,4685.0,16499.0,0.28395660343051093,0.0,0.0,49.2,13
2026-03-24,1496808_U_23,2,121,205,1803.0,2943.0,0.6126401630988787,105.0,0.05823627287853577,36,13
2026-03-24,1496808_U_66,2,89,150,1711.0,2102.0,0.8139866793529972,511.0,0.29865575686732904,36,13
2026-03-24,1497253_U_44,2,305,361,4564.0,5404.0,0.844559585492228,0.0,0.0,OC3,13
2026-03-24,1497256_U_17,2,222,262,3318.0,3828.0,0.8667711598746082,75.0,0.022603978300180832,39A,13
2026-03-24,1496808_U_30,2,197,239,2943.0,8077.0,0.3643679584003962,0.0,0.0,36,14
2026-03-24,1496812_U_7,2,231,317,5030.0,6471.0,0.7773141709163962,0.0,0.0,45,13
2026-03-24,1497252_U_49,2,190,261,2836.0,3408.0,0.8321596244131455,479.0,0.16889985895627643,OC2,13
2026-03-24,1431265_U_142,3,350,618,5235.0,21691.0,0.2413443363607026,0.0,0.0,49.2,18
2026-03-24,1497256_U_30,2,246,282,3679.0,4129.0,0.8910147735529184,75.0,0.02038597444957869,39A,13
2026-03-24,1496808_U_74,2,327,361,5195.0,5675.0,0.9154185022026432,16.0,0.0030798845043310875,36,13
2026-03-24,1497253_U_22,2,69,81,1021.0,1171.0,0.8719043552519214,15.0,0.014691478942213516,OC3,13
2026-03-24,1497253_U_34,2,143,149,2131.0,2402.0,0.8871773522064946,0.0,0.0,OC3,13
2026-03-24,1496808_U_83,2,374,384,6365.0,6514.0,0.9771261897451643,0.0,0.0,36,13
2026-03-24,1496808_U_38,2,284,537,4506.0,9760.0,0.46168032786885244,0.0,0.0,36,15
2026-03-24,1496812_U_56,2,276,424,4128.0,6230.0,0.6626003210272873,135.0,0.032703488372093026,45,13
2026-03-24,1493653_U_190,2,206,321,3079.0,6231.0,0.494142192264484,0.0,0.0,33,14
2026-03-24,1493653_U_15,2,179,328,2672.0,6381.0,0.4187431437078828,0.0,0.0,33,14
2026-03-24,1493653_U_99,2,256,429,4054.0,6576.0,0.6164841849148418,300.0,0.0740009866798224,33,14
2026-03-24,1496811_U_15,2,420,466,6322.0,7011.0,0.9017258593638567,0.0,0.0,44,14
2026-03-24,1496808_U_45,2,297,507,4489.0,7582.0,0.5920601424426273,45.0,0.010024504343951883,36,14
2026-03-24,1496811_U_38,2,399,437,6202.0,6771.0,0.9159651454733422,0.0,0.0,44,14
2026-03-24,1431265_U_128,2,308,494,4609.0,16018.0,0.287738793856911,0.0,0.0,49.2,14
2026-03-24,1496812_U_81,2,170,308,2596.0,4698.0,0.5525755640698169,0.0,0.0,45,14
2026-03-24,1496812_U_16,2,150,290,2237.0,4654.0,0.48066179630425443,15.0,0.006705409029950827,45,14
2026-03-24,1496808_U_7,2,342,480,5122.0,7254.0,0.7060931899641577,0.0,0.0,36,14
2026-03-24,1431265_U_133,2,314,590,4700.0,15990.0,0.2939337085678549,0.0,0.0,49.2,14
2026-03-24,1493653_U_109,2,351,393,5719.0,6260.0,0.9135782747603833,74.0,0.012939325056828117,33,14
2026-03-24,1496812_U_37,2,254,466,3829.0,7282.0,0.5258170832188959,0.0,0.0,45,15
2026-03-24,1431265_U_138,2,358,674,5356.0,16769.0,0.319398890810424,0.0,0.0,49.2,17
2026-03-24,1493653_U_74,2,173,179,2582.0,2762.0,0.9348298334540188,0.0,0.0,33,14
2026-03-24,1496812_U_101,2,170,324,2538.0,5300.0,0.4788679245283019,0.0,0.0,45,15
2026-03-24,1496812_U_88,3,215,372,3499.0,5331.0,0.6563496529731757,510.0,0.14575593026579023,45,15
2026-03-24,1431265_U_143,2,366,698,5476.0,17039.0,0.3213803626973414,0.0,0.0,49.2,18
2026-03-24,1496812_U_109,2,336,404,5256.0,6277.0,0.8373426796240242,0.0,0.0,45,15
2026-03-24,1493653_U_154,2,259,437,4129.0,7252.0,0.5693601765030336,0.0,0.0,33,15
2026-03-24,1497253_U_45,2,691,693,10422.0,10422.0,1.0,13.0,0.001247361350988294,OC3,15
2026-03-24,1493653_U_8,2,320,491,4821.0,6953.0,0.6933697684452754,421.0,0.08732628085459448,33,15
2026-03-24,1431265_U_58,2,325,443,4865.0,5225.0,0.9311004784688995,1397.0,0.287153134635149,49.2,15
2026-03-24,1497256_U_58,2,335,460,5015.0,9353.0,0.5361915962792687,0.0,0.0,39A,15
2026-03-24,1493653_U_24,2,348,406,5915.0,7537.0,0.7847950112776967,0.0,0.0,33,15
2026-03-24,1497253_U_5,2,494,788,7462.0,12325.0,0.6054361054766735,0.0,0.0,OC3,15
2026-03-24,1497252_U_44,2,172,182,2570.0,2690.0,0.9553903345724907,16.0,0.0062256809338521405,OC2,15
2026-03-24,1496812_U_57,2,258,410,3918.0,6201.0,0.6318335752298017,0.0,0.0,45,15
2026-03-24,1431265_U_123,2,318,410,4760.0,10223.0,0.4656167465518928,0.0,0.0,49.2,15
2026-03-24,1496812_U_8,2,235,335,3558.0,5601.0,0.6352437064809855,0.0,0.0,45,15
2026-03-24,1431265_U_129,2,310,524,4639.0,11755.0,0.3946405784772437,0.0,0.0,49.2,15
2026-03-24,1497253_U_62,2,442,734,6681.0,12535.0,0.5329876346230554,45.0,0.00673551863493489,OC3,15
2026-03-24,1496808_U_24,2,468,508,7072.0,7671.0,0.921913700951636,0.0,0.0,36,15
2026-03-24,1496808_U_67,2,415,443,6652.0,7073.0,0.9404778736038456,0.0,0.0,36,15
2026-03-24,1497253_U_89,2,396,541,5991.0,10705.0,0.5596450256889304,0.0,0.0,OC3,17
2026-03-24,1493653_U_16,2,322,386,5222.0,6303.0,0.8284943677613835,0.0,0.0,33,16
2026-03-24,1493653_U_100,2,211,267,3347.0,4338.0,0.7715537113877363,0.0,0.0,33,16
2026-03-24,1497255_U_110,2,261,371,4218.0,5989.0,0.7042912005343129,0.0,0.0,53,15
2026-03-24,1431265_U_134,2,324,636,4850.0,11694.0,0.4147426030442962,0.0,0.0,49.2,15
2026-03-24,1496812_U_63,3,254,460,3857.0,7100.0,0.5432394366197183,0.0,0.0,45,16
2026-03-24,1431265_U_151,2,333,649,5015.0,15357.0,0.32656117731327733,0.0,0.0,49.2,15
2026-03-24,1495856_U_16,2,219,361,3348.0,5749.0,0.5823621499391198,0.0,0.0,32,15
2026-03-24,1495856_U_34,2,221,370,3305.0,5614.0,0.5887068044175277,0.0,0.0,32,15
2026-03-24,1431265_U_139,2,350,700,5298.0,12233.0,0.43309081991334913,0.0,0.0,49.2,15
2026-03-24,1429985_U_106,2,412,414,6230.0,10072.0,0.6185464654487689,0.0,0.0,49.1,17
2026-03-24,1496811_U_39,2,503,505,7700.0,7700.0,1.0,16.0,0.002077922077922078,44,15
2026-03-24,1497253_U_11,3,242,357,3618.0,5552.0,0.651657060518732,0.0,0.0,OC3,16
2026-03-24,1476582_U_3,2,354,374,5376.0,6847.0,0.7851613845479772,0.0,0.0,52,16
2026-03-24,1493653_U_59,3,196,390,2927.0,6078.0,0.4815728858177032,0.0,0.0,33,16
2026-03-24,1496812_U_124,2,234,362,3558.0,5598.0,0.6355841371918542,137.0,0.03850477796514896,45,16
2026-03-24,1496808_U_8,2,496,582,7491.0,8872.0,0.8443417493237151,0.0,0.0,36,16
2026-03-24,1496812_U_38,2,220,408,3410.0,6232.0,0.5471758664955071,0.0,0.0,45,16
2026-03-24,1493653_U_143,2,244,402,3738.0,6170.0,0.6058346839546191,0.0,0.0,33,16
2026-03-24,1493653_U_43,2,150,189,2239.0,2792.0,0.8019340974212035,11.0,0.004912907548012505,33,16
2026-03-24,1496812_U_149,2,188,356,2868.0,5390.0,0.5320964749536178,0.0,0.0,45,16
2026-03-24,1496812_U_110,2,294,402,4459.0,7161.0,0.6226783968719453,15.0,0.0033639829558196905,45,17
2026-03-24,1493653_U_75,2,154,162,2296.0,5658.0,0.4057971014492754,0.0,0.0,33,16
2026-03-24,1431265_U_144,2,342,672,5178.0,11963.0,0.432834573267575,0.0,0.0,49.2,16
2026-03-24,1497256_U_11,2,446,668,6740.0,10073.0,0.6691154571627121,0.0,0.0,39A,16
2026-03-24,1497256_U_76,2,442,654,6680.0,9863.0,0.6772787184426645,0.0,0.0,39A,16
2026-03-24,1496812_U_102,2,286,444,4337.0,6710.0,0.6463487332339791,0.0,0.0,45,17
2026-03-24,1496808_U_46,2,462,508,6981.0,7582.0,0.9207333157478238,76.0,0.01088669245093826,36,16
2026-03-24,1429985_U_89,2,384,410,5748.0,10975.0,0.5237357630979499,0.0,0.0,49.1,17
2026-03-24,1496812_U_82,2,218,280,3317.0,4247.0,0.781021897810219,0.0,0.0,45,16
2026-03-24,1497253_U_84,3,118,164,1755.0,2448.0,0.7169117647058824,0.0,0.0,OC3,16
2026-03-24,1496808_U_52,2,512,628,7731.0,9411.0,0.8214854956965253,45.0,0.005820721769499418,36,16
2026-03-24,1497253_U_38,3,514,674,7761.0,10071.0,0.7706285373845696,0.0,0.0,OC3,17
2026-03-24,1497253_U_79,2,730,884,11034.0,13344.0,0.8268884892086331,0.0,0.0,OC3,17
2026-03-24,1497251_U_35,2,594,596,9082.0,9082.0,1.0,12.0,0.0013212948689715921,OC1,16
2026-03-24,1497255_U_140,2,110,216,1636.0,3317.0,0.49321676213445886,0.0,0.0,53,16
2026-03-24,1497255_U_134,2,321,407,4909.0,6560.0,0.7483231707317073,0.0,0.0,53,16
2026-03-24,1496812_U_93,3,218,414,3318.0,6440.0,0.5152173913043478,0.0,0.0,45,17
2026-03-24,1493653_U_131,2,79,118,1170.0,1771.0,0.6606437041219649,0.0,0.0,33,16
2026-03-24,1431265_U_124,2,272,392,4127.0,5899.0,0.6996101034073572,12.0,0.002907681124303368,49.2,16
2026-03-24,1497255_U_118,2,328,408,4969.0,6170.0,0.8053484602917342,0.0,0.0,53,16
2026-03-24,1431265_U_130,2,256,472,3887.0,7312.0,0.5315919037199125,0.0,0.0,49.2,16
2026-03-24,1496808_U_87,2,446,516,6740.0,7850.0,0.8585987261146497,0.0,0.0,36,17
2026-03-24,1497256_U_94,2,410,704,6199.0,10553.0,0.5874159006917464,43.0,0.0069366026778512665,39A,16
2026-03-24,1431265_U_161,2,276,528,4127.0,15176.0,0.27194254085397995,0.0,0.0,49.2,19
2026-03-24,1497251_U_47,3,483,689,7400.0,10372.0,0.7134593135364443,102.0,0.013783783783783784,OC1,16
2026-03-24,1496812_U_89,3,162,312,2417.0,4638.0,0.5211297973264338,106.0,0.04385601985932975,45,17
2026-03-24,1431265_U_168,2,244,474,3647.0,19047.0,0.19147372289599413,0.0,0.0,49.2,21
2026-03-24,1497255_U_62,2,348,370,5268.0,5870.0,0.8974446337308347,0.0,0.0,53,17
2026-03-24,1497256_U_54,2,366,654,5539.0,9922.0,0.5582543841967346,0.0,0.0,39A,16
2026-03-24,1497252_U_1,2,362,556,5420.0,7635.0,0.7098886705959397,755.0,0.1392988929889299,OC2,17
2026-03-24,1496812_U_58,2,206,397,3074.0,6198.0,0.49596644078735075,0.0,0.0,45,17
2026-03-24,1349260_U_32,2,394,469,7067.0,11693.0,0.6043786881039939,0.0,0.0,24,18
2026-03-24,1497251_U_68,2,440,602,6649.0,9082.0,0.7321074653160097,0.0,0.0,OC1,16
2026-03-24,1497255_U_10,2,375,465,6801.0,8661.0,0.7852441981295463,0.0,0.0,53,17
2026-03-24,1496812_U_9,3,272,456,4065.0,7340.0,0.5538147138964578,0.0,0.0,45,17
2026-03-24,1497255_U_93,3,368,474,5539.0,7250.0,0.764,45.0,0.008124210146235782,53,17
2026-03-24,1493653_U_9,2,372,402,5567.0,7911.0,0.7037037037037037,0.0,0.0,33,17
2026-03-24,1431265_U_148,2,326,514,4876.0,10427.0,0.4676321089479237,0.0,0.0,49.2,18
2026-03-24,1493653_U_175,3,313,333,5204.0,5749.0,0.9052009045051314,9.0,0.0017294388931591083,33,17
2026-03-24,1431265_U_135,2,330,470,4935.0,7161.0,0.6891495601173021,0.0,0.0,49.2,17
2026-03-24,1496812_U_131,2,259,413,3884.0,5863.0,0.6624594917277844,389.0,0.10015447991761071,45,17
2026-03-24,1431265_U_152,2,314,449,4698.0,10508.0,0.447087933003426,0.0,0.0,49.2,18
2026-03-24,1497255_U_111,2,396,454,5958.0,7311.0,0.814936397209684,0.0,0.0,53,17
2026-03-24,1497255_U_141,2,372,428,5987.0,7041.0,0.8503053543530749,12.0,0.002004342742608986,53,17
2026-03-24,1431265_U_140,2,358,450,5356.0,7251.0,0.7386567370017929,0.0,0.0,49.2,17
2026-03-24,1497256_U_32,2,280,456,4185.0,6891.0,0.607313887679582,0.0,0.0,39A,18
2026-03-24,1493653_U_132,5,88,184,1303.0,5029.0,0.2590972360310201,0.0,0.0,33,18
2026-03-24,1496808_U_25,2,382,746,5716.0,7941.0,0.7198085883390001,3225.0,0.5642057382785165,36,18
2026-03-24,1431265_U_157,2,310,362,4639.0,10944.0,0.42388523391812866,0.0,0.0,49.2,19
2026-03-24,1496812_U_64,3,232,448,3466.0,6737.0,0.514472317055069,0.0,0.0,45,18
2026-03-24,1493653_U_91,2,418,430,6378.0,6678.0,0.9550763701707098,0.0,0.0,33,17
2026-03-24,1496808_U_68,2,192,312,2867.0,8478.0,0.33816937957065346,0.0,0.0,36,19
2026-03-24,1493653_U_101,4,152,393,2264.0,7068.0,0.3203169213355971,164.0,0.07243816254416961,33,18
2026-03-24,1496812_U_83,2,162,306,2415.0,4608.0,0.5240885416666666,0.0,0.0,45,17
2026-03-24,1359254_U_77,2,434,456,8388.0,10369.0,0.8089497540746455,0.0,0.0,62,18
2026-03-24,1493653_U_34,2,388,500,6048.0,7309.0,0.8274729785196333,401.0,0.06630291005291006,33,18
2026-03-24,1496812_U_39,3,206,362,3073.0,5536.0,0.5550939306358381,41.0,0.013342011064106736,45,18
2026-03-24,1496811_U_17,3,418,558,6439.0,9680.0,0.6651859504132231,0.0,0.0,44,18
2026-03-24,1497256_U_91,3,590,716,8839.0,10218.0,0.8650420825993345,223.0,0.025229098314288947,39A,18
2026-03-24,1496811_U_40,2,352,554,5268.0,8389.0,0.6279651925140064,0.0,0.0,44,18
2026-03-24,1493653_U_144,2,186,244,2774.0,3766.0,0.7365905469994689,0.0,0.0,33,17
2026-03-24,1496812_U_150,3,242,426,3767.0,6617.0,0.5692912195859151,0.0,0.0,45,18
2026-03-24,1477764_U_36,2,536,588,8029.0,9499.0,0.8452468680913781,0.0,0.0,61,18
2026-03-24,1497256_U_59,2,350,384,5234.0,6196.0,0.8447385409941898,0.0,0.0,39A,18
2026-03-24,1496812_U_103,3,384,532,5778.0,8085.0,0.7146567717996289,0.0,0.0,45,18
2026-03-24,1496812_U_111,2,224,324,3345.0,5596.0,0.5977483917083631,0.0,0.0,45,18
2026-03-24,1496811_U_67,2,292,426,4367.0,6286.0,0.6947184218899141,74.0,0.016945271353331806,44,18
2026-03-24,1496812_U_94,3,264,398,3947.0,5807.0,0.6796969175133459,44.0,0.011147707119331137,45,18
2026-03-24,1496808_U_9,2,402,508,6016.0,7607.0,0.7908505324043644,0.0,0.0,36,18
2026-03-24,1496808_U_76,2,376,558,5628.0,8420.0,0.6684085510688836,0.0,0.0,36,18
2026-03-24,1493653_U_92,2,282,412,4218.0,6110.0,0.6903436988543371,45.0,0.010668563300142247,33,19
2026-03-24,1496808_U_17,2,332,488,4969.0,7311.0,0.6796607851183148,0.0,0.0,36,19
2026-03-24,1497252_U_73,2,646,658,9683.0,9683.0,1.0,166.0,0.01714344727873593,OC2,19
2026-03-24,1496808_U_61,2,314,560,4699.0,8542.0,0.5501053617419808,0.0,0.0,36,20
2026-03-24,1493653_U_145,2,176,244,2628.0,5931.0,0.44309559939301973,0.0,0.0,33,20
2026-03-24,1496808_U_69,2,226,406,3378.0,6890.0,0.4902757619738752,0.0,0.0,36,20
2026-03-24,1493653_U_102,2,328,346,4910.0,5480.0,0.8959854014598541,0.0,0.0,33,19
2026-03-24,1496808_U_33,2,240,410,3588.0,6860.0,0.5230320699708455,0.0,0.0,36,20
2026-03-24,1496805_U_58,2,78,116,1156.0,5690.0,0.2031634446397188,0.0,0.0,34A,20
2026-03-24,1496812_U_152,2,204,338,3048.0,5961.0,0.5113236034222446,0.0,0.0,45,21
2026-03-24,1496805_U_50,2,172,292,2566.0,4188.0,0.6127029608404967,165.0,0.06430241621200312,34A,21
2026-03-24,1496812_U_142,2,300,342,4668.0,4999.0,0.9337867573514703,285.0,0.061053984575835475,45,21
2026-03-24,1493653_U_94,2,142,144,2117.0,2627.0,0.8058622002283974,0.0,0.0,33,22
2026-03-25,1496808_U_97,2,238,280,3558.0,86382.0,0.04118913662568591,0.0,0.0,36,23
2026-03-25,1496808_U_79,2,204,276,3047.0,86382.0,0.035273552360445465,0.0,0.0,36,0
2026-03-25,1497256_U_73,2,232,390,3468.0,86382.0,0.040147252899909704,0.0,0.0,39A,0
2026-03-25,1497251_U_64,2,294,336,4399.0,86382.0,0.05092496121877243,0.0,0.0,OC1,22
2026-03-25,1496812_U_155,2,226,248,3378.0,86382.0,0.0391053691741335,0.0,0.0,45,23
2026-03-25,1496811_U_70,2,190,206,3678.0,86382.0,0.042578314926720845,0.0,0.0,44,0
2026-03-25,1497255_U_123,2,106,148,1576.0,86382.0,0.018244541686925516,0.0,0.0,53,23
2026-03-25,1497253_U_98,2,508,550,7612.0,86382.0,0.08812021022898289,0.0,0.0,OC3,21
2026-03-25,1497253_U_100,2,234,240,3498.0,86382.0,0.04049454747516844,0.0,0.0,OC3,23
2026-03-25,1497252_U_39,2,322,364,4819.0,86382.0,0.05578708527239471,0.0,0.0,OC2,22
2026-03-25,T75279,71,4803,103227,73067.0,86382.0,0.8458590910143317,58474.0,0.8002791958065885,30,0
2026-03-25,T75280,36,3815,77502,58337.0,86382.0,0.6753374545622931,57467.0,0.9850866516961791,47,4
2026-03-25,1481779_U_128,2,235,277,3648.0,86382.0,0.04223102035146211,0.0,0.0,67,22
2026-03-25,1481779_U_12,2,198,214,4068.0,86382.0,0.04709314440508439,0.0,0.0,67,0
2026-03-25,1359254_U_76,2,325,367,5029.0,86382.0,0.05821814729920585,0.0,0.0,62,22
2026-03-25,1359254_U_80,2,238,364,4068.0,86382.0,0.04709314440508439,0.0,0.0,62,0
2026-03-25,1429985_U_121,2,186,228,2777.0,86382.0,0.032147901183116855,0.0,0.0,49.1,23
2026-03-25,1429985_U_127,2,162,226,2417.0,86382.0,0.02798036628001204,0.0,0.0,49.1,0
2026-03-25,1349260_U_36,2,138,176,2177.0,86382.0,0.025202009677942165,0.0,0.0,24,23
2026-03-25,1497256_U_95,2,398,414,5959.0,86382.0,0.06898427913222663,0.0,0.0,39A,22
2026-03-25,1496808_U_1,2,320,322,4790.0,5090.0,0.9410609037328095,0.0,0.0,36,4
2026-03-25,1439975_U_6,2,404,451,7132.0,28404.0,0.2510913955780876,0.0,0.0,31,6
2026-03-25,T75281,8,3244,11734,50348.0,60887.0,0.8269088639611083,47946.0,0.9522920473504409,47B,6
2026-03-25,1476582_U_17,2,612,768,9352.0,36105.0,0.25902229608087524,0.0,0.0,52,6
2026-03-25,1497255_U_16,2,340,354,5751.0,18240.0,0.31529605263157895,0.0,0.0,53,9
2026-03-25,1497253_U_8,2,733,769,11003.0,46971.0,0.23425092078090737,0.0,0.0,OC3,6
2026-03-25,1497255_U_35,2,257,259,3858.0,6348.0,0.6077504725897921,0.0,0.0,53,7
2026-03-25,1496808_U_27,2,499,501,7641.0,8000.0,0.955125,0.0,0.0,36,6
2026-03-25,T75282,4,1708,4325,27364.0,44945.0,0.608833018133274,22846.0,0.8348925595673147,47A,14
2026-03-25,1497252_U_22,3,545,643,8301.0,9832.0,0.8442839707078926,0.0,0.0,OC2,6
2026-03-25,1497256_U_38,2,607,651,9111.0,9471.0,0.9619892302819132,285.0,0.03128086927889365,39A,7
2026-03-25,1497252_U_63,2,547,735,8210.0,10976.0,0.7479956268221575,43.0,0.005237515225334957,OC2,7
2026-03-25,1497255_U_56,2,339,375,6201.0,7311.0,0.8481739844070578,0.0,0.0,53,7
2026-03-25,1359254_U_14,2,351,623,5269.0,35669.0,0.1477193080826488,0.0,0.0,62,7
2026-03-25,1497255_U_131,2,299,313,4516.0,5597.0,0.8068608182955155,0.0,0.0,53,7
2026-03-25,1496805_U_38,2,270,537,4157.0,7666.0,0.5422645447430211,494.0,0.11883569882126534,34A,8
2026-03-25,1497255_U_114,2,252,376,3853.0,6435.0,0.5987567987567988,0.0,0.0,53,7
2026-03-25,1497255_U_96,2,199,343,3853.0,6018.0,0.6402459288800266,0.0,0.0,53,7
2026-03-25,1496812_U_52,2,404,504,6169.0,7639.0,0.8075664353973033,15.0,0.0024315124007132437,45,8
2026-03-25,1496812_U_4,2,378,476,5687.0,7219.0,0.7877822413076604,0.0,0.0,45,8
2026-03-25,1390072_U_9,2,264,426,3976.0,31106.0,0.1278209991641484,0.0,0.0,26A,8
2026-03-25,1497252_U_69,2,146,288,2177.0,4307.0,0.5054562340376132,0.0,0.0,OC2,9
2026-03-25,1497255_U_47,2,296,374,5059.0,6228.0,0.8122992935131663,0.0,0.0,53,9
2026-03-25,1497255_U_132,2,364,426,5449.0,6528.0,0.8347120098039216,0.0,0.0,53,9
2026-03-25,1496808_U_81,3,304,480,4549.0,8782.0,0.5179913459348667,0.0,0.0,36,10
2026-03-25,1497255_U_36,2,280,316,4248.0,4788.0,0.8872180451127819,0.0,0.0,53,9
2026-03-25,1497255_U_57,2,288,322,4307.0,5416.0,0.7952363367799113,0.0,0.0,53,9
2026-03-25,1496808_U_28,2,238,382,3554.0,7067.0,0.502900806565728,0.0,0.0,36,9
2026-03-25,1429985_U_23,2,336,476,5029.0,29515.0,0.1703879383364391,0.0,0.0,49.1,9
2026-03-25,1496808_U_89,2,356,518,5330.0,7762.0,0.6866786910590054,0.0,0.0,36,9
2026-03-25,1497256_U_3,2,120,132,1786.0,2266.0,0.7881729920564872,0.0,0.0,39A,9
2026-03-25,1497255_U_97,2,266,344,4547.0,5959.0,0.763047491189797,0.0,0.0,53,9
2026-03-25,1496808_U_36,2,374,492,5601.0,7371.0,0.7598697598697599,0.0,0.0,36,9
2026-03-25,1359254_U_41,2,422,762,6531.0,33671.0,0.19396513320067715,0.0,0.0,62,9
2026-03-25,1497256_U_39,2,552,650,8271.0,9713.0,0.8515391743024812,18.0,0.002176278563656148,39A,10
2026-03-25,1497255_U_115,2,258,350,3859.0,5480.0,0.7041970802919708,166.0,0.04301632547292045,53,9
2026-03-25,1497252_U_23,2,550,680,8512.0,10496.0,0.8109756097560976,0.0,0.0,OC2,9
2026-03-25,1477768_U_37,2,280,344,4189.0,5300.0,0.790377358490566,525.0,0.12532824063022202,41JB,10
2026-03-25,1496805_U_45,2,402,516,6291.0,8243.0,0.7631930122528205,315.0,0.05007153075822604,34A,10
2026-03-25,1481779_U_45,2,526,567,8180.0,13572.0,0.6027114647804303,0.0,0.0,67,10
2026-03-25,1497252_U_70,2,524,624,7851.0,9325.0,0.8419302949061662,13.0,0.0016558400203795696,OC2,10
2026-03-25,1496805_U_4,3,198,390,2958.0,7070.0,0.4183875530410184,74.0,0.025016903313049357,34A,10
2026-03-25,1496805_U_39,2,88,132,1307.0,2208.0,0.5919384057971014,0.0,0.0,34A,10
2026-03-25,1495854_U_9,2,360,372,6532.0,6563.0,0.995276550358068,138.0,0.02112676056338028,40,10
2026-03-25,1495854_U_17,2,276,336,5027.0,6501.0,0.7732656514382402,0.0,0.0,40,11
2026-03-25,1495854_U_22,2,170,302,3651.0,5664.0,0.6445974576271186,0.0,0.0,40,11
2026-03-25,1496808_U_66,2,372,533,5571.0,7985.0,0.697683155917345,0.0,0.0,36,12
2026-03-25,1474792_U_19,2,106,161,1580.0,14262.0,0.11078390127611835,0.0,0.0,26,12
2026-03-25,1496808_U_85,2,326,477,4879.0,7143.0,0.6830463390732185,0.0,0.0,36,12
2026-03-25,1495854_U_37,2,370,410,6516.0,7657.0,0.8509860258586914,0.0,0.0,40,12
2026-03-25,1495854_U_31,2,345,415,5614.0,6936.0,0.8094002306805075,0.0,0.0,40,12
2026-03-25,1495855_U_32,2,365,461,5854.0,6860.0,0.8533527696793003,420.0,0.0717458148274684,37,12
2026-03-25,1497255_U_117,2,382,416,5718.0,6290.0,0.9090620031796502,0.0,0.0,53,12
2026-03-25,1496808_U_74,2,392,536,5869.0,8090.0,0.7254635352286773,0.0,0.0,36,13
2026-03-25,1349260_U_17,2,230,332,5000.0,9023.0,0.554139421478444,0.0,0.0,24,13
2026-03-25,1497256_U_63,2,194,336,2898.0,5271.0,0.549800796812749,0.0,0.0,39A,13
2026-03-25,1497255_U_108,2,373,383,5735.0,5824.0,0.9847184065934066,45.0,0.007846556233653008,53,12
2026-03-25,1497256_U_92,2,214,338,3199.0,5062.0,0.6319636507309364,0.0,0.0,39A,13
2026-03-25,1496808_U_93,2,409,507,6125.0,7596.0,0.8063454449710374,0.0,0.0,36,13
2026-03-25,1495855_U_38,2,302,343,4523.0,6185.0,0.731285367825384,0.0,0.0,37,12
2026-03-25,1439975_U_75,2,231,454,3858.0,7669.0,0.5030642847828921,301.0,0.07801969932607569,31,14
2026-03-25,1496808_U_83,2,276,477,4143.0,8196.0,0.5054904831625183,0.0,0.0,36,14
2026-03-25,1495855_U_37,2,269,301,4023.0,32048.0,0.12553045431852222,0.0,0.0,37,21
2026-03-25,1496808_U_7,2,419,543,6368.0,8167.0,0.7797232766009551,46.0,0.007223618090452261,36,14
2026-03-25,1359254_U_67,2,252,450,3796.0,7355.0,0.5161114887831407,0.0,0.0,62,15
2026-03-25,1496812_U_16,2,297,415,4458.0,6439.0,0.6923435316042864,316.0,0.0708838043965904,45,14
2026-03-25,1496812_U_81,2,241,365,3646.0,5839.0,0.6244219900667922,0.0,0.0,45,14
2026-03-25,1497255_U_109,2,294,342,4521.0,5242.0,0.8624570774513545,0.0,0.0,53,14
2026-03-25,1496808_U_38,2,423,443,6351.0,6712.0,0.9462157330154947,0.0,0.0,36,14
2026-03-25,1497255_U_71,2,276,312,4218.0,4723.0,0.8930764344696168,17.0,0.0040303461356092935,53,14
2026-03-25,1497255_U_82,2,296,328,4580.0,5091.0,0.8996267923787076,0.0,0.0,53,14
2026-03-25,1439975_U_24,2,484,510,7263.0,20819.0,0.34886401844468995,0.0,0.0,31,18
2026-03-25,1429985_U_38,2,150,272,2234.0,5492.0,0.40677348871085217,0.0,0.0,49.1,14
2026-03-25,1407494_U_24,2,166,236,2476.0,3436.0,0.7206053550640279,90.0,0.036348949919224556,21,14
2026-03-25,1429985_U_48,2,286,410,4292.0,5659.0,0.7584378865523944,495.0,0.11533084808946878,49.1,15
2026-03-25,1497251_U_67,2,329,563,4939.0,8152.0,0.6058635917566242,436.0,0.08827697914557603,OC1,14
2026-03-25,1431265_U_75,2,135,195,2010.0,3407.0,0.5899618432638685,0.0,0.0,49.2,15
2026-03-25,1429985_U_75,2,363,404,5764.0,19646.0,0.2933930571108623,0.0,0.0,49.1,18
2026-03-25,1497253_U_45,2,700,728,10660.0,10660.0,1.0,403.0,0.03780487804878049,OC3,15
2026-03-25,1431265_U_69,2,97,109,1440.0,1636.0,0.8801955990220048,0.0,0.0,49.2,15
2026-03-25,1497256_U_58,2,613,619,9983.0,10073.0,0.9910652238657798,0.0,0.0,39A,15
2026-03-25,1496812_U_47,2,365,379,5840.0,5840.0,1.0,196.0,0.03356164383561644,45,15
2026-03-25,1429985_U_63,2,280,367,4339.0,5646.0,0.7685086787105916,0.0,0.0,49.1,15
2026-03-25,1496805_U_47,2,334,408,5436.0,6757.0,0.8044990380346307,0.0,0.0,34A,15
2026-03-25,1497253_U_62,2,730,776,11112.0,11112.0,1.0,676.0,0.06083513318934485,OC3,15
2026-03-25,1497251_U_14,2,551,629,8410.0,9911.0,0.8485521138129352,0.0,0.0,OC1,15
2026-03-25,1497255_U_83,2,266,394,4429.0,6650.0,0.666015037593985,0.0,0.0,53,15
2026-03-25,1496805_U_63,2,359,369,5537.0,5717.0,0.9685149553961868,0.0,0.0,34A,16
2026-03-25,1431265_U_99,2,214,229,3349.0,4384.0,0.7639142335766423,0.0,0.0,49.2,15
2026-03-25,1497255_U_72,2,237,339,3767.0,5298.0,0.7110230275575689,0.0,0.0,53,15
2026-03-25,1497253_U_89,2,669,733,10193.0,10884.0,0.9365123116501286,255.0,0.025017168645148632,OC3,15
2026-03-25,1497251_U_20,2,285,484,4384.0,6426.0,0.6822284469343293,1083.0,0.24703467153284672,OC1,16
2026-03-25,1497251_U_46,2,181,201,2856.0,3036.0,0.9407114624505929,105.0,0.03676470588235294,OC1,15
2026-03-25,1497253_U_84,2,765,773,12174.0,12565.0,0.9688818145642658,0.0,0.0,OC3,16
2026-03-25,1496805_U_74,2,404,445,6259.0,8993.0,0.6959857667074392,0.0,0.0,34A,16
2026-03-25,1496812_U_149,2,370,436,5686.0,5840.0,0.9736301369863014,852.0,0.14984171649665845,45,16
2026-03-25,1497255_U_134,2,371,409,5597.0,7070.0,0.7916548797736916,0.0,0.0,53,16
2026-03-25,1429985_U_112,2,240,278,3587.0,4757.0,0.7540466680681102,0.0,0.0,49.1,17
2026-03-25,1497255_U_118,2,342,364,5658.0,5926.0,0.9547755653054337,45.0,0.007953340402969246,53,16
2026-03-25,1497256_U_54,2,417,665,6259.0,10012.0,0.6251498202157411,0.0,0.0,39A,17
2026-03-25,1497256_U_94,2,391,641,5869.0,9591.0,0.6119278490251278,15.0,0.0025558016697904244,39A,17
2026-03-25,1496812_U_18,2,369,397,5539.0,6859.0,0.8075521213004812,0.0,0.0,45,17
2026-03-25,1496812_U_83,2,405,469,6163.0,7098.0,0.8682727528881375,12.0,0.0019471036832711343,45,17
2026-03-25,1497256_U_32,2,340,568,5105.0,8301.0,0.6149861462474401,239.0,0.046816846229187074,39A,17
2026-03-25,1497256_U_49,2,241,314,3618.0,5328.0,0.6790540540540541,0.0,0.0,39A,18
2026-03-25,1497256_U_91,3,372,675,5567.0,9202.0,0.6049771788741578,644.0,0.1156816957068439,39A,19
2026-03-25,1497255_U_135,2,285,383,5629.0,7100.0,0.7928169014084507,0.0,0.0,53,18
2026-03-25,1497255_U_119,2,259,379,5329.0,7130.0,0.7474053295932679,0.0,0.0,53,18
2026-03-25,1496812_U_59,2,342,444,5113.0,6647.0,0.7692191966300587,0.0,0.0,45,18
2026-03-25,1497255_U_74,3,224,408,3348.0,7367.0,0.45445907425003396,0.0,0.0,53,19
2026-03-25,1496812_U_74,2,306,378,4815.0,5928.0,0.812246963562753,0.0,0.0,45,18
2026-03-25,1497255_U_11,3,212,402,3615.0,6407.0,0.5642266271265803,0.0,0.0,53,18
2026-03-25,1497255_U_63,2,234,418,3495.0,6227.0,0.5612654568813232,15.0,0.004291845493562232,53,18
2026-03-25,1496812_U_140,3,360,396,5382.0,5896.0,0.9128222523744912,8.0,0.0014864362690449647,45,18
2026-03-25,1496812_U_19,3,210,350,4574.0,6676.0,0.6851408028759737,0.0,0.0,45,18
2026-03-25,1496812_U_132,2,280,430,4181.0,6433.0,0.6499300481890253,0.0,0.0,45,18
2026-03-25,1497255_U_85,2,180,332,2687.0,5448.0,0.49320851688693096,0.0,0.0,53,19
2026-03-25,1496812_U_84,2,274,332,4096.0,4967.0,0.8246426414334609,0.0,0.0,45,19
2026-03-25,1496808_U_17,2,216,410,3465.0,6378.0,0.5432737535277516,0.0,0.0,36,19
2026-03-25,1497252_U_73,2,532,556,7969.0,8990.0,0.8864293659621802,0.0,0.0,OC2,19
2026-03-25,1497253_U_39,2,701,705,10505.0,11586.0,0.906697738650095,0.0,0.0,OC3,19
2026-03-25,1496808_U_61,2,318,486,4818.0,8028.0,0.6001494768310912,0.0,0.0,36,20
2026-03-25,1496812_U_112,2,200,322,2988.0,4968.0,0.6014492753623188,0.0,0.0,45,20
2026-03-25,1496812_U_29,2,163,253,2432.0,3633.0,0.6694192127718139,135.0,0.055509868421052634,45,20
2026-03-26,1359254_U_76,2,328,371,4909.0,86397.0,0.056819102515133627,0.0,0.0,62,22
2026-03-26,1429985_U_121,2,174,217,2597.0,86397.0,0.03005891408266491,0.0,0.0,49.1,23
2026-03-26,1431265_U_166,2,122,165,1817.0,86397.0,0.021030822829496396,0.0,0.0,49.2,23
2026-03-26,1431265_U_173,2,137,159,2897.0,86397.0,0.0335312568723451,0.0,0.0,49.2,0
2026-03-26,1429985_U_127,2,156,230,2327.0,86397.0,0.02693380557195273,0.0,0.0,49.1,0
2026-03-26,1359254_U_80,2,261,381,4008.0,86397.0,0.046390499670127434,0.0,0.0,62,0
2026-03-26,1349260_U_36,2,150,193,2237.0,86397.0,0.02589210273504867,0.0,0.0,24,23
2026-03-26,1481779_U_12,2,197,217,4129.0,86397.0,0.04779101126196512,0.0,0.0,67,0
2026-03-26,1481779_U_128,2,272,315,4219.0,86397.0,0.048832714098869176,0.0,0.0,67,22
2026-03-26,T75279,71,3956,92153,60004.0,86397.0,0.6945148558399018,60004.0,1.0,30,5
2026-03-26,T75280,36,3898,84886,58532.0,86397.0,0.6774772272185376,58502.0,0.9994874598510216,47,4
2026-03-26,1496808_U_79,2,206,278,3078.0,86397.0,0.035626237022118826,0.0,0.0,36,0
2026-03-26,1496812_U_155,2,236,252,3588.0,86397.0,0.04152921976457516,0.0,0.0,45,23
2026-03-26,1497256_U_95,2,398,430,5960.0,86397.0,0.06898387675497991,0.0,0.0,39A,22
2026-03-26,1497256_U_73,2,230,396,3438.0,86397.0,0.03979304836973506,0.0,0.0,39A,0
2026-03-26,1497255_U_123,2,116,159,2417.0,86397.0,0.02797550840885679,0.0,0.0,53,23
2026-03-26,1496811_U_70,2,187,197,3708.0,86397.0,0.042918156880447235,0.0,0.0,44,0
2026-03-26,1497252_U_39,2,300,343,4489.0,86397.0,0.05195782260958135,0.0,0.0,OC2,22
2026-03-26,1497253_U_100,2,230,242,3438.0,86397.0,0.03979304836973506,0.0,0.0,OC3,23
2026-03-26,1497253_U_98,2,492,532,7642.0,86397.0,0.08845214532912023,0.0,0.0,OC3,21
2026-03-26,1477768_U_58,2,64,85,946.0,84085.0,0.011250520306832372,0.0,0.0,41JB,23
2026-03-26,1496812_U_156,2,218,222,3258.0,85766.0,0.03798708112771961,0.0,0.0,45,0
2026-03-26,1497253_U_1,2,480,496,7192.0,48974.0,0.14685343243353616,0.0,0.0,OC3,4
2026-03-26,1496808_U_1,2,312,315,4670.0,5120.0,0.912109375,0.0,0.0,36,4
2026-03-26,1439975_U_1,2,344,356,5331.0,5331.0,1.0,165.0,0.030951041080472707,31,4
2026-03-26,1477764_U_25,2,242,423,3619.0,6097.0,0.5935706084959816,225.0,0.06217187068250898,61,5
2026-03-26,1477764_U_31,2,257,459,3845.0,7118.0,0.5401798257937623,0.0,0.0,61,6
2026-03-26,T75281,7,3253,11576,50452.0,60572.0,0.8329261044707126,43998.0,0.8720764290811068,47B,6
2026-03-26,1497252_U_52,2,486,712,7281.0,10674.0,0.6821247892074199,0.0,0.0,OC2,6
2026-03-26,1497255_U_95,2,246,336,4128.0,5570.0,0.741113105924596,0.0,0.0,53,6
2026-03-26,1497252_U_59,2,429,593,6425.0,9547.0,0.6729862784120666,0.0,0.0,OC2,6
2026-03-26,1497255_U_113,2,233,293,4145.0,4955.0,0.8365287588294652,74.0,0.01785283474065139,53,6
2026-03-26,1497255_U_124,3,259,369,3946.0,5598.0,0.7048946052161487,74.0,0.01875316776482514,53,6
2026-03-26,1496808_U_27,2,523,529,7837.0,8229.0,0.9523635921740187,0.0,0.0,36,7
2026-03-26,T75282,3,2365,2831,36821.0,50723.0,0.7259231512331684,0.0,0.0,47A,9
2026-03-26,1476582_U_7,2,638,684,9562.0,36436.0,0.26243275880996814,0.0,0.0,52,8
2026-03-26,1496808_U_64,2,496,544,7580.0,8330.0,0.9099639855942377,0.0,0.0,36,8
2026-03-26,1497255_U_125,2,262,336,3918.0,5779.0,0.6779719674684201,0.0,0.0,53,8
2026-03-26,1497255_U_114,2,260,357,3887.0,5076.0,0.7657604412923562,252.0,0.06483148958065346,53,8
2026-03-26,1496808_U_72,2,468,488,7006.0,7276.0,0.962891698735569,15.0,0.0021410219811590064,36,8
2026-03-26,1390072_U_9,2,274,452,4128.0,31210.0,0.13226529958346683,0.0,0.0,26A,8
2026-03-26,1496812_U_67,2,374,440,7248.0,7817.0,0.9272099270820008,407.0,0.056153421633554086,45,9
2026-03-26,1496811_U_20,2,206,236,4305.0,6467.0,0.6656873357043451,0.0,0.0,44,9
2026-03-26,1477764_U_73,2,230,369,3437.0,7968.0,0.4313504016064257,0.0,0.0,61,10
2026-03-26,1496812_U_77,2,336,338,6465.0,6465.0,1.0,16.0,0.0024748646558391337,45,9
2026-03-26,1496812_U_135,2,290,376,5263.0,6585.0,0.7992406985573273,0.0,0.0,45,9
2026-03-26,1359254_U_41,2,406,704,6527.0,33584.0,0.19434849928537398,0.0,0.0,62,9
2026-03-26,1497252_U_64,2,466,778,6977.0,11633.0,0.5997593054242242,15.0,0.002149921169557116,OC2,9
2026-03-26,1496812_U_23,2,280,402,4695.0,6498.0,0.7225300092336103,14.0,0.002981895633652822,45,9
2026-03-26,1497252_U_23,2,432,646,6558.0,9380.0,0.6991471215351812,376.0,0.057334553217444344,OC2,9
2026-03-26,1496812_U_92,2,410,670,6740.0,14849.0,0.45390261970503065,0.0,0.0,45,9
2026-03-26,1496812_U_107,2,226,428,3376.0,7309.0,0.46189629224244083,0.0,0.0,45,10
2026-03-26,1497252_U_70,2,458,812,6867.0,12601.0,0.5449567494643283,0.0,0.0,OC2,11
2026-03-26,1497256_U_9,2,662,880,9921.0,18418.0,0.5386578347268977,0.0,0.0,39A,10
2026-03-26,1496812_U_43,2,226,430,3376.0,6500.0,0.5193846153846153,0.0,0.0,45,10
2026-03-26,1496808_U_65,2,300,512,4488.0,7794.0,0.5758275596612779,0.0,0.0,36,10
2026-03-26,1496812_U_53,2,304,468,6259.0,6259.0,1.0,2446.0,0.3907972519571817,45,10
2026-03-26,1497252_U_11,2,626,628,9474.0,25897.0,0.3658338803722439,0.0,0.0,OC2,10
2026-03-26,1496812_U_116,2,124,142,1848.0,2118.0,0.8725212464589235,0.0,0.0,45,10
2026-03-26,1496808_U_73,2,278,472,4158.0,6951.0,0.5981873111782477,105.0,0.025252525252525252,36,10
2026-03-26,1496808_U_13,2,340,568,5091.0,8694.0,0.5855762594893029,0.0,0.0,36,11
2026-03-26,1496808_U_22,2,474,632,7346.0,9534.0,0.7705055590518145,166.0,0.022597331881295944,36,11
2026-03-26,1496808_U_82,2,516,656,8542.0,10253.0,0.8331220130693455,437.0,0.051158979161788805,36,11
2026-03-26,1359254_U_46,2,376,448,5631.0,6681.0,0.8428378985181859,16.0,0.0028414136032676256,62,11
2026-03-26,1496808_U_58,2,334,599,4999.0,8645.0,0.5782533256217467,314.0,0.0628125625125025,36,12
2026-03-26,1497256_U_89,2,552,606,9895.0,9895.0,1.0,794.0,0.08024254674077817,39A,12
2026-03-26,1474792_U_19,2,140,248,2088.0,14758.0,0.14148258571622171,0.0,0.0,26,15
2026-03-26,1496808_U_85,2,263,445,3934.0,7717.0,0.5097835946611378,0.0,0.0,36,13
2026-03-26,1349260_U_17,2,198,286,2961.0,7017.0,0.42197520307823855,0.0,0.0,24,13
2026-03-26,1496808_U_74,2,336,528,5030.0,7945.0,0.6331025802391441,0.0,0.0,36,13
2026-03-26,1496808_U_93,2,344,496,5209.0,7493.0,0.695182170025357,0.0,0.0,36,13
2026-03-26,1497256_U_17,2,196,384,2931.0,6356.0,0.46113908118313407,523.0,0.1784373933810986,39A,13
2026-03-26,1497253_U_10,3,240,661,3589.0,10615.0,0.3381064531323599,0.0,0.0,OC3,12
2026-03-26,1497253_U_77,2,208,406,3111.0,5781.0,0.5381421899325376,285.0,0.09161041465766634,OC3,13
2026-03-26,1481779_U_78,2,327,467,4891.0,7294.0,0.6705511379215794,553.0,0.1130648129216929,67,13
2026-03-26,1481779_U_70,2,384,450,6502.0,6922.0,0.9393238948280843,559.0,0.08597354660104584,67,13
2026-03-26,1496808_U_83,2,429,473,6485.0,7324.0,0.8854451119606772,0.0,0.0,36,13
2026-03-26,1497252_U_12,2,596,670,8930.0,22981.0,0.38858187198120187,0.0,0.0,OC2,13
2026-03-26,1439975_U_79,2,410,518,6140.0,9141.0,0.6716989388469533,499.0,0.08127035830618892,31,14
2026-03-26,1497253_U_88,2,487,551,7295.0,8256.0,0.8835998062015504,0.0,0.0,OC3,13
2026-03-26,1496812_U_46,2,216,346,3228.0,5240.0,0.6160305343511451,0.0,0.0,45,14
2026-03-26,1496812_U_25,2,240,360,3588.0,5328.0,0.6734234234234234,48.0,0.013377926421404682,45,14
2026-03-26,1497256_U_10,2,617,785,9247.0,9412.0,0.9824691882702933,2943.0,0.31826538336757865,39A,13
2026-03-26,1496812_U_7,2,319,378,5330.0,5330.0,1.0,871.0,0.16341463414634147,45,13
2026-03-26,1496812_U_81,2,285,395,4338.0,5900.0,0.7352542372881355,78.0,0.017980636237897647,45,14
2026-03-26,1496812_U_16,2,227,303,3767.0,5119.0,0.735885915217816,0.0,0.0,45,14
2026-03-26,1497253_U_35,2,586,688,9202.0,11272.0,0.8163591199432222,0.0,0.0,OC3,14
2026-03-26,1477768_U_29,2,254,346,4218.0,5061.0,0.8334321280379372,526.0,0.12470365101944049,41JB,14
2026-03-26,1497253_U_53,2,627,701,9398.0,10538.0,0.8918200797115202,0.0,0.0,OC3,14
2026-03-26,1497253_U_67,2,526,578,7883.0,10375.0,0.7598072289156627,0.0,0.0,OC3,15
2026-03-26,1359254_U_70,2,512,660,7672.0,9324.0,0.8228228228228228,556.0,0.07247132429614181,62,15
2026-03-26,1496812_U_26,2,243,375,3978.0,6261.0,0.635361763296598,0.0,0.0,45,15
2026-03-26,1496812_U_47,3,282,455,4218.0,6530.0,0.6459418070444104,0.0,0.0,45,15
2026-03-26,1497253_U_62,3,684,704,10255.0,11756.0,0.8723205171827152,255.0,0.024865919063871283,OC3,15
2026-03-26,1429985_U_63,2,347,361,5420.0,5660.0,0.9575971731448764,0.0,0.0,49.1,15
2026-03-26,1496812_U_57,3,250,370,3738.0,6110.0,0.611783960720131,0.0,0.0,45,15
2026-03-26,1431265_U_108,2,264,290,3947.0,21572.0,0.18296866308177268,0.0,0.0,49.2,20
2026-03-26,1496812_U_8,2,319,446,5239.0,6861.0,0.7635913132196472,270.0,0.051536552777247564,45,15
2026-03-26,1496812_U_72,2,254,352,3858.0,5480.0,0.704014598540146,225.0,0.0583203732503888,45,15
2026-03-26,1496808_U_24,2,277,480,4144.0,7928.0,0.5227043390514632,0.0,0.0,36,16
2026-03-26,1496805_U_47,2,240,460,3588.0,6861.0,0.5229558373414954,15.0,0.004180602006688963,34A,15
2026-03-26,1496808_U_31,2,328,556,4908.0,9022.0,0.5440035468853913,0.0,0.0,36,16
2026-03-26,1496812_U_130,3,261,349,4039.0,5420.0,0.7452029520295202,0.0,0.0,45,15
2026-03-26,1496812_U_82,2,216,404,3227.0,6080.0,0.5307565789473684,0.0,0.0,45,16
2026-03-26,1496808_U_90,2,316,525,4732.0,7465.0,0.6338914936369725,391.0,0.08262890955198647,36,16
2026-03-26,1496812_U_17,3,228,396,3408.0,5930.0,0.5747048903878583,0.0,0.0,45,16
2026-03-26,1496812_U_118,2,214,358,3199.0,5331.0,0.6000750328268617,15.0,0.004688965301656768,45,16
2026-03-26,1496812_U_124,2,283,373,4279.0,6201.0,0.6900499919367844,165.0,0.038560411311053984,45,16
2026-03-26,1496808_U_67,2,262,372,3918.0,5209.0,0.752159723555385,345.0,0.08805513016845329,36,16
2026-03-26,1496812_U_38,2,281,325,4460.0,5301.0,0.8413506885493303,0.0,0.0,45,16
2026-03-26,1496812_U_48,2,437,481,6832.0,7491.0,0.9120277666533173,0.0,0.0,45,17
2026-03-26,1496812_U_58,2,189,247,2822.0,4113.0,0.6861171893994651,0.0,0.0,45,17
2026-03-26,1496812_U_27,3,364,398,5481.0,5991.0,0.9148723084626941,0.0,0.0,45,17
2026-03-26,1496812_U_9,2,307,361,4610.0,5421.0,0.8503966057922893,0.0,0.0,45,17
2026-03-26,1496812_U_73,2,240,342,3587.0,5240.0,0.6845419847328245,0.0,0.0,45,17
2026-03-26,1496812_U_131,2,200,366,2989.0,5422.0,0.5512725931390631,74.0,0.024757443961191034,45,17
2026-03-26,1496812_U_18,2,226,426,3379.0,6171.0,0.5475611732296224,225.0,0.0665877478543948,45,17
2026-03-26,1496812_U_83,2,248,452,3736.0,7041.0,0.5306064479477347,0.0,0.0,45,18
2026-03-26,1496808_U_25,2,385,484,5807.0,8030.0,0.7231631382316314,0.0,0.0,36,18
2026-03-26,1496808_U_68,3,424,552,6378.0,8301.0,0.768341163715215,0.0,0.0,36,18
2026-03-26,1496812_U_39,2,226,408,3409.0,6489.0,0.5253505933117584,0.0,0.0,45,17
2026-03-26,1496812_U_125,3,210,400,3168.0,5900.0,0.5369491525423729,103.0,0.032512626262626264,45,17
2026-03-26,1497252_U_56,2,558,625,8390.0,8480.0,0.9893867924528302,902.0,0.10750893921334922,OC2,17
2026-03-26,1496808_U_32,2,440,532,6696.0,8079.0,0.8288154474563684,0.0,0.0,36,18
2026-03-26,1496812_U_150,2,197,379,3303.0,6062.0,0.544869679973606,0.0,0.0,45,18
2026-03-26,1497256_U_91,2,338,637,5053.0,9352.0,0.5403122326775022,204.0,0.040372056204235104,39A,19
2026-03-26,1496812_U_111,3,267,451,4114.0,6845.0,0.6010226442658875,0.0,0.0,45,18
2026-03-26,1496812_U_59,2,221,343,3677.0,5506.0,0.6678169269887395,15.0,0.004079412564590699,45,19
2026-03-26,1496812_U_49,4,134,366,2009.0,6945.0,0.2892728581713463,0.0,0.0,45,19
2026-03-26,1496812_U_28,2,280,412,4455.0,6255.0,0.7122302158273381,162.0,0.03636363636363636,45,19
2026-03-26,1497253_U_63,3,634,778,9499.0,10911.0,0.8705893135367977,345.0,0.03631961259079903,OC3,18
2026-03-26,1497255_U_11,2,384,406,6418.0,6643.0,0.9661297606503086,120.0,0.01869741352446245,53,18
2026-03-26,1497253_U_6,2,578,696,8660.0,10582.0,0.8183708183708184,0.0,0.0,OC3,18
2026-03-26,1497252_U_14,2,391,637,7009.0,10041.0,0.69803804401952,646.0,0.09216721358253674,OC2,18
2026-03-26,1496812_U_74,2,301,350,4633.0,5399.0,0.8581218744211891,0.0,0.0,45,18
2026-03-26,1496812_U_140,2,81,99,1199.0,5822.0,0.20594297492270697,0.0,0.0,45,20
2026-03-26,1496812_U_94,2,216,220,3282.0,3406.0,0.9635936582501468,0.0,0.0,45,18
2026-03-26,1497253_U_85,2,548,684,8210.0,10822.0,0.7586398077989281,0.0,0.0,OC3,18
2026-03-26,1496812_U_132,2,244,262,3916.0,4214.0,0.9292833412434741,0.0,0.0,45,19
2026-03-26,1497255_U_74,2,313,403,5299.0,6709.0,0.7898345506036667,0.0,0.0,53,18
2026-03-26,1496812_U_84,2,256,404,3825.0,5808.0,0.6585743801652892,223.0,0.05830065359477124,45,19
2026-03-26,1497255_U_85,3,263,355,4571.0,7723.0,0.5918684449048297,0.0,0.0,53,19
2026-03-26,1496808_U_17,2,252,456,3766.0,7156.0,0.5262716601453326,0.0,0.0,36,20
2026-03-26,1497252_U_2,2,302,582,4518.0,9712.0,0.4651976935749588,0.0,0.0,OC2,19
2026-03-26,1496812_U_19,2,176,306,2627.0,4819.0,0.5451338451960988,0.0,0.0,45,19
2026-03-26,1497255_U_22,2,247,321,3798.0,5239.0,0.7249475090666158,14.0,0.003686150605581885,53,19
2026-03-26,1496808_U_61,2,314,476,4846.0,6951.0,0.6971658754136095,312.0,0.06438299628559636,36,20
2026-03-26,1497253_U_39,2,388,598,5807.0,8930.0,0.6502799552071669,15.0,0.0025830893748923713,OC3,19
2026-03-26,1497253_U_57,2,354,568,5296.0,8539.0,0.62021313971191,0.0,0.0,OC3,19
2026-03-26,1496808_U_69,2,325,425,5328.0,6826.0,0.7805449750952241,0.0,0.0,36,20
2026-03-26,1497256_U_71,2,125,247,1859.0,5147.0,0.3611812706430931,0.0,0.0,39A,19
2026-03-26,1496808_U_33,2,382,424,5718.0,6346.0,0.9010400252127324,0.0,0.0,36,20
2026-03-26,1496812_U_141,3,218,320,3257.0,4789.0,0.6801002296930465,0.0,0.0,45,20
2026-03-26,1496812_U_133,2,238,296,3647.0,4488.0,0.8126114081996435,14.0,0.003838771593090211,45,20
2026-03-26,1496812_U_29,2,150,166,2236.0,2507.0,0.8919026725169525,0.0,0.0,45,20
2026-03-26,1497251_U_63,2,274,504,4188.0,7671.0,0.5459522878373093,0.0,0.0,OC1,20
2026-03-26,1497251_U_37,2,196,388,2927.0,5780.0,0.506401384083045,15.0,0.005124701059104886,OC1,22
2026-03-27,1429985_U_127,2,144,221,2445.0,86386.0,0.028303197277336604,0.0,0.0,49.1,0
2026-03-27,1349260_U_36,2,153,195,2280.0,86386.0,0.026393165559234134,0.0,0.0,24,23
2026-03-27,1429985_U_121,2,191,233,2850.0,86386.0,0.032991456949042666,0.0,0.0,49.1,23
2026-03-27,1431265_U_173,2,140,163,2955.0,86386.0,0.034206931678744244,0.0,0.0,49.2,0
2026-03-27,1359254_U_80,2,417,679,6344.0,84481.0,0.0750938080751885,0.0,0.0,62,21
2026-03-27,1431265_U_166,2,131,173,1950.0,86386.0,0.022573102123029196,0.0,0.0,49.2,23
2026-03-27,1477764_U_94,2,363,405,5985.0,82831.0,0.07225555649454914,0.0,0.0,61,21
2026-03-27,1481779_U_128,2,309,357,4620.0,82426.0,0.056050275398539295,0.0,0.0,67,21
2026-03-27,1481779_U_12,2,196,211,4185.0,86386.0,0.048445349940962654,0.0,0.0,67,0
2026-03-27,1481779_U_38,2,321,373,4815.0,84331.0,0.05709644140351709,0.0,0.0,67,22
2026-03-27,T75279,71,4089,99682,62941.0,86386.0,0.728601856782349,60721.0,0.9647288730716067,30,4
2026-03-27,T75280,35,4001,79116,60586.0,86386.0,0.7013404949876137,57436.0,0.9480077905786816,47,5
2026-03-27,1496812_U_155,2,241,279,3600.0,86386.0,0.041673419304053896,0.0,0.0,45,22
2026-03-27,1496808_U_79,2,208,275,3165.0,86386.0,0.036637881138147387,0.0,0.0,36,0
2026-03-27,1497251_U_75,2,240,338,4305.0,86386.0,0.04983446391776445,0.0,0.0,OC1,0
2026-03-27,1497253_U_98,2,502,524,7590.0,86386.0,0.08786145903271364,0.0,0.0,OC3,21
2026-03-27,1497253_U_100,2,235,251,3510.0,86386.0,0.04063158382145255,0.0,0.0,OC3,23
2026-03-27,1497252_U_39,2,339,381,5070.0,86386.0,0.058690065519875906,0.0,0.0,OC2,22
2026-03-27,1497256_U_95,2,399,409,5970.0,86386.0,0.06910842034588938,0.0,0.0,39A,22
2026-03-27,1497255_U_105,2,205,215,3405.0,86386.0,0.03941610909175098,0.0,0.0,53,23
2026-03-27,1496811_U_62,2,152,280,2280.0,86326.0,0.026411509857980214,0.0,0.0,44,23
2026-03-27,1481779_U_39,2,280,417,4185.0,84226.0,0.049687744876878874,0.0,0.0,67,0
2026-03-27,1497253_U_1,2,485,501,7261.0,48827.0,0.14870870624859198,0.0,0.0,OC3,4
2026-03-27,1496808_U_1,2,315,321,4726.0,5146.0,0.9183832102603964,0.0,0.0,36,4
2026-03-27,1476582_U_12,2,606,747,9091.0,43808.0,0.2075191745799854,0.0,0.0,52,5
2026-03-27,1497253_U_58,2,690,764,10351.0,48256.0,0.21450182360742706,0.0,0.0,OC3,6
2026-03-27,T75281,5,3095,7395,48287.0,60345.0,0.8001822851934709,17512.0,0.36266489945534,47B,6
2026-03-27,1497255_U_16,2,370,388,5563.0,18121.0,0.3069918878649081,0.0,0.0,53,9
2026-03-27,1497252_U_52,2,558,624,8716.0,9708.0,0.8978162340337865,0.0,0.0,OC2,6
2026-03-27,1496808_U_63,2,409,612,6135.0,27180.0,0.22571743929359822,0.0,0.0,36,6
2026-03-27,1481779_U_105,2,420,459,6345.0,57690.0,0.10998439937597504,0.0,0.0,67,6
2026-03-27,1481779_U_113,2,421,562,6330.0,55650.0,0.11374663072776281,0.0,0.0,67,6
2026-03-27,1431265_U_79,2,307,506,4590.0,30485.0,0.15056585205838938,0.0,0.0,49.2,6
2026-03-27,T75282,4,2269,4437,35100.0,48585.0,0.7224451991355356,6109.0,0.17404558404558404,47A,11
2026-03-27,1497253_U_20,2,571,703,9252.0,11277.0,0.8204309656823623,0.0,0.0,OC3,7
2026-03-27,1496808_U_92,2,513,525,7681.0,20729.0,0.3705436827632785,0.0,0.0,36,7
2026-03-27,1477764_U_26,2,354,422,5881.0,8640.0,0.6806712962962963,0.0,0.0,61,8
2026-03-27,1497253_U_51,4,353,512,5281.0,11037.0,0.4784814714143336,0.0,0.0,OC3,7
2026-03-27,1497253_U_26,3,562,728,8526.0,11010.0,0.7743869209809264,0.0,0.0,OC3,7
2026-03-27,1496812_U_86,2,252,422,3765.0,6227.0,0.6046250200738719,74.0,0.019654714475431607,45,7
2026-03-27,1497253_U_65,3,529,661,7948.0,9953.0,0.7985532000401889,0.0,0.0,OC3,7
2026-03-27,1497253_U_32,4,634,936,12269.0,12269.0,1.0,2805.0,0.2286249898117206,OC3,8
2026-03-27,1477768_U_25,2,121,163,1798.0,5880.0,0.30578231292517005,0.0,0.0,41JB,9
2026-03-27,1496808_U_64,2,394,531,5894.0,7950.0,0.7413836477987421,0.0,0.0,36,8
2026-03-27,1496812_U_42,2,382,523,5714.0,7828.0,0.729943791517629,0.0,0.0,45,8
2026-03-27,1496812_U_134,2,181,303,2701.0,4622.0,0.5843790566854176,0.0,0.0,45,8
2026-03-27,1496812_U_115,2,346,457,5174.0,6840.0,0.7564327485380117,0.0,0.0,45,8
2026-03-27,1496808_U_72,2,377,476,5864.0,7349.0,0.7979316913865833,0.0,0.0,36,8
2026-03-27,1497252_U_33,2,627,705,9389.0,10559.0,0.8891940524670897,0.0,0.0,OC2,8
2026-03-27,1497255_U_57,2,247,316,4018.0,6059.0,0.6631457336194091,0.0,0.0,53,9
2026-03-27,1497255_U_132,2,249,344,3713.0,5099.0,0.728181996469896,29.0,0.007810395906275249,53,9
2026-03-27,1497255_U_68,2,279,355,4349.0,5669.0,0.7671547010054683,46.0,0.01057714417107381,53,9
2026-03-27,1477768_U_14,2,120,189,1784.0,5308.0,0.3360964581763376,0.0,0.0,41JB,10
2026-03-27,1497253_U_76,2,372,480,6524.0,8564.0,0.7617935544138253,0.0,0.0,OC3,11
2026-03-27,1496812_U_107,2,340,414,5085.0,6165.0,0.8248175182481752,15.0,0.0029498525073746312,45,10
2026-03-27,1497253_U_15,2,194,328,2895.0,4938.0,0.586269744835966,0.0,0.0,OC3,10
2026-03-27,1496812_U_43,2,338,394,5054.0,5894.0,0.8574821852731591,0.0,0.0,45,10
2026-03-27,1497252_U_11,2,638,660,9556.0,26403.0,0.36192856872325113,0.0,0.0,OC2,10
2026-03-27,1497253_U_92,2,654,785,9975.0,11986.0,0.8322209244118138,0.0,0.0,OC3,10
2026-03-27,1359254_U_46,2,597,897,8961.0,13010.0,0.6887778631821676,435.0,0.04854368932038835,62,12
2026-03-27,1359254_U_49,2,224,387,3346.0,25731.0,0.13003769771870508,0.0,0.0,62,11
2026-03-27,1359254_U_52,2,198,358,3017.0,20148.0,0.14974190986698432,0.0,0.0,62,16
2026-03-27,1497255_U_59,2,118,174,3374.0,3374.0,1.0,824.0,0.24422050978067575,53,11
2026-03-27,1359254_U_55,2,218,316,3313.0,20866.0,0.15877504073612575,0.0,0.0,62,16
2026-03-27,1497253_U_22,2,290,370,4335.0,5535.0,0.7831978319783198,0.0,0.0,OC3,11
2026-03-27,1359254_U_61,2,221,345,3304.0,25610.0,0.1290121046466224,0.0,0.0,62,18
2026-03-27,1359254_U_58,2,619,657,9347.0,20931.0,0.44656251493000815,0.0,0.0,62,15
2026-03-27,1497255_U_7,2,323,423,5235.0,6195.0,0.8450363196125908,527.0,0.10066857688634193,53,12
2026-03-27,1359254_U_45,2,170,188,2536.0,3826.0,0.6628332462101412,0.0,0.0,62,12
2026-03-27,1496812_U_6,2,276,357,4124.0,5448.0,0.7569750367107195,0.0,0.0,45,12
2026-03-27,1497255_U_108,2,381,409,5747.0,6860.0,0.8377551020408164,0.0,0.0,53,12
2026-03-27,1496812_U_15,2,339,385,5451.0,5451.0,1.0,675.0,0.12383048981838195,45,12
2026-03-27,1349260_U_17,2,247,341,4785.0,7845.0,0.609942638623327,0.0,0.0,24,13
2026-03-27,1497255_U_29,2,375,415,5662.0,7102.0,0.7972402140242185,0.0,0.0,53,13
2026-03-27,1495854_U_18,2,220,417,3649.0,7100.0,0.513943661971831,284.0,0.07782954234036722,40,13
2026-03-27,1496812_U_55,2,110,160,1635.0,2295.0,0.7124183006535948,74.0,0.04525993883792049,45,12
2026-03-27,1497256_U_17,2,291,329,4369.0,4909.0,0.8899979629252394,15.0,0.003433279926756695,39A,13
2026-03-27,1496808_U_23,2,437,477,6560.0,7189.0,0.9125052163026847,0.0,0.0,36,13
2026-03-27,1497252_U_12,2,660,736,9914.0,23520.0,0.42151360544217686,0.0,0.0,OC2,13
2026-03-27,1496812_U_7,2,240,371,4610.0,6651.0,0.6931288528040896,0.0,0.0,45,13
2026-03-27,1497255_U_60,2,355,377,5760.0,6061.0,0.950338228015179,15.0,0.0026041666666666665,53,13
2026-03-27,1497253_U_23,2,359,711,5389.0,10911.0,0.4939052332508478,0.0,0.0,OC3,13
2026-03-27,1497255_U_91,2,326,330,5446.0,5537.0,0.9835651074589128,0.0,0.0,53,13
2026-03-27,1496812_U_56,2,272,387,4070.0,5805.0,0.7011197243755384,21.0,0.005159705159705159,45,13
2026-03-27,1495854_U_37,2,248,252,3709.0,4070.0,0.9113022113022113,0.0,0.0,40,13
2026-03-27,1496808_U_7,2,451,539,6764.0,7966.0,0.8491087120261109,107.0,0.015819041986989947,36,14
2026-03-27,1496812_U_100,2,134,230,1999.0,2959.0,0.6755660696181143,467.0,0.2336168084042021,45,14
2026-03-27,1429985_U_58,2,249,404,3737.0,7606.0,0.49132264002103604,0.0,0.0,49.1,15
2026-03-27,1429985_U_48,2,343,403,5150.0,5510.0,0.9346642468239564,528.0,0.10252427184466019,49.1,14
2026-03-27,1496808_U_45,2,294,334,4951.0,6240.0,0.7934294871794871,0.0,0.0,36,15
2026-03-27,1496812_U_101,2,277,374,4545.0,5986.0,0.7592716338122285,14.0,0.0030803080308030805,45,15
2026-03-27,1496812_U_88,2,268,335,4022.0,5070.0,0.7932938856015779,0.0,0.0,45,15
2026-03-27,1496808_U_15,2,406,546,6824.0,9059.0,0.7532840269345402,0.0,0.0,36,15
2026-03-27,1496812_U_8,2,241,351,3929.0,6538.0,0.6009483022330988,0.0,0.0,45,15
2026-03-27,1496812_U_26,2,261,312,3915.0,4694.0,0.8340434597358329,0.0,0.0,45,15
2026-03-27,1497253_U_5,2,431,769,7181.0,12237.0,0.5868268366429681,11.0,0.0015318200807686953,OC3,16
2026-03-27,1497255_U_83,2,293,391,5670.0,7169.0,0.7909052866508579,0.0,0.0,53,15
2026-03-27,1496812_U_57,2,267,359,4139.0,6239.0,0.6634075973713737,0.0,0.0,45,15
2026-03-27,1496808_U_67,2,439,506,6644.0,7647.0,0.8688374525957892,0.0,0.0,36,15
2026-03-27,1497253_U_62,2,440,728,6646.0,11009.0,0.6036878917249523,0.0,0.0,OC3,16
2026-03-27,1497255_U_72,2,304,399,4711.0,6269.0,0.7514755144361143,0.0,0.0,53,15
2026-03-27,1497253_U_89,2,491,767,7965.0,11790.0,0.6755725190839694,315.0,0.03954802259887006,OC3,16
2026-03-27,1497255_U_110,2,223,373,4156.0,6464.0,0.6429455445544554,17.0,0.0040904716073147255,53,15
2026-03-27,1496812_U_17,2,294,364,5190.0,6240.0,0.8317307692307693,0.0,0.0,45,16
2026-03-27,1497253_U_84,2,536,734,8100.0,11414.0,0.7096548098826003,0.0,0.0,OC3,16
2026-03-27,1496812_U_63,2,330,416,4995.0,6330.0,0.7890995260663507,0.0,0.0,45,16
2026-03-27,1496812_U_124,2,274,361,4155.0,5848.0,0.710499316005472,0.0,0.0,45,16
2026-03-27,1496812_U_82,2,310,318,4710.0,4830.0,0.9751552795031055,0.0,0.0,45,16
2026-03-27,1496812_U_38,3,298,390,4517.0,5882.0,0.7679360761645698,0.0,0.0,45,16
2026-03-27,1497255_U_140,2,150,260,2279.0,3975.0,0.5733333333333334,0.0,0.0,53,16
2026-03-27,1496808_U_52,2,446,580,6690.0,8820.0,0.7585034013605442,0.0,0.0,36,17
2026-03-27,1496812_U_9,2,176,352,4128.0,6918.0,0.5967042497831744,0.0,0.0,45,16
2026-03-27,1496808_U_46,2,349,453,5223.0,6783.0,0.7700132684652808,45.0,0.00861573808156232,36,17
2026-03-27,1476582_U_14,2,755,783,11354.0,11354.0,1.0,404.0,0.035582173683283425,52,16
2026-03-27,1496812_U_58,2,211,418,3150.0,6180.0,0.5097087378640777,135.0,0.04285714285714286,45,17
2026-03-27,1496812_U_131,3,380,490,5685.0,7455.0,0.7625754527162978,18.0,0.0031662269129287598,45,17
2026-03-27,1496812_U_73,2,308,404,4605.0,5955.0,0.7732997481108312,135.0,0.029315960912052116,45,17
2026-03-27,1496812_U_18,3,357,441,5340.0,6656.0,0.8022836538461539,0.0,0.0,45,17
2026-03-27,1496808_U_16,2,416,518,6401.0,7966.0,0.8035400451920662,0.0,0.0,36,17
2026-03-27,1496812_U_119,2,320,376,4786.0,5596.0,0.8552537526804861,16.0,0.003343083994985374,45,17
2026-03-27,1496808_U_68,3,446,544,7241.0,8776.0,0.8250911577028259,0.0,0.0,36,17
2026-03-27,1496812_U_64,2,335,409,5004.0,6270.0,0.7980861244019138,0.0,0.0,45,18
2026-03-27,1496808_U_32,2,438,498,6556.0,7366.0,0.890035297311974,76.0,0.011592434411226357,36,17
2026-03-27,1496812_U_39,2,345,409,5155.0,5970.0,0.8634840871021775,131.0,0.025412221144519884,45,17
2026-03-27,1497253_U_95,2,676,765,10155.0,11939.0,0.8505737498953011,0.0,0.0,OC3,18
2026-03-27,1497253_U_63,2,470,742,7605.0,11730.0,0.6483375959079284,0.0,0.0,OC3,18
2026-03-27,1497253_U_6,3,502,654,7515.0,9764.0,0.7696640721015977,0.0,0.0,OC3,18
2026-03-27,1481779_U_125,2,253,452,3780.0,14459.0,0.2614288678331835,0.0,0.0,67,21
2026-03-27,1481779_U_129,2,366,617,5474.0,18809.0,0.291030889467808,0.0,0.0,67,18
2026-03-27,1496812_U_19,2,176,349,2623.0,5247.0,0.49990470745187726,0.0,0.0,45,19
2026-03-27,1496808_U_61,2,302,468,4556.0,6839.0,0.6661792659745577,194.0,0.04258121158911326,36,20
2026-03-27,1496808_U_69,3,334,424,5280.0,6776.0,0.7792207792207793,0.0,0.0,36,20
2026-03-27,1496808_U_17,2,291,371,4348.0,5608.0,0.775320970042796,0.0,0.0,36,20
2026-03-27,1496808_U_33,2,420,454,6330.0,6839.0,0.9255739143149583,0.0,0.0,36,20
2026-03-27,1496812_U_84,2,169,177,2516.0,2609.0,0.9643541586814871,13.0,0.0051669316375198724,45,20
2026-03-27,1497255_U_86,2,194,212,3945.0,4874.0,0.8093967993434551,0.0,0.0,53,20
2026-03-27,1497255_U_75,2,225,294,4170.0,4800.0,0.86875,389.0,0.09328537170263788,53,20
2026-03-28,T75279,60,4017,61221,61317.0,85603.0,0.7162949896615772,59937.0,0.9774940065560938,30,5
2026-03-28,T75280,16,3839,38827,58933.0,80788.0,0.7294771500717928,56383.0,0.9567305244939168,47,6
2026-03-28,T75281,3,3016,5959,48448.0,54193.0,0.8939899987083203,22995.0,0.4746325957727873,47B,6
2026-03-28,1437078_S_32,2,112,222,1665.0,3345.0,0.4977578475336323,0.0,0.0,41BC,7
2026-03-28,1289455_S_57,2,205,260,3195.0,6795.0,0.47019867549668876,0.0,0.0,61,8
2026-03-28,1289455_S_64,2,281,447,4200.0,6720.0,0.625,0.0,0.0,61,8
2026-03-28,1410627_S_21,2,74,122,1095.0,3525.0,0.31063829787234043,0.0,0.0,31,18
2026-03-29,T75279,53,3846,31288,59017.0,84707.0,0.6967192793983968,56615.0,0.9592998627514107,30.0,6
2026-03-29,T75280,8,3852,17739,58177.0,78147.0,0.7444559612013257,54574.0,0.938068308781821,47.0,5
2026-03-29,1247894_D_1,2,120,165,1786.0,2823.0,0.63266029047113,0.0,0.0,35,4
2026-03-29,1247894_D_15,2,127,146,1892.0,2207.0,0.8572723153602175,0.0,0.0,35,4
2026-03-29,1350104_D_1,2,116,160,2687.0,2823.0,0.9518243003896564,510.0,0.1898027540007443,53,5
2026-03-29,1350104_D_20,2,102,196,1517.0,2928.0,0.5181010928961749,0.0,0.0,53,5
2026-03-29,1350092_D_11,2,336,618,5030.0,41828.0,0.12025437505976858,0.0,0.0,33,15
2026-03-29,1350092_D_60,2,150,218,2238.0,6052.0,0.3697951090548579,0.0,0.0,33,6
2026-03-29,1350092_D_40,3,279,480,4249.0,37714.0,0.11266373230100228,271.0,0.06377971287361732,33,5
2026-03-29,1350092_D_30,2,146,206,2176.0,40147.0,0.05420081201584178,0.0,0.0,33,16
2026-03-29,1350101_D_2,2,469,475,7027.0,7027.0,1.0,75.0,0.010673117973530667,48,6
2026-03-29,1350092_D_31,2,303,309,5751.0,39997.0,0.14378578393379504,0.0,0.0,33,6
2026-03-29,1350092_D_70,2,301,311,4910.0,33931.0,0.144705431611211,0.0,0.0,33,6
2026-03-29,1350092_D_12,2,303,415,4879.0,36603.0,0.13329508510231403,0.0,0.0,33,6
2026-03-29,1350092_D_50,2,122,134,1817.0,34351.0,0.05289511222380717,0.0,0.0,33,15
2026-03-29,1350092_D_41,3,341,569,5510.0,36663.0,0.1502877560483321,0.0,0.0,33,7
2026-03-29,1350092_D_71,3,361,627,6200.0,35342.0,0.17542866843981664,0.0,0.0,33,7
2026-03-29,1350092_D_21,2,378,707,5902.0,36364.0,0.16230337696623034,0.0,0.0,33,15
2026-03-29,1350092_D_32,3,394,780,6801.0,40506.0,0.16790105169604502,0.0,0.0,33,7
2026-03-29,1350092_D_13,3,291,668,5269.0,39320.0,0.1340030518819939,0.0,0.0,33,7
2026-03-29,1350092_D_42,3,372,578,6260.0,33931.0,0.18449205741062746,0.0,0.0,33,8
2026-03-29,1350092_D_72,2,354,408,6591.0,31048.0,0.2122842051017779,0.0,0.0,33,8
2026-03-29,1350092_D_22,3,361,399,5751.0,30058.0,0.19133009514937788,0.0,0.0,33,8
2026-03-29,1350096_D_28,2,160,304,2388.0,4429.0,0.539173628358546,105.0,0.04396984924623116,44,9
2026-03-29,1350092_D_14,3,284,402,4759.0,31349.0,0.15180707518581135,134.0,0.028157175877285143,33,9
2026-03-29,1268861_D_5,2,248,296,3709.0,3919.0,0.9464149017606532,495.0,0.1334591534106228,49.2,9
2026-03-29,1350092_D_33,2,260,372,3888.0,6050.0,0.6426446280991736,0.0,0.0,33,9
2026-03-29,1350099_D_9,2,200,290,2988.0,4249.0,0.7032242880677807,106.0,0.03547523427041499,46,10
2026-03-29,1350092_D_43,4,272,710,4114.0,32775.0,0.12552250190694125,16.0,0.003889158969372873,33,17
2026-03-29,1350099_D_49,2,671,677,11621.0,11831.0,0.9822500211309272,0.0,0.0,46,10
2026-03-29,1350092_D_52,2,282,320,4820.0,27655.0,0.17429036340625564,0.0,0.0,33,16
2026-03-29,1350092_D_73,6,292,691,4429.0,29231.0,0.15151722486401423,0.0,0.0,33,10
2026-03-29,1350092_D_34,2,383,407,5765.0,6696.0,0.8609617682198327,0.0,0.0,33,10
2026-03-29,1350092_D_53,2,217,315,4084.0,29532.0,0.13829066775023702,0.0,0.0,33,17
2026-03-29,1350092_D_23,3,349,513,5584.0,29261.0,0.19083421619220123,0.0,0.0,33,17
2026-03-29,1350094_D_6,2,208,267,3108.0,5449.0,0.5703798862176546,0.0,0.0,34A,11
2026-03-29,1350101_D_53,2,297,420,6170.0,8017.0,0.7696145690407883,0.0,0.0,48,12
2026-03-29,1350101_D_30,2,119,180,1772.0,2689.0,0.6589810338415768,0.0,0.0,48,12
2026-03-29,1350092_D_74,2,119,216,2643.0,25208.0,0.10484766740717233,0.0,0.0,33,18
2026-03-29,1350092_D_45,2,72,103,1065.0,2416.0,0.4408112582781457,0.0,0.0,33,12
2026-03-29,1350092_D_25,2,107,188,1591.0,2281.0,0.6975010960105217,510.0,0.32055311125078567,33,12
2026-03-29,1350099_D_10,2,663,665,9982.0,10149.0,0.9835451768647158,0.0,0.0,46,13
2026-03-29,1350101_D_31,2,124,192,1846.0,2867.0,0.6438786187652599,0.0,0.0,48,13
2026-03-29,1350092_D_7,2,178,287,2687.0,5180.0,0.5187258687258687,0.0,0.0,33,14
2026-03-29,1350093_D_11,2,70,72,1066.0,4129.0,0.25817389198353113,0.0,0.0,34B,14
2026-03-29,1350092_D_47,2,313,371,5090.0,5450.0,0.9339449541284404,495.0,0.09724950884086445,33,13
2026-03-29,1350092_D_57,2,396,554,5960.0,28540.0,0.20882971268395234,0.0,0.0,33,20
2026-03-29,1350092_D_38,2,213,283,4160.0,5180.0,0.803088803088803,16.0,0.0038461538461538464,33,14
2026-03-29,1350092_D_9,2,224,359,3378.0,6921.0,0.4880797572605115,0.0,0.0,33,15
2026-03-29,1350094_D_17,2,298,340,4760.0,5841.0,0.8149289505221708,0.0,0.0,34A,14
2026-03-29,1247933_D_60,2,218,313,3258.0,4699.0,0.6933390082996382,0.0,0.0,45,15
2026-03-29,1247933_D_27,2,178,235,2659.0,3529.0,0.7534712383111363,0.0,0.0,45,15
2026-03-29,1247933_D_43,2,156,310,2327.0,4759.0,0.4889682706450935,0.0,0.0,45,16
2026-03-29,1350092_D_68,2,114,212,1696.0,3198.0,0.5303314571607255,0.0,0.0,33,19
2026-03-29,1350092_D_77,2,166,282,2477.0,4219.0,0.5871059492770799,0.0,0.0,33,19
2026-03-29,1247933_D_12,2,146,252,2177.0,3799.0,0.5730455382995525,105.0,0.04823151125401929,45,15
2026-03-29,1350092_D_39,2,309,460,4624.0,6516.0,0.7096378146101903,360.0,0.07785467128027682,33,19
2026-03-29,1350092_D_10,3,330,664,6351.0,20148.0,0.31521739130434784,0.0,0.0,33,15
2026-03-29,1350092_D_28,3,246,305,4595.0,5135.0,0.8948393378773125,255.0,0.055495103373231776,33,19
2026-03-29,1350092_D_80,3,287,577,4293.0,28660.0,0.14979064898813677,0.0,0.0,33,22
2026-03-29,1247894_D_23,2,268,466,4038.0,7040.0,0.5735795454545455,0.0,0.0,35,16
2026-03-29,1247933_D_28,2,166,270,2747.0,4039.0,0.6801188412973508,255.0,0.09282854022570076,45,16
2026-03-29,1247897_D_49,2,364,468,5450.0,6981.0,0.7806904454949147,15.0,0.0027522935779816515,39A,16
2026-03-29,1247933_D_76,2,152,200,2297.0,3288.0,0.6986009732360098,0.0,0.0,45,16
2026-03-29,1247894_D_41,2,234,354,3498.0,5270.0,0.6637571157495256,15.0,0.004288164665523156,35,16
2026-03-29,1247897_D_35,2,166,230,2479.0,3560.0,0.6963483146067416,0.0,0.0,39A,16
2026-03-29,1247933_D_13,2,266,270,4009.0,4009.0,1.0,45.0,0.011224744325268148,45,16
2026-03-29,1350092_D_81,2,32,52,1216.0,1817.0,0.6692350027517887,0.0,0.0,33,16
2026-03-29,1350092_D_82,2,340,414,5570.0,6711.0,0.8299806288183579,0.0,0.0,33,17
2026-03-29,1350095_D_28,2,252,358,3769.0,5210.0,0.7234165067178503,136.0,0.03608384186786946,36,17
2026-03-29,1350095_D_16,2,267,337,4549.0,5750.0,0.7911304347826087,0.0,0.0,36,17
2026-03-29,1247933_D_46,2,242,332,3648.0,4998.0,0.7298919567827131,0.0,0.0,45,17
2026-03-29,1247933_D_14,2,214,252,3198.0,4129.0,0.7745216759505934,0.0,0.0,45,17
2026-03-29,1247894_D_24,2,321,483,4805.0,7237.0,0.6639491502003593,0.0,0.0,35,18
2026-03-29,1247894_D_42,2,319,445,4775.0,6877.0,0.6943434637196452,0.0,0.0,35,18
2026-03-29,1350095_D_17,2,255,465,3813.0,6937.0,0.5496612368458988,15.0,0.003933910306845004,36,19
2026-03-29,1350095_D_29,2,212,358,3167.0,5389.0,0.5876786045648543,0.0,0.0,36,19
2026-03-29,1350092_D_56,3,94,154,1397.0,2267.0,0.6162329069254522,15.0,0.010737294201861132,33,19
2026-03-29,1350092_D_19,2,195,197,2913.0,5360.0,0.5434701492537314,0.0,0.0,33,19
2026-03-29,1350092_D_49,2,312,460,5976.0,8498.0,0.7032242880677807,0.0,0.0,33,19
2026-03-29,1350101_D_9,2,416,421,7056.0,7221.0,0.9771499792272539,0.0,0.0,48,19
2026-03-29,1350092_D_78,2,207,321,3093.0,5075.0,0.6094581280788177,0.0,0.0,33,20
2026-03-29,1350101_D_50,2,192,345,2868.0,8438.0,0.33989096942403413,0.0,0.0,48,21
2026-03-29,1350103_D_28,2,197,316,2943.0,8498.0,0.3463167804189221,0.0,0.0,OC1,20
2026-03-29,1350092_D_69,3,246,426,3708.0,6727.0,0.5512115356027947,0.0,0.0,33,20
2026-03-29,1350103_D_23,2,196,347,2928.0,7086.0,0.41320914479254867,0.0,0.0,OC1,22
2026-03-29,1350101_D_61,2,328,483,4939.0,7176.0,0.6882664437012264,75.0,0.015185260174124316,48,21
2026-03-29,1247897_D_45,2,388,495,5810.0,8347.0,0.6960584641188451,0.0,0.0,39A,21
2026-03-29,1350101_D_25,2,256,307,3828.0,4564.0,0.838737949167397,15.0,0.003918495297805642,48,21
2026-03-29,1247897_D_54,2,324,342,5810.0,6080.0,0.9555921052631579,0.0,0.0,39A,21
2026-03-30,T75279,73,4145,95266,64411.0,86041.0,0.7486082216617659,60990.0,0.9468879539209142,30,4
2026-03-30,T75280,35,3901,82218,59327.0,85516.0,0.693753215772487,58606.0,0.9878470173782595,47,4
2026-03-30,T75281,7,1832,10294,28693.0,53563.0,0.5356869480798312,23941.0,0.8343846931307287,47B,6
2026-03-30,1477764_U_59,2,422,604,6375.0,8596.0,0.7416240111679852,494.0,0.07749019607843137,61,7
2026-03-30,1429985_U_55,2,334,374,5118.0,28892.0,0.1771424615810605,0.0,0.0,49.1,13
2026-03-30,1496812_U_41,2,184,206,2742.0,5595.0,0.4900804289544236,0.0,0.0,45,6
2026-03-30,1431265_U_51,2,310,318,4720.0,11083.0,0.4258774699990977,0.0,0.0,49.2,8
2026-03-30,T75282,5,1462,5297,23462.0,47562.0,0.4932929649720365,17624.0,0.7511721080896769,47A,7
2026-03-30,1496812_U_61,2,329,355,4964.0,5354.0,0.9271572655958162,0.0,0.0,45,7
2026-03-30,1497256_U_8,2,525,707,9132.0,9132.0,1.0,2803.0,0.3069426193604906,39A,7
2026-03-30,1477769_U_37,2,286,396,4480.0,5595.0,0.8007149240393209,519.0,0.11584821428571429,41BC,7
2026-03-30,1497256_U_56,2,234,287,3494.0,4514.0,0.7740363314133806,0.0,0.0,39A,7
2026-03-30,1496812_U_42,2,483,490,7329.0,8006.0,0.9154384211841119,0.0,0.0,45,8
2026-03-30,1390072_U_9,2,259,475,4031.0,31496.0,0.12798450596901192,0.0,0.0,26A,8
2026-03-30,1496812_U_62,2,364,535,5607.0,8126.0,0.6900073837066207,49.0,0.008739076154806492,45,8
2026-03-30,1497256_U_61,3,325,671,4871.0,9749.0,0.4996409888193661,343.0,0.07041675220693902,39A,10
2026-03-30,1496812_U_67,2,278,439,5531.0,7979.0,0.6931946359192881,0.0,0.0,45,8
2026-03-30,1497256_U_28,2,411,631,6190.0,9490.0,0.6522655426765016,0.0,0.0,39A,10
2026-03-30,1496812_U_23,2,294,496,4391.0,8039.0,0.5462122154496828,100.0,0.02277385561375541,45,9
2026-03-30,1496812_U_127,3,263,427,3926.0,6459.0,0.6078340300356092,0.0,0.0,45,9
2026-03-30,1496812_U_146,2,266,494,3991.0,7978.0,0.5002506893958386,71.0,0.017790027562014532,45,10
2026-03-30,1497256_U_3,2,526,686,7918.0,10406.0,0.7609071689409955,0.0,0.0,39A,10
2026-03-30,1496812_U_135,2,478,491,7167.0,7899.0,0.9073300417774401,0.0,0.0,45,9
2026-03-30,1359254_U_41,2,493,801,7530.0,33613.0,0.2240204682712046,0.0,0.0,62,9
2026-03-30,1497256_U_39,2,538,646,8098.0,9717.0,0.833384789544098,0.0,0.0,39A,10
2026-03-30,1497256_U_15,2,357,403,5490.0,7289.0,0.7531897379613116,0.0,0.0,39A,9
2026-03-30,1476582_U_2,2,652,895,9810.0,34483.0,0.2844880085839399,0.0,0.0,52,9
2026-03-30,1496812_U_33,2,262,420,4001.0,6583.0,0.6077776089928604,0.0,0.0,45,10
2026-03-30,1496807_U_3,2,32,44,466.0,21047.0,0.0221409226968214,0.0,0.0,35,15
2026-03-30,1496812_U_43,2,309,439,4894.0,6841.0,0.715392486478585,31.0,0.006334286881896199,45,10
2026-03-30,1496812_U_53,2,278,432,4170.0,6558.0,0.6358645928636779,0.0,0.0,45,10
2026-03-30,1496812_U_54,2,125,161,2657.0,6799.0,0.390792763641712,0.0,0.0,45,11
2026-03-30,1496809_U_34,2,241,252,4184.0,10187.0,0.41071954451752235,0.0,0.0,38A,13
2026-03-30,1359254_U_58,2,186,236,2898.0,8255.0,0.3510599636583889,0.0,0.0,62,13
2026-03-30,1497256_U_89,2,567,646,10367.0,10367.0,1.0,1171.0,0.11295456737725475,39A,12
2026-03-30,1474792_U_19,2,98,148,1458.0,13908.0,0.10483175150992234,0.0,0.0,26,12
2026-03-30,1497256_U_40,2,194,310,2900.0,4607.0,0.6294768830041242,19.0,0.006551724137931035,39A,12
2026-03-30,1431265_U_115,2,265,298,4049.0,4890.0,0.8280163599182004,0.0,0.0,49.2,12
2026-03-30,1497256_U_17,2,274,326,4218.0,4999.0,0.8437687537507501,0.0,0.0,39A,13
2026-03-30,1497251_U_69,2,371,543,5686.0,8267.0,0.6877948469819766,0.0,0.0,OC1,13
2026-03-30,1349260_U_17,2,148,253,2925.0,6917.0,0.4228711869307503,0.0,0.0,24,13
2026-03-30,1390072_U_17,2,108,117,1668.0,4159.0,0.40105794662178407,0.0,0.0,26A,13
2026-03-30,1497251_U_60,2,471,591,7727.0,9587.0,0.8059872744341295,0.0,0.0,OC1,13
2026-03-30,1431265_U_126,2,296,331,4487.0,4952.0,0.9060985460420032,45.0,0.010028972587474927,49.2,12
2026-03-30,1497256_U_92,2,132,246,2027.0,3739.0,0.5421235624498529,0.0,0.0,39A,13
2026-03-30,1496812_U_137,2,359,439,5487.0,6076.0,0.9030612244897959,598.0,0.10898487333697832,45,13
2026-03-30,1497256_U_63,3,184,268,2805.0,4067.0,0.6896975657732972,0.0,0.0,39A,13
2026-03-30,1497251_U_19,2,471,527,7186.0,7967.0,0.9019706288439814,48.0,0.006679654884497634,OC1,13
2026-03-30,1496812_U_148,2,292,297,4485.0,5177.0,0.8663318524241839,0.0,0.0,45,13
2026-03-30,1431265_U_131,2,286,340,4396.0,5177.0,0.8491404288197798,17.0,0.0038671519563239307,49.2,13
2026-03-30,1496812_U_36,2,326,397,5298.0,5298.0,1.0,1047.0,0.19762174405436014,45,13
2026-03-30,1431265_U_136,2,304,306,4669.0,5180.0,0.9013513513513514,0.0,0.0,49.2,13
2026-03-30,1359254_U_68,2,490,522,7761.0,8511.0,0.911878745153331,0.0,0.0,62,14
2026-03-30,1496812_U_81,2,236,387,3527.0,5836.0,0.6043522960932145,17.0,0.004819960306209243,45,14
2026-03-30,1496812_U_16,2,210,329,3138.0,4968.0,0.6316425120772947,0.0,0.0,45,14
2026-03-30,1496812_U_37,2,305,373,5267.0,5267.0,1.0,1007.0,0.19119043098538066,45,14
2026-03-30,1496812_U_138,2,62,108,916.0,1637.0,0.5595601710445938,0.0,0.0,45,14
2026-03-30,1429985_U_108,2,267,295,4007.0,5058.0,0.7922103598260182,0.0,0.0,49.1,15
2026-03-30,1429985_U_75,2,375,395,5608.0,19306.0,0.2904796436341034,0.0,0.0,49.1,18
2026-03-30,1431265_U_108,2,261,281,3899.0,21976.0,0.17742082271568985,0.0,0.0,49.2,20
2026-03-30,1496807_U_18,2,464,600,7081.0,9602.0,0.737450531139346,526.0,0.07428329332015252,35,15
2026-03-30,1496812_U_82,2,223,428,3348.0,6060.0,0.5524752475247525,438.0,0.13082437275985664,45,15
2026-03-30,1496812_U_17,2,159,310,2460.0,5460.0,0.45054945054945056,0.0,0.0,45,16
2026-03-30,1496807_U_37,2,551,560,8412.0,9150.0,0.9193442622950819,0.0,0.0,35,16
2026-03-30,1431265_U_150,2,278,288,4221.0,4492.0,0.9396705253784505,0.0,0.0,49.2,16
2026-03-30,1476582_U_3,2,434,447,6629.0,6840.0,0.9691520467836258,0.0,0.0,52,16
2026-03-30,1496812_U_38,2,239,386,3690.0,6690.0,0.5515695067264574,0.0,0.0,45,16
2026-03-30,1429985_U_78,2,328,334,5010.0,5101.0,0.9821603607135856,0.0,0.0,49.1,16
2026-03-30,1477764_U_87,2,654,823,9986.0,13036.0,0.7660325253145136,310.0,0.031043460845183255,61,17
2026-03-30,1439975_U_52,2,389,485,5970.0,7020.0,0.8504273504273504,381.0,0.06381909547738693,31,16
2026-03-30,1496812_U_89,2,347,377,5535.0,5941.0,0.9316613364753409,31.0,0.005600722673893405,45,16
2026-03-30,1496812_U_118,3,231,287,3570.0,3930.0,0.9083969465648855,510.0,0.14285714285714285,45,16
2026-03-30,1429985_U_116,2,365,406,5610.0,5700.0,0.9842105263157894,510.0,0.09090909090909091,49.1,16
2026-03-30,1497256_U_65,2,414,502,6582.0,9613.0,0.6846978050556538,0.0,0.0,39A,17
2026-03-30,1497256_U_86,2,541,628,8292.0,9568.0,0.8666387959866221,12.0,0.001447178002894356,39A,17
2026-03-30,1496812_U_83,2,360,428,5831.0,6909.0,0.8439716312056738,0.0,0.0,45,17
2026-03-30,1497251_U_71,2,324,596,4858.0,9270.0,0.5240560949298814,0.0,0.0,OC1,18
2026-03-30,1496812_U_18,2,361,415,5505.0,6313.0,0.8720101378108664,15.0,0.0027247956403269754,45,17
2026-03-30,1497251_U_54,3,361,634,5399.0,9717.0,0.5556241638365751,0.0,0.0,OC1,18
2026-03-30,1496812_U_39,4,250,384,3838.0,6420.0,0.5978193146417445,0.0,0.0,45,18
2026-03-30,1497251_U_21,2,371,600,5549.0,8938.0,0.6208324009845603,133.0,0.023968282573436656,OC1,18
2026-03-30,1496809_U_23,2,187,231,2893.0,3582.0,0.8076493579006142,0.0,0.0,38A,18
2026-03-30,1497256_U_91,3,531,628,9099.0,10299.0,0.8834838333818817,960.0,0.10550609957138148,39A,17
2026-03-30,1496812_U_125,3,243,401,3763.0,5951.0,0.6323307007225676,254.0,0.06749933563646027,45,18
2026-03-30,1496812_U_150,2,245,369,3671.0,5832.0,0.6294581618655692,0.0,0.0,45,18
2026-03-30,1496812_U_94,2,358,428,5428.0,6538.0,0.8302233098806975,0.0,0.0,45,18
2026-03-30,1497256_U_59,2,247,273,3779.0,4169.0,0.9064523866634685,0.0,0.0,39A,18
2026-03-30,1497256_U_81,4,342,610,5114.0,9237.0,0.5536429576702393,14.0,0.002737583105201408,39A,19
2026-03-30,1496812_U_49,2,239,370,3882.0,6491.0,0.5980588507163765,0.0,0.0,45,19
2026-03-30,1496812_U_74,2,302,368,4557.0,6295.0,0.7239078633836378,0.0,0.0,45,19
2026-03-30,1497256_U_71,3,239,501,3568.0,8847.0,0.4033005538600656,13.0,0.0036434977578475337,39A,19
2026-03-30,1497256_U_43,4,416,659,7273.0,9688.0,0.7507225433526011,1184.0,0.16279389522892893,39A,19
2026-03-30,1496812_U_59,2,250,338,4048.0,5400.0,0.7496296296296296,0.0,0.0,45,19
2026-03-30,1496812_U_140,2,320,411,4946.0,5758.0,0.8589788120875304,537.0,0.10857258390618682,45,19
2026-03-30,1497256_U_6,3,257,367,3839.0,5518.0,0.6957230880753896,0.0,0.0,39A,19
2026-03-30,1496812_U_19,2,193,362,2953.0,5428.0,0.5440309506263817,43.0,0.014561462919065358,45,19
2026-03-30,1496812_U_84,2,171,326,2653.0,5038.0,0.5265978562921795,0.0,0.0,45,19
2026-03-30,1496807_U_53,2,77,103,1139.0,1320.0,0.8628787878787879,194.0,0.17032484635645304,35,21
2026-03-31,1429985_U_121,2,81,120,1200.0,85051.0,0.014109181549893593,0.0,0.0,49.1,23
2026-03-31,1359254_U_77,2,234,273,3493.0,68178.0,0.051233535744668365,0.0,0.0,62,17
2026-03-31,1431265_U_173,2,238,364,3555.0,82486.0,0.043098222728705476,0.0,0.0,49.2,21
2026-03-31,1481779_U_128,2,346,393,5175.0,82786.0,0.06251056941995023,0.0,0.0,67,21
2026-03-31,T75279,70,4285,101828,65011.0,85051.0,0.764376668116777,62130.0,0.9556844226361693,30,5
2026-03-31,T75280,33,3821,76914,58151.0,85051.0,0.683719180256552,54911.0,0.9442829873948857,47,6
2026-03-31,1497256_U_73,2,233,326,3480.0,85051.0,0.04091662649469142,0.0,0.0,39A,0
2026-03-31,1497256_U_95,2,309,348,4620.0,85051.0,0.054320348967090336,0.0,0.0,39A,22
2026-03-31,1497251_U_75,2,282,289,4380.0,85051.0,0.05149851265711162,0.0,0.0,OC1,0
2026-03-31,1497251_U_64,2,203,242,3030.0,85051.0,0.035625683413481324,0.0,0.0,OC1,22
2026-03-31,1496812_U_155,2,153,165,2280.0,85051.0,0.026807444944797826,0.0,0.0,45,22
2026-03-31,1496809_U_56,2,372,411,5670.0,85051.0,0.06666588282324723,0.0,0.0,38A,22
2026-03-31,1496807_U_55,2,219,284,3270.0,85051.0,0.03844751972346004,0.0,0.0,35,0
2026-03-31,1496807_U_28,2,229,268,3420.0,85051.0,0.04021116741719674,0.0,0.0,35,22
2026-03-31,1481779_U_38,2,49,62,720.0,85051.0,0.008465508929936156,0.0,0.0,67,23
2026-03-31,1390072_U_1,2,162,202,2536.0,2926.0,0.8667122351332878,195.0,0.07689274447949526,26A,5
2026-03-31,1477764_U_25,2,280,414,4187.0,7126.0,0.5875666573112546,0.0,0.0,61,5
2026-03-31,1477764_U_31,2,254,474,3798.0,6916.0,0.5491613649508387,163.0,0.042917324907846235,61,5
2026-03-31,1481779_U_74,2,424,778,6658.0,54240.0,0.12275073746312684,0.0,0.0,67,19
2026-03-31,1481779_U_82,2,378,736,6118.0,55289.0,0.1106549223172783,0.0,0.0,67,19
2026-03-31,T75281,7,2676,11143,40845.0,59892.0,0.6819775596072931,26942.0,0.6596156200269311,47B,9
2026-03-31,1481779_U_89,2,414,812,6193.0,48945.0,0.126529778322607,0.0,0.0,67,18
2026-03-31,1481779_U_97,2,414,757,6225.0,54600.0,0.11401098901098901,0.0,0.0,67,6
2026-03-31,1497256_U_60,2,384,578,5801.0,8653.0,0.6704033283254363,42.0,0.007240131011894501,39A,7
2026-03-31,1477769_U_36,2,166,202,2651.0,3493.0,0.758946464357286,0.0,0.0,41BC,6
2026-03-31,1477764_U_36,2,603,623,9029.0,50275.0,0.17959224266534063,0.0,0.0,61,18
2026-03-31,1481779_U_105,2,412,751,6163.0,55197.0,0.11165461891044803,0.0,0.0,67,6
2026-03-31,1497256_U_74,2,522,714,7903.0,10751.0,0.7350944098223421,12.0,0.0015184107301024928,39A,7
2026-03-31,1481779_U_113,2,438,790,6610.0,55704.0,0.1186629326439753,0.0,0.0,67,6
2026-03-31,1497256_U_2,2,610,644,9223.0,10452.0,0.8824148488327593,0.0,0.0,39A,6
2026-03-31,1476584_U_10,2,428,430,6463.0,33091.0,0.195309902994772,0.0,0.0,52A,6
2026-03-31,T75282,3,1510,2820,23458.0,44053.0,0.5324949492656573,0.0,0.0,47A,7
2026-03-31,1497256_U_38,2,618,707,9343.0,10679.0,0.8748946530574023,0.0,0.0,39A,7
2026-03-31,1359254_U_14,2,545,859,9598.0,36703.0,0.2615045091681879,0.0,0.0,62,7
2026-03-31,1497256_U_67,2,466,644,7059.0,9699.0,0.7278069904113826,13.0,0.001841620626151013,39A,7
2026-03-31,1497256_U_21,2,524,654,10061.0,10061.0,1.0,1931.0,0.19192923168671105,39A,7
2026-03-31,1431265_U_109,2,272,370,4121.0,33212.0,0.12408165723232567,0.0,0.0,49.2,7
2026-03-31,1477764_U_38,2,481,619,7273.0,8858.0,0.8210657033190336,495.0,0.0680599477519593,61,8
2026-03-31,1497256_U_78,3,382,663,5804.0,10273.0,0.5649761510756351,0.0,0.0,39A,8
2026-03-31,1481779_U_98,2,344,431,5260.0,6340.0,0.8296529968454258,221.0,0.04201520912547529,67,8
2026-03-31,1497256_U_61,2,465,683,6974.0,10093.0,0.6909739423362726,164.0,0.023515916260395755,39A,9
2026-03-31,1497256_U_15,2,426,582,6392.0,8939.0,0.7150687996420181,0.0,0.0,39A,9
2026-03-31,1431265_U_110,2,330,451,4962.0,29294.0,0.16938622243462825,0.0,0.0,49.2,9
2026-03-31,1496809_U_14,2,950,1199,14340.0,31516.0,0.455006980581292,0.0,0.0,38A,9
2026-03-31,1497250_U_6,2,179,183,2669.0,3012.0,0.8861221779548473,0.0,0.0,57,9
2026-03-31,1497256_U_3,2,536,666,8100.0,10350.0,0.782608695652174,0.0,0.0,39A,10
2026-03-31,1497250_U_31,2,156,197,2383.0,2383.0,1.0,600.0,0.2517834662190516,57,9
2026-03-31,1497256_U_39,2,565,633,8534.0,9554.0,0.8932384341637011,0.0,0.0,39A,10
2026-03-31,1497250_U_32,2,96,165,1425.0,2474.0,0.5759902991107518,0.0,0.0,57,10
2026-03-31,1497256_U_68,2,456,708,6856.0,10048.0,0.6823248407643312,630.0,0.09189031505250875,39A,11
2026-03-31,1431265_U_111,2,284,441,4258.0,24913.0,0.17091478344639344,0.0,0.0,49.2,10
2026-03-31,1496809_U_34,2,491,848,7710.0,13332.0,0.5783078307830783,0.0,0.0,38A,10
2026-03-31,1497250_U_8,2,155,156,2323.0,2339.0,0.993159469858914,0.0,0.0,57,10
2026-03-31,1497256_U_22,2,179,216,2728.0,3749.0,0.7276607095225394,0.0,0.0,39A,10
2026-03-31,1496812_U_128,2,300,443,5219.0,5219.0,1.0,2191.0,0.41981222456409273,45,10
2026-03-31,1496807_U_41,2,411,649,6242.0,10561.0,0.5910425149133605,0.0,0.0,35,11
2026-03-31,1359254_U_58,2,290,293,4515.0,7318.0,0.6169718502323039,0.0,0.0,62,11
2026-03-31,1496812_U_122,2,96,114,1427.0,1759.0,0.8112563956793633,0.0,0.0,45,11
2026-03-31,1359254_U_61,2,234,316,3496.0,4216.0,0.8292220113851992,496.0,0.14187643020594964,62,12
2026-03-31,1439975_U_54,3,348,445,5267.0,19520.0,0.26982581967213115,527.0,0.10005695842035314,31,11
2026-03-31,1431265_U_112,2,316,467,4875.0,20581.0,0.23686895680481998,0.0,0.0,49.2,11
2026-03-31,1497256_U_16,2,166,222,2476.0,4276.0,0.5790458372310571,0.0,0.0,39A,12
2026-03-31,1439975_U_58,3,216,463,3226.0,19549.0,0.16502122870735075,0.0,0.0,31,12
2026-03-31,1474792_U_19,2,104,165,2624.0,14206.0,0.18471068562579193,0.0,0.0,26,12
2026-03-31,1431265_U_115,2,340,518,5117.0,18543.0,0.2759531898829747,0.0,0.0,49.2,12
2026-03-31,1497251_U_5,2,124,178,1848.0,2208.0,0.8369565217391305,436.0,0.23593073593073594,OC1,13
2026-03-31,1496807_U_65,2,271,335,4048.0,4978.0,0.8131779831257533,15.0,0.0037055335968379445,35,12
2026-03-31,1349260_U_17,2,305,489,4560.0,9478.0,0.4811141591052965,0.0,0.0,24,13
2026-03-31,1431265_U_120,2,323,628,4830.0,19203.0,0.2515231995000781,0.0,0.0,49.2,12
2026-03-31,1496809_U_39,2,463,493,6931.0,7111.0,0.9746871044860076,258.0,0.037224065791372093,38A,12
2026-03-31,1497251_U_60,2,369,597,5520.0,8970.0,0.6153846153846154,0.0,0.0,OC1,13
2026-03-31,1439975_U_75,3,450,480,7096.0,10007.0,0.7091036274607775,0.0,0.0,31,13
2026-03-31,1439975_U_62,3,384,628,5749.0,17941.0,0.3204392174349256,0.0,0.0,31,12
2026-03-31,1497256_U_92,2,204,344,3047.0,5147.0,0.5919953370895668,0.0,0.0,39A,12
2026-03-31,1497251_U_15,3,410,677,6550.0,27375.0,0.23926940639269406,0.0,0.0,OC1,18
2026-03-31,1431265_U_126,2,337,605,5070.0,19441.0,0.2607890540610051,0.0,0.0,49.2,16
2026-03-31,1429985_U_86,2,214,288,4190.0,5660.0,0.7402826855123675,0.0,0.0,49.1,13
2026-03-31,1431265_U_113,2,333,529,4981.0,16370.0,0.30427611484422723,0.0,0.0,49.2,12
2026-03-31,1439975_U_66,2,429,753,7187.0,18931.0,0.3796418572711426,0.0,0.0,31,12
2026-03-31,1497256_U_17,2,140,266,2087.0,4397.0,0.47464180122811006,0.0,0.0,39A,13
2026-03-31,1497251_U_19,2,452,596,6767.0,9017.0,0.7504713319285794,0.0,0.0,OC1,13
2026-03-31,1497251_U_13,2,465,571,6960.0,8430.0,0.8256227758007118,106.0,0.015229885057471264,OC1,13
2026-03-31,1431265_U_131,2,330,620,4929.0,19409.0,0.2539543510742439,0.0,0.0,49.2,17
2026-03-31,1439975_U_70,2,194,237,2897.0,12860.0,0.22527216174183515,0.0,0.0,31,13
2026-03-31,1497256_U_63,2,102,160,1518.0,1966.0,0.7721261444557477,407.0,0.26811594202898553,39A,13
2026-03-31,1497256_U_75,2,318,599,5251.0,9451.0,0.5556025817373823,0.0,0.0,39A,14
2026-03-31,1431265_U_136,2,368,632,5502.0,19980.0,0.2753753753753754,0.0,0.0,49.2,17
2026-03-31,1496807_U_36,2,286,467,4277.0,8010.0,0.5339575530586766,0.0,0.0,35,13
2026-03-31,1431265_U_141,2,330,632,4934.0,20610.0,0.23939835031538087,0.0,0.0,49.2,18
2026-03-31,1431265_U_116,2,330,539,4938.0,13742.0,0.3593363411439383,0.0,0.0,49.2,13
2026-03-31,1429985_U_99,2,220,414,4020.0,6558.0,0.6129917657822507,538.0,0.1338308457711443,49.1,13
2026-03-31,1439975_U_59,2,439,561,7760.0,14461.0,0.5366157250535925,0.0,0.0,31,13
2026-03-31,1431265_U_121,2,333,643,5018.0,14491.0,0.34628390035194256,0.0,0.0,49.2,16
2026-03-31,1431265_U_127,2,353,673,5309.0,15720.0,0.3377226463104326,0.0,0.0,49.2,16
2026-03-31,1497256_U_93,2,349,631,5223.0,9602.0,0.5439491772547386,90.0,0.01723147616312464,39A,15
2026-03-31,1359254_U_70,2,643,645,9691.0,11792.0,0.8218283582089553,0.0,0.0,62,14
2026-03-31,1439975_U_79,2,468,652,7002.0,16171.0,0.43299734091892894,0.0,0.0,31,17
2026-03-31,1439975_U_71,2,454,890,7201.0,16831.0,0.4278414829778385,0.0,0.0,31,14
2026-03-31,1431265_U_114,2,326,329,4877.0,8391.0,0.581217971636277,0.0,0.0,49.2,14
2026-03-31,1429985_U_79,2,426,523,6373.0,17610.0,0.3618966496308915,0.0,0.0,49.1,17
2026-03-31,1431265_U_132,2,350,662,5231.0,15301.0,0.3418730801908372,0.0,0.0,49.2,17
2026-03-31,1439975_U_63,2,475,477,7111.0,14101.0,0.5042904758527764,0.0,0.0,31,14
2026-03-31,1431265_U_137,2,377,705,5639.0,16397.0,0.343904372751113,0.0,0.0,49.2,17
2026-03-31,1496812_U_37,2,337,441,5041.0,6571.0,0.7671587277431137,17.0,0.0033723467565959135,45,15
2026-03-31,1496812_U_101,2,333,403,4981.0,6061.0,0.8218115822471539,0.0,0.0,45,15
2026-03-31,1439975_U_67,2,425,765,6650.0,12630.0,0.5265241488519399,0.0,0.0,31,14
2026-03-31,1431265_U_142,2,370,706,5534.0,16561.0,0.33415856530402754,0.0,0.0,49.2,18
2026-03-31,1429985_U_108,2,305,371,4561.0,5581.0,0.8172370542913456,0.0,0.0,49.1,15
2026-03-31,1495855_U_6,2,48,50,707.0,2718.0,0.2601177336276674,0.0,0.0,37,15
2026-03-31,1495855_U_14,2,98,171,1457.0,2851.0,0.5110487548228692,0.0,0.0,37,15
2026-03-31,1431265_U_117,2,319,538,4771.0,9032.0,0.5282329495128433,0.0,0.0,49.2,15
2026-03-31,1439975_U_84,2,412,683,6181.0,15467.0,0.39962500808172235,0.0,0.0,31,15
2026-03-31,1439975_U_56,2,401,404,6200.0,6841.0,0.906300248501681,0.0,0.0,31,15
2026-03-31,1439975_U_76,2,486,844,7331.0,15031.0,0.48772536757368107,0.0,0.0,31,17
2026-03-31,1431265_U_122,2,324,646,4851.0,9721.0,0.49902273428659605,0.0,0.0,49.2,15
2026-03-31,1431265_U_128,2,346,655,5203.0,11132.0,0.4673913043478261,0.0,0.0,49.2,17
2026-03-31,1495855_U_33,2,78,118,1156.0,1277.0,0.9052466718872357,469.0,0.40570934256055363,37,15
2026-03-31,1439975_U_88,2,326,540,4891.0,14701.0,0.3326984558873546,0.0,0.0,31,15
2026-03-31,1496812_U_130,2,226,348,3392.0,5552.0,0.6109510086455331,0.0,0.0,45,16
2026-03-31,1431265_U_146,2,346,593,5174.0,14881.0,0.3476916873866004,0.0,0.0,49.2,18
2026-03-31,1497256_U_80,2,308,556,5701.0,9842.0,0.5792521845153424,0.0,0.0,39A,15
2026-03-31,1496812_U_72,2,224,356,3871.0,5522.0,0.7010141253169142,317.0,0.08189098424179798,45,16
2026-03-31,1431265_U_133,2,329,530,4916.0,10980.0,0.4477231329690346,0.0,0.0,49.2,17
2026-03-31,1496812_U_17,3,275,457,4150.0,7171.0,0.5787198438153675,0.0,0.0,45,16
2026-03-31,1431265_U_150,2,331,516,4949.0,14865.0,0.3329297006390851,0.0,0.0,49.2,18
2026-03-31,1439975_U_92,2,378,618,5653.0,18389.0,0.307412039806406,0.0,0.0,31,19
2026-03-31,1496812_U_124,3,303,409,4574.0,7232.0,0.6324668141592921,0.0,0.0,45,16
2026-03-31,1431265_U_138,2,336,499,5023.0,11520.0,0.43602430555555555,0.0,0.0,49.2,17
2026-03-31,1497256_U_76,2,426,670,6914.0,10543.0,0.6557905719434696,12.0,0.0017356089094590686,39A,16
2026-03-31,1496812_U_118,3,121,204,2732.0,2732.0,1.0,1050.0,0.38433382137628114,45,16
2026-03-31,1497256_U_25,2,423,677,6374.0,10213.0,0.6241065308920004,0.0,0.0,39A,16
2026-03-31,1496812_U_63,3,227,326,3433.0,4921.0,0.6976224344645398,0.0,0.0,45,16
2026-03-31,1359254_U_73,2,310,314,4751.0,7873.0,0.6034548456750921,0.0,0.0,62,17
2026-03-31,1439975_U_72,2,467,610,7060.0,9222.0,0.7655606159184558,0.0,0.0,31,16
2026-03-31,1431265_U_155,2,329,407,4917.0,14367.0,0.3422426393819169,0.0,0.0,49.2,18
2026-03-31,1431265_U_143,2,350,432,5234.0,11383.0,0.45980848633927784,0.0,0.0,49.2,18
2026-03-31,1496812_U_149,3,250,379,3845.0,5838.0,0.65861596437136,0.0,0.0,45,16
2026-03-31,1431265_U_118,2,269,321,4059.0,4844.0,0.837943848059455,0.0,0.0,49.2,16
2026-03-31,1496812_U_38,3,265,301,5172.0,5683.0,0.910082702797818,0.0,0.0,45,16
2026-03-31,1496812_U_102,2,224,340,3612.0,5325.0,0.6783098591549296,30.0,0.008305647840531562,45,16
2026-03-31,1431265_U_105,2,49,60,720.0,888.0,0.8108108108108109,0.0,0.0,49.2,16
2026-03-31,1349260_U_25,2,279,291,5669.0,5683.0,0.9975365124054196,149.0,0.02628329511377668,24,16
2026-03-31,1431265_U_160,2,295,327,4409.0,15297.0,0.28822644963064653,0.0,0.0,49.2,19
2026-03-31,1439975_U_64,2,268,367,5382.0,6554.0,0.8211779066219103,311.0,0.057785209959123,31,16
2026-03-31,1497256_U_54,3,539,776,8068.0,11654.0,0.6922944911618328,0.0,0.0,39A,17
2026-03-31,1481779_U_72,2,280,314,4211.0,4571.0,0.9212426164952965,131.0,0.031109000237473285,67,16
2026-03-31,1497256_U_94,2,460,618,6880.0,9311.0,0.7389109655246483,0.0,0.0,39A,17
2026-03-31,1495854_U_44,2,403,405,6219.0,7539.0,0.8249104655789893,0.0,0.0,40,17
2026-03-31,1497256_U_19,2,590,728,9567.0,11606.0,0.8243150094778563,13.0,0.0013588376711612836,39A,17
2026-03-31,1497256_U_32,2,565,690,8622.0,10316.0,0.8357890655292749,165.0,0.019137091162143353,39A,17
2026-03-31,1495854_U_25,2,418,432,6313.0,7033.0,0.8976254798805631,0.0,0.0,40,17
2026-03-31,1481779_U_125,2,318,400,5070.0,17787.0,0.2850396356889863,0.0,0.0,67,21
2026-03-31,1497256_U_49,3,728,814,11639.0,13318.0,0.8739300195224509,0.0,0.0,39A,18
2026-03-31,1496812_U_125,2,266,451,3971.0,6296.0,0.6307179161372299,434.0,0.10929236968018131,45,17
2026-03-31,1497256_U_91,3,584,684,8743.0,10210.0,0.8563173359451518,0.0,0.0,39A,18
2026-03-31,1496812_U_39,2,174,311,3073.0,5578.0,0.5509143062029401,0.0,0.0,45,17
2026-03-31,1497256_U_43,2,594,630,8890.0,9433.0,0.9424361284851055,0.0,0.0,39A,18
2026-03-31,1497251_U_28,2,380,571,5684.0,8457.0,0.6721059477356036,76.0,0.013370865587614356,OC1,18
2026-03-31,1477764_U_92,2,333,442,5711.0,8261.0,0.691320663357947,134.0,0.02346349150761688,61,19
2026-03-31,1497251_U_48,2,425,473,6360.0,7198.0,0.883578771881078,0.0,0.0,OC1,19
2026-03-31,1496812_U_141,2,235,339,3749.0,5174.0,0.7245844607653653,120.0,0.03200853560949587,45,20
2026-03-31,1496812_U_133,2,191,277,2850.0,4140.0,0.6884057971014492,0.0,0.0,45,21
2026-03-31,1496812_U_113,2,99,156,1470.0,4469.0,0.3289326471246364,0.0,0.0,45,21
2026-03-31,1496812_U_152,2,101,109,1725.0,1844.0,0.9354663774403471,0.0,0.0,45,21
